Title,Logistic_Regression,MLP,XGBoost
ebra4176.t1,Not_Target,Not_Target,Not_Target
ebra4177.t1,Myosin_23,Myosin_1,Myosin_5
ebra4178.t1,Myosin_26,Myosin_28,Myosin_1
ebra4179.t1,Myosin_18,Myosin_5,Myosin_5
ebra4180.t1,Myosin_18,Myosin_18,Myosin_3
ebra4181.t1,Myosin_16,Myosin_16,Myosin_9
ebra4182.t1,Myosin_45,Not_Target,Not_Target
ebra4183.t1,Not_Target,Not_Target,Not_Target
ebra4184.t1,Not_Target,Not_Target,Not_Target
ebra4185.t1,Not_Target,Not_Target,Not_Target
ebra4186.t1,Myosin_37,Myosin_37,Myosin_5
ebra4187.t1,Not_Target,Myosin_17,Myosin_36
ebra4188.t1,Not_Target,Not_Target,Myosin_6
ebra4189.t1,Not_Target,Myosin_17,Myosin_1
ebra4190.t1,Not_Target,Myosin_1,Not_Target
ebra4191.t1,Myosin_6,Myosin_2,Not_Target
ebra4192.t1,Not_Target,Not_Target,Not_Target
ebra4193.t1,Not_Target,Not_Target,Myosin_63
ebra4194.t1,Not_Target,Not_Target,Not_Target
ebra4195.t1,Myosin_1,Not_Target,Not_Target
ebra4196.t1,Not_Target,Not_Target,Not_Target
ebra4197.t1,Not_Target,Not_Target,Not_Target
ebra4198.t1,Not_Target,Myosin_4,Not_Target
ebra4199.t1,Not_Target,Not_Target,Not_Target
ebra4200.t1,Not_Target,Not_Target,Not_Target
ebra4201.t1,Not_Target,Not_Target,Not_Target
ebra4202.t1,Myosin_36,Not_Target,Not_Target
ebra4203.t1,Not_Target,Not_Target,Not_Target
ebra4204.t1,Not_Target,Not_Target,Not_Target
ebra4205.t1,Not_Target,Not_Target,Not_Target
ebra4206.t1,Not_Target,Myosin_4,Not_Target
ebra4207.t1,Not_Target,Not_Target,Not_Target
ebra4208.t1,Not_Target,Not_Target,Not_Target
ebra4209.t1,Not_Target,Not_Target,Not_Target
ebra4210.t1,Not_Target,Not_Target,Not_Target
ebra4211.t1,Not_Target,Not_Target,Not_Target
ebra4212.t1,Not_Target,Not_Target,Myosin_2
ebra4213.t1,Not_Target,Not_Target,Not_Target
ebra4214.t1,Not_Target,Myosin_51,Not_Target
ebra4215.t1,Not_Target,Not_Target,Not_Target
ebra4216.t1,Myosin_19,Not_Target,Not_Target
ebra4217.t1,Not_Target,Not_Target,Not_Target
ebra4218.t1,Not_Target,Not_Target,Not_Target
ebra4219.t1,Not_Target,Myosin_66,Not_Target
ebra4220.t1,Not_Target,Not_Target,Not_Target
ebra4221.t1,Not_Target,Not_Target,Not_Target
ebra4222.t1,Myosin_1,Myosin_16,Myosin_1
ebra4223.t1,Myosin_37,Myosin_37,Not_Target
ebra4224.t1,Not_Target,Not_Target,Not_Target
ebra4225.t1,Not_Target,Not_Target,Not_Target
ebra4226.t1,Not_Target,Not_Target,Not_Target
ebra4227.t1,Not_Target,Not_Target,Not_Target
ebra4228.t1,Not_Target,Myosin_26,Not_Target
ebra4229.t1,Not_Target,Not_Target,Myosin_31
ebra4230.t1,Not_Target,Myosin_16,Myosin_6
ebra4231.t1,Not_Target,Not_Target,Myosin_30
ebra4232.t1,Not_Target,Not_Target,Not_Target
ebra4233.t1,Not_Target,Not_Target,Not_Target
ebra4234.t1,Not_Target,Not_Target,Not_Target
ebra4235.t1,Not_Target,Not_Target,Not_Target
ebra4236.t1,Not_Target,Not_Target,Not_Target
ebra4237.t1,Myosin_45,Not_Target,Myosin_31
ebra4238.t1,Not_Target,Myosin_3,Not_Target
ebra4239.t1,Not_Target,Not_Target,Myosin_8
ebra4240.t1,Myosin_37,Myosin_5,Myosin_1
ebra4241.t1,Not_Target,Not_Target,Myosin_19
ebra4242.t1,Not_Target,Not_Target,Not_Target
ebra4243.t1,Not_Target,Myosin_22,Not_Target
ebra4244.t1,Not_Target,Not_Target,Not_Target
ebra4245.t1,Not_Target,Not_Target,Not_Target
ebra4246.t1,Not_Target,Not_Target,Not_Target
ebra4247.t1,Myosin_5,Myosin_2,Not_Target
ebra17298.t1,Myosin_1,Myosin_1,Myosin_6
ebra17299.t1,Not_Target,Not_Target,Not_Target
ebra17300.t1,Not_Target,Not_Target,Myosin_20
ebra17301.t1,Myosin_18,Not_Target,Not_Target
ebra17302.t1,Myosin_18,Not_Target,Not_Target
ebra17303.t1,Not_Target,Not_Target,Myosin_73
ebra17304.t1,Not_Target,Not_Target,Not_Target
ebra17305.t1,Myosin_17,Myosin_7,Myosin_13
ebra17306.t1,Not_Target,Not_Target,Not_Target
ebra17307.t1,Myosin_30,Not_Target,Myosin_5
ebra17308.t1,Not_Target,Not_Target,Not_Target
ebra17309.t1,Not_Target,Not_Target,Myosin_1
ebra17310.t1,Not_Target,Not_Target,Not_Target
ebra17311.t1,Not_Target,Not_Target,Not_Target
ebra17312.t1,Not_Target,Not_Target,Not_Target
ebra17313.t1,Myosin_45,Myosin_16,Myosin_16
ebra17314.t1,Not_Target,Not_Target,Myosin_8
ebra17315.t1,Not_Target,Not_Target,Not_Target
ebra17316.t1,Not_Target,Myosin_19,Not_Target
ebra17317.t1,Not_Target,Not_Target,Not_Target
ebra17318.t1,Myosin_15,Myosin_5,Myosin_7
ebra17319.t1,Not_Target,Not_Target,Not_Target
ebra17320.t1,Not_Target,Not_Target,Not_Target
ebra17321.t1,Not_Target,Myosin_19,Not_Target
ebra17322.t1,Not_Target,Not_Target,Not_Target
ebra17323.t1,Not_Target,Myosin_57,Myosin_1
ebra17324.t1,Myosin_18,Myosin_1,Myosin_15
ebra17325.t1,Myosin_17,Myosin_17,Myosin_22
ebra17326.t1,Not_Target,Not_Target,Not_Target
ebra17327.t1,Not_Target,Not_Target,Not_Target
ebra17328.t1,Not_Target,Not_Target,Not_Target
ebra17329.t1,Myosin_3,Not_Target,Myosin_26
ebra17330.t1,Not_Target,Not_Target,Not_Target
ebra17331.t1,Not_Target,Not_Target,Myosin_3
ebra17332.t1,Not_Target,Not_Target,Not_Target
ebra17333.t1,Not_Target,Not_Target,Not_Target
ebra17334.t1,Not_Target,Not_Target,Myosin_30
ebra17335.t1,Not_Target,Not_Target,Not_Target
ebra17336.t1,Not_Target,Not_Target,Not_Target
ebra17337.t1,Not_Target,Myosin_5,Not_Target
ebra17338.t1,Myosin_30,Myosin_5,Myosin_5
ebra17339.t1,Not_Target,Not_Target,Not_Target
ebra17340.t1,Not_Target,Not_Target,Not_Target
ebra17341.t1,Myosin_18,Myosin_18,Myosin_18
ebra17342.t1,Myosin_19,Myosin_19,Myosin_23
ebra17343.t1,Not_Target,Not_Target,Not_Target
ebra17344.t1,Not_Target,Not_Target,Myosin_1
ebra17345.t1,Myosin_18,Myosin_18,Not_Target
ebra17346.t1,Not_Target,Not_Target,Not_Target
ebra17347.t1,Not_Target,Not_Target,Not_Target
ebra17348.t1,Not_Target,Not_Target,Not_Target
ebra17349.t1,Not_Target,Not_Target,Not_Target
ebra17350.t1,Not_Target,Not_Target,Not_Target
ebra17351.t1,Myosin_30,Myosin_1,Not_Target
ebra17352.t1,Myosin_19,Myosin_22,Myosin_81
ebra17353.t1,Not_Target,Not_Target,Not_Target
ebra17354.t1,Not_Target,Not_Target,Myosin_20
ebra17355.t1,Myosin_37,Myosin_22,Myosin_2
ebra17356.t1,Not_Target,Not_Target,Not_Target
ebra17357.t1,Myosin_15,Myosin_22,Myosin_22
ebra17358.t1,Not_Target,Not_Target,Not_Target
ebra17359.t1,Not_Target,Not_Target,Not_Target
ebra17360.t1,Not_Target,Not_Target,Not_Target
ebra8455.t1,Myosin_51,Myosin_51,Not_Target
ebra8456.t1,Not_Target,Not_Target,Not_Target
ebra8457.t1,Not_Target,Not_Target,Myosin_8
ebra8458.t1,Not_Target,Not_Target,Myosin_3
ebra8459.t1,Not_Target,Not_Target,Not_Target
ebra8460.t1,Not_Target,Not_Target,Not_Target
ebra8461.t1,Not_Target,Not_Target,Not_Target
ebra8462.t1,Myosin_19,Not_Target,Not_Target
ebra8463.t1,Myosin_37,Not_Target,Myosin_37
ebra8464.t1,Not_Target,Not_Target,Not_Target
ebra8465.t1,Not_Target,Myosin_18,Not_Target
ebra8466.t1,Myosin_17,Not_Target,Myosin_31
ebra8467.t1,Myosin_15,Myosin_5,Myosin_22
ebra8468.t1,Not_Target,Not_Target,Not_Target
ebra8469.t1,Not_Target,Myosin_17,Not_Target
ebra8470.t1,Myosin_45,Not_Target,Myosin_16
ebra8471.t1,Not_Target,Not_Target,Not_Target
ebra8472.t1,Not_Target,Not_Target,Not_Target
ebra8473.t1,Not_Target,Not_Target,Not_Target
ebra8474.t1,Myosin_18,Myosin_18,Myosin_16
ebra8475.t1,Not_Target,Not_Target,Not_Target
ebra8476.t1,Not_Target,Not_Target,Not_Target
ebra8477.t1,Not_Target,Not_Target,Not_Target
ebra8478.t1,Not_Target,Not_Target,Not_Target
ebra8479.t1,Not_Target,Not_Target,Not_Target
ebra8480.t1,Not_Target,Not_Target,Not_Target
ebra8481.t1,Not_Target,Not_Target,Not_Target
ebra8482.t1,Not_Target,Not_Target,Not_Target
ebra8483.t1,Not_Target,Not_Target,Not_Target
ebra8484.t1,Not_Target,Not_Target,Not_Target
ebra8485.t1,Not_Target,Not_Target,Not_Target
ebra8486.t1,Not_Target,Not_Target,Myosin_16
ebra8487.t1,Myosin_18,Not_Target,Not_Target
ebra8488.t1,Not_Target,Not_Target,Myosin_3
ebra8489.t1,Not_Target,Myosin_17,Not_Target
ebra8490.t1,Myosin_26,Not_Target,Not_Target
ebra8491.t1,Myosin_15,Myosin_5,Myosin_71
ebra8492.t1,Myosin_45,Not_Target,Myosin_16
ebra8493.t1,Not_Target,Not_Target,Not_Target
ebra8494.t1,Not_Target,Not_Target,Not_Target
ebra8495.t1,Not_Target,Myosin_28,Myosin_19
ebra8496.t1,Not_Target,Not_Target,Myosin_3
ebra8497.t1,Not_Target,Not_Target,Not_Target
ebra8498.t1,Not_Target,Not_Target,Myosin_6
ebra8499.t1,Not_Target,Not_Target,Not_Target
ebra8500.t1,Myosin_45,Not_Target,Not_Target
ebra8501.t1,Not_Target,Not_Target,Not_Target
ebra8502.t1,Not_Target,Not_Target,Not_Target
ebra8503.t1,Not_Target,Not_Target,Not_Target
ebra8504.t1,Not_Target,Not_Target,Not_Target
ebra8505.t1,Myosin_30,Myosin_30,Not_Target
ebra8506.t1,Not_Target,Myosin_18,Not_Target
ebra8507.t1,Myosin_45,Myosin_16,Myosin_3
ebra8508.t1,Not_Target,Myosin_18,Not_Target
ebra8509.t1,Not_Target,Not_Target,Not_Target
ebra8510.t1,Myosin_15,Myosin_15,Not_Target
ebra8511.t1,Not_Target,Myosin_5,Not_Target
ebra8512.t1,Not_Target,Not_Target,Not_Target
ebra8513.t1,Not_Target,Not_Target,Not_Target
ebra8514.t1,Not_Target,Not_Target,Not_Target
ebra8515.t1,Not_Target,Myosin_5,Not_Target
ebra8516.t1,Not_Target,Not_Target,Myosin_64
ebra8517.t1,Not_Target,Not_Target,Not_Target
ebra8518.t1,Not_Target,Not_Target,Myosin_18
ebra8519.t1,Not_Target,Not_Target,Not_Target
ebra8520.t1,Not_Target,Not_Target,Not_Target
ebra8521.t1,Not_Target,Not_Target,Not_Target
ebra8522.t1,Not_Target,Myosin_19,Not_Target
ebra8523.t1,Not_Target,Myosin_30,Myosin_2
ebra8524.t1,Myosin_45,Not_Target,Not_Target
ebra8525.t1,Not_Target,Not_Target,Not_Target
ebra8526.t1,Not_Target,Not_Target,Not_Target
ebra8527.t1,Not_Target,Not_Target,Not_Target
ebra8528.t1,Not_Target,Myosin_25,Not_Target
ebra8529.t1,Not_Target,Not_Target,Not_Target
ebra8530.t1,Myosin_81,Myosin_81,Myosin_81
ebra8531.t1,Not_Target,Not_Target,Not_Target
ebra10121.t1,Myosin_1,Myosin_1,Myosin_1
ebra10122.t1,Not_Target,Not_Target,Not_Target
ebra10123.t1,Myosin_17,Myosin_17,Myosin_8
ebra10124.t1,Not_Target,Not_Target,Not_Target
ebra10125.t1,Myosin_22,Not_Target,Myosin_17
ebra10126.t1,Not_Target,Not_Target,Not_Target
ebra10127.t1,Myosin_15,Myosin_15,Myosin_15
ebra10128.t1,Not_Target,Not_Target,Not_Target
ebra10129.t1,Not_Target,Not_Target,Myosin_81
ebra10130.t1,Not_Target,Not_Target,Not_Target
ebra10131.t1,Myosin_18,Myosin_57,Not_Target
ebra10132.t1,Myosin_71,Myosin_29,Myosin_19
ebra10133.t1,Myosin_1,Myosin_1,Not_Target
ebra10134.t1,Not_Target,Not_Target,Not_Target
ebra10135.t1,Not_Target,Not_Target,Not_Target
ebra10136.t1,Not_Target,Not_Target,Not_Target
ebra10137.t1,Myosin_51,Not_Target,Myosin_20
ebra10138.t1,Myosin_15,Myosin_15,Myosin_15
ebra10139.t1,Not_Target,Not_Target,Not_Target
ebra10140.t1,Not_Target,Not_Target,Not_Target
ebra10141.t1,Myosin_6,Myosin_6,Myosin_6
ebra10142.t1,Myosin_6,Myosin_6,Myosin_1
ebra10143.t1,Not_Target,Not_Target,Not_Target
ebra10144.t1,Not_Target,Not_Target,Myosin_19
ebra10145.t1,Not_Target,Not_Target,Myosin_11
ebra10146.t1,Myosin_30,Myosin_9,Myosin_27
ebra10147.t1,Not_Target,Not_Target,Myosin_24
ebra10148.t1,Myosin_37,Not_Target,Myosin_4
ebra10149.t1,Not_Target,Not_Target,Not_Target
ebra10150.t1,Not_Target,Not_Target,Not_Target
ebra10151.t1,Not_Target,Not_Target,Not_Target
ebra10152.t1,Not_Target,Not_Target,Not_Target
ebra10153.t1,Myosin_1,Myosin_1,Myosin_1
ebra10154.t1,Not_Target,Not_Target,Not_Target
ebra10155.t1,Not_Target,Myosin_23,Not_Target
ebra10156.t1,Myosin_81,Myosin_66,Myosin_5
ebra10157.t1,Not_Target,Myosin_5,Not_Target
ebra10158.t1,Myosin_17,Myosin_17,Not_Target
ebra10159.t1,Not_Target,Not_Target,Not_Target
ebra10160.t1,Not_Target,Not_Target,Not_Target
ebra10161.t1,Not_Target,Not_Target,Not_Target
ebra10162.t1,Not_Target,Not_Target,Not_Target
ebra10163.t1,Myosin_36,Myosin_18,Not_Target
ebra10164.t1,Not_Target,Not_Target,Not_Target
ebra10165.t1,Not_Target,Not_Target,Not_Target
ebra10166.t1,Not_Target,Not_Target,Not_Target
ebra10167.t1,Not_Target,Myosin_41,Not_Target
ebra9296.t1,Myosin_19,Myosin_19,Myosin_13
ebra9297.t1,Myosin_57,Myosin_57,Myosin_19
ebra9298.t1,Not_Target,Not_Target,Not_Target
ebra9299.t1,Not_Target,Not_Target,Myosin_16
ebra9300.t1,Not_Target,Not_Target,Not_Target
ebra9301.t1,Not_Target,Not_Target,Myosin_8
ebra9302.t1,Not_Target,Not_Target,Not_Target
ebra9303.t1,Myosin_1,Not_Target,Not_Target
ebra9304.t1,Not_Target,Myosin_25,Not_Target
ebra9305.t1,Not_Target,Not_Target,Myosin_8
ebra9306.t1,Not_Target,Not_Target,Not_Target
ebra9307.t1,Not_Target,Not_Target,Not_Target
ebra9308.t1,Myosin_45,Myosin_5,Myosin_18
ebra9309.t1,Not_Target,Not_Target,Myosin_36
ebra9310.t1,Not_Target,Not_Target,Not_Target
ebra9311.t1,Myosin_18,Myosin_5,Myosin_24
ebra9312.t1,Not_Target,Not_Target,Not_Target
ebra9313.t1,Not_Target,Not_Target,Not_Target
ebra9314.t1,Not_Target,Not_Target,Not_Target
ebra9315.t1,Not_Target,Not_Target,Not_Target
ebra9316.t1,Not_Target,Not_Target,Not_Target
ebra9317.t1,Not_Target,Not_Target,Myosin_2
ebra9318.t1,Not_Target,Not_Target,Not_Target
ebra9319.t1,Not_Target,Not_Target,Myosin_49
ebra9320.t1,Not_Target,Not_Target,Not_Target
ebra9321.t1,Not_Target,Not_Target,Not_Target
ebra9322.t1,Not_Target,Not_Target,Myosin_2
ebra9323.t1,Myosin_45,Myosin_11,Myosin_40
ebra9324.t1,Not_Target,Not_Target,Myosin_1
ebra9325.t1,Not_Target,Not_Target,Not_Target
ebra9326.t1,Not_Target,Not_Target,Not_Target
ebra9327.t1,Myosin_22,Myosin_22,Myosin_7
ebra9328.t1,Not_Target,Not_Target,Not_Target
ebra9329.t1,Not_Target,Myosin_28,Myosin_36
ebra9330.t1,Not_Target,Myosin_26,Not_Target
ebra9331.t1,Not_Target,Not_Target,Not_Target
ebra9332.t1,Not_Target,Myosin_5,Not_Target
ebra9333.t1,Not_Target,Not_Target,Not_Target
ebra9334.t1,Myosin_1,Not_Target,Myosin_30
ebra9335.t1,Myosin_53,Myosin_17,Myosin_5
ebra9336.t1,Not_Target,Myosin_57,Not_Target
ebra9337.t1,Not_Target,Not_Target,Not_Target
ebra9338.t1,Not_Target,Not_Target,Not_Target
ebra9339.t1,Myosin_57,Not_Target,Not_Target
ebra9340.t1,Not_Target,Not_Target,Not_Target
ebra9341.t1,Myosin_1,Myosin_1,Not_Target
ebra9342.t1,Not_Target,Not_Target,Not_Target
ebra9343.t1,Not_Target,Not_Target,Not_Target
ebra9344.t1,Not_Target,Not_Target,Not_Target
ebra9345.t1,Not_Target,Myosin_5,Not_Target
ebra9346.t1,Not_Target,Not_Target,Not_Target
ebra9347.t1,Not_Target,Not_Target,Myosin_14
ebra9348.t1,Not_Target,Not_Target,Not_Target
ebra9349.t1,Myosin_15,Not_Target,Myosin_20
ebra9350.t1,Not_Target,Not_Target,Not_Target
ebra17745.t1,Myosin_19,Myosin_19,Not_Target
ebra17746.t1,Not_Target,Myosin_1,Not_Target
ebra17747.t1,Not_Target,Not_Target,Not_Target
ebra17748.t1,Myosin_45,Not_Target,Not_Target
ebra17749.t1,Not_Target,Myosin_1,Not_Target
ebra17750.t1,Not_Target,Not_Target,Not_Target
ebra17751.t1,Not_Target,Myosin_5,Not_Target
ebra17752.t1,Not_Target,Not_Target,Not_Target
ebra17753.t1,Not_Target,Not_Target,Not_Target
ebra17754.t1,Not_Target,Not_Target,Myosin_51
ebra17755.t1,Not_Target,Not_Target,Myosin_20
ebra17756.t1,Myosin_1,Not_Target,Not_Target
ebra17757.t1,Myosin_26,Not_Target,Not_Target
ebra17758.t1,Not_Target,Not_Target,Myosin_20
ebra17759.t1,Myosin_17,Not_Target,Myosin_17
ebra17760.t1,Not_Target,Myosin_4,Not_Target
ebra17761.t1,Not_Target,Not_Target,Not_Target
ebra17762.t1,Myosin_44,Myosin_18,Myosin_18
ebra17763.t1,Myosin_17,Myosin_17,Myosin_17
ebra17764.t1,Not_Target,Not_Target,Not_Target
ebra17765.t1,Not_Target,Not_Target,Not_Target
ebra17766.t1,Myosin_51,Not_Target,Myosin_5
ebra17767.t1,Myosin_45,Not_Target,Myosin_18
ebra17768.t1,Not_Target,Not_Target,Not_Target
ebra17769.t1,Not_Target,Myosin_19,Myosin_27
ebra17770.t1,Not_Target,Not_Target,Not_Target
ebra17771.t1,Not_Target,Not_Target,Not_Target
ebra17772.t1,Not_Target,Not_Target,Not_Target
ebra17773.t1,Not_Target,Not_Target,Not_Target
ebra17774.t1,Myosin_81,Not_Target,Myosin_3
ebra17775.t1,Not_Target,Not_Target,Not_Target
ebra17776.t1,Not_Target,Not_Target,Not_Target
ebra17777.t1,Not_Target,Not_Target,Myosin_20
ebra17778.t1,Myosin_45,Myosin_28,Myosin_18
ebra17779.t1,Not_Target,Not_Target,Not_Target
ebra17780.t1,Myosin_44,Myosin_44,Myosin_15
ebra17781.t1,Not_Target,Not_Target,Not_Target
ebra17782.t1,Not_Target,Not_Target,Not_Target
ebra17783.t1,Not_Target,Not_Target,Not_Target
ebra17784.t1,Not_Target,Not_Target,Not_Target
ebra17785.t1,Not_Target,Not_Target,Not_Target
ebra17786.t1,Not_Target,Not_Target,Not_Target
ebra17787.t1,Not_Target,Not_Target,Not_Target
ebra17788.t1,Not_Target,Not_Target,Myosin_3
ebra17789.t1,Not_Target,Myosin_1,Not_Target
ebra17790.t1,Not_Target,Myosin_25,Myosin_6
ebra17791.t1,Not_Target,Not_Target,Not_Target
ebra17792.t1,Myosin_2,Not_Target,Not_Target
ebra17793.t1,Myosin_7,Myosin_22,Myosin_8
ebra17794.t1,Not_Target,Not_Target,Not_Target
ebra17795.t1,Not_Target,Not_Target,Not_Target
ebra17796.t1,Not_Target,Not_Target,Not_Target
ebra21463.t1,Not_Target,Not_Target,Not_Target
ebra21464.t1,Not_Target,Not_Target,Not_Target
ebra21465.t1,Not_Target,Myosin_2,Not_Target
ebra21466.t1,Not_Target,Not_Target,Not_Target
ebra21467.t1,Not_Target,Not_Target,Not_Target
ebra21468.t1,Not_Target,Myosin_2,Not_Target
ebra21469.t1,Not_Target,Not_Target,Not_Target
ebra21470.t1,Myosin_8,Myosin_51,Not_Target
ebra21471.t1,Not_Target,Not_Target,Not_Target
ebra21472.t1,Not_Target,Not_Target,Not_Target
ebra21473.t1,Myosin_37,Myosin_7,Not_Target
ebra21474.t1,Not_Target,Not_Target,Not_Target
ebra21475.t1,Not_Target,Not_Target,Not_Target
ebra21476.t1,Not_Target,Not_Target,Not_Target
ebra21477.t1,Not_Target,Myosin_28,Not_Target
ebra21478.t1,Not_Target,Not_Target,Not_Target
ebra21479.t1,Not_Target,Not_Target,Myosin_13
ebra21480.t1,Not_Target,Not_Target,Not_Target
ebra21481.t1,Myosin_1,Not_Target,Myosin_1
ebra21482.t1,Not_Target,Not_Target,Not_Target
ebra21483.t1,Not_Target,Not_Target,Not_Target
ebra21484.t1,Myosin_45,Not_Target,Not_Target
ebra21485.t1,Not_Target,Not_Target,Myosin_51
ebra21486.t1,Myosin_5,Not_Target,Not_Target
ebra21487.t1,Not_Target,Not_Target,Not_Target
ebra21488.t1,Not_Target,Not_Target,Not_Target
ebra21489.t1,Not_Target,Not_Target,Not_Target
ebra21490.t1,Not_Target,Not_Target,Not_Target
ebra21491.t1,Myosin_37,Myosin_37,Not_Target
ebra21492.t1,Not_Target,Not_Target,Myosin_17
ebra21493.t1,Myosin_36,Not_Target,Myosin_36
ebra21494.t1,Myosin_1,Not_Target,Not_Target
ebra21495.t1,Not_Target,Not_Target,Not_Target
ebra21496.t1,Not_Target,Not_Target,Not_Target
ebra21497.t1,Not_Target,Not_Target,Not_Target
ebra21498.t1,Not_Target,Myosin_62,Not_Target
ebra21499.t1,Not_Target,Not_Target,Not_Target
ebra21500.t1,Myosin_57,Myosin_57,Myosin_51
ebra21501.t1,Not_Target,Myosin_10,Not_Target
ebra21502.t1,Not_Target,Not_Target,Not_Target
ebra21503.t1,Not_Target,Not_Target,Myosin_2
ebra21504.t1,Not_Target,Not_Target,Not_Target
ebra21505.t1,Myosin_15,Myosin_69,Myosin_36
ebra21506.t1,Not_Target,Myosin_26,Not_Target
ebra21507.t1,Not_Target,Not_Target,Myosin_23
ebra21508.t1,Not_Target,Not_Target,Not_Target
ebra21509.t1,Myosin_45,Myosin_45,Not_Target
ebra21510.t1,Myosin_16,Not_Target,Not_Target
ebra21511.t1,Not_Target,Not_Target,Not_Target
ebra1785.t1,Not_Target,Not_Target,Not_Target
ebra1786.t1,Not_Target,Not_Target,Not_Target
ebra1787.t1,Not_Target,Not_Target,Not_Target
ebra1788.t1,Not_Target,Not_Target,Not_Target
ebra1789.t1,Not_Target,Not_Target,Not_Target
ebra1790.t1,Not_Target,Not_Target,Not_Target
ebra1791.t1,Not_Target,Not_Target,Not_Target
ebra1792.t1,Not_Target,Not_Target,Not_Target
ebra1793.t1,Not_Target,Not_Target,Not_Target
ebra1794.t1,Not_Target,Myosin_28,Myosin_5
ebra1795.t1,Not_Target,Not_Target,Not_Target
ebra1796.t1,Not_Target,Not_Target,Not_Target
ebra1797.t1,Myosin_2,Not_Target,Not_Target
ebra1798.t1,Not_Target,Not_Target,Not_Target
ebra1799.t1,Not_Target,Myosin_20,Not_Target
ebra1800.t1,Not_Target,Not_Target,Not_Target
ebra1801.t1,Not_Target,Not_Target,Not_Target
ebra1802.t1,Myosin_9,Myosin_1,Not_Target
ebra1803.t1,Not_Target,Not_Target,Not_Target
ebra1804.t1,Not_Target,Not_Target,Not_Target
ebra1805.t1,Not_Target,Not_Target,Not_Target
ebra1806.t1,Not_Target,Myosin_7,Not_Target
ebra1807.t1,Not_Target,Not_Target,Not_Target
ebra1808.t1,Not_Target,Not_Target,Not_Target
ebra1809.t1,Myosin_18,Myosin_18,Myosin_3
ebra1810.t1,Not_Target,Not_Target,Not_Target
ebra1811.t1,Not_Target,Not_Target,Not_Target
ebra1812.t1,Not_Target,Not_Target,Not_Target
ebra1813.t1,Not_Target,Not_Target,Not_Target
ebra1814.t1,Not_Target,Not_Target,Not_Target
ebra1815.t1,Myosin_36,Myosin_26,Not_Target
ebra1816.t1,Not_Target,Not_Target,Not_Target
ebra1817.t1,Not_Target,Not_Target,Not_Target
ebra1818.t1,Not_Target,Not_Target,Not_Target
ebra1819.t1,Not_Target,Not_Target,Not_Target
ebra1820.t1,Not_Target,Not_Target,Not_Target
ebra1821.t1,Myosin_1,Myosin_37,Myosin_1
ebra1822.t1,Not_Target,Not_Target,Not_Target
ebra1823.t1,Not_Target,Not_Target,Not_Target
ebra1824.t1,Not_Target,Not_Target,Not_Target
ebra1825.t1,Not_Target,Not_Target,Myosin_57
ebra1826.t1,Not_Target,Not_Target,Not_Target
ebra1827.t1,Not_Target,Not_Target,Not_Target
ebra1828.t1,Not_Target,Not_Target,Not_Target
ebra1829.t1,Not_Target,Not_Target,Myosin_4
ebra1830.t1,Not_Target,Not_Target,Not_Target
ebra1029.t1,Not_Target,Myosin_66,Myosin_7
ebra1030.t1,Not_Target,Not_Target,Not_Target
ebra1031.t1,Not_Target,Not_Target,Myosin_81
ebra1032.t1,Not_Target,Not_Target,Not_Target
ebra1033.t1,Not_Target,Not_Target,Not_Target
ebra1034.t1,Not_Target,Not_Target,Not_Target
ebra1035.t1,Myosin_81,Not_Target,Not_Target
ebra1036.t1,Not_Target,Not_Target,Not_Target
ebra1037.t1,Not_Target,Myosin_5,Myosin_13
ebra1038.t1,Not_Target,Not_Target,Not_Target
ebra1039.t1,Not_Target,Not_Target,Myosin_24
ebra1040.t1,Not_Target,Not_Target,Not_Target
ebra1041.t1,Not_Target,Not_Target,Not_Target
ebra1042.t1,Not_Target,Not_Target,Myosin_20
ebra1043.t1,Not_Target,Not_Target,Not_Target
ebra1044.t1,Myosin_26,Not_Target,Not_Target
ebra1045.t1,Not_Target,Not_Target,Not_Target
ebra1046.t1,Not_Target,Not_Target,Myosin_4
ebra1047.t1,Not_Target,Not_Target,Not_Target
ebra1048.t1,Not_Target,Not_Target,Not_Target
ebra1049.t1,Myosin_16,Myosin_19,Myosin_59
ebra1050.t1,Myosin_3,Myosin_57,Myosin_51
ebra1051.t1,Not_Target,Not_Target,Myosin_5
ebra1052.t1,Not_Target,Not_Target,Not_Target
ebra1053.t1,Myosin_45,Myosin_18,Myosin_18
ebra1054.t1,Myosin_45,Myosin_18,Myosin_5
ebra1055.t1,Not_Target,Not_Target,Not_Target
ebra1056.t1,Myosin_30,Not_Target,Not_Target
ebra1057.t1,Not_Target,Not_Target,Not_Target
ebra1058.t1,Myosin_74,Not_Target,Not_Target
ebra1059.t1,Myosin_18,Not_Target,Myosin_1
ebra1060.t1,Myosin_26,Not_Target,Not_Target
ebra1061.t1,Not_Target,Not_Target,Not_Target
ebra1062.t1,Myosin_18,Myosin_17,Myosin_15
ebra1063.t1,Not_Target,Not_Target,Myosin_64
ebra1064.t1,Not_Target,Not_Target,Not_Target
ebra1065.t1,Myosin_20,Myosin_20,Not_Target
ebra1066.t1,Myosin_37,Myosin_37,Myosin_57
ebra1067.t1,Myosin_18,Myosin_29,Myosin_31
ebra1068.t1,Not_Target,Not_Target,Not_Target
ebra1069.t1,Not_Target,Myosin_5,Not_Target
ebra1070.t1,Not_Target,Not_Target,Myosin_3
ebra1071.t1,Not_Target,Not_Target,Not_Target
ebra1072.t1,Myosin_30,Not_Target,Not_Target
ebra1073.t1,Myosin_19,Myosin_18,Myosin_19
ebra1074.t1,Not_Target,Not_Target,Myosin_64
ebra1075.t1,Not_Target,Not_Target,Myosin_18
ebra1076.t1,Not_Target,Not_Target,Not_Target
ebra1077.t1,Myosin_30,Not_Target,Myosin_1
ebra1078.t1,Not_Target,Myosin_57,Myosin_15
ebra1079.t1,Myosin_36,Not_Target,Myosin_27
ebra1080.t1,Not_Target,Not_Target,Not_Target
ebra1081.t1,Not_Target,Not_Target,Myosin_30
ebra1082.t1,Not_Target,Not_Target,Myosin_30
ebra1083.t1,Not_Target,Not_Target,Not_Target
ebra1084.t1,Not_Target,Not_Target,Not_Target
ebra7746.t1,Myosin_36,Myosin_36,Myosin_22
ebra7747.t1,Actin,Actin,Actin
ebra7748.t1,Not_Target,Not_Target,Not_Target
ebra7749.t1,Not_Target,Not_Target,Not_Target
ebra7750.t1,Not_Target,Not_Target,Not_Target
ebra7751.t1,Not_Target,Not_Target,Not_Target
ebra7752.t1,Myosin_57,Not_Target,Not_Target
ebra7753.t1,Not_Target,Not_Target,Not_Target
ebra7754.t1,Not_Target,Not_Target,Not_Target
ebra7755.t1,Myosin_45,Myosin_26,Myosin_45
ebra7756.t1,Myosin_45,Myosin_45,Not_Target
ebra7757.t1,Myosin_45,Not_Target,Not_Target
ebra7758.t1,Not_Target,Not_Target,Not_Target
ebra7759.t1,Myosin_17,Not_Target,Myosin_81
ebra7760.t1,Not_Target,Not_Target,Not_Target
ebra7761.t1,Not_Target,Not_Target,Not_Target
ebra7762.t1,Not_Target,Not_Target,Myosin_63
ebra7763.t1,Not_Target,Not_Target,Myosin_1
ebra7764.t1,Not_Target,Not_Target,Not_Target
ebra7765.t1,Not_Target,Not_Target,Myosin_1
ebra7766.t1,Not_Target,Not_Target,Not_Target
ebra7767.t1,Not_Target,Not_Target,Myosin_8
ebra7768.t1,Not_Target,Not_Target,Not_Target
ebra7769.t1,Not_Target,Not_Target,Not_Target
ebra7770.t1,Not_Target,Not_Target,Not_Target
ebra7771.t1,Not_Target,Not_Target,Not_Target
ebra7772.t1,Not_Target,Myosin_57,Myosin_64
ebra7773.t1,Myosin_9,Not_Target,Myosin_5
ebra7774.t1,Not_Target,Not_Target,Not_Target
ebra7775.t1,Not_Target,Not_Target,Not_Target
ebra7776.t1,Not_Target,Myosin_19,Not_Target
ebra7777.t1,Myosin_9,Myosin_9,Myosin_15
ebra7778.t1,Not_Target,Not_Target,Myosin_71
ebra7779.t1,Not_Target,Myosin_18,Myosin_2
ebra7780.t1,Myosin_6,Myosin_57,Myosin_1
ebra7781.t1,Myosin_6,Not_Target,Myosin_6
ebra7782.t1,Not_Target,Myosin_1,Not_Target
ebra7783.t1,Myosin_9,Myosin_17,Myosin_22
ebra7784.t1,Not_Target,Not_Target,Not_Target
ebra7785.t1,Myosin_18,Not_Target,Myosin_74
ebra7786.t1,Not_Target,Not_Target,Not_Target
ebra7787.t1,Not_Target,Not_Target,Not_Target
ebra7788.t1,Not_Target,Not_Target,Myosin_20
ebra7789.t1,Not_Target,Not_Target,Not_Target
ebra3752.t1,Myosin_30,Not_Target,Myosin_3
ebra3753.t1,Not_Target,Not_Target,Not_Target
ebra3754.t1,Not_Target,Not_Target,Not_Target
ebra3755.t1,Not_Target,Myosin_19,Not_Target
ebra3756.t1,Not_Target,Myosin_2,Myosin_2
ebra3757.t1,Myosin_1,Myosin_54,Myosin_1
ebra3758.t1,Not_Target,Not_Target,Not_Target
ebra3759.t1,Not_Target,Myosin_25,Not_Target
ebra3760.t1,Not_Target,Not_Target,Not_Target
ebra3761.t1,Not_Target,Not_Target,Not_Target
ebra3762.t1,Myosin_18,Myosin_18,Myosin_45
ebra3763.t1,Not_Target,Myosin_10,Not_Target
ebra3764.t1,Not_Target,Myosin_2,Not_Target
ebra3765.t1,Not_Target,Not_Target,Not_Target
ebra3766.t1,Not_Target,Not_Target,Myosin_53
ebra3767.t1,Not_Target,Not_Target,Not_Target
ebra3768.t1,Not_Target,Not_Target,Not_Target
ebra3769.t1,Not_Target,Not_Target,Myosin_19
ebra3770.t1,Myosin_31,Not_Target,Not_Target
ebra3771.t1,Not_Target,Not_Target,Not_Target
ebra3772.t1,Not_Target,Not_Target,Not_Target
ebra3773.t1,Not_Target,Myosin_26,Not_Target
ebra3774.t1,Myosin_57,Not_Target,Not_Target
ebra3775.t1,Not_Target,Not_Target,Myosin_22
ebra3776.t1,Not_Target,Not_Target,Not_Target
ebra3777.t1,Not_Target,Not_Target,Not_Target
ebra3778.t1,Myosin_24,Not_Target,Not_Target
ebra3779.t1,Not_Target,Not_Target,Not_Target
ebra3780.t1,Not_Target,Not_Target,Not_Target
ebra3781.t1,Myosin_2,Not_Target,Myosin_24
ebra3782.t1,Not_Target,Not_Target,Not_Target
ebra3783.t1,Myosin_36,Not_Target,Not_Target
ebra3784.t1,Myosin_19,Not_Target,Myosin_64
ebra3785.t1,Not_Target,Not_Target,Not_Target
ebra3786.t1,Myosin_23,Not_Target,Myosin_17
ebra3787.t1,Myosin_17,Not_Target,Myosin_17
ebra3788.t1,Not_Target,Not_Target,Not_Target
ebra3789.t1,Not_Target,Not_Target,Not_Target
ebra3790.t1,Not_Target,Not_Target,Myosin_2
ebra3791.t1,Not_Target,Not_Target,Not_Target
ebra3792.t1,Not_Target,Not_Target,Not_Target
ebra3793.t1,Not_Target,Not_Target,Not_Target
ebra3794.t1,Not_Target,Not_Target,Not_Target
ebra3795.t1,Not_Target,Not_Target,Myosin_3
ebra3796.t1,Not_Target,Not_Target,Myosin_3
ebra3797.t1,Myosin_45,Myosin_5,Not_Target
ebra3798.t1,Myosin_17,Myosin_22,Myosin_17
ebra3799.t1,Not_Target,Not_Target,Myosin_24
ebra3036.t1,Not_Target,Not_Target,Not_Target
ebra3037.t1,Myosin_2,Myosin_2,Myosin_2
ebra3038.t1,Not_Target,Myosin_5,Not_Target
ebra3039.t1,Not_Target,Not_Target,Myosin_1
ebra3040.t1,Not_Target,Not_Target,Not_Target
ebra3041.t1,Not_Target,Not_Target,Not_Target
ebra3042.t1,Myosin_18,Not_Target,Not_Target
ebra3043.t1,Not_Target,Not_Target,Not_Target
ebra3044.t1,Not_Target,Not_Target,Myosin_2
ebra3045.t1,Not_Target,Not_Target,Not_Target
ebra3046.t1,Not_Target,Myosin_20,Not_Target
ebra3047.t1,Myosin_9,Myosin_26,Myosin_18
ebra3048.t1,Not_Target,Not_Target,Not_Target
ebra3049.t1,Not_Target,Not_Target,Myosin_6
ebra3050.t1,Not_Target,Myosin_19,Not_Target
ebra3051.t1,Not_Target,Not_Target,Not_Target
ebra3052.t1,Not_Target,Not_Target,Myosin_14
ebra3053.t1,Not_Target,Not_Target,Not_Target
ebra3054.t1,Not_Target,Not_Target,Not_Target
ebra3055.t1,Not_Target,Not_Target,Not_Target
ebra3056.t1,Not_Target,Not_Target,Not_Target
ebra3057.t1,Not_Target,Not_Target,Not_Target
ebra3058.t1,Not_Target,Myosin_18,Not_Target
ebra3059.t1,Not_Target,Not_Target,Not_Target
ebra3060.t1,Myosin_2,Not_Target,Not_Target
ebra3061.t1,Not_Target,Not_Target,Not_Target
ebra3062.t1,Myosin_1,Not_Target,Not_Target
ebra3063.t1,Not_Target,Not_Target,Not_Target
ebra3064.t1,Myosin_19,Myosin_57,Myosin_1
ebra3065.t1,Not_Target,Not_Target,Not_Target
ebra3066.t1,Myosin_1,Myosin_1,Not_Target
ebra3067.t1,Not_Target,Not_Target,Not_Target
ebra3068.t1,Not_Target,Not_Target,Myosin_20
ebra3069.t1,Not_Target,Not_Target,Not_Target
ebra3070.t1,Not_Target,Not_Target,Not_Target
ebra3071.t1,Not_Target,Not_Target,Not_Target
ebra3139.t1,Not_Target,Not_Target,Myosin_36
ebra3140.t1,Not_Target,Not_Target,Not_Target
ebra3141.t1,Myosin_27,Not_Target,Myosin_37
ebra3142.t1,Not_Target,Not_Target,Not_Target
ebra3143.t1,Myosin_45,Myosin_11,Not_Target
ebra3144.t1,Not_Target,Not_Target,Myosin_20
ebra3145.t1,Myosin_45,Not_Target,Myosin_11
ebra3146.t1,Myosin_19,Not_Target,Myosin_57
ebra3147.t1,Not_Target,Not_Target,Not_Target
ebra3148.t1,Not_Target,Not_Target,Myosin_1
ebra3149.t1,Not_Target,Myosin_17,Myosin_34
ebra3150.t1,Myosin_69,Myosin_3,Myosin_5
ebra3151.t1,Not_Target,Not_Target,Myosin_11
ebra3152.t1,Not_Target,Myosin_57,Not_Target
ebra3153.t1,Myosin_1,Myosin_26,Not_Target
ebra3154.t1,Not_Target,Myosin_26,Myosin_71
ebra3155.t1,Not_Target,Not_Target,Not_Target
ebra3156.t1,Not_Target,Myosin_50,Not_Target
ebra3157.t1,Not_Target,Myosin_4,Myosin_1
ebra3158.t1,Not_Target,Not_Target,Not_Target
ebra3159.t1,Myosin_45,Not_Target,Not_Target
ebra3160.t1,Myosin_45,Myosin_45,Myosin_45
ebra3161.t1,Not_Target,Not_Target,Not_Target
ebra3162.t1,Not_Target,Not_Target,Not_Target
ebra3163.t1,Myosin_17,Not_Target,Not_Target
ebra3164.t1,Not_Target,Not_Target,Not_Target
ebra3165.t1,Not_Target,Not_Target,Not_Target
ebra3166.t1,Not_Target,Not_Target,Not_Target
ebra3167.t1,Not_Target,Not_Target,Not_Target
ebra3168.t1,Myosin_2,Not_Target,Myosin_71
ebra3169.t1,Myosin_53,Myosin_45,Myosin_5
ebra3170.t1,Not_Target,Not_Target,Myosin_57
ebra3171.t1,Myosin_19,Not_Target,Not_Target
ebra3172.t1,Myosin_26,Myosin_74,Not_Target
ebra3173.t1,Not_Target,Not_Target,Not_Target
ebra3174.t1,Myosin_1,Not_Target,Myosin_26
ebra3175.t1,Not_Target,Not_Target,Not_Target
ebra3176.t1,Not_Target,Not_Target,Not_Target
ebra3177.t1,Not_Target,Not_Target,Myosin_3
ebra3178.t1,Myosin_45,Not_Target,Not_Target
ebra3179.t1,Not_Target,Not_Target,Not_Target
ebra3180.t1,Not_Target,Not_Target,Not_Target
ebra3181.t1,Not_Target,Myosin_18,Myosin_5
ebra3182.t1,Myosin_45,Not_Target,Not_Target
ebra3183.t1,Not_Target,Not_Target,Myosin_6
ebra18562.t1,Myosin_2,Myosin_2,Myosin_5
ebra18563.t1,Myosin_2,Myosin_2,Myosin_2
ebra18564.t1,Not_Target,Not_Target,Not_Target
ebra18565.t1,Not_Target,Not_Target,Not_Target
ebra18566.t1,Not_Target,Not_Target,Not_Target
ebra18567.t1,Not_Target,Not_Target,Not_Target
ebra18568.t1,Myosin_20,Myosin_3,Myosin_16
ebra18569.t1,Myosin_45,Not_Target,Myosin_18
ebra18570.t1,Not_Target,Not_Target,Myosin_23
ebra18571.t1,Myosin_81,Myosin_81,Not_Target
ebra18572.t1,Myosin_3,Myosin_3,Myosin_1
ebra18573.t1,Not_Target,Not_Target,Not_Target
ebra18574.t1,Not_Target,Not_Target,Myosin_1
ebra18575.t1,Not_Target,Not_Target,Not_Target
ebra18576.t1,Myosin_64,Myosin_17,Myosin_22
ebra18577.t1,Myosin_74,Not_Target,Not_Target
ebra18578.t1,Not_Target,Myosin_19,Myosin_8
ebra18579.t1,Not_Target,Not_Target,Not_Target
ebra18580.t1,Not_Target,Not_Target,Myosin_1
ebra18581.t1,Not_Target,Not_Target,Not_Target
ebra18582.t1,Not_Target,Not_Target,Not_Target
ebra18583.t1,Not_Target,Not_Target,Not_Target
ebra18584.t1,Not_Target,Not_Target,Myosin_16
ebra18585.t1,Myosin_57,Not_Target,Myosin_5
ebra18586.t1,Not_Target,Not_Target,Not_Target
ebra18587.t1,Not_Target,Not_Target,Not_Target
ebra18588.t1,Not_Target,Not_Target,Not_Target
ebra18589.t1,Myosin_45,Not_Target,Not_Target
ebra18590.t1,Not_Target,Not_Target,Not_Target
ebra18591.t1,Not_Target,Myosin_19,Not_Target
ebra18592.t1,Not_Target,Not_Target,Not_Target
ebra18593.t1,Myosin_25,Not_Target,Myosin_5
ebra18594.t1,Myosin_37,Not_Target,Not_Target
ebra18595.t1,Not_Target,Not_Target,Myosin_2
ebra18596.t1,Myosin_74,Not_Target,Not_Target
ebra18597.t1,Not_Target,Not_Target,Myosin_20
ebra18598.t1,Not_Target,Myosin_16,Not_Target
ebra18599.t1,Not_Target,Not_Target,Myosin_17
ebra18600.t1,Not_Target,Not_Target,Not_Target
ebra18601.t1,Not_Target,Myosin_17,Myosin_22
ebra18602.t1,Not_Target,Not_Target,Not_Target
ebra18603.t1,Not_Target,Not_Target,Not_Target
ebra18604.t1,Not_Target,Not_Target,Not_Target
ebra18605.t1,Not_Target,Not_Target,Not_Target
ebra18606.t1,Not_Target,Not_Target,Not_Target
ebra18607.t1,Not_Target,Not_Target,Not_Target
ebra18608.t1,Not_Target,Not_Target,Not_Target
ebra18609.t1,Myosin_4,Myosin_81,Myosin_2
ebra18610.t1,Not_Target,Not_Target,Not_Target
ebra18611.t1,Myosin_1,Myosin_1,Not_Target
ebra18612.t1,Not_Target,Not_Target,Not_Target
ebra18613.t1,Not_Target,Not_Target,Myosin_2
ebra13470.t1,Not_Target,Not_Target,Not_Target
ebra13471.t1,Not_Target,Not_Target,Not_Target
ebra13472.t1,Myosin_26,Not_Target,Myosin_8
ebra13473.t1,Not_Target,Not_Target,Not_Target
ebra13474.t1,Not_Target,Not_Target,Not_Target
ebra13475.t1,Myosin_45,Myosin_45,Myosin_45
ebra13476.t1,Not_Target,Not_Target,Not_Target
ebra13477.t1,Not_Target,Not_Target,Not_Target
ebra13478.t1,Not_Target,Not_Target,Not_Target
ebra13479.t1,Myosin_45,Myosin_57,Not_Target
ebra13480.t1,Not_Target,Myosin_11,Not_Target
ebra13481.t1,Not_Target,Not_Target,Not_Target
ebra13482.t1,Not_Target,Not_Target,Not_Target
ebra13483.t1,Not_Target,Not_Target,Myosin_1
ebra13484.t1,Not_Target,Not_Target,Not_Target
ebra13485.t1,Myosin_17,Myosin_17,Myosin_17
ebra13486.t1,Not_Target,Not_Target,Myosin_3
ebra13487.t1,Not_Target,Not_Target,Myosin_20
ebra13488.t1,Myosin_3,Not_Target,Myosin_1
ebra13489.t1,Not_Target,Not_Target,Not_Target
ebra13490.t1,Not_Target,Not_Target,Not_Target
ebra13491.t1,Not_Target,Not_Target,Not_Target
ebra13492.t1,Not_Target,Myosin_15,Not_Target
ebra13493.t1,Myosin_15,Not_Target,Not_Target
ebra13494.t1,Not_Target,Not_Target,Not_Target
ebra13495.t1,Not_Target,Myosin_7,Myosin_1
ebra13496.t1,Myosin_3,Not_Target,Not_Target
ebra13497.t1,Not_Target,Not_Target,Not_Target
ebra13498.t1,Not_Target,Not_Target,Not_Target
ebra13499.t1,Not_Target,Not_Target,Not_Target
ebra13500.t1,Not_Target,Not_Target,Not_Target
ebra13501.t1,Not_Target,Not_Target,Myosin_28
ebra13502.t1,Not_Target,Not_Target,Not_Target
ebra13503.t1,Not_Target,Not_Target,Not_Target
ebra13504.t1,Not_Target,Not_Target,Not_Target
ebra13505.t1,Myosin_6,Myosin_6,Myosin_2
ebra13506.t1,Myosin_1,Myosin_5,Myosin_5
ebra13507.t1,Not_Target,Not_Target,Not_Target
ebra13508.t1,Myosin_2,Myosin_6,Myosin_2
ebra13509.t1,Not_Target,Myosin_19,Not_Target
ebra13510.t1,Not_Target,Not_Target,Not_Target
ebra13511.t1,Not_Target,Not_Target,Not_Target
ebra13512.t1,Not_Target,Not_Target,Not_Target
ebra13513.t1,Myosin_45,Not_Target,Myosin_1
ebra13514.t1,Not_Target,Not_Target,Not_Target
ebra5973.t1,Not_Target,Not_Target,Not_Target
ebra5974.t1,Myosin_2,Myosin_5,Myosin_2
ebra5975.t1,Myosin_18,Myosin_18,Myosin_40
ebra5976.t1,Myosin_15,Myosin_15,Myosin_15
ebra5977.t1,Not_Target,Not_Target,Not_Target
ebra5978.t1,Not_Target,Not_Target,Not_Target
ebra5979.t1,Not_Target,Not_Target,Not_Target
ebra5980.t1,Not_Target,Not_Target,Not_Target
ebra5981.t1,Not_Target,Myosin_17,Not_Target
ebra5982.t1,Not_Target,Not_Target,Not_Target
ebra5983.t1,Myosin_45,Not_Target,Myosin_45
ebra5984.t1,Not_Target,Not_Target,Not_Target
ebra5985.t1,Not_Target,Not_Target,Myosin_1
ebra5986.t1,Not_Target,Not_Target,Not_Target
ebra5987.t1,Not_Target,Not_Target,Not_Target
ebra5988.t1,Myosin_30,Not_Target,Myosin_81
ebra5989.t1,Not_Target,Not_Target,Not_Target
ebra5990.t1,Not_Target,Not_Target,Not_Target
ebra5991.t1,Not_Target,Not_Target,Not_Target
ebra5992.t1,Not_Target,Myosin_57,Not_Target
ebra5993.t1,Myosin_18,Myosin_1,Myosin_53
ebra5994.t1,Not_Target,Not_Target,Myosin_7
ebra5995.t1,Myosin_26,Not_Target,Not_Target
ebra5996.t1,Not_Target,Not_Target,Myosin_5
ebra5997.t1,Not_Target,Myosin_57,Myosin_19
ebra5998.t1,Myosin_45,Myosin_18,Myosin_45
ebra5999.t1,Myosin_15,Not_Target,Myosin_8
ebra6000.t1,Not_Target,Not_Target,Myosin_3
ebra6001.t1,Myosin_45,Not_Target,Not_Target
ebra6002.t1,Myosin_26,Not_Target,Myosin_11
ebra6003.t1,Not_Target,Myosin_19,Not_Target
ebra6004.t1,Not_Target,Not_Target,Not_Target
ebra6005.t1,Myosin_26,Myosin_9,Not_Target
ebra6006.t1,Myosin_18,Myosin_18,Myosin_20
ebra6007.t1,Not_Target,Not_Target,Not_Target
ebra6008.t1,Not_Target,Myosin_57,Not_Target
ebra6009.t1,Not_Target,Not_Target,Not_Target
ebra4926.t1,Not_Target,Myosin_1,Myosin_1
ebra4927.t1,Not_Target,Not_Target,Not_Target
ebra4928.t1,Not_Target,Myosin_1,Not_Target
ebra4929.t1,Not_Target,Myosin_66,Not_Target
ebra4930.t1,Not_Target,Not_Target,Myosin_3
ebra4931.t1,Not_Target,Not_Target,Not_Target
ebra4932.t1,Not_Target,Not_Target,Not_Target
ebra4933.t1,Not_Target,Myosin_7,Not_Target
ebra4934.t1,Not_Target,Not_Target,Not_Target
ebra4935.t1,Not_Target,Not_Target,Myosin_30
ebra4936.t1,Myosin_45,Myosin_16,Not_Target
ebra4937.t1,Not_Target,Not_Target,Not_Target
ebra4938.t1,Myosin_15,Myosin_15,Myosin_15
ebra4939.t1,Not_Target,Myosin_2,Not_Target
ebra4940.t1,Not_Target,Myosin_1,Myosin_8
ebra4941.t1,Not_Target,Not_Target,Not_Target
ebra4942.t1,Not_Target,Not_Target,Not_Target
ebra4943.t1,Not_Target,Not_Target,Not_Target
ebra4944.t1,Myosin_19,Not_Target,Not_Target
ebra4945.t1,Myosin_18,Myosin_18,Myosin_5
ebra4946.t1,Not_Target,Not_Target,Myosin_51
ebra4947.t1,Not_Target,Not_Target,Myosin_5
ebra4948.t1,Not_Target,Not_Target,Myosin_19
ebra4949.t1,Myosin_44,Myosin_44,Myosin_45
ebra4950.t1,Myosin_18,Myosin_18,Myosin_2
ebra4951.t1,Myosin_2,Not_Target,Myosin_2
ebra4952.t1,Not_Target,Not_Target,Not_Target
ebra4953.t1,Myosin_45,Myosin_16,Myosin_16
ebra4954.t1,Not_Target,Not_Target,Not_Target
ebra4955.t1,Not_Target,Not_Target,Not_Target
ebra4956.t1,Myosin_51,Myosin_30,Not_Target
ebra4957.t1,Not_Target,Not_Target,Not_Target
ebra4958.t1,Myosin_45,Myosin_11,Not_Target
ebra4959.t1,Myosin_45,Myosin_18,Myosin_45
ebra4960.t1,Not_Target,Myosin_18,Not_Target
ebra4961.t1,Not_Target,Not_Target,Myosin_20
ebra4962.t1,Myosin_9,Myosin_22,Myosin_6
ebra4963.t1,Not_Target,Not_Target,Not_Target
ebra4964.t1,Not_Target,Not_Target,Not_Target
ebra12083.t1,Not_Target,Not_Target,Not_Target
ebra12084.t1,Not_Target,Not_Target,Not_Target
ebra12085.t1,Not_Target,Not_Target,Myosin_22
ebra12086.t1,Myosin_18,Not_Target,Not_Target
ebra12087.t1,Myosin_18,Not_Target,Myosin_30
ebra12088.t1,Not_Target,Not_Target,Not_Target
ebra12089.t1,Not_Target,Not_Target,Not_Target
ebra12090.t1,Myosin_2,Myosin_19,Myosin_2
ebra12091.t1,Not_Target,Not_Target,Not_Target
ebra12092.t1,Myosin_37,Not_Target,Not_Target
ebra12093.t1,Not_Target,Not_Target,Not_Target
ebra12094.t1,Myosin_17,Myosin_1,Not_Target
ebra12095.t1,Myosin_5,Myosin_19,Myosin_8
ebra12096.t1,Myosin_15,Myosin_15,Myosin_44
ebra12097.t1,Not_Target,Not_Target,Not_Target
ebra12098.t1,Not_Target,Not_Target,Not_Target
ebra12099.t1,Not_Target,Not_Target,Not_Target
ebra12100.t1,Myosin_5,Myosin_5,Myosin_22
ebra12101.t1,Myosin_5,Myosin_26,Myosin_5
ebra12102.t1,Not_Target,Not_Target,Not_Target
ebra12103.t1,Not_Target,Not_Target,Not_Target
ebra12104.t1,Not_Target,Not_Target,Not_Target
ebra12105.t1,Not_Target,Not_Target,Not_Target
ebra12106.t1,Not_Target,Not_Target,Not_Target
ebra12107.t1,Myosin_9,Not_Target,Myosin_5
ebra12108.t1,Myosin_26,Not_Target,Myosin_3
ebra12109.t1,Not_Target,Not_Target,Not_Target
ebra12110.t1,Myosin_45,Myosin_16,Myosin_20
ebra12111.t1,Not_Target,Not_Target,Not_Target
ebra12112.t1,Not_Target,Not_Target,Not_Target
ebra12113.t1,Myosin_18,Not_Target,Not_Target
ebra12114.t1,Not_Target,Not_Target,Not_Target
ebra12115.t1,Not_Target,Not_Target,Not_Target
ebra20809.t1,Not_Target,Not_Target,Not_Target
ebra20810.t1,Myosin_81,Myosin_1,Not_Target
ebra20811.t1,Not_Target,Not_Target,Not_Target
ebra20812.t1,Not_Target,Not_Target,Myosin_2
ebra20813.t1,Myosin_24,Myosin_5,Myosin_5
ebra20814.t1,Myosin_1,Not_Target,Myosin_43
ebra20815.t1,Myosin_22,Myosin_4,Myosin_4
ebra20816.t1,Myosin_17,Not_Target,Not_Target
ebra20817.t1,Not_Target,Not_Target,Not_Target
ebra20818.t1,Not_Target,Not_Target,Not_Target
ebra20819.t1,Not_Target,Not_Target,Not_Target
ebra20820.t1,Not_Target,Not_Target,Myosin_20
ebra20821.t1,Myosin_71,Not_Target,Not_Target
ebra20822.t1,Myosin_16,Myosin_16,Myosin_16
ebra20823.t1,Not_Target,Not_Target,Not_Target
ebra20824.t1,Not_Target,Not_Target,Not_Target
ebra20825.t1,Not_Target,Not_Target,Not_Target
ebra20826.t1,Myosin_45,Not_Target,Myosin_23
ebra20827.t1,Not_Target,Not_Target,Not_Target
ebra20828.t1,Not_Target,Not_Target,Not_Target
ebra20829.t1,Not_Target,Not_Target,Not_Target
ebra20830.t1,Not_Target,Not_Target,Not_Target
ebra20831.t1,Not_Target,Not_Target,Not_Target
ebra20832.t1,Not_Target,Not_Target,Not_Target
ebra20833.t1,Not_Target,Not_Target,Not_Target
ebra20834.t1,Myosin_15,Myosin_37,Myosin_5
ebra20835.t1,Not_Target,Not_Target,Myosin_2
ebra20836.t1,Not_Target,Myosin_1,Not_Target
ebra20837.t1,Myosin_23,Myosin_1,Myosin_1
ebra20838.t1,Myosin_15,Myosin_22,Not_Target
ebra20839.t1,Not_Target,Not_Target,Not_Target
ebra20840.t1,Myosin_2,Not_Target,Not_Target
ebra20841.t1,Not_Target,Not_Target,Not_Target
ebra20842.t1,Not_Target,Not_Target,Not_Target
ebra20843.t1,Not_Target,Not_Target,Not_Target
ebra20844.t1,Not_Target,Myosin_1,Myosin_1
ebra145.t1,Not_Target,Not_Target,Not_Target
ebra146.t1,Myosin_51,Not_Target,Myosin_3
ebra147.t1,Not_Target,Not_Target,Not_Target
ebra148.t1,Not_Target,Not_Target,Not_Target
ebra149.t1,Not_Target,Not_Target,Not_Target
ebra150.t1,Myosin_1,Myosin_5,Myosin_5
ebra151.t1,Not_Target,Not_Target,Not_Target
ebra152.t1,Myosin_17,Not_Target,Myosin_17
ebra153.t1,Not_Target,Not_Target,Not_Target
ebra154.t1,Not_Target,Not_Target,Myosin_2
ebra155.t1,Not_Target,Not_Target,Not_Target
ebra156.t1,Not_Target,Not_Target,Not_Target
ebra157.t1,Not_Target,Not_Target,Not_Target
ebra158.t1,Not_Target,Not_Target,Not_Target
ebra159.t1,Not_Target,Not_Target,Not_Target
ebra160.t1,Myosin_15,Myosin_3,Myosin_5
ebra161.t1,Not_Target,Not_Target,Not_Target
ebra162.t1,Not_Target,Not_Target,Not_Target
ebra163.t1,Myosin_71,Myosin_10,Not_Target
ebra164.t1,Not_Target,Not_Target,Not_Target
ebra165.t1,Not_Target,Myosin_5,Not_Target
ebra166.t1,Not_Target,Not_Target,Not_Target
ebra167.t1,Not_Target,Myosin_5,Not_Target
ebra168.t1,Myosin_30,Myosin_25,Not_Target
ebra169.t1,Myosin_17,Myosin_3,Not_Target
ebra170.t1,Not_Target,Not_Target,Not_Target
ebra171.t1,Not_Target,Not_Target,Not_Target
ebra172.t1,Myosin_45,Not_Target,Myosin_71
ebra173.t1,Not_Target,Not_Target,Not_Target
ebra174.t1,Myosin_30,Not_Target,Not_Target
ebra175.t1,Myosin_17,Not_Target,Myosin_36
ebra176.t1,Not_Target,Myosin_1,Not_Target
ebra177.t1,Not_Target,Not_Target,Not_Target
ebra178.t1,Not_Target,Not_Target,Myosin_1
ebra179.t1,Myosin_5,Myosin_5,Myosin_5
ebra180.t1,Not_Target,Myosin_19,Myosin_51
ebra181.t1,Not_Target,Not_Target,Not_Target
ebra182.t1,Not_Target,Not_Target,Not_Target
ebra20013.t1,Myosin_2,Myosin_2,Myosin_2
ebra20014.t1,Not_Target,Not_Target,Myosin_8
ebra20015.t1,Not_Target,Not_Target,Not_Target
ebra20016.t1,Not_Target,Not_Target,Not_Target
ebra20017.t1,Not_Target,Myosin_1,Not_Target
ebra20018.t1,Myosin_5,Myosin_19,Myosin_37
ebra20019.t1,Not_Target,Not_Target,Not_Target
ebra20020.t1,Myosin_2,Myosin_2,Myosin_2
ebra20021.t1,Not_Target,Myosin_26,Not_Target
ebra20022.t1,Myosin_18,Myosin_18,Not_Target
ebra20023.t1,Myosin_15,Myosin_15,Myosin_17
ebra20024.t1,Not_Target,Not_Target,Not_Target
ebra20025.t1,Not_Target,Not_Target,Not_Target
ebra20026.t1,Not_Target,Not_Target,Not_Target
ebra20027.t1,Not_Target,Not_Target,Not_Target
ebra20028.t1,Myosin_2,Myosin_18,Not_Target
ebra20029.t1,Not_Target,Myosin_18,Myosin_20
ebra20030.t1,Not_Target,Not_Target,Not_Target
ebra20031.t1,Not_Target,Not_Target,Not_Target
ebra20032.t1,Not_Target,Not_Target,Not_Target
ebra20033.t1,Myosin_53,Not_Target,Myosin_57
ebra20034.t1,Not_Target,Not_Target,Not_Target
ebra20035.t1,Not_Target,Not_Target,Not_Target
ebra20036.t1,Not_Target,Not_Target,Not_Target
ebra20037.t1,Not_Target,Not_Target,Not_Target
ebra20038.t1,Not_Target,Not_Target,Myosin_19
ebra20039.t1,Not_Target,Not_Target,Not_Target
ebra20040.t1,Not_Target,Not_Target,Not_Target
ebra20041.t1,Not_Target,Not_Target,Not_Target
ebra20042.t1,Not_Target,Myosin_1,Not_Target
ebra20043.t1,Not_Target,Not_Target,Not_Target
ebra20044.t1,Not_Target,Not_Target,Not_Target
ebra20045.t1,Myosin_19,Myosin_17,Myosin_71
ebra20046.t1,Not_Target,Not_Target,Not_Target
ebra20047.t1,Myosin_45,Myosin_18,Not_Target
ebra20048.t1,Not_Target,Myosin_5,Not_Target
ebra8828.t1,Not_Target,Not_Target,Not_Target
ebra8829.t1,Not_Target,Not_Target,Myosin_5
ebra8830.t1,Not_Target,Not_Target,Not_Target
ebra8831.t1,Myosin_53,Not_Target,Myosin_3
ebra8832.t1,Not_Target,Not_Target,Myosin_3
ebra8833.t1,Myosin_26,Not_Target,Not_Target
ebra8834.t1,Myosin_2,Myosin_2,Not_Target
ebra8835.t1,Not_Target,Myosin_43,Myosin_51
ebra8836.t1,Not_Target,Not_Target,Not_Target
ebra8837.t1,Not_Target,Not_Target,Not_Target
ebra8838.t1,Not_Target,Not_Target,Not_Target
ebra8839.t1,Not_Target,Not_Target,Not_Target
ebra8840.t1,Not_Target,Not_Target,Not_Target
ebra8841.t1,Not_Target,Not_Target,Not_Target
ebra8842.t1,Myosin_9,Not_Target,Myosin_18
ebra8843.t1,Myosin_73,Myosin_28,Not_Target
ebra8844.t1,Not_Target,Not_Target,Myosin_1
ebra8845.t1,Not_Target,Not_Target,Not_Target
ebra8846.t1,Myosin_45,Myosin_69,Myosin_26
ebra8847.t1,Not_Target,Not_Target,Not_Target
ebra8848.t1,Not_Target,Myosin_26,Not_Target
ebra8849.t1,Not_Target,Myosin_27,Not_Target
ebra8850.t1,Not_Target,Not_Target,Not_Target
ebra8851.t1,Not_Target,Not_Target,Not_Target
ebra8852.t1,Not_Target,Not_Target,Not_Target
ebra8853.t1,Not_Target,Not_Target,Myosin_6
ebra8854.t1,Myosin_45,Myosin_5,Myosin_9
ebra8855.t1,Not_Target,Not_Target,Not_Target
ebra8856.t1,Not_Target,Not_Target,Myosin_40
ebra8857.t1,Myosin_17,Myosin_17,Myosin_14
ebra8858.t1,Myosin_45,Not_Target,Not_Target
ebra8859.t1,Not_Target,Myosin_18,Myosin_20
ebra8860.t1,Not_Target,Myosin_5,Not_Target
ebra8861.t1,Not_Target,Not_Target,Not_Target
ebra8862.t1,Myosin_17,Myosin_17,Not_Target
ebra8863.t1,Not_Target,Not_Target,Not_Target
ebra8864.t1,Myosin_26,Myosin_19,Not_Target
ebra8865.t1,Myosin_26,Myosin_18,Not_Target
ebra8866.t1,Not_Target,Not_Target,Not_Target
ebra8867.t1,Not_Target,Not_Target,Not_Target
ebra8868.t1,Not_Target,Myosin_1,Not_Target
ebra8869.t1,Not_Target,Not_Target,Myosin_19
ebra8870.t1,Not_Target,Not_Target,Not_Target
ebra8871.t1,Not_Target,Not_Target,Not_Target
ebra8872.t1,Not_Target,Not_Target,Not_Target
ebra8873.t1,Not_Target,Not_Target,Not_Target
ebra8874.t1,Not_Target,Not_Target,Not_Target
ebra17160.t1,Not_Target,Myosin_1,Not_Target
ebra17161.t1,Not_Target,Not_Target,Not_Target
ebra17162.t1,Not_Target,Not_Target,Not_Target
ebra17163.t1,Not_Target,Not_Target,Not_Target
ebra17164.t1,Not_Target,Not_Target,Not_Target
ebra17165.t1,Not_Target,Myosin_1,Not_Target
ebra17166.t1,Not_Target,Not_Target,Not_Target
ebra17167.t1,Not_Target,Not_Target,Not_Target
ebra17168.t1,Not_Target,Not_Target,Not_Target
ebra17169.t1,Not_Target,Not_Target,Not_Target
ebra17170.t1,Not_Target,Not_Target,Not_Target
ebra17171.t1,Not_Target,Not_Target,Not_Target
ebra17172.t1,Not_Target,Myosin_20,Not_Target
ebra17173.t1,Not_Target,Not_Target,Not_Target
ebra17174.t1,Not_Target,Not_Target,Myosin_1
ebra17175.t1,Myosin_17,Myosin_17,Not_Target
ebra17176.t1,Myosin_5,Not_Target,Myosin_5
ebra17177.t1,Not_Target,Myosin_3,Not_Target
ebra17178.t1,Not_Target,Not_Target,Not_Target
ebra17179.t1,Myosin_45,Not_Target,Myosin_1
ebra17180.t1,Not_Target,Not_Target,Myosin_20
ebra17181.t1,Not_Target,Not_Target,Not_Target
ebra17182.t1,Not_Target,Not_Target,Not_Target
ebra17183.t1,Not_Target,Not_Target,Not_Target
ebra17184.t1,Not_Target,Not_Target,Not_Target
ebra17185.t1,Not_Target,Not_Target,Not_Target
ebra17186.t1,Not_Target,Not_Target,Not_Target
ebra17187.t1,Myosin_45,Myosin_64,Not_Target
ebra17188.t1,Myosin_1,Myosin_1,Not_Target
ebra17189.t1,Myosin_1,Myosin_16,Myosin_63
ebra17190.t1,Not_Target,Not_Target,Not_Target
ebra17191.t1,Not_Target,Myosin_11,Not_Target
ebra17192.t1,Not_Target,Not_Target,Not_Target
ebra17193.t1,Not_Target,Not_Target,Not_Target
ebra17194.t1,Not_Target,Not_Target,Myosin_2
ebra17195.t1,Not_Target,Not_Target,Not_Target
ebra17196.t1,Not_Target,Myosin_26,Myosin_11
ebra17197.t1,Not_Target,Myosin_18,Not_Target
ebra17198.t1,Not_Target,Myosin_20,Not_Target
ebra5535.t1,Not_Target,Myosin_1,Not_Target
ebra5536.t1,Not_Target,Myosin_19,Not_Target
ebra5537.t1,Myosin_74,Myosin_74,Myosin_3
ebra5538.t1,Not_Target,Not_Target,Myosin_1
ebra5539.t1,Myosin_26,Myosin_74,Not_Target
ebra5540.t1,Myosin_6,Myosin_6,Not_Target
ebra5541.t1,Not_Target,Not_Target,Not_Target
ebra5542.t1,Myosin_74,Myosin_26,Myosin_3
ebra5543.t1,Not_Target,Not_Target,Not_Target
ebra5544.t1,Not_Target,Not_Target,Not_Target
ebra5545.t1,Not_Target,Myosin_19,Myosin_36
ebra5546.t1,Myosin_18,Not_Target,Not_Target
ebra5547.t1,Not_Target,Not_Target,Myosin_1
ebra5548.t1,Myosin_19,Myosin_25,Myosin_37
ebra5549.t1,Myosin_74,Not_Target,Not_Target
ebra5550.t1,Not_Target,Not_Target,Not_Target
ebra5551.t1,Myosin_15,Myosin_15,Myosin_15
ebra5552.t1,Myosin_20,Myosin_26,Not_Target
ebra5553.t1,Not_Target,Not_Target,Not_Target
ebra5554.t1,Not_Target,Not_Target,Not_Target
ebra5555.t1,Not_Target,Not_Target,Myosin_19
ebra5556.t1,Not_Target,Myosin_19,Not_Target
ebra5557.t1,Not_Target,Not_Target,Myosin_49
ebra5558.t1,Not_Target,Myosin_25,Not_Target
ebra5559.t1,Not_Target,Not_Target,Not_Target
ebra5560.t1,Not_Target,Not_Target,Not_Target
ebra6671.t1,Myosin_1,Myosin_15,Not_Target
ebra6672.t1,Myosin_45,Not_Target,Not_Target
ebra6673.t1,Not_Target,Myosin_19,Not_Target
ebra6674.t1,Not_Target,Not_Target,Myosin_20
ebra6675.t1,Not_Target,Not_Target,Not_Target
ebra6676.t1,Not_Target,Not_Target,Myosin_36
ebra6677.t1,Not_Target,Not_Target,Not_Target
ebra6678.t1,Not_Target,Not_Target,Not_Target
ebra6679.t1,Not_Target,Myosin_51,Myosin_51
ebra6680.t1,Myosin_17,Not_Target,Myosin_37
ebra6681.t1,Not_Target,Not_Target,Myosin_6
ebra6682.t1,Not_Target,Not_Target,Not_Target
ebra6683.t1,Not_Target,Not_Target,Myosin_1
ebra6684.t1,Not_Target,Not_Target,Not_Target
ebra6685.t1,Not_Target,Not_Target,Not_Target
ebra6686.t1,Not_Target,Not_Target,Not_Target
ebra6687.t1,Not_Target,Not_Target,Not_Target
ebra6688.t1,Not_Target,Myosin_11,Not_Target
ebra6689.t1,Not_Target,Not_Target,Not_Target
ebra6690.t1,Myosin_37,Myosin_37,Myosin_37
ebra6691.t1,Myosin_17,Not_Target,Myosin_20
ebra6692.t1,Myosin_17,Not_Target,Myosin_57
ebra6693.t1,Myosin_43,Not_Target,Myosin_53
ebra6694.t1,Not_Target,Myosin_57,Not_Target
ebra6695.t1,Myosin_45,Myosin_45,Myosin_45
ebra6696.t1,Not_Target,Not_Target,Not_Target
ebra6697.t1,Myosin_45,Not_Target,Not_Target
ebra6698.t1,Not_Target,Not_Target,Not_Target
ebra6699.t1,Not_Target,Not_Target,Not_Target
ebra6700.t1,Not_Target,Not_Target,Not_Target
ebra6701.t1,Not_Target,Myosin_18,Myosin_30
ebra6702.t1,Not_Target,Not_Target,Not_Target
ebra6703.t1,Not_Target,Myosin_5,Not_Target
ebra6704.t1,Myosin_1,Myosin_1,Not_Target
ebra6705.t1,Not_Target,Myosin_19,Not_Target
ebra2812.t1,Not_Target,Not_Target,Not_Target
ebra2813.t1,Not_Target,Not_Target,Not_Target
ebra2814.t1,Not_Target,Not_Target,Not_Target
ebra2815.t1,Not_Target,Not_Target,Not_Target
ebra2816.t1,Myosin_18,Not_Target,Myosin_23
ebra2817.t1,Myosin_57,Myosin_57,Myosin_51
ebra2818.t1,Myosin_2,Not_Target,Myosin_2
ebra2819.t1,Not_Target,Not_Target,Not_Target
ebra2820.t1,Not_Target,Myosin_29,Not_Target
ebra2821.t1,Not_Target,Not_Target,Not_Target
ebra2822.t1,Not_Target,Not_Target,Not_Target
ebra2823.t1,Myosin_36,Not_Target,Not_Target
ebra2824.t1,Not_Target,Not_Target,Not_Target
ebra2825.t1,Not_Target,Myosin_45,Not_Target
ebra2826.t1,Not_Target,Not_Target,Not_Target
ebra2827.t1,Not_Target,Myosin_1,Myosin_36
ebra2828.t1,Not_Target,Not_Target,Not_Target
ebra2829.t1,Not_Target,Not_Target,Not_Target
ebra2830.t1,Not_Target,Not_Target,Not_Target
ebra2831.t1,Myosin_45,Myosin_45,Myosin_16
ebra2832.t1,Not_Target,Not_Target,Not_Target
ebra2833.t1,Not_Target,Not_Target,Myosin_5
ebra2834.t1,Not_Target,Not_Target,Not_Target
ebra2835.t1,Not_Target,Not_Target,Not_Target
ebra2836.t1,Not_Target,Not_Target,Not_Target
ebra2837.t1,Not_Target,Not_Target,Not_Target
ebra2838.t1,Not_Target,Not_Target,Not_Target
ebra2839.t1,Not_Target,Not_Target,Not_Target
ebra2840.t1,Myosin_45,Myosin_45,Not_Target
ebra2841.t1,Not_Target,Not_Target,Not_Target
ebra2842.t1,Not_Target,Not_Target,Not_Target
ebra2843.t1,Not_Target,Not_Target,Not_Target
ebra2844.t1,Not_Target,Not_Target,Not_Target
ebra16933.t1,Myosin_19,Not_Target,Not_Target
ebra16934.t1,Not_Target,Not_Target,Not_Target
ebra16935.t1,Not_Target,Not_Target,Not_Target
ebra16936.t1,Not_Target,Not_Target,Not_Target
ebra16937.t1,Not_Target,Not_Target,Not_Target
ebra16938.t1,Not_Target,Myosin_1,Not_Target
ebra16939.t1,Not_Target,Not_Target,Not_Target
ebra16940.t1,Not_Target,Not_Target,Not_Target
ebra16941.t1,Not_Target,Myosin_18,Not_Target
ebra16942.t1,Not_Target,Not_Target,Not_Target
ebra16943.t1,Myosin_1,Not_Target,Not_Target
ebra16944.t1,Myosin_17,Myosin_36,Myosin_8
ebra16945.t1,Not_Target,Not_Target,Not_Target
ebra16946.t1,Myosin_17,Not_Target,Myosin_5
ebra16947.t1,Not_Target,Not_Target,Not_Target
ebra16948.t1,Not_Target,Not_Target,Not_Target
ebra16949.t1,Not_Target,Myosin_1,Not_Target
ebra16950.t1,Not_Target,Not_Target,Not_Target
ebra16951.t1,Not_Target,Not_Target,Not_Target
ebra16952.t1,Myosin_15,Not_Target,Myosin_1
ebra16953.t1,Not_Target,Not_Target,Not_Target
ebra16954.t1,Not_Target,Myosin_2,Not_Target
ebra16955.t1,Not_Target,Not_Target,Myosin_57
ebra16956.t1,Not_Target,Not_Target,Myosin_4
ebra16957.t1,Not_Target,Not_Target,Not_Target
ebra16958.t1,Not_Target,Not_Target,Not_Target
ebra16959.t1,Not_Target,Myosin_6,Not_Target
ebra16960.t1,Not_Target,Myosin_19,Not_Target
ebra16961.t1,Not_Target,Not_Target,Not_Target
ebra16962.t1,Myosin_18,Not_Target,Not_Target
ebra16963.t1,Not_Target,Not_Target,Myosin_3
ebra16964.t1,Not_Target,Myosin_18,Not_Target
ebra16965.t1,Myosin_31,Not_Target,Not_Target
ebra16966.t1,Not_Target,Myosin_66,Not_Target
ebra10944.t1,Not_Target,Not_Target,Not_Target
ebra10945.t1,Not_Target,Not_Target,Not_Target
ebra10946.t1,Not_Target,Not_Target,Not_Target
ebra10947.t1,Not_Target,Not_Target,Not_Target
ebra10948.t1,Myosin_57,Not_Target,Myosin_1
ebra10949.t1,Myosin_18,Myosin_18,Not_Target
ebra10950.t1,Not_Target,Not_Target,Not_Target
ebra10951.t1,Not_Target,Not_Target,Not_Target
ebra10952.t1,Not_Target,Not_Target,Not_Target
ebra10953.t1,Not_Target,Myosin_26,Myosin_64
ebra10954.t1,Not_Target,Not_Target,Not_Target
ebra10955.t1,Myosin_36,Not_Target,Myosin_76
ebra10956.t1,Myosin_45,Not_Target,Myosin_8
ebra10957.t1,Not_Target,Not_Target,Not_Target
ebra10958.t1,Myosin_37,Myosin_37,Not_Target
ebra10959.t1,Not_Target,Not_Target,Not_Target
ebra10960.t1,Not_Target,Not_Target,Not_Target
ebra10961.t1,Not_Target,Myosin_57,Myosin_19
ebra10962.t1,Not_Target,Not_Target,Not_Target
ebra10963.t1,Not_Target,Not_Target,Not_Target
ebra10964.t1,Not_Target,Not_Target,Myosin_16
ebra10965.t1,Myosin_22,Not_Target,Myosin_3
ebra10966.t1,Not_Target,Not_Target,Not_Target
ebra10967.t1,Myosin_37,Not_Target,Not_Target
ebra10968.t1,Not_Target,Not_Target,Not_Target
ebra10969.t1,Not_Target,Not_Target,Not_Target
ebra10970.t1,Not_Target,Not_Target,Not_Target
ebra10971.t1,Not_Target,Not_Target,Not_Target
ebra10972.t1,Not_Target,Not_Target,Myosin_59
ebra10973.t1,Not_Target,Not_Target,Not_Target
ebra10974.t1,Myosin_1,Myosin_1,Not_Target
ebra10975.t1,Not_Target,Not_Target,Not_Target
ebra10976.t1,Myosin_15,Myosin_15,Myosin_36
ebra10977.t1,Not_Target,Not_Target,Not_Target
ebra10978.t1,Not_Target,Not_Target,Not_Target
ebra10979.t1,Not_Target,Not_Target,Not_Target
ebra10980.t1,Not_Target,Not_Target,Not_Target
ebra13380.t1,Not_Target,Not_Target,Not_Target
ebra13381.t1,Not_Target,Not_Target,Not_Target
ebra13382.t1,Not_Target,Not_Target,Not_Target
ebra13383.t1,Not_Target,Not_Target,Not_Target
ebra13384.t1,Not_Target,Myosin_28,Not_Target
ebra13385.t1,Not_Target,Not_Target,Myosin_3
ebra13386.t1,Not_Target,Myosin_26,Not_Target
ebra13387.t1,Not_Target,Not_Target,Not_Target
ebra13388.t1,Not_Target,Myosin_5,Not_Target
ebra13389.t1,Not_Target,Not_Target,Myosin_20
ebra13390.t1,Not_Target,Myosin_5,Myosin_53
ebra13391.t1,Not_Target,Not_Target,Myosin_19
ebra13392.t1,Myosin_3,Not_Target,Myosin_3
ebra13393.t1,Myosin_57,Myosin_57,Myosin_5
ebra13394.t1,Not_Target,Not_Target,Not_Target
ebra13395.t1,Not_Target,Not_Target,Not_Target
ebra13396.t1,Not_Target,Not_Target,Not_Target
ebra13397.t1,Not_Target,Not_Target,Not_Target
ebra13398.t1,Not_Target,Not_Target,Myosin_20
ebra13399.t1,Myosin_7,Myosin_7,Myosin_5
ebra13400.t1,Not_Target,Not_Target,Myosin_3
ebra13401.t1,Myosin_4,Myosin_1,Not_Target
ebra13402.t1,Not_Target,Not_Target,Myosin_57
ebra13403.t1,Myosin_23,Myosin_2,Not_Target
ebra13404.t1,Not_Target,Myosin_43,Not_Target
ebra13405.t1,Not_Target,Not_Target,Not_Target
ebra13406.t1,Not_Target,Not_Target,Not_Target
ebra13407.t1,Not_Target,Not_Target,Not_Target
ebra13408.t1,Myosin_18,Myosin_6,Myosin_22
ebra13409.t1,Not_Target,Myosin_15,Myosin_1
ebra13410.t1,Not_Target,Not_Target,Not_Target
ebra18720.t1,Myosin_45,Not_Target,Not_Target
ebra18721.t1,Myosin_2,Not_Target,Not_Target
ebra18722.t1,Not_Target,Not_Target,Not_Target
ebra18723.t1,Not_Target,Not_Target,Not_Target
ebra18724.t1,Not_Target,Not_Target,Not_Target
ebra18725.t1,Not_Target,Not_Target,Not_Target
ebra18726.t1,Not_Target,Not_Target,Not_Target
ebra18727.t1,Not_Target,Myosin_18,Not_Target
ebra18728.t1,Not_Target,Not_Target,Not_Target
ebra18729.t1,Not_Target,Not_Target,Myosin_16
ebra18730.t1,Not_Target,Not_Target,Not_Target
ebra18731.t1,Myosin_17,Myosin_17,Myosin_17
ebra18732.t1,Myosin_23,Myosin_17,Myosin_22
ebra18733.t1,Myosin_1,Myosin_1,Myosin_1
ebra18734.t1,Not_Target,Myosin_3,Myosin_57
ebra18735.t1,Myosin_18,Not_Target,Myosin_34
ebra18736.t1,Myosin_45,Myosin_5,Myosin_9
ebra18737.t1,Myosin_45,Not_Target,Myosin_15
ebra18738.t1,Not_Target,Myosin_26,Myosin_51
ebra18739.t1,Not_Target,Myosin_28,Myosin_6
ebra18740.t1,Not_Target,Not_Target,Not_Target
ebra18741.t1,Not_Target,Myosin_17,Not_Target
ebra2150.t1,Not_Target,Myosin_11,Not_Target
ebra2151.t1,Myosin_37,Myosin_37,Not_Target
ebra2152.t1,Myosin_19,Myosin_19,Not_Target
ebra2153.t1,Not_Target,Not_Target,Not_Target
ebra2154.t1,Not_Target,Not_Target,Not_Target
ebra2155.t1,Myosin_19,Myosin_19,Not_Target
ebra2156.t1,Myosin_37,Myosin_37,Not_Target
ebra2157.t1,Not_Target,Not_Target,Not_Target
ebra2158.t1,Not_Target,Not_Target,Not_Target
ebra2159.t1,Myosin_37,Myosin_37,Not_Target
ebra2160.t1,Not_Target,Not_Target,Not_Target
ebra2161.t1,Myosin_15,Myosin_6,Myosin_3
ebra2162.t1,Myosin_6,Myosin_6,Not_Target
ebra2163.t1,Not_Target,Not_Target,Not_Target
ebra2164.t1,Not_Target,Not_Target,Not_Target
ebra2165.t1,Myosin_36,Not_Target,Myosin_36
ebra2166.t1,Not_Target,Not_Target,Not_Target
ebra2167.t1,Not_Target,Not_Target,Not_Target
ebra2168.t1,Not_Target,Myosin_5,Not_Target
ebra2169.t1,Myosin_31,Not_Target,Not_Target
ebra2170.t1,Not_Target,Not_Target,Myosin_36
ebra2171.t1,Myosin_1,Myosin_1,Myosin_1
ebra2172.t1,Not_Target,Not_Target,Myosin_2
ebra2173.t1,Myosin_4,Myosin_22,Not_Target
ebra2174.t1,Not_Target,Myosin_51,Not_Target
ebra2175.t1,Not_Target,Myosin_5,Not_Target
ebra2176.t1,Not_Target,Myosin_17,Myosin_20
ebra2177.t1,Myosin_31,Myosin_19,Not_Target
ebra2178.t1,Not_Target,Not_Target,Myosin_20
ebra2179.t1,Myosin_17,Not_Target,Myosin_36
ebra2180.t1,Not_Target,Not_Target,Not_Target
ebra2181.t1,Not_Target,Not_Target,Not_Target
ebra2182.t1,Not_Target,Not_Target,Not_Target
ebra2183.t1,Myosin_1,Myosin_4,Not_Target
ebra2184.t1,Myosin_3,Myosin_3,Myosin_16
ebra2185.t1,Not_Target,Myosin_19,Not_Target
ebra2186.t1,Myosin_17,Myosin_25,Myosin_3
ebra2187.t1,Not_Target,Not_Target,Not_Target
ebra9217.t1,Not_Target,Myosin_5,Not_Target
ebra9218.t1,Myosin_45,Not_Target,Not_Target
ebra9219.t1,Myosin_1,Myosin_1,Myosin_1
ebra9220.t1,Myosin_30,Not_Target,Myosin_16
ebra9221.t1,Myosin_1,Myosin_1,Not_Target
ebra9222.t1,Not_Target,Myosin_2,Not_Target
ebra9223.t1,Myosin_26,Not_Target,Not_Target
ebra9224.t1,Not_Target,Not_Target,Not_Target
ebra9225.t1,Not_Target,Not_Target,Not_Target
ebra9226.t1,Not_Target,Not_Target,Not_Target
ebra9227.t1,Not_Target,Myosin_1,Not_Target
ebra9228.t1,Not_Target,Not_Target,Not_Target
ebra9229.t1,Not_Target,Not_Target,Not_Target
ebra9230.t1,Not_Target,Myosin_24,Not_Target
ebra9231.t1,Not_Target,Not_Target,Not_Target
ebra9232.t1,Not_Target,Not_Target,Not_Target
ebra9233.t1,Myosin_1,Myosin_1,Myosin_1
ebra9234.t1,Myosin_19,Not_Target,Myosin_3
ebra9235.t1,Not_Target,Not_Target,Not_Target
ebra9236.t1,Not_Target,Not_Target,Not_Target
ebra9237.t1,Not_Target,Not_Target,Not_Target
ebra9238.t1,Not_Target,Myosin_57,Not_Target
ebra9239.t1,Not_Target,Myosin_57,Not_Target
ebra9240.t1,Not_Target,Myosin_24,Myosin_5
ebra9241.t1,Not_Target,Not_Target,Not_Target
ebra9242.t1,Not_Target,Not_Target,Not_Target
ebra9243.t1,Not_Target,Not_Target,Not_Target
ebra9244.t1,Not_Target,Not_Target,Not_Target
ebra9245.t1,Not_Target,Not_Target,Not_Target
ebra9246.t1,Not_Target,Not_Target,Myosin_1
ebra9247.t1,Not_Target,Not_Target,Not_Target
ebra9248.t1,Myosin_16,Myosin_74,Myosin_5
ebra9249.t1,Myosin_15,Myosin_15,Myosin_22
ebra7460.t1,Not_Target,Not_Target,Not_Target
ebra7461.t1,Not_Target,Not_Target,Myosin_19
ebra7462.t1,Not_Target,Myosin_10,Not_Target
ebra7463.t1,Myosin_8,Myosin_6,Not_Target
ebra7464.t1,Not_Target,Myosin_2,Not_Target
ebra7465.t1,Not_Target,Not_Target,Not_Target
ebra7466.t1,Myosin_20,Not_Target,Not_Target
ebra7467.t1,Not_Target,Not_Target,Not_Target
ebra7468.t1,Not_Target,Not_Target,Not_Target
ebra7469.t1,Myosin_26,Myosin_18,Not_Target
ebra7470.t1,Not_Target,Not_Target,Not_Target
ebra7471.t1,Myosin_9,Myosin_22,Myosin_5
ebra7472.t1,Not_Target,Not_Target,Not_Target
ebra7473.t1,Myosin_45,Myosin_74,Myosin_5
ebra7474.t1,Not_Target,Not_Target,Not_Target
ebra7475.t1,Myosin_30,Myosin_17,Myosin_30
ebra7476.t1,Not_Target,Myosin_1,Not_Target
ebra7477.t1,Not_Target,Not_Target,Not_Target
ebra7478.t1,Myosin_16,Not_Target,Myosin_16
ebra7479.t1,Not_Target,Not_Target,Not_Target
ebra7480.t1,Not_Target,Not_Target,Not_Target
ebra7481.t1,Not_Target,Not_Target,Not_Target
ebra7482.t1,Not_Target,Not_Target,Not_Target
ebra7483.t1,Not_Target,Myosin_28,Not_Target
ebra7484.t1,Myosin_19,Not_Target,Not_Target
ebra7485.t1,Not_Target,Not_Target,Not_Target
ebra7486.t1,Not_Target,Not_Target,Not_Target
ebra7487.t1,Not_Target,Not_Target,Not_Target
ebra7488.t1,Not_Target,Not_Target,Not_Target
ebra7489.t1,Myosin_19,Not_Target,Not_Target
ebra7490.t1,Myosin_31,Myosin_1,Not_Target
ebra7491.t1,Myosin_37,Not_Target,Myosin_5
ebra7492.t1,Myosin_27,Not_Target,Not_Target
ebra7493.t1,Myosin_16,Myosin_74,Myosin_18
ebra7494.t1,Not_Target,Not_Target,Not_Target
ebra7495.t1,Not_Target,Not_Target,Myosin_1
ebra2648.t1,Myosin_6,Myosin_6,Not_Target
ebra2649.t1,Not_Target,Not_Target,Not_Target
ebra2650.t1,Not_Target,Myosin_18,Not_Target
ebra2651.t1,Not_Target,Not_Target,Not_Target
ebra2652.t1,Not_Target,Not_Target,Not_Target
ebra2653.t1,Myosin_53,Myosin_26,Myosin_22
ebra2654.t1,Not_Target,Not_Target,Not_Target
ebra2655.t1,Not_Target,Not_Target,Not_Target
ebra2656.t1,Not_Target,Not_Target,Not_Target
ebra2657.t1,Not_Target,Not_Target,Not_Target
ebra2658.t1,Not_Target,Not_Target,Not_Target
ebra2659.t1,Myosin_18,Myosin_18,Myosin_31
ebra2660.t1,Not_Target,Not_Target,Not_Target
ebra2661.t1,Myosin_26,Not_Target,Myosin_31
ebra2662.t1,Not_Target,Not_Target,Not_Target
ebra2663.t1,Myosin_2,Not_Target,Not_Target
ebra2664.t1,Not_Target,Not_Target,Not_Target
ebra2665.t1,Not_Target,Myosin_1,Not_Target
ebra2666.t1,Not_Target,Not_Target,Not_Target
ebra2667.t1,Not_Target,Not_Target,Not_Target
ebra2668.t1,Myosin_2,Myosin_2,Myosin_19
ebra2669.t1,Not_Target,Not_Target,Myosin_51
ebra2670.t1,Not_Target,Not_Target,Not_Target
ebra2671.t1,Not_Target,Not_Target,Not_Target
ebra2672.t1,Not_Target,Not_Target,Not_Target
ebra2673.t1,Not_Target,Not_Target,Not_Target
ebra2674.t1,Not_Target,Not_Target,Not_Target
ebra2675.t1,Not_Target,Not_Target,Not_Target
ebra2676.t1,Not_Target,Not_Target,Not_Target
ebra19631.t1,Not_Target,Not_Target,Not_Target
ebra19632.t1,Myosin_74,Not_Target,Myosin_5
ebra19633.t1,Not_Target,Not_Target,Not_Target
ebra19634.t1,Not_Target,Not_Target,Not_Target
ebra19635.t1,Not_Target,Not_Target,Not_Target
ebra19636.t1,Not_Target,Not_Target,Not_Target
ebra19637.t1,Not_Target,Myosin_15,Not_Target
ebra19638.t1,Not_Target,Not_Target,Myosin_19
ebra19639.t1,Myosin_3,Not_Target,Not_Target
ebra19640.t1,Myosin_15,Not_Target,Myosin_4
ebra19641.t1,Myosin_11,Not_Target,Not_Target
ebra19642.t1,Not_Target,Not_Target,Not_Target
ebra19643.t1,Not_Target,Myosin_57,Myosin_57
ebra19644.t1,Not_Target,Not_Target,Not_Target
ebra19645.t1,Not_Target,Not_Target,Not_Target
ebra19646.t1,Myosin_37,Myosin_37,Not_Target
ebra19647.t1,Not_Target,Not_Target,Not_Target
ebra19648.t1,Not_Target,Not_Target,Not_Target
ebra19649.t1,Myosin_17,Myosin_17,Myosin_1
ebra19650.t1,Not_Target,Not_Target,Not_Target
ebra19651.t1,Myosin_22,Not_Target,Myosin_15
ebra19652.t1,Myosin_36,Myosin_69,Myosin_15
ebra19653.t1,Myosin_19,Not_Target,Myosin_19
ebra19654.t1,Not_Target,Not_Target,Not_Target
ebra11046.t1,Not_Target,Not_Target,Not_Target
ebra11047.t1,Not_Target,Not_Target,Not_Target
ebra11048.t1,Not_Target,Not_Target,Not_Target
ebra11049.t1,Not_Target,Not_Target,Myosin_3
ebra11050.t1,Myosin_5,Myosin_11,Not_Target
ebra11051.t1,Myosin_17,Myosin_17,Myosin_17
ebra11052.t1,Not_Target,Not_Target,Not_Target
ebra11053.t1,Not_Target,Not_Target,Not_Target
ebra11054.t1,Not_Target,Myosin_1,Not_Target
ebra11055.t1,Not_Target,Not_Target,Not_Target
ebra11056.t1,Myosin_30,Not_Target,Myosin_20
ebra11057.t1,Not_Target,Not_Target,Not_Target
ebra11058.t1,Myosin_1,Myosin_1,Not_Target
ebra11059.t1,Not_Target,Not_Target,Not_Target
ebra11060.t1,Not_Target,Not_Target,Not_Target
ebra11061.t1,Not_Target,Not_Target,Not_Target
ebra11062.t1,Not_Target,Not_Target,Not_Target
ebra11063.t1,Not_Target,Myosin_57,Not_Target
ebra11064.t1,Not_Target,Myosin_30,Myosin_4
ebra11065.t1,Not_Target,Not_Target,Not_Target
ebra11066.t1,Not_Target,Not_Target,Not_Target
ebra11067.t1,Not_Target,Not_Target,Myosin_72
ebra11068.t1,Not_Target,Not_Target,Not_Target
ebra11069.t1,Myosin_18,Myosin_54,Myosin_2
ebra11070.t1,Not_Target,Not_Target,Not_Target
ebra11071.t1,Myosin_64,Not_Target,Not_Target
ebra11072.t1,Not_Target,Not_Target,Not_Target
ebra11073.t1,Not_Target,Not_Target,Not_Target
ebra11074.t1,Myosin_5,Myosin_5,Not_Target
ebra11075.t1,Myosin_15,Myosin_15,Myosin_15
ebra11076.t1,Not_Target,Not_Target,Not_Target
ebra11077.t1,Not_Target,Not_Target,Not_Target
ebra11078.t1,Not_Target,Not_Target,Not_Target
ebra11079.t1,Not_Target,Myosin_16,Not_Target
ebra11080.t1,Myosin_17,Not_Target,Not_Target
ebra11081.t1,Not_Target,Not_Target,Not_Target
ebra10895.t1,Not_Target,Not_Target,Not_Target
ebra10896.t1,Not_Target,Not_Target,Myosin_51
ebra10897.t1,Not_Target,Not_Target,Not_Target
ebra10898.t1,Myosin_45,Not_Target,Myosin_30
ebra10899.t1,Not_Target,Not_Target,Not_Target
ebra10900.t1,Not_Target,Not_Target,Not_Target
ebra10901.t1,Myosin_36,Myosin_17,Myosin_9
ebra10902.t1,Not_Target,Not_Target,Not_Target
ebra10903.t1,Myosin_30,Myosin_5,Myosin_24
ebra10904.t1,Not_Target,Not_Target,Not_Target
ebra10905.t1,Not_Target,Myosin_26,Not_Target
ebra10906.t1,Not_Target,Not_Target,Not_Target
ebra10907.t1,Not_Target,Not_Target,Not_Target
ebra10908.t1,Not_Target,Not_Target,Not_Target
ebra10909.t1,Myosin_9,Myosin_9,Myosin_1
ebra10910.t1,Not_Target,Myosin_57,Not_Target
ebra10911.t1,Not_Target,Not_Target,Not_Target
ebra10912.t1,Not_Target,Not_Target,Not_Target
ebra10913.t1,Myosin_2,Not_Target,Not_Target
ebra10914.t1,Myosin_15,Not_Target,Not_Target
ebra10915.t1,Not_Target,Not_Target,Not_Target
ebra10916.t1,Not_Target,Not_Target,Not_Target
ebra10917.t1,Not_Target,Not_Target,Not_Target
ebra10918.t1,Not_Target,Not_Target,Not_Target
ebra10919.t1,Not_Target,Not_Target,Not_Target
ebra10920.t1,Not_Target,Not_Target,Myosin_43
ebra4509.t1,Not_Target,Not_Target,Not_Target
ebra4510.t1,Not_Target,Not_Target,Not_Target
ebra4511.t1,Not_Target,Not_Target,Myosin_2
ebra4512.t1,Myosin_2,Not_Target,Not_Target
ebra4513.t1,Not_Target,Not_Target,Not_Target
ebra4514.t1,Not_Target,Not_Target,Myosin_3
ebra4515.t1,Not_Target,Not_Target,Not_Target
ebra4516.t1,Not_Target,Not_Target,Not_Target
ebra4517.t1,Not_Target,Not_Target,Not_Target
ebra4518.t1,Not_Target,Myosin_18,Myosin_10
ebra4519.t1,Myosin_45,Myosin_64,Myosin_9
ebra4520.t1,Not_Target,Not_Target,Not_Target
ebra4521.t1,Not_Target,Not_Target,Not_Target
ebra4522.t1,Not_Target,Myosin_6,Not_Target
ebra4523.t1,Not_Target,Not_Target,Not_Target
ebra4524.t1,Not_Target,Not_Target,Not_Target
ebra4525.t1,Not_Target,Not_Target,Not_Target
ebra4526.t1,Myosin_18,Not_Target,Not_Target
ebra4527.t1,Myosin_45,Myosin_16,Not_Target
ebra4528.t1,Myosin_45,Myosin_26,Not_Target
ebra4529.t1,Not_Target,Not_Target,Not_Target
ebra4530.t1,Not_Target,Not_Target,Not_Target
ebra4531.t1,Myosin_1,Myosin_1,Not_Target
ebra4532.t1,Not_Target,Not_Target,Not_Target
ebra4533.t1,Not_Target,Not_Target,Not_Target
ebra4534.t1,Myosin_19,Not_Target,Not_Target
ebra4535.t1,Not_Target,Not_Target,Myosin_20
ebra4536.t1,Myosin_45,Myosin_26,Myosin_26
ebra4537.t1,Not_Target,Not_Target,Not_Target
ebra4538.t1,Not_Target,Myosin_29,Not_Target
ebra4539.t1,Not_Target,Myosin_66,Myosin_1
ebra19018.t1,Myosin_15,Myosin_7,Myosin_68
ebra19019.t1,Myosin_57,Myosin_57,Not_Target
ebra19020.t1,Not_Target,Not_Target,Not_Target
ebra19021.t1,Myosin_1,Myosin_1,Myosin_1
ebra19022.t1,Not_Target,Not_Target,Myosin_20
ebra19023.t1,Not_Target,Not_Target,Not_Target
ebra19024.t1,Myosin_1,Myosin_1,Myosin_1
ebra19025.t1,Not_Target,Not_Target,Not_Target
ebra19026.t1,Not_Target,Myosin_19,Not_Target
ebra19027.t1,Not_Target,Not_Target,Not_Target
ebra19028.t1,Not_Target,Not_Target,Myosin_5
ebra19029.t1,Myosin_17,Myosin_19,Myosin_40
ebra19030.t1,Myosin_19,Not_Target,Myosin_3
ebra19031.t1,Not_Target,Not_Target,Not_Target
ebra19032.t1,Not_Target,Not_Target,Not_Target
ebra19033.t1,Not_Target,Myosin_17,Not_Target
ebra19034.t1,Not_Target,Not_Target,Not_Target
ebra19035.t1,Not_Target,Not_Target,Not_Target
ebra19036.t1,Myosin_1,Myosin_1,Myosin_14
ebra19037.t1,Not_Target,Not_Target,Not_Target
ebra19038.t1,Not_Target,Myosin_57,Not_Target
ebra19039.t1,Not_Target,Myosin_28,Not_Target
ebra19040.t1,Not_Target,Myosin_11,Not_Target
ebra19041.t1,Not_Target,Not_Target,Not_Target
ebra19042.t1,Not_Target,Not_Target,Not_Target
ebra19043.t1,Myosin_1,Not_Target,Myosin_20
ebra19044.t1,Not_Target,Not_Target,Not_Target
ebra19045.t1,Not_Target,Not_Target,Not_Target
ebra19046.t1,Not_Target,Not_Target,Not_Target
ebra19047.t1,Myosin_17,Myosin_17,Myosin_81
ebra19048.t1,Not_Target,Not_Target,Myosin_48
ebra19049.t1,Not_Target,Myosin_1,Not_Target
ebra19050.t1,Myosin_51,Not_Target,Myosin_23
ebra19051.t1,Not_Target,Not_Target,Not_Target
ebra19052.t1,Not_Target,Not_Target,Not_Target
ebra19053.t1,Not_Target,Not_Target,Not_Target
ebra21373.t1,Not_Target,Not_Target,Not_Target
ebra21374.t1,Not_Target,Myosin_5,Not_Target
ebra21375.t1,Not_Target,Not_Target,Not_Target
ebra21376.t1,Not_Target,Myosin_5,Not_Target
ebra21377.t1,Not_Target,Myosin_26,Myosin_1
ebra21378.t1,Not_Target,Not_Target,Myosin_2
ebra21379.t1,Not_Target,Not_Target,Myosin_24
ebra21380.t1,Not_Target,Not_Target,Not_Target
ebra21381.t1,Not_Target,Myosin_3,Myosin_5
ebra21382.t1,Not_Target,Not_Target,Not_Target
ebra21383.t1,Not_Target,Myosin_18,Not_Target
ebra21384.t1,Not_Target,Not_Target,Not_Target
ebra21385.t1,Not_Target,Not_Target,Not_Target
ebra21386.t1,Not_Target,Not_Target,Not_Target
ebra21387.t1,Not_Target,Not_Target,Myosin_20
ebra21388.t1,Not_Target,Myosin_6,Not_Target
ebra21389.t1,Not_Target,Not_Target,Myosin_25
ebra21390.t1,Not_Target,Myosin_18,Not_Target
ebra21391.t1,Not_Target,Myosin_2,Not_Target
ebra21392.t1,Not_Target,Not_Target,Not_Target
ebra21393.t1,Not_Target,Not_Target,Not_Target
ebra21394.t1,Not_Target,Myosin_17,Not_Target
ebra21395.t1,Not_Target,Not_Target,Myosin_73
ebra21396.t1,Not_Target,Not_Target,Not_Target
ebra21397.t1,Not_Target,Not_Target,Not_Target
ebra21398.t1,Not_Target,Not_Target,Not_Target
ebra21399.t1,Myosin_19,Myosin_19,Not_Target
ebra21400.t1,Myosin_45,Not_Target,Myosin_18
ebra21401.t1,Myosin_19,Myosin_1,Myosin_19
ebra21402.t1,Not_Target,Myosin_57,Myosin_18
ebra3243.t1,Not_Target,Not_Target,Myosin_57
ebra3244.t1,Not_Target,Not_Target,Myosin_20
ebra3245.t1,Not_Target,Not_Target,Not_Target
ebra3246.t1,Not_Target,Not_Target,Not_Target
ebra3247.t1,Not_Target,Not_Target,Not_Target
ebra3248.t1,Not_Target,Not_Target,Not_Target
ebra3249.t1,Not_Target,Not_Target,Not_Target
ebra3250.t1,Not_Target,Not_Target,Not_Target
ebra3251.t1,Myosin_45,Myosin_16,Myosin_20
ebra3252.t1,Not_Target,Not_Target,Not_Target
ebra3253.t1,Not_Target,Not_Target,Not_Target
ebra3254.t1,Not_Target,Not_Target,Not_Target
ebra3255.t1,Myosin_45,Myosin_45,Myosin_3
ebra3256.t1,Not_Target,Not_Target,Not_Target
ebra3257.t1,Not_Target,Not_Target,Not_Target
ebra3258.t1,Myosin_26,Myosin_5,Myosin_5
ebra3259.t1,Not_Target,Not_Target,Myosin_24
ebra3260.t1,Not_Target,Not_Target,Myosin_2
ebra3261.t1,Not_Target,Myosin_19,Not_Target
ebra3262.t1,Myosin_45,Not_Target,Myosin_8
ebra3263.t1,Not_Target,Not_Target,Not_Target
ebra3264.t1,Not_Target,Myosin_5,Not_Target
ebra3265.t1,Not_Target,Not_Target,Not_Target
ebra3266.t1,Not_Target,Not_Target,Not_Target
ebra3267.t1,Not_Target,Myosin_57,Not_Target
ebra19077.t1,Not_Target,Not_Target,Not_Target
ebra19078.t1,Not_Target,Myosin_19,Not_Target
ebra19079.t1,Not_Target,Not_Target,Not_Target
ebra19080.t1,Myosin_37,Myosin_81,Not_Target
ebra19081.t1,Myosin_19,Not_Target,Not_Target
ebra19082.t1,Myosin_45,Myosin_3,Myosin_31
ebra19083.t1,Not_Target,Not_Target,Not_Target
ebra19084.t1,Not_Target,Myosin_20,Not_Target
ebra19085.t1,Myosin_5,Myosin_3,Myosin_16
ebra19086.t1,Not_Target,Not_Target,Not_Target
ebra19087.t1,Myosin_45,Not_Target,Myosin_1
ebra19088.t1,Not_Target,Not_Target,Not_Target
ebra19089.t1,Not_Target,Not_Target,Not_Target
ebra19090.t1,Not_Target,Not_Target,Not_Target
ebra19091.t1,Not_Target,Not_Target,Not_Target
ebra19092.t1,Not_Target,Not_Target,Not_Target
ebra19093.t1,Not_Target,Not_Target,Not_Target
ebra19094.t1,Not_Target,Not_Target,Not_Target
ebra19095.t1,Myosin_3,Myosin_3,Myosin_9
ebra19096.t1,Not_Target,Not_Target,Myosin_20
ebra19097.t1,Not_Target,Not_Target,Myosin_17
ebra19098.t1,Not_Target,Myosin_3,Myosin_1
ebra19099.t1,Not_Target,Not_Target,Not_Target
ebra19100.t1,Myosin_24,Myosin_45,Not_Target
ebra19101.t1,Not_Target,Myosin_5,Myosin_20
ebra19102.t1,Not_Target,Myosin_5,Not_Target
ebra21265.t1,Not_Target,Myosin_1,Not_Target
ebra21266.t1,Not_Target,Not_Target,Not_Target
ebra21267.t1,Not_Target,Not_Target,Not_Target
ebra21268.t1,Not_Target,Not_Target,Not_Target
ebra21269.t1,Not_Target,Not_Target,Myosin_1
ebra21270.t1,Not_Target,Not_Target,Not_Target
ebra21271.t1,Myosin_3,Myosin_3,Myosin_68
ebra21272.t1,Not_Target,Not_Target,Not_Target
ebra21273.t1,Not_Target,Not_Target,Not_Target
ebra21274.t1,Not_Target,Not_Target,Not_Target
ebra21275.t1,Myosin_1,Myosin_16,Myosin_43
ebra21276.t1,Not_Target,Not_Target,Myosin_1
ebra21277.t1,Myosin_9,Myosin_5,Myosin_20
ebra21278.t1,Not_Target,Not_Target,Not_Target
ebra21279.t1,Not_Target,Myosin_17,Myosin_19
ebra21280.t1,Not_Target,Not_Target,Not_Target
ebra21281.t1,Not_Target,Not_Target,Not_Target
ebra21282.t1,Not_Target,Not_Target,Not_Target
ebra21283.t1,Myosin_22,Myosin_22,Myosin_17
ebra21284.t1,Not_Target,Not_Target,Not_Target
ebra21285.t1,Not_Target,Not_Target,Myosin_1
ebra21286.t1,Not_Target,Not_Target,Not_Target
ebra21287.t1,Myosin_45,Not_Target,Not_Target
ebra21288.t1,Not_Target,Myosin_24,Not_Target
ebra21289.t1,Not_Target,Not_Target,Not_Target
ebra21290.t1,Not_Target,Not_Target,Not_Target
ebra21291.t1,Not_Target,Not_Target,Not_Target
ebra21292.t1,Not_Target,Not_Target,Not_Target
ebra18476.t1,Myosin_18,Myosin_26,Not_Target
ebra18477.t1,Not_Target,Not_Target,Myosin_71
ebra18478.t1,Not_Target,Not_Target,Not_Target
ebra18479.t1,Not_Target,Not_Target,Myosin_23
ebra18480.t1,Not_Target,Not_Target,Not_Target
ebra18481.t1,Not_Target,Not_Target,Not_Target
ebra18482.t1,Not_Target,Myosin_17,Not_Target
ebra18483.t1,Not_Target,Not_Target,Not_Target
ebra18484.t1,Not_Target,Not_Target,Myosin_1
ebra18485.t1,Not_Target,Myosin_25,Not_Target
ebra18486.t1,Myosin_57,Not_Target,Not_Target
ebra18487.t1,Not_Target,Myosin_1,Not_Target
ebra18488.t1,Not_Target,Myosin_1,Not_Target
ebra18489.t1,Not_Target,Not_Target,Not_Target
ebra18490.t1,Not_Target,Not_Target,Not_Target
ebra18491.t1,Not_Target,Not_Target,Myosin_8
ebra18492.t1,Not_Target,Not_Target,Not_Target
ebra18493.t1,Not_Target,Myosin_26,Not_Target
ebra18494.t1,Not_Target,Not_Target,Not_Target
ebra18495.t1,Myosin_17,Myosin_17,Myosin_17
ebra18496.t1,Not_Target,Not_Target,Not_Target
ebra18497.t1,Not_Target,Not_Target,Not_Target
ebra18498.t1,Not_Target,Not_Target,Not_Target
ebra18499.t1,Myosin_18,Myosin_18,Myosin_31
ebra18500.t1,Not_Target,Not_Target,Not_Target
ebra18501.t1,Not_Target,Not_Target,Myosin_20
ebra18502.t1,Not_Target,Not_Target,Not_Target
ebra18503.t1,Not_Target,Not_Target,Not_Target
ebra18504.t1,Not_Target,Not_Target,Myosin_64
ebra18505.t1,Not_Target,Not_Target,Not_Target
ebra18506.t1,Myosin_45,Not_Target,Not_Target
ebra18507.t1,Not_Target,Not_Target,Not_Target
ebra18508.t1,Not_Target,Not_Target,Not_Target
ebra18509.t1,Not_Target,Not_Target,Not_Target
ebra18510.t1,Not_Target,Not_Target,Not_Target
ebra18511.t1,Not_Target,Not_Target,Not_Target
ebra16606.t1,Not_Target,Not_Target,Not_Target
ebra16607.t1,Not_Target,Not_Target,Not_Target
ebra16608.t1,Not_Target,Not_Target,Not_Target
ebra16609.t1,Not_Target,Not_Target,Myosin_5
ebra16610.t1,Not_Target,Not_Target,Myosin_20
ebra16611.t1,Myosin_9,Not_Target,Myosin_8
ebra16612.t1,Not_Target,Not_Target,Not_Target
ebra16613.t1,Not_Target,Not_Target,Not_Target
ebra16614.t1,Not_Target,Not_Target,Not_Target
ebra16615.t1,Not_Target,Not_Target,Not_Target
ebra16616.t1,Myosin_71,Not_Target,Not_Target
ebra16617.t1,Not_Target,Not_Target,Not_Target
ebra16618.t1,Not_Target,Not_Target,Myosin_18
ebra16619.t1,Not_Target,Not_Target,Myosin_1
ebra16620.t1,Not_Target,Not_Target,Not_Target
ebra16621.t1,Not_Target,Not_Target,Not_Target
ebra16622.t1,Not_Target,Myosin_19,Not_Target
ebra16623.t1,Not_Target,Not_Target,Not_Target
ebra16624.t1,Not_Target,Not_Target,Not_Target
ebra16625.t1,Myosin_4,Myosin_81,Myosin_61
ebra16626.t1,Not_Target,Not_Target,Myosin_1
ebra16627.t1,Not_Target,Not_Target,Not_Target
ebra16628.t1,Not_Target,Myosin_1,Not_Target
ebra16629.t1,Myosin_9,Not_Target,Myosin_57
ebra16630.t1,Not_Target,Not_Target,Not_Target
ebra16631.t1,Not_Target,Not_Target,Not_Target
ebra16632.t1,Not_Target,Not_Target,Not_Target
ebra16633.t1,Not_Target,Not_Target,Not_Target
ebra16634.t1,Not_Target,Not_Target,Not_Target
ebra16635.t1,Myosin_17,Myosin_17,Myosin_17
ebra16636.t1,Myosin_17,Myosin_17,Myosin_9
ebra16637.t1,Not_Target,Not_Target,Not_Target
ebra16638.t1,Myosin_37,Myosin_7,Not_Target
ebra16639.t1,Not_Target,Not_Target,Not_Target
ebra8364.t1,Not_Target,Myosin_30,Not_Target
ebra8365.t1,Not_Target,Myosin_18,Myosin_11
ebra8366.t1,Not_Target,Not_Target,Not_Target
ebra8367.t1,Not_Target,Myosin_18,Myosin_11
ebra8368.t1,Not_Target,Not_Target,Not_Target
ebra8369.t1,Myosin_9,Myosin_57,Myosin_19
ebra8370.t1,Not_Target,Not_Target,Not_Target
ebra8371.t1,Myosin_2,Not_Target,Myosin_2
ebra8372.t1,Myosin_19,Not_Target,Myosin_19
ebra8373.t1,Myosin_34,Not_Target,Myosin_4
ebra8374.t1,Not_Target,Not_Target,Myosin_20
ebra8375.t1,Not_Target,Not_Target,Not_Target
ebra8376.t1,Not_Target,Not_Target,Not_Target
ebra8377.t1,Myosin_5,Myosin_18,Not_Target
ebra8378.t1,Myosin_6,Myosin_11,Not_Target
ebra8379.t1,Not_Target,Not_Target,Not_Target
ebra8380.t1,Myosin_5,Not_Target,Myosin_14
ebra8381.t1,Not_Target,Not_Target,Myosin_11
ebra8382.t1,Myosin_30,Myosin_1,Not_Target
ebra8383.t1,Myosin_19,Myosin_17,Not_Target
ebra8384.t1,Myosin_17,Myosin_19,Myosin_30
ebra8385.t1,Myosin_17,Myosin_19,Myosin_17
ebra486.t1,Not_Target,Not_Target,Not_Target
ebra487.t1,Not_Target,Not_Target,Not_Target
ebra488.t1,Not_Target,Not_Target,Not_Target
ebra489.t1,Not_Target,Not_Target,Not_Target
ebra490.t1,Not_Target,Not_Target,Myosin_1
ebra491.t1,Not_Target,Not_Target,Myosin_57
ebra492.t1,Not_Target,Not_Target,Not_Target
ebra493.t1,Myosin_36,Not_Target,Myosin_57
ebra494.t1,Myosin_2,Not_Target,Not_Target
ebra495.t1,Not_Target,Not_Target,Not_Target
ebra496.t1,Not_Target,Not_Target,Not_Target
ebra497.t1,Not_Target,Not_Target,Not_Target
ebra498.t1,Myosin_53,Not_Target,Not_Target
ebra499.t1,Myosin_1,Myosin_1,Myosin_1
ebra500.t1,Not_Target,Not_Target,Not_Target
ebra501.t1,Myosin_3,Myosin_3,Myosin_3
ebra502.t1,Not_Target,Not_Target,Not_Target
ebra503.t1,Not_Target,Not_Target,Not_Target
ebra504.t1,Not_Target,Not_Target,Not_Target
ebra505.t1,Not_Target,Not_Target,Not_Target
ebra506.t1,Not_Target,Not_Target,Not_Target
ebra507.t1,Myosin_5,Myosin_1,Not_Target
ebra508.t1,Not_Target,Not_Target,Not_Target
ebra509.t1,Myosin_37,Myosin_6,Not_Target
ebra510.t1,Not_Target,Not_Target,Not_Target
ebra511.t1,Not_Target,Myosin_22,Not_Target
ebra512.t1,Myosin_45,Not_Target,Myosin_1
ebra513.t1,Myosin_30,Not_Target,Myosin_4
ebra514.t1,Myosin_30,Not_Target,Myosin_30
ebra515.t1,Not_Target,Not_Target,Not_Target
ebra516.t1,Myosin_71,Not_Target,Myosin_42
ebra517.t1,Not_Target,Not_Target,Not_Target
ebra7956.t1,Not_Target,Not_Target,Not_Target
ebra7957.t1,Not_Target,Not_Target,Not_Target
ebra7958.t1,Myosin_19,Myosin_19,Not_Target
ebra7959.t1,Not_Target,Not_Target,Not_Target
ebra7960.t1,Not_Target,Not_Target,Not_Target
ebra7961.t1,Myosin_17,Myosin_17,Not_Target
ebra7962.t1,Myosin_17,Myosin_17,Not_Target
ebra7963.t1,Not_Target,Not_Target,Not_Target
ebra7964.t1,Not_Target,Not_Target,Not_Target
ebra7965.t1,Not_Target,Not_Target,Not_Target
ebra7966.t1,Myosin_53,Not_Target,Myosin_37
ebra7967.t1,Not_Target,Not_Target,Not_Target
ebra7968.t1,Myosin_9,Myosin_9,Myosin_22
ebra7969.t1,Not_Target,Not_Target,Not_Target
ebra7970.t1,Not_Target,Not_Target,Not_Target
ebra7971.t1,Not_Target,Not_Target,Myosin_6
ebra7972.t1,Not_Target,Not_Target,Not_Target
ebra7973.t1,Not_Target,Myosin_17,Not_Target
ebra7974.t1,Not_Target,Not_Target,Not_Target
ebra7975.t1,Not_Target,Not_Target,Not_Target
ebra7976.t1,Myosin_8,Myosin_5,Myosin_8
ebra7977.t1,Not_Target,Not_Target,Not_Target
ebra7978.t1,Not_Target,Not_Target,Not_Target
ebra7979.t1,Myosin_2,Not_Target,Not_Target
ebra7980.t1,Not_Target,Not_Target,Not_Target
ebra7981.t1,Not_Target,Not_Target,Not_Target
ebra7982.t1,Not_Target,Not_Target,Not_Target
ebra7983.t1,Not_Target,Not_Target,Not_Target
ebra7984.t1,Not_Target,Not_Target,Not_Target
ebra7985.t1,Not_Target,Not_Target,Not_Target
ebra7986.t1,Not_Target,Myosin_5,Not_Target
ebra7987.t1,Myosin_57,Not_Target,Not_Target
ebra2287.t1,Myosin_55,Not_Target,Not_Target
ebra2288.t1,Myosin_36,Myosin_27,Myosin_14
ebra2289.t1,Not_Target,Not_Target,Not_Target
ebra2290.t1,Not_Target,Not_Target,Not_Target
ebra2291.t1,Myosin_36,Myosin_36,Myosin_17
ebra2292.t1,Myosin_3,Myosin_74,Not_Target
ebra2293.t1,Not_Target,Not_Target,Not_Target
ebra2294.t1,Myosin_30,Not_Target,Not_Target
ebra2295.t1,Not_Target,Myosin_26,Not_Target
ebra2296.t1,Not_Target,Not_Target,Not_Target
ebra2297.t1,Not_Target,Not_Target,Not_Target
ebra2298.t1,Not_Target,Myosin_19,Not_Target
ebra2299.t1,Not_Target,Not_Target,Myosin_31
ebra2300.t1,Not_Target,Not_Target,Not_Target
ebra2301.t1,Not_Target,Not_Target,Not_Target
ebra2302.t1,Not_Target,Not_Target,Not_Target
ebra2303.t1,Myosin_30,Not_Target,Myosin_57
ebra2304.t1,Myosin_5,Myosin_1,Myosin_5
ebra2305.t1,Not_Target,Not_Target,Not_Target
ebra2306.t1,Myosin_3,Myosin_3,Myosin_3
ebra2307.t1,Not_Target,Not_Target,Myosin_14
ebra2308.t1,Myosin_45,Myosin_45,Myosin_17
ebra2309.t1,Not_Target,Not_Target,Not_Target
ebra2310.t1,Not_Target,Not_Target,Not_Target
ebra2311.t1,Not_Target,Not_Target,Not_Target
ebra2312.t1,Myosin_37,Not_Target,Myosin_14
ebra1534.t1,Not_Target,Not_Target,Not_Target
ebra1535.t1,Not_Target,Not_Target,Not_Target
ebra1536.t1,Myosin_26,Not_Target,Myosin_5
ebra1537.t1,Not_Target,Not_Target,Not_Target
ebra1538.t1,Not_Target,Not_Target,Myosin_30
ebra1539.t1,Not_Target,Not_Target,Not_Target
ebra1540.t1,Not_Target,Not_Target,Myosin_1
ebra1541.t1,Myosin_51,Not_Target,Myosin_3
ebra1542.t1,Not_Target,Not_Target,Not_Target
ebra1543.t1,Myosin_31,Not_Target,Myosin_51
ebra1544.t1,Myosin_6,Not_Target,Myosin_1
ebra1545.t1,Not_Target,Myosin_57,Not_Target
ebra1546.t1,Not_Target,Not_Target,Not_Target
ebra1547.t1,Not_Target,Myosin_19,Not_Target
ebra1548.t1,Not_Target,Not_Target,Not_Target
ebra1549.t1,Not_Target,Not_Target,Myosin_22
ebra1550.t1,Myosin_3,Myosin_16,Myosin_1
ebra1551.t1,Not_Target,Not_Target,Not_Target
ebra1552.t1,Not_Target,Myosin_31,Not_Target
ebra1553.t1,Myosin_64,Myosin_64,Not_Target
ebra1554.t1,Not_Target,Not_Target,Not_Target
ebra1555.t1,Not_Target,Not_Target,Myosin_1
ebra1556.t1,Myosin_2,Not_Target,Not_Target
ebra1557.t1,Myosin_30,Myosin_17,Myosin_2
ebra1558.t1,Not_Target,Myosin_1,Not_Target
ebra1559.t1,Not_Target,Myosin_16,Not_Target
ebra1560.t1,Not_Target,Myosin_4,Not_Target
ebra1561.t1,Not_Target,Not_Target,Not_Target
ebra1562.t1,Not_Target,Not_Target,Not_Target
ebra1563.t1,Not_Target,Not_Target,Not_Target
ebra1564.t1,Not_Target,Not_Target,Not_Target
ebra1565.t1,Not_Target,Not_Target,Not_Target
ebra1566.t1,Myosin_8,Not_Target,Not_Target
ebra1567.t1,Not_Target,Not_Target,Not_Target
ebra1568.t1,Myosin_45,Not_Target,Not_Target
ebra5783.t1,Myosin_45,Not_Target,Myosin_24
ebra5784.t1,Not_Target,Not_Target,Not_Target
ebra5785.t1,Not_Target,Not_Target,Not_Target
ebra5786.t1,Myosin_37,Not_Target,Not_Target
ebra5787.t1,Not_Target,Not_Target,Not_Target
ebra5788.t1,Not_Target,Not_Target,Not_Target
ebra5789.t1,Not_Target,Not_Target,Not_Target
ebra5790.t1,Myosin_31,Not_Target,Not_Target
ebra5791.t1,Not_Target,Not_Target,Not_Target
ebra5792.t1,Not_Target,Not_Target,Not_Target
ebra5793.t1,Not_Target,Not_Target,Myosin_23
ebra5794.t1,Myosin_27,Myosin_27,Myosin_37
ebra5795.t1,Myosin_45,Myosin_8,Not_Target
ebra5796.t1,Not_Target,Not_Target,Not_Target
ebra5797.t1,Not_Target,Not_Target,Not_Target
ebra5798.t1,Not_Target,Not_Target,Not_Target
ebra5799.t1,Myosin_44,Myosin_11,Myosin_3
ebra5800.t1,Myosin_1,Not_Target,Not_Target
ebra5801.t1,Not_Target,Not_Target,Not_Target
ebra5802.t1,Not_Target,Myosin_17,Not_Target
ebra5803.t1,Myosin_19,Myosin_22,Not_Target
ebra5804.t1,Myosin_6,Not_Target,Not_Target
ebra5805.t1,Myosin_5,Myosin_5,Myosin_5
ebra5806.t1,Not_Target,Not_Target,Not_Target
ebra5807.t1,Myosin_37,Not_Target,Not_Target
ebra5808.t1,Not_Target,Not_Target,Not_Target
ebra5809.t1,Not_Target,Not_Target,Not_Target
ebra5810.t1,Myosin_2,Not_Target,Not_Target
ebra5811.t1,Not_Target,Not_Target,Not_Target
ebra5812.t1,Not_Target,Not_Target,Not_Target
ebra5813.t1,Not_Target,Myosin_37,Not_Target
ebra5814.t1,Myosin_37,Myosin_37,Not_Target
ebra5815.t1,Not_Target,Not_Target,Myosin_1
ebra5816.t1,Not_Target,Not_Target,Not_Target
ebra5817.t1,Not_Target,Not_Target,Not_Target
ebra5819.t1,Not_Target,Not_Target,Not_Target
ebra5820.t1,Not_Target,Not_Target,Not_Target
ebra7387.t1,Myosin_45,Not_Target,Myosin_71
ebra7388.t1,Not_Target,Not_Target,Not_Target
ebra7389.t1,Not_Target,Myosin_28,Not_Target
ebra7390.t1,Not_Target,Not_Target,Not_Target
ebra7391.t1,Not_Target,Not_Target,Not_Target
ebra7392.t1,Myosin_45,Not_Target,Myosin_71
ebra7393.t1,Not_Target,Not_Target,Not_Target
ebra7394.t1,Not_Target,Myosin_11,Not_Target
ebra7395.t1,Not_Target,Not_Target,Not_Target
ebra7396.t1,Not_Target,Not_Target,Myosin_2
ebra7397.t1,Not_Target,Not_Target,Not_Target
ebra7398.t1,Myosin_18,Not_Target,Not_Target
ebra7399.t1,Not_Target,Not_Target,Not_Target
ebra7400.t1,Myosin_74,Myosin_74,Not_Target
ebra7401.t1,Not_Target,Not_Target,Not_Target
ebra7402.t1,Not_Target,Not_Target,Not_Target
ebra7403.t1,Not_Target,Myosin_5,Not_Target
ebra7404.t1,Not_Target,Myosin_28,Not_Target
ebra7405.t1,Not_Target,Not_Target,Not_Target
ebra7406.t1,Myosin_37,Myosin_27,Not_Target
ebra7407.t1,Myosin_18,Myosin_18,Myosin_3
ebra7408.t1,Not_Target,Not_Target,Myosin_19
ebra7409.t1,Not_Target,Myosin_2,Not_Target
ebra7410.t1,Myosin_24,Myosin_11,Not_Target
ebra7411.t1,Myosin_45,Myosin_16,Not_Target
ebra7412.t1,Not_Target,Not_Target,Not_Target
ebra7413.t1,Myosin_26,Not_Target,Not_Target
ebra7414.t1,Not_Target,Myosin_26,Myosin_1
ebra7415.t1,Not_Target,Not_Target,Myosin_23
ebra7416.t1,Myosin_45,Not_Target,Not_Target
ebra13911.t1,Not_Target,Not_Target,Myosin_64
ebra13912.t1,Not_Target,Not_Target,Myosin_64
ebra13913.t1,Not_Target,Not_Target,Not_Target
ebra13914.t1,Not_Target,Not_Target,Not_Target
ebra13915.t1,Not_Target,Not_Target,Not_Target
ebra13916.t1,Myosin_2,Myosin_2,Myosin_2
ebra13917.t1,Not_Target,Not_Target,Not_Target
ebra13918.t1,Not_Target,Myosin_17,Not_Target
ebra13919.t1,Myosin_45,Myosin_16,Myosin_3
ebra13920.t1,Not_Target,Not_Target,Not_Target
ebra13921.t1,Not_Target,Not_Target,Not_Target
ebra13922.t1,Not_Target,Not_Target,Not_Target
ebra13923.t1,Not_Target,Not_Target,Not_Target
ebra13924.t1,Not_Target,Not_Target,Not_Target
ebra13925.t1,Myosin_22,Myosin_15,Myosin_22
ebra13926.t1,Not_Target,Myosin_10,Not_Target
ebra13927.t1,Not_Target,Not_Target,Not_Target
ebra13928.t1,Not_Target,Not_Target,Not_Target
ebra13929.t1,Myosin_7,Myosin_22,Myosin_7
ebra13930.t1,Not_Target,Not_Target,Not_Target
ebra13931.t1,Not_Target,Not_Target,Not_Target
ebra13932.t1,Not_Target,Not_Target,Myosin_11
ebra11622.t1,Not_Target,Not_Target,Myosin_5
ebra11623.t1,Not_Target,Not_Target,Not_Target
ebra11624.t1,Not_Target,Not_Target,Not_Target
ebra11625.t1,Not_Target,Not_Target,Not_Target
ebra11626.t1,Not_Target,Not_Target,Not_Target
ebra11627.t1,Not_Target,Not_Target,Not_Target
ebra11628.t1,Myosin_36,Myosin_57,Not_Target
ebra11629.t1,Myosin_18,Myosin_18,Myosin_42
ebra11630.t1,Not_Target,Not_Target,Not_Target
ebra11631.t1,Not_Target,Not_Target,Not_Target
ebra11632.t1,Myosin_18,Not_Target,Not_Target
ebra11633.t1,Not_Target,Not_Target,Not_Target
ebra11634.t1,Not_Target,Not_Target,Not_Target
ebra11635.t1,Myosin_36,Not_Target,Myosin_5
ebra11636.t1,Myosin_57,Myosin_57,Not_Target
ebra11637.t1,Not_Target,Myosin_3,Myosin_8
ebra11638.t1,Myosin_1,Myosin_1,Not_Target
ebra11639.t1,Not_Target,Not_Target,Not_Target
ebra11640.t1,Not_Target,Not_Target,Not_Target
ebra11641.t1,Not_Target,Not_Target,Not_Target
ebra11642.t1,Not_Target,Not_Target,Myosin_4
ebra11643.t1,Myosin_31,Not_Target,Not_Target
ebra9352.t1,Myosin_45,Myosin_45,Myosin_3
ebra9353.t1,Myosin_18,Myosin_70,Myosin_2
ebra9354.t1,Not_Target,Not_Target,Not_Target
ebra9355.t1,Not_Target,Myosin_13,Not_Target
ebra9356.t1,Not_Target,Not_Target,Not_Target
ebra9357.t1,Not_Target,Not_Target,Not_Target
ebra9358.t1,Not_Target,Not_Target,Not_Target
ebra9359.t1,Myosin_45,Not_Target,Not_Target
ebra9360.t1,Myosin_22,Myosin_22,Myosin_22
ebra9361.t1,Myosin_4,Myosin_4,Not_Target
ebra9362.t1,Not_Target,Not_Target,Not_Target
ebra9363.t1,Not_Target,Not_Target,Not_Target
ebra9364.t1,Myosin_45,Not_Target,Not_Target
ebra9365.t1,Not_Target,Not_Target,Myosin_2
ebra9366.t1,Not_Target,Not_Target,Not_Target
ebra9367.t1,Myosin_57,Myosin_22,Myosin_75
ebra9368.t1,Myosin_4,Myosin_4,Myosin_4
ebra9369.t1,Not_Target,Not_Target,Not_Target
ebra9370.t1,Not_Target,Not_Target,Not_Target
ebra9371.t1,Not_Target,Myosin_19,Not_Target
ebra9372.t1,Not_Target,Myosin_3,Myosin_57
ebra9373.t1,Not_Target,Not_Target,Not_Target
ebra9374.t1,Myosin_45,Not_Target,Myosin_26
ebra9375.t1,Not_Target,Not_Target,Not_Target
ebra9376.t1,Not_Target,Not_Target,Not_Target
ebra9377.t1,Myosin_15,Myosin_22,Myosin_3
ebra9378.t1,Not_Target,Not_Target,Not_Target
ebra9379.t1,Not_Target,Not_Target,Not_Target
ebra9380.t1,Myosin_45,Myosin_44,Myosin_44
ebra11282.t1,Not_Target,Not_Target,Not_Target
ebra11283.t1,Not_Target,Not_Target,Not_Target
ebra11284.t1,Not_Target,Not_Target,Not_Target
ebra11285.t1,Not_Target,Not_Target,Not_Target
ebra11286.t1,Not_Target,Not_Target,Myosin_2
ebra11287.t1,Not_Target,Not_Target,Myosin_2
ebra11288.t1,Not_Target,Not_Target,Not_Target
ebra11289.t1,Not_Target,Not_Target,Not_Target
ebra11290.t1,Myosin_18,Myosin_18,Myosin_22
ebra11291.t1,Not_Target,Not_Target,Not_Target
ebra11292.t1,Myosin_15,Myosin_15,Myosin_5
ebra11293.t1,Not_Target,Not_Target,Not_Target
ebra11294.t1,Not_Target,Not_Target,Not_Target
ebra11295.t1,Not_Target,Not_Target,Myosin_20
ebra11296.t1,Myosin_17,Myosin_37,Myosin_22
ebra11297.t1,Not_Target,Not_Target,Not_Target
ebra11298.t1,Not_Target,Not_Target,Not_Target
ebra11299.t1,Myosin_45,Not_Target,Not_Target
ebra11300.t1,Not_Target,Myosin_19,Not_Target
ebra11301.t1,Not_Target,Not_Target,Myosin_47
ebra11302.t1,Not_Target,Not_Target,Not_Target
ebra11303.t1,Not_Target,Myosin_19,Not_Target
ebra11304.t1,Not_Target,Not_Target,Not_Target
ebra11305.t1,Not_Target,Not_Target,Myosin_64
ebra663.t1,Myosin_17,Not_Target,Not_Target
ebra664.t1,Not_Target,Not_Target,Not_Target
ebra665.t1,Not_Target,Not_Target,Not_Target
ebra666.t1,Myosin_17,Not_Target,Myosin_36
ebra667.t1,Myosin_36,Not_Target,Myosin_36
ebra668.t1,Myosin_17,Myosin_17,Myosin_5
ebra669.t1,Not_Target,Not_Target,Not_Target
ebra670.t1,Not_Target,Not_Target,Myosin_42
ebra671.t1,Not_Target,Not_Target,Myosin_43
ebra672.t1,Not_Target,Not_Target,Not_Target
ebra673.t1,Not_Target,Not_Target,Not_Target
ebra674.t1,Not_Target,Not_Target,Not_Target
ebra675.t1,Myosin_16,Myosin_9,Myosin_3
ebra676.t1,Not_Target,Not_Target,Myosin_31
ebra677.t1,Not_Target,Not_Target,Not_Target
ebra678.t1,Not_Target,Not_Target,Not_Target
ebra679.t1,Not_Target,Not_Target,Not_Target
ebra680.t1,Not_Target,Not_Target,Not_Target
ebra681.t1,Myosin_15,Myosin_15,Myosin_22
ebra682.t1,Myosin_53,Not_Target,Myosin_20
ebra683.t1,Not_Target,Not_Target,Not_Target
ebra684.t1,Not_Target,Not_Target,Not_Target
ebra685.t1,Not_Target,Not_Target,Not_Target
ebra686.t1,Not_Target,Not_Target,Not_Target
ebra687.t1,Not_Target,Not_Target,Myosin_8
ebra688.t1,Not_Target,Myosin_51,Not_Target
ebra689.t1,Not_Target,Not_Target,Not_Target
ebra690.t1,Myosin_1,Myosin_1,Not_Target
ebra2595.t1,Myosin_19,Myosin_19,Myosin_16
ebra2596.t1,Myosin_24,Myosin_29,Myosin_9
ebra2597.t1,Myosin_18,Myosin_18,Myosin_18
ebra2598.t1,Not_Target,Not_Target,Not_Target
ebra2599.t1,Not_Target,Not_Target,Not_Target
ebra2600.t1,Not_Target,Myosin_26,Not_Target
ebra2601.t1,Not_Target,Not_Target,Not_Target
ebra2602.t1,Not_Target,Not_Target,Not_Target
ebra2603.t1,Myosin_4,Myosin_5,Myosin_5
ebra2604.t1,Not_Target,Not_Target,Not_Target
ebra2605.t1,Not_Target,Not_Target,Myosin_1
ebra2606.t1,Not_Target,Not_Target,Not_Target
ebra2607.t1,Myosin_45,Myosin_26,Myosin_18
ebra2608.t1,Not_Target,Not_Target,Not_Target
ebra2609.t1,Not_Target,Not_Target,Not_Target
ebra2610.t1,Not_Target,Not_Target,Myosin_62
ebra2611.t1,Myosin_15,Myosin_3,Myosin_49
ebra2612.t1,Not_Target,Not_Target,Not_Target
ebra2613.t1,Not_Target,Myosin_19,Not_Target
ebra2614.t1,Not_Target,Not_Target,Not_Target
ebra2615.t1,Not_Target,Not_Target,Myosin_5
ebra2616.t1,Not_Target,Not_Target,Not_Target
ebra2617.t1,Myosin_45,Myosin_17,Myosin_17
ebra2618.t1,Not_Target,Myosin_5,Myosin_1
ebra2619.t1,Not_Target,Not_Target,Not_Target
ebra2620.t1,Not_Target,Not_Target,Not_Target
ebra2621.t1,Not_Target,Not_Target,Not_Target
ebra2622.t1,Not_Target,Not_Target,Not_Target
ebra2623.t1,Myosin_3,Myosin_1,Not_Target
ebra5676.t1,Not_Target,Not_Target,Not_Target
ebra5677.t1,Myosin_45,Not_Target,Myosin_18
ebra5678.t1,Not_Target,Not_Target,Not_Target
ebra5679.t1,Not_Target,Not_Target,Myosin_20
ebra5680.t1,Not_Target,Not_Target,Not_Target
ebra5681.t1,Not_Target,Not_Target,Not_Target
ebra5682.t1,Not_Target,Not_Target,Not_Target
ebra5683.t1,Not_Target,Not_Target,Not_Target
ebra5684.t1,Myosin_15,Myosin_15,Myosin_15
ebra5685.t1,Not_Target,Not_Target,Not_Target
ebra5686.t1,Not_Target,Not_Target,Not_Target
ebra5687.t1,Not_Target,Not_Target,Not_Target
ebra5688.t1,Not_Target,Not_Target,Not_Target
ebra5689.t1,Not_Target,Myosin_11,Myosin_51
ebra5690.t1,Myosin_9,Not_Target,Myosin_26
ebra5691.t1,Myosin_6,Myosin_1,Not_Target
ebra5692.t1,Not_Target,Not_Target,Not_Target
ebra5693.t1,Not_Target,Not_Target,Not_Target
ebra5694.t1,Not_Target,Not_Target,Not_Target
ebra5695.t1,Not_Target,Myosin_74,Not_Target
ebra5696.t1,Myosin_71,Not_Target,Not_Target
ebra5697.t1,Not_Target,Not_Target,Myosin_8
ebra5698.t1,Not_Target,Not_Target,Not_Target
ebra5699.t1,Not_Target,Not_Target,Not_Target
ebra5700.t1,Not_Target,Not_Target,Not_Target
ebra12501.t1,Myosin_45,Myosin_16,Not_Target
ebra12502.t1,Myosin_15,Myosin_5,Myosin_5
ebra12503.t1,Myosin_36,Myosin_17,Myosin_36
ebra12504.t1,Myosin_22,Myosin_22,Myosin_36
ebra12505.t1,Myosin_36,Not_Target,Myosin_22
ebra12506.t1,Not_Target,Myosin_54,Not_Target
ebra12507.t1,Not_Target,Not_Target,Not_Target
ebra12508.t1,Myosin_17,Not_Target,Myosin_64
ebra12509.t1,Myosin_17,Myosin_17,Not_Target
ebra12510.t1,Not_Target,Myosin_1,Not_Target
ebra12511.t1,Not_Target,Not_Target,Not_Target
ebra12512.t1,Not_Target,Not_Target,Not_Target
ebra12513.t1,Not_Target,Not_Target,Not_Target
ebra12514.t1,Not_Target,Not_Target,Not_Target
ebra12515.t1,Not_Target,Not_Target,Not_Target
ebra12516.t1,Not_Target,Not_Target,Not_Target
ebra12517.t1,Not_Target,Not_Target,Not_Target
ebra12518.t1,Not_Target,Not_Target,Not_Target
ebra12519.t1,Not_Target,Not_Target,Not_Target
ebra12520.t1,Not_Target,Myosin_81,Myosin_14
ebra12521.t1,Not_Target,Not_Target,Not_Target
ebra12522.t1,Myosin_1,Not_Target,Myosin_14
ebra12523.t1,Myosin_45,Not_Target,Not_Target
ebra12524.t1,Not_Target,Not_Target,Not_Target
ebra12525.t1,Myosin_15,Myosin_15,Myosin_15
ebra12526.t1,Not_Target,Not_Target,Not_Target
ebra12527.t1,Myosin_45,Not_Target,Myosin_25
ebra12745.t1,Not_Target,Not_Target,Not_Target
ebra12746.t1,Not_Target,Not_Target,Not_Target
ebra12747.t1,Not_Target,Not_Target,Not_Target
ebra12748.t1,Not_Target,Not_Target,Not_Target
ebra12749.t1,Not_Target,Not_Target,Not_Target
ebra12750.t1,Not_Target,Not_Target,Myosin_31
ebra12751.t1,Not_Target,Not_Target,Not_Target
ebra12752.t1,Myosin_17,Myosin_17,Not_Target
ebra12753.t1,Not_Target,Not_Target,Not_Target
ebra12754.t1,Not_Target,Myosin_57,Not_Target
ebra12755.t1,Not_Target,Not_Target,Myosin_71
ebra12756.t1,Myosin_5,Not_Target,Myosin_45
ebra12757.t1,Not_Target,Not_Target,Not_Target
ebra12758.t1,Not_Target,Not_Target,Not_Target
ebra12759.t1,Not_Target,Not_Target,Not_Target
ebra12760.t1,Not_Target,Not_Target,Not_Target
ebra12761.t1,Not_Target,Not_Target,Myosin_70
ebra12762.t1,Not_Target,Not_Target,Not_Target
ebra12763.t1,Myosin_57,Not_Target,Myosin_57
ebra12764.t1,Not_Target,Not_Target,Not_Target
ebra12765.t1,Not_Target,Not_Target,Not_Target
ebra12766.t1,Not_Target,Not_Target,Not_Target
ebra12767.t1,Not_Target,Not_Target,Not_Target
ebra12768.t1,Not_Target,Not_Target,Not_Target
ebra12769.t1,Not_Target,Not_Target,Not_Target
ebra12770.t1,Myosin_6,Not_Target,Not_Target
ebra12771.t1,Not_Target,Not_Target,Not_Target
ebra12772.t1,Not_Target,Not_Target,Not_Target
ebra12773.t1,Not_Target,Not_Target,Myosin_11
ebra12774.t1,Not_Target,Not_Target,Not_Target
ebra6109.t1,Myosin_6,Myosin_57,Myosin_19
ebra6110.t1,Not_Target,Not_Target,Not_Target
ebra6111.t1,Not_Target,Not_Target,Not_Target
ebra6112.t1,Not_Target,Not_Target,Not_Target
ebra6113.t1,Myosin_9,Myosin_9,Myosin_25
ebra6114.t1,Not_Target,Not_Target,Not_Target
ebra6115.t1,Not_Target,Myosin_28,Myosin_4
ebra6116.t1,Not_Target,Not_Target,Not_Target
ebra6117.t1,Not_Target,Myosin_2,Not_Target
ebra6118.t1,Not_Target,Not_Target,Not_Target
ebra6119.t1,Not_Target,Not_Target,Not_Target
ebra6120.t1,Myosin_18,Myosin_26,Myosin_23
ebra6121.t1,Not_Target,Not_Target,Not_Target
ebra6122.t1,Not_Target,Myosin_17,Not_Target
ebra6123.t1,Not_Target,Not_Target,Not_Target
ebra6124.t1,Not_Target,Not_Target,Myosin_3
ebra6125.t1,Not_Target,Myosin_5,Not_Target
ebra6126.t1,Not_Target,Not_Target,Not_Target
ebra6127.t1,Not_Target,Not_Target,Myosin_3
ebra6128.t1,Not_Target,Not_Target,Not_Target
ebra6129.t1,Not_Target,Myosin_1,Myosin_19
ebra6130.t1,Myosin_17,Myosin_17,Myosin_8
ebra6131.t1,Not_Target,Not_Target,Not_Target
ebra6132.t1,Not_Target,Myosin_17,Not_Target
ebra6133.t1,Myosin_18,Myosin_15,Myosin_9
ebra6134.t1,Not_Target,Not_Target,Not_Target
ebra1998.t1,Not_Target,Not_Target,Not_Target
ebra1999.t1,Myosin_5,Myosin_26,Myosin_22
ebra2000.t1,Not_Target,Not_Target,Not_Target
ebra2001.t1,Not_Target,Myosin_1,Not_Target
ebra2002.t1,Not_Target,Not_Target,Not_Target
ebra2003.t1,Myosin_23,Myosin_23,Myosin_13
ebra2004.t1,Not_Target,Not_Target,Not_Target
ebra2005.t1,Not_Target,Myosin_16,Myosin_8
ebra2006.t1,Not_Target,Not_Target,Not_Target
ebra2007.t1,Not_Target,Not_Target,Myosin_51
ebra2008.t1,Myosin_18,Not_Target,Not_Target
ebra2009.t1,Myosin_5,Myosin_51,Myosin_5
ebra2010.t1,Not_Target,Not_Target,Not_Target
ebra2011.t1,Myosin_73,Myosin_19,Myosin_24
ebra2012.t1,Not_Target,Not_Target,Not_Target
ebra2013.t1,Not_Target,Myosin_1,Not_Target
ebra2014.t1,Not_Target,Not_Target,Myosin_36
ebra2015.t1,Not_Target,Not_Target,Not_Target
ebra2016.t1,Not_Target,Not_Target,Not_Target
ebra2017.t1,Not_Target,Not_Target,Not_Target
ebra2018.t1,Not_Target,Not_Target,Not_Target
ebra2019.t1,Not_Target,Not_Target,Myosin_1
ebra2020.t1,Not_Target,Not_Target,Not_Target
ebra2021.t1,Not_Target,Not_Target,Not_Target
ebra2022.t1,Myosin_5,Not_Target,Myosin_5
ebra2023.t1,Not_Target,Not_Target,Not_Target
ebra2024.t1,Myosin_37,Myosin_22,Not_Target
ebra2025.t1,Myosin_22,Myosin_22,Myosin_1
ebra2026.t1,Not_Target,Not_Target,Not_Target
ebra2027.t1,Not_Target,Not_Target,Myosin_11
ebra2028.t1,Not_Target,Myosin_19,Not_Target
ebra2029.t1,Not_Target,Not_Target,Not_Target
ebra3662.t1,Not_Target,Myosin_8,Not_Target
ebra3663.t1,Myosin_26,Not_Target,Not_Target
ebra3664.t1,Myosin_2,Not_Target,Not_Target
ebra3665.t1,Not_Target,Myosin_17,Myosin_20
ebra3666.t1,Not_Target,Not_Target,Not_Target
ebra3667.t1,Myosin_36,Not_Target,Myosin_5
ebra3668.t1,Not_Target,Myosin_28,Not_Target
ebra3669.t1,Myosin_5,Myosin_5,Not_Target
ebra3670.t1,Myosin_2,Myosin_2,Myosin_2
ebra3671.t1,Myosin_15,Myosin_26,Myosin_20
ebra3672.t1,Not_Target,Not_Target,Not_Target
ebra3673.t1,Not_Target,Not_Target,Not_Target
ebra3674.t1,Not_Target,Not_Target,Not_Target
ebra3675.t1,Not_Target,Not_Target,Not_Target
ebra3676.t1,Not_Target,Not_Target,Not_Target
ebra3677.t1,Myosin_19,Myosin_5,Myosin_5
ebra3678.t1,Myosin_36,Myosin_17,Myosin_9
ebra3679.t1,Not_Target,Not_Target,Not_Target
ebra3680.t1,Myosin_6,Not_Target,Not_Target
ebra3681.t1,Myosin_4,Not_Target,Not_Target
ebra3682.t1,Myosin_57,Not_Target,Not_Target
ebra1884.t1,Not_Target,Not_Target,Myosin_11
ebra1885.t1,Not_Target,Not_Target,Myosin_62
ebra1886.t1,Not_Target,Not_Target,Not_Target
ebra1887.t1,Not_Target,Not_Target,Not_Target
ebra1888.t1,Myosin_31,Not_Target,Not_Target
ebra1889.t1,Myosin_1,Not_Target,Myosin_1
ebra1890.t1,Myosin_17,Not_Target,Myosin_14
ebra1891.t1,Not_Target,Not_Target,Not_Target
ebra1892.t1,Myosin_8,Myosin_17,Myosin_5
ebra1893.t1,Myosin_17,Not_Target,Not_Target
ebra1894.t1,Myosin_37,Myosin_57,Not_Target
ebra1895.t1,Myosin_45,Not_Target,Myosin_64
ebra1896.t1,Myosin_22,Not_Target,Myosin_17
ebra1897.t1,Not_Target,Not_Target,Myosin_5
ebra1898.t1,Not_Target,Not_Target,Not_Target
ebra1899.t1,Not_Target,Not_Target,Not_Target
ebra1900.t1,Not_Target,Not_Target,Not_Target
ebra1901.t1,Myosin_2,Not_Target,Not_Target
ebra1902.t1,Not_Target,Not_Target,Not_Target
ebra1903.t1,Not_Target,Not_Target,Not_Target
ebra1904.t1,Myosin_20,Not_Target,Not_Target
ebra1905.t1,Myosin_17,Myosin_17,Myosin_17
ebra1906.t1,Not_Target,Not_Target,Not_Target
ebra1907.t1,Myosin_3,Myosin_3,Myosin_3
ebra13064.t1,Myosin_31,Myosin_1,Not_Target
ebra13065.t1,Myosin_45,Myosin_16,Myosin_18
ebra13066.t1,Myosin_17,Not_Target,Myosin_19
ebra13067.t1,Myosin_17,Not_Target,Myosin_4
ebra13068.t1,Myosin_17,Myosin_1,Myosin_1
ebra13069.t1,Not_Target,Myosin_18,Myosin_5
ebra13070.t1,Not_Target,Myosin_57,Not_Target
ebra13071.t1,Not_Target,Not_Target,Not_Target
ebra13072.t1,Not_Target,Not_Target,Not_Target
ebra13073.t1,Not_Target,Not_Target,Not_Target
ebra13074.t1,Not_Target,Not_Target,Not_Target
ebra13075.t1,Not_Target,Not_Target,Not_Target
ebra13076.t1,Myosin_45,Not_Target,Not_Target
ebra13077.t1,Not_Target,Not_Target,Not_Target
ebra13078.t1,Not_Target,Not_Target,Not_Target
ebra13079.t1,Myosin_51,Not_Target,Myosin_31
ebra13080.t1,Not_Target,Myosin_1,Myosin_2
ebra13081.t1,Myosin_19,Myosin_1,Myosin_8
ebra13082.t1,Not_Target,Not_Target,Myosin_24
ebra13083.t1,Myosin_19,Myosin_3,Myosin_2
ebra13084.t1,Not_Target,Not_Target,Not_Target
ebra13085.t1,Myosin_3,Not_Target,Myosin_3
ebra13086.t1,Myosin_18,Not_Target,Myosin_51
ebra13087.t1,Not_Target,Not_Target,Not_Target
ebra13088.t1,Myosin_36,Not_Target,Myosin_62
ebra13089.t1,Not_Target,Not_Target,Not_Target
ebra13090.t1,Not_Target,Not_Target,Not_Target
ebra13091.t1,Not_Target,Not_Target,Not_Target
ebra13092.t1,Not_Target,Not_Target,Not_Target
ebra13093.t1,Not_Target,Not_Target,Not_Target
ebra13094.t1,Not_Target,Not_Target,Not_Target
ebra13095.t1,Not_Target,Not_Target,Not_Target
ebra13971.t1,Not_Target,Not_Target,Not_Target
ebra13972.t1,Myosin_5,Myosin_5,Not_Target
ebra13973.t1,Not_Target,Not_Target,Not_Target
ebra13974.t1,Not_Target,Not_Target,Not_Target
ebra13975.t1,Not_Target,Not_Target,Not_Target
ebra13976.t1,Not_Target,Not_Target,Myosin_8
ebra13977.t1,Not_Target,Not_Target,Not_Target
ebra13978.t1,Not_Target,Not_Target,Not_Target
ebra13979.t1,Myosin_1,Myosin_1,Myosin_24
ebra13980.t1,Not_Target,Not_Target,Not_Target
ebra13981.t1,Myosin_15,Myosin_7,Myosin_5
ebra13982.t1,Not_Target,Not_Target,Not_Target
ebra13983.t1,Not_Target,Not_Target,Not_Target
ebra13984.t1,Not_Target,Not_Target,Not_Target
ebra13985.t1,Myosin_45,Not_Target,Myosin_3
ebra13986.t1,Not_Target,Not_Target,Myosin_5
ebra13987.t1,Not_Target,Not_Target,Not_Target
ebra13988.t1,Not_Target,Not_Target,Not_Target
ebra13989.t1,Not_Target,Not_Target,Myosin_1
ebra13990.t1,Not_Target,Not_Target,Not_Target
ebra59.t1,Not_Target,Myosin_28,Not_Target
ebra60.t1,Not_Target,Not_Target,Not_Target
ebra61.t1,Myosin_5,Not_Target,Not_Target
ebra62.t1,Myosin_37,Not_Target,Myosin_6
ebra63.t1,Not_Target,Not_Target,Myosin_1
ebra64.t1,Not_Target,Not_Target,Not_Target
ebra65.t1,Not_Target,Not_Target,Not_Target
ebra66.t1,Not_Target,Myosin_18,Myosin_48
ebra67.t1,Not_Target,Not_Target,Not_Target
ebra68.t1,Myosin_19,Myosin_1,Myosin_1
ebra69.t1,Myosin_27,Not_Target,Not_Target
ebra70.t1,Myosin_31,Not_Target,Not_Target
ebra71.t1,Myosin_45,Not_Target,Not_Target
ebra72.t1,Not_Target,Not_Target,Not_Target
ebra73.t1,Not_Target,Not_Target,Not_Target
ebra74.t1,Myosin_23,Not_Target,Myosin_4
ebra75.t1,Not_Target,Not_Target,Not_Target
ebra76.t1,Not_Target,Not_Target,Not_Target
ebra77.t1,Not_Target,Myosin_8,Not_Target
ebra78.t1,Myosin_2,Myosin_6,Not_Target
ebra79.t1,Myosin_5,Not_Target,Myosin_5
ebra80.t1,Myosin_45,Not_Target,Myosin_11
ebra81.t1,Myosin_37,Not_Target,Not_Target
ebra82.t1,Myosin_57,Not_Target,Myosin_14
ebra83.t1,Myosin_18,Myosin_28,Myosin_11
ebra84.t1,Myosin_18,Myosin_29,Myosin_22
ebra85.t1,Myosin_30,Myosin_1,Not_Target
ebra86.t1,Myosin_45,Not_Target,Not_Target
ebra87.t1,Myosin_45,Myosin_45,Myosin_3
ebra88.t1,Not_Target,Not_Target,Not_Target
ebra89.t1,Myosin_2,Not_Target,Not_Target
ebra90.t1,Not_Target,Myosin_26,Myosin_48
ebra91.t1,Not_Target,Not_Target,Myosin_3
ebra92.t1,Not_Target,Not_Target,Not_Target
ebra18081.t1,Not_Target,Not_Target,Not_Target
ebra18082.t1,Myosin_17,Not_Target,Not_Target
ebra18083.t1,Myosin_17,Not_Target,Myosin_64
ebra18084.t1,Myosin_19,Not_Target,Not_Target
ebra18085.t1,Not_Target,Myosin_17,Myosin_8
ebra18086.t1,Myosin_37,Myosin_5,Myosin_2
ebra18087.t1,Not_Target,Not_Target,Not_Target
ebra18088.t1,Not_Target,Not_Target,Not_Target
ebra18089.t1,Not_Target,Not_Target,Not_Target
ebra18090.t1,Not_Target,Not_Target,Not_Target
ebra18091.t1,Not_Target,Not_Target,Not_Target
ebra18092.t1,Not_Target,Myosin_17,Myosin_30
ebra18093.t1,Not_Target,Not_Target,Not_Target
ebra18094.t1,Myosin_5,Not_Target,Myosin_19
ebra18095.t1,Not_Target,Not_Target,Not_Target
ebra18096.t1,Not_Target,Not_Target,Not_Target
ebra12905.t1,Not_Target,Myosin_27,Not_Target
ebra12906.t1,Not_Target,Not_Target,Not_Target
ebra12907.t1,Myosin_1,Not_Target,Myosin_1
ebra12908.t1,Not_Target,Not_Target,Not_Target
ebra12909.t1,Myosin_9,Myosin_22,Myosin_22
ebra12910.t1,Not_Target,Not_Target,Not_Target
ebra12911.t1,Not_Target,Not_Target,Not_Target
ebra12912.t1,Not_Target,Not_Target,Not_Target
ebra12913.t1,Not_Target,Not_Target,Not_Target
ebra12914.t1,Not_Target,Myosin_1,Myosin_14
ebra12915.t1,Not_Target,Not_Target,Not_Target
ebra12916.t1,Not_Target,Not_Target,Not_Target
ebra12917.t1,Not_Target,Not_Target,Not_Target
ebra12918.t1,Not_Target,Not_Target,Not_Target
ebra12919.t1,Myosin_1,Myosin_1,Myosin_1
ebra12920.t1,Not_Target,Not_Target,Not_Target
ebra12921.t1,Not_Target,Not_Target,Not_Target
ebra12922.t1,Not_Target,Myosin_18,Not_Target
ebra12923.t1,Not_Target,Not_Target,Not_Target
ebra12924.t1,Myosin_57,Myosin_43,Myosin_2
ebra12925.t1,Not_Target,Not_Target,Not_Target
ebra12926.t1,Myosin_74,Myosin_74,Myosin_9
ebra12927.t1,Not_Target,Not_Target,Not_Target
ebra12928.t1,Not_Target,Not_Target,Not_Target
ebra12929.t1,Not_Target,Not_Target,Not_Target
ebra12930.t1,Not_Target,Not_Target,Myosin_2
ebra12931.t1,Not_Target,Not_Target,Not_Target
ebra12932.t1,Myosin_70,Not_Target,Not_Target
ebra12933.t1,Not_Target,Myosin_16,Myosin_1
ebra12783.t1,Not_Target,Not_Target,Not_Target
ebra12784.t1,Not_Target,Not_Target,Not_Target
ebra12785.t1,Not_Target,Not_Target,Not_Target
ebra12786.t1,Myosin_37,Not_Target,Not_Target
ebra12787.t1,Not_Target,Not_Target,Not_Target
ebra12788.t1,Myosin_15,Myosin_7,Myosin_5
ebra12789.t1,Not_Target,Not_Target,Not_Target
ebra12790.t1,Not_Target,Myosin_1,Myosin_15
ebra12791.t1,Myosin_30,Myosin_1,Myosin_66
ebra12792.t1,Not_Target,Myosin_5,Myosin_64
ebra12793.t1,Not_Target,Not_Target,Myosin_16
ebra12794.t1,Not_Target,Not_Target,Not_Target
ebra12795.t1,Myosin_6,Myosin_1,Not_Target
ebra12796.t1,Not_Target,Not_Target,Not_Target
ebra12797.t1,Not_Target,Not_Target,Myosin_5
ebra12798.t1,Myosin_27,Myosin_28,Not_Target
ebra12799.t1,Myosin_45,Not_Target,Myosin_16
ebra12800.t1,Not_Target,Not_Target,Myosin_17
ebra12801.t1,Not_Target,Not_Target,Not_Target
ebra12802.t1,Not_Target,Not_Target,Not_Target
ebra9398.t1,Not_Target,Not_Target,Not_Target
ebra9399.t1,Myosin_16,Not_Target,Myosin_57
ebra9400.t1,Not_Target,Not_Target,Not_Target
ebra9401.t1,Myosin_2,Not_Target,Myosin_8
ebra9402.t1,Not_Target,Not_Target,Not_Target
ebra9403.t1,Not_Target,Not_Target,Not_Target
ebra9404.t1,Not_Target,Not_Target,Not_Target
ebra9405.t1,Not_Target,Not_Target,Not_Target
ebra9406.t1,Not_Target,Myosin_19,Not_Target
ebra9407.t1,Not_Target,Not_Target,Myosin_13
ebra9408.t1,Myosin_37,Myosin_6,Myosin_37
ebra9409.t1,Not_Target,Not_Target,Not_Target
ebra9410.t1,Not_Target,Not_Target,Myosin_37
ebra9411.t1,Not_Target,Not_Target,Myosin_57
ebra9412.t1,Not_Target,Not_Target,Not_Target
ebra9413.t1,Not_Target,Not_Target,Myosin_57
ebra9414.t1,Myosin_6,Myosin_6,Myosin_1
ebra9415.t1,Not_Target,Not_Target,Myosin_43
ebra9416.t1,Not_Target,Not_Target,Myosin_64
ebra9417.t1,Not_Target,Not_Target,Not_Target
ebra9418.t1,Not_Target,Not_Target,Myosin_8
ebra9419.t1,Myosin_5,Myosin_26,Not_Target
ebra9420.t1,Myosin_45,Myosin_17,Not_Target
ebra9421.t1,Not_Target,Not_Target,Not_Target
ebra9422.t1,Not_Target,Not_Target,Not_Target
ebra9423.t1,Not_Target,Not_Target,Not_Target
ebra5872.t1,Not_Target,Not_Target,Not_Target
ebra5873.t1,Not_Target,Not_Target,Myosin_26
ebra5874.t1,Myosin_16,Not_Target,Myosin_16
ebra5875.t1,Myosin_57,Myosin_18,Myosin_9
ebra5876.t1,Not_Target,Myosin_57,Myosin_19
ebra5877.t1,Myosin_45,Not_Target,Not_Target
ebra5878.t1,Not_Target,Not_Target,Not_Target
ebra5879.t1,Not_Target,Not_Target,Not_Target
ebra5880.t1,Not_Target,Not_Target,Not_Target
ebra5881.t1,Not_Target,Not_Target,Not_Target
ebra5882.t1,Myosin_57,Not_Target,Myosin_8
ebra5883.t1,Myosin_17,Not_Target,Not_Target
ebra5884.t1,Not_Target,Not_Target,Not_Target
ebra5885.t1,Not_Target,Not_Target,Not_Target
ebra5886.t1,Not_Target,Not_Target,Not_Target
ebra5887.t1,Not_Target,Not_Target,Not_Target
ebra5888.t1,Not_Target,Myosin_1,Myosin_1
ebra5889.t1,Not_Target,Not_Target,Not_Target
ebra5890.t1,Not_Target,Not_Target,Not_Target
ebra5891.t1,Not_Target,Not_Target,Not_Target
ebra5892.t1,Not_Target,Not_Target,Not_Target
ebra5893.t1,Not_Target,Not_Target,Not_Target
ebra5894.t1,Not_Target,Not_Target,Not_Target
ebra5895.t1,Not_Target,Not_Target,Not_Target
ebra7708.t1,Not_Target,Not_Target,Myosin_15
ebra7709.t1,Not_Target,Not_Target,Not_Target
ebra7710.t1,Myosin_5,Not_Target,Not_Target
ebra7711.t1,Not_Target,Not_Target,Not_Target
ebra7712.t1,Myosin_45,Myosin_45,Not_Target
ebra7713.t1,Not_Target,Not_Target,Not_Target
ebra7714.t1,Not_Target,Not_Target,Not_Target
ebra7715.t1,Not_Target,Not_Target,Not_Target
ebra7716.t1,Myosin_18,Myosin_18,Not_Target
ebra7717.t1,Myosin_37,Myosin_22,Myosin_5
ebra7718.t1,Not_Target,Not_Target,Not_Target
ebra7719.t1,Not_Target,Not_Target,Not_Target
ebra7720.t1,Not_Target,Not_Target,Not_Target
ebra7721.t1,Myosin_37,Myosin_22,Myosin_5
ebra7722.t1,Not_Target,Not_Target,Not_Target
ebra7723.t1,Not_Target,Myosin_1,Not_Target
ebra7724.t1,Myosin_51,Myosin_51,Myosin_2
ebra7725.t1,Not_Target,Not_Target,Not_Target
ebra7726.t1,Not_Target,Not_Target,Myosin_6
ebra7727.t1,Not_Target,Not_Target,Not_Target
ebra6603.t1,Not_Target,Not_Target,Myosin_1
ebra6604.t1,Not_Target,Not_Target,Myosin_17
ebra6605.t1,Not_Target,Not_Target,Not_Target
ebra6606.t1,Not_Target,Not_Target,Not_Target
ebra6607.t1,Myosin_26,Not_Target,Not_Target
ebra6608.t1,Myosin_2,Not_Target,Not_Target
ebra6609.t1,Not_Target,Myosin_22,Not_Target
ebra6610.t1,Not_Target,Not_Target,Not_Target
ebra6611.t1,Not_Target,Not_Target,Not_Target
ebra6612.t1,Not_Target,Not_Target,Not_Target
ebra6613.t1,Not_Target,Myosin_8,Not_Target
ebra6614.t1,Not_Target,Not_Target,Not_Target
ebra6615.t1,Myosin_46,Not_Target,Myosin_24
ebra6616.t1,Not_Target,Not_Target,Not_Target
ebra6617.t1,Not_Target,Not_Target,Not_Target
ebra6618.t1,Myosin_17,Myosin_17,Myosin_51
ebra6619.t1,Not_Target,Myosin_57,Myosin_51
ebra6620.t1,Not_Target,Not_Target,Not_Target
ebra6621.t1,Not_Target,Not_Target,Not_Target
ebra6622.t1,Not_Target,Not_Target,Not_Target
ebra6623.t1,Not_Target,Not_Target,Not_Target
ebra6624.t1,Myosin_51,Not_Target,Myosin_64
ebra6625.t1,Not_Target,Not_Target,Not_Target
ebra6626.t1,Not_Target,Not_Target,Not_Target
ebra6627.t1,Myosin_26,Myosin_26,Myosin_1
ebra6628.t1,Not_Target,Not_Target,Not_Target
ebra6629.t1,Not_Target,Not_Target,Not_Target
ebra1358.t1,Not_Target,Not_Target,Not_Target
ebra1359.t1,Myosin_15,Myosin_5,Myosin_5
ebra1360.t1,Myosin_36,Myosin_77,Myosin_36
ebra1361.t1,Not_Target,Not_Target,Not_Target
ebra1362.t1,Not_Target,Not_Target,Not_Target
ebra1363.t1,Myosin_45,Not_Target,Myosin_16
ebra1364.t1,Myosin_18,Myosin_18,Not_Target
ebra1365.t1,Not_Target,Not_Target,Not_Target
ebra1366.t1,Not_Target,Not_Target,Not_Target
ebra1367.t1,Myosin_45,Myosin_43,Not_Target
ebra1368.t1,Myosin_36,Myosin_36,Myosin_36
ebra1369.t1,Not_Target,Not_Target,Not_Target
ebra1370.t1,Myosin_28,Myosin_28,Myosin_1
ebra1371.t1,Myosin_30,Myosin_30,Myosin_4
ebra2084.t1,Not_Target,Not_Target,Not_Target
ebra2085.t1,Not_Target,Not_Target,Not_Target
ebra2086.t1,Not_Target,Not_Target,Myosin_34
ebra2087.t1,Not_Target,Not_Target,Not_Target
ebra2088.t1,Myosin_45,Not_Target,Not_Target
ebra2089.t1,Not_Target,Not_Target,Not_Target
ebra2090.t1,Myosin_45,Myosin_29,Not_Target
ebra2091.t1,Not_Target,Not_Target,Not_Target
ebra2092.t1,Myosin_45,Myosin_26,Myosin_31
ebra2093.t1,Myosin_15,Myosin_15,Myosin_15
ebra2094.t1,Not_Target,Not_Target,Not_Target
ebra2095.t1,Not_Target,Not_Target,Not_Target
ebra2096.t1,Not_Target,Not_Target,Not_Target
ebra2097.t1,Not_Target,Not_Target,Not_Target
ebra2098.t1,Not_Target,Not_Target,Not_Target
ebra2099.t1,Not_Target,Myosin_5,Not_Target
ebra2100.t1,Not_Target,Not_Target,Not_Target
ebra2101.t1,Myosin_26,Myosin_51,Myosin_18
ebra2102.t1,Myosin_45,Myosin_50,Not_Target
ebra2103.t1,Not_Target,Myosin_57,Not_Target
ebra2104.t1,Not_Target,Not_Target,Not_Target
ebra2105.t1,Not_Target,Not_Target,Myosin_19
ebra2106.t1,Not_Target,Not_Target,Not_Target
ebra2107.t1,Not_Target,Not_Target,Not_Target
ebra2108.t1,Not_Target,Myosin_57,Not_Target
ebra811.t1,Not_Target,Not_Target,Not_Target
ebra812.t1,Not_Target,Not_Target,Not_Target
ebra813.t1,Not_Target,Not_Target,Not_Target
ebra814.t1,Not_Target,Not_Target,Not_Target
ebra815.t1,Not_Target,Not_Target,Not_Target
ebra816.t1,Not_Target,Not_Target,Not_Target
ebra817.t1,Myosin_6,Myosin_22,Myosin_1
ebra818.t1,Myosin_2,Not_Target,Not_Target
ebra819.t1,Not_Target,Not_Target,Not_Target
ebra820.t1,Not_Target,Myosin_1,Not_Target
ebra821.t1,Not_Target,Not_Target,Not_Target
ebra822.t1,Not_Target,Not_Target,Not_Target
ebra823.t1,Myosin_15,Myosin_26,Myosin_17
ebra824.t1,Myosin_2,Not_Target,Myosin_2
ebra825.t1,Not_Target,Myosin_28,Not_Target
ebra826.t1,Myosin_19,Not_Target,Myosin_19
ebra827.t1,Not_Target,Not_Target,Not_Target
ebra828.t1,Not_Target,Not_Target,Not_Target
ebra829.t1,Myosin_45,Myosin_19,Not_Target
ebra830.t1,Not_Target,Not_Target,Not_Target
ebra831.t1,Not_Target,Not_Target,Myosin_24
ebra832.t1,Not_Target,Not_Target,Not_Target
ebra9857.t1,Not_Target,Not_Target,Myosin_37
ebra9858.t1,Not_Target,Not_Target,Not_Target
ebra9859.t1,Not_Target,Not_Target,Not_Target
ebra9860.t1,Not_Target,Not_Target,Not_Target
ebra9861.t1,Not_Target,Not_Target,Not_Target
ebra9862.t1,Not_Target,Not_Target,Myosin_2
ebra9863.t1,Not_Target,Not_Target,Myosin_5
ebra9864.t1,Not_Target,Not_Target,Not_Target
ebra9865.t1,Not_Target,Not_Target,Not_Target
ebra9866.t1,Not_Target,Not_Target,Not_Target
ebra9867.t1,Not_Target,Not_Target,Myosin_8
ebra9868.t1,Not_Target,Not_Target,Myosin_9
ebra9869.t1,Not_Target,Myosin_17,Not_Target
ebra9870.t1,Not_Target,Not_Target,Not_Target
ebra9871.t1,Not_Target,Not_Target,Not_Target
ebra9872.t1,Myosin_23,Myosin_23,Not_Target
ebra9873.t1,Myosin_19,Myosin_28,Myosin_46
ebra9874.t1,Myosin_45,Myosin_16,Myosin_18
ebra9875.t1,Not_Target,Not_Target,Not_Target
ebra9876.t1,Not_Target,Not_Target,Not_Target
ebra9877.t1,Myosin_6,Myosin_6,Not_Target
ebra9878.t1,Not_Target,Not_Target,Not_Target
ebra835.t1,Myosin_5,Myosin_26,Myosin_1
ebra836.t1,Not_Target,Not_Target,Not_Target
ebra837.t1,Not_Target,Not_Target,Myosin_58
ebra838.t1,Not_Target,Not_Target,Myosin_34
ebra839.t1,Not_Target,Not_Target,Not_Target
ebra840.t1,Not_Target,Not_Target,Not_Target
ebra841.t1,Not_Target,Not_Target,Not_Target
ebra842.t1,Not_Target,Not_Target,Not_Target
ebra843.t1,Not_Target,Not_Target,Not_Target
ebra844.t1,Not_Target,Myosin_54,Not_Target
ebra845.t1,Not_Target,Myosin_17,Not_Target
ebra846.t1,Myosin_5,Myosin_5,Myosin_5
ebra847.t1,Not_Target,Not_Target,Not_Target
ebra848.t1,Not_Target,Not_Target,Myosin_31
ebra849.t1,Not_Target,Not_Target,Myosin_20
ebra850.t1,Not_Target,Not_Target,Not_Target
ebra851.t1,Not_Target,Myosin_18,Not_Target
ebra852.t1,Not_Target,Not_Target,Not_Target
ebra853.t1,Not_Target,Myosin_16,Not_Target
ebra854.t1,Not_Target,Not_Target,Not_Target
ebra855.t1,Not_Target,Not_Target,Myosin_4
ebra856.t1,Not_Target,Not_Target,Not_Target
ebra857.t1,Myosin_57,Myosin_57,Myosin_57
ebra858.t1,Not_Target,Myosin_6,Not_Target
ebra859.t1,Not_Target,Not_Target,Not_Target
ebra860.t1,Myosin_17,Not_Target,Myosin_20
ebra861.t1,Myosin_51,Not_Target,Myosin_2
ebra862.t1,Not_Target,Not_Target,Myosin_1
ebra863.t1,Not_Target,Not_Target,Not_Target
ebra864.t1,Myosin_45,Not_Target,Not_Target
ebra865.t1,Not_Target,Not_Target,Myosin_1
ebra866.t1,Not_Target,Not_Target,Not_Target
ebra867.t1,Not_Target,Myosin_5,Not_Target
ebra868.t1,Not_Target,Not_Target,Myosin_36
ebra869.t1,Not_Target,Not_Target,Myosin_36
ebra870.t1,Not_Target,Not_Target,Myosin_57
ebra871.t1,Not_Target,Not_Target,Myosin_3
ebra872.t1,Myosin_45,Not_Target,Not_Target
ebra873.t1,Myosin_2,Not_Target,Not_Target
ebra17905.t1,Not_Target,Myosin_2,Not_Target
ebra17906.t1,Myosin_32,Myosin_22,Myosin_15
ebra17907.t1,Myosin_18,Myosin_18,Myosin_53
ebra17908.t1,Not_Target,Myosin_57,Myosin_18
ebra17909.t1,Myosin_26,Myosin_51,Myosin_20
ebra17910.t1,Not_Target,Myosin_19,Not_Target
ebra17911.t1,Not_Target,Not_Target,Not_Target
ebra17912.t1,Myosin_18,Myosin_18,Myosin_18
ebra17913.t1,Not_Target,Myosin_19,Not_Target
ebra17914.t1,Not_Target,Not_Target,Not_Target
ebra17915.t1,Not_Target,Not_Target,Myosin_19
ebra17916.t1,Not_Target,Not_Target,Not_Target
ebra17917.t1,Myosin_19,Not_Target,Not_Target
ebra17918.t1,Myosin_19,Not_Target,Not_Target
ebra17919.t1,Not_Target,Not_Target,Myosin_20
ebra17920.t1,Myosin_3,Myosin_3,Myosin_1
ebra18415.t1,Not_Target,Not_Target,Not_Target
ebra18416.t1,Not_Target,Not_Target,Not_Target
ebra18417.t1,Not_Target,Myosin_57,Not_Target
ebra18418.t1,Not_Target,Myosin_57,Myosin_2
ebra18419.t1,Myosin_18,Not_Target,Myosin_4
ebra18420.t1,Not_Target,Not_Target,Myosin_3
ebra18421.t1,Not_Target,Not_Target,Not_Target
ebra18422.t1,Not_Target,Not_Target,Not_Target
ebra18423.t1,Myosin_1,Myosin_1,Not_Target
ebra18424.t1,Not_Target,Not_Target,Not_Target
ebra18425.t1,Not_Target,Not_Target,Not_Target
ebra18426.t1,Myosin_22,Myosin_25,Myosin_14
ebra18427.t1,Not_Target,Myosin_2,Not_Target
ebra18428.t1,Not_Target,Not_Target,Not_Target
ebra18429.t1,Not_Target,Myosin_11,Not_Target
ebra18430.t1,Myosin_17,Myosin_7,Myosin_17
ebra18431.t1,Not_Target,Not_Target,Not_Target
ebra18432.t1,Not_Target,Not_Target,Not_Target
ebra18433.t1,Not_Target,Not_Target,Not_Target
ebra18434.t1,Myosin_19,Myosin_19,Myosin_57
ebra18435.t1,Not_Target,Myosin_7,Not_Target
ebra18436.t1,Not_Target,Not_Target,Not_Target
ebra14381.t1,Not_Target,Not_Target,Myosin_36
ebra14382.t1,Myosin_45,Myosin_17,Not_Target
ebra14383.t1,Not_Target,Myosin_23,Not_Target
ebra14384.t1,Not_Target,Not_Target,Myosin_8
ebra14385.t1,Myosin_45,Myosin_17,Not_Target
ebra14386.t1,Not_Target,Not_Target,Myosin_36
ebra14387.t1,Not_Target,Not_Target,Not_Target
ebra14388.t1,Not_Target,Not_Target,Myosin_37
ebra14389.t1,Not_Target,Not_Target,Not_Target
ebra14390.t1,Myosin_37,Not_Target,Myosin_2
ebra14391.t1,Not_Target,Not_Target,Myosin_57
ebra14392.t1,Not_Target,Not_Target,Not_Target
ebra14393.t1,Myosin_22,Myosin_28,Myosin_4
ebra14394.t1,Not_Target,Not_Target,Not_Target
ebra14395.t1,Not_Target,Myosin_1,Not_Target
ebra14396.t1,Not_Target,Not_Target,Not_Target
ebra14397.t1,Not_Target,Not_Target,Myosin_22
ebra14398.t1,Not_Target,Myosin_16,Not_Target
ebra14399.t1,Not_Target,Not_Target,Not_Target
ebra14400.t1,Myosin_5,Not_Target,Not_Target
ebra14401.t1,Myosin_19,Not_Target,Myosin_19
ebra14402.t1,Not_Target,Not_Target,Myosin_51
ebra14403.t1,Not_Target,Not_Target,Not_Target
ebra14404.t1,Not_Target,Not_Target,Not_Target
ebra14405.t1,Myosin_6,Myosin_6,Myosin_37
ebra14406.t1,Not_Target,Not_Target,Myosin_15
ebra14407.t1,Not_Target,Not_Target,Not_Target
ebra14408.t1,Myosin_57,Not_Target,Not_Target
ebra10770.t1,Not_Target,Not_Target,Not_Target
ebra10771.t1,Not_Target,Myosin_51,Myosin_2
ebra10772.t1,Myosin_25,Not_Target,Myosin_8
ebra10773.t1,Not_Target,Not_Target,Not_Target
ebra10774.t1,Myosin_74,Not_Target,Myosin_24
ebra10775.t1,Myosin_44,Myosin_44,Myosin_3
ebra10776.t1,Not_Target,Not_Target,Not_Target
ebra10777.t1,Not_Target,Not_Target,Myosin_57
ebra10778.t1,Not_Target,Not_Target,Not_Target
ebra10779.t1,Not_Target,Not_Target,Myosin_20
ebra10780.t1,Not_Target,Not_Target,Not_Target
ebra10781.t1,Myosin_16,Not_Target,Myosin_16
ebra10782.t1,Myosin_15,Myosin_15,Myosin_44
ebra10783.t1,Not_Target,Myosin_3,Myosin_5
ebra10784.t1,Not_Target,Not_Target,Not_Target
ebra10785.t1,Not_Target,Not_Target,Not_Target
ebra19377.t1,Myosin_20,Myosin_44,Myosin_20
ebra19378.t1,Myosin_15,Myosin_15,Myosin_15
ebra19379.t1,Myosin_51,Not_Target,Myosin_51
ebra19380.t1,Myosin_44,Myosin_44,Myosin_18
ebra19381.t1,Not_Target,Not_Target,Not_Target
ebra19382.t1,Not_Target,Not_Target,Not_Target
ebra19383.t1,Not_Target,Not_Target,Not_Target
ebra19384.t1,Not_Target,Myosin_24,Not_Target
ebra19385.t1,Not_Target,Not_Target,Not_Target
ebra19386.t1,Not_Target,Not_Target,Not_Target
ebra19387.t1,Not_Target,Not_Target,Not_Target
ebra19388.t1,Not_Target,Not_Target,Myosin_36
ebra19389.t1,Myosin_6,Myosin_3,Not_Target
ebra19390.t1,Not_Target,Not_Target,Not_Target
ebra19391.t1,Not_Target,Not_Target,Not_Target
ebra19392.t1,Myosin_6,Myosin_6,Not_Target
ebra19393.t1,Not_Target,Myosin_18,Not_Target
ebra19394.t1,Myosin_17,Myosin_17,Myosin_5
ebra19395.t1,Not_Target,Not_Target,Not_Target
ebra19396.t1,Not_Target,Not_Target,Not_Target
ebra19397.t1,Not_Target,Myosin_19,Not_Target
ebra20398.t1,Myosin_2,Not_Target,Myosin_51
ebra20399.t1,Not_Target,Not_Target,Not_Target
ebra20400.t1,Not_Target,Myosin_5,Not_Target
ebra20401.t1,Not_Target,Not_Target,Not_Target
ebra20402.t1,Myosin_2,Not_Target,Myosin_51
ebra20403.t1,Not_Target,Not_Target,Not_Target
ebra20404.t1,Not_Target,Not_Target,Not_Target
ebra20405.t1,Not_Target,Not_Target,Not_Target
ebra20406.t1,Myosin_18,Myosin_18,Myosin_18
ebra20407.t1,Not_Target,Not_Target,Not_Target
ebra20408.t1,Not_Target,Not_Target,Not_Target
ebra20409.t1,Not_Target,Not_Target,Not_Target
ebra20410.t1,Myosin_2,Not_Target,Myosin_2
ebra20411.t1,Myosin_45,Myosin_45,Myosin_27
ebra20412.t1,Myosin_6,Myosin_6,Myosin_5
ebra20413.t1,Not_Target,Not_Target,Not_Target
ebra20414.t1,Not_Target,Not_Target,Not_Target
ebra20415.t1,Not_Target,Not_Target,Not_Target
ebra20416.t1,Myosin_5,Myosin_5,Not_Target
ebra20417.t1,Not_Target,Myosin_18,Myosin_1
ebra20418.t1,Myosin_57,Not_Target,Myosin_1
ebra20419.t1,Not_Target,Not_Target,Not_Target
ebra20420.t1,Myosin_15,Myosin_15,Myosin_15
ebra19248.t1,Not_Target,Not_Target,Not_Target
ebra19249.t1,Not_Target,Not_Target,Not_Target
ebra19250.t1,Myosin_37,Not_Target,Not_Target
ebra19251.t1,Myosin_37,Myosin_23,Not_Target
ebra19252.t1,Myosin_15,Myosin_15,Myosin_15
ebra19253.t1,Not_Target,Myosin_5,Not_Target
ebra19254.t1,Not_Target,Not_Target,Not_Target
ebra19255.t1,Myosin_1,Myosin_1,Myosin_1
ebra19256.t1,Myosin_5,Myosin_5,Myosin_24
ebra19257.t1,Not_Target,Myosin_6,Not_Target
ebra19258.t1,Myosin_15,Myosin_23,Myosin_2
ebra19259.t1,Not_Target,Not_Target,Not_Target
ebra19260.t1,Not_Target,Not_Target,Myosin_1
ebra19261.t1,Not_Target,Not_Target,Not_Target
ebra19262.t1,Not_Target,Not_Target,Not_Target
ebra19263.t1,Myosin_2,Myosin_2,Not_Target
ebra19264.t1,Not_Target,Myosin_18,Not_Target
ebra19265.t1,Not_Target,Not_Target,Not_Target
ebra19266.t1,Not_Target,Not_Target,Myosin_20
ebra19267.t1,Not_Target,Myosin_28,Not_Target
ebra19268.t1,Not_Target,Not_Target,Not_Target
ebra19269.t1,Not_Target,Not_Target,Not_Target
ebra19270.t1,Not_Target,Not_Target,Not_Target
ebra19271.t1,Not_Target,Not_Target,Not_Target
ebra19272.t1,Myosin_2,Not_Target,Not_Target
ebra2113.t1,Not_Target,Not_Target,Not_Target
ebra2114.t1,Not_Target,Not_Target,Myosin_3
ebra2115.t1,Not_Target,Not_Target,Not_Target
ebra2116.t1,Not_Target,Not_Target,Not_Target
ebra2117.t1,Not_Target,Not_Target,Not_Target
ebra2118.t1,Not_Target,Not_Target,Not_Target
ebra2119.t1,Not_Target,Myosin_19,Myosin_19
ebra2120.t1,Myosin_44,Myosin_22,Myosin_9
ebra2121.t1,Not_Target,Not_Target,Not_Target
ebra2122.t1,Not_Target,Not_Target,Not_Target
ebra2123.t1,Not_Target,Not_Target,Not_Target
ebra2124.t1,Not_Target,Not_Target,Not_Target
ebra2125.t1,Myosin_2,Myosin_2,Myosin_2
ebra2126.t1,Not_Target,Not_Target,Not_Target
ebra2127.t1,Not_Target,Not_Target,Myosin_2
ebra2128.t1,Not_Target,Not_Target,Not_Target
ebra2129.t1,Myosin_17,Myosin_9,Myosin_73
ebra2130.t1,Myosin_17,Myosin_9,Myosin_13
ebra6442.t1,Not_Target,Myosin_5,Not_Target
ebra6443.t1,Not_Target,Not_Target,Not_Target
ebra6444.t1,Not_Target,Not_Target,Not_Target
ebra6445.t1,Myosin_15,Myosin_15,Myosin_31
ebra6446.t1,Not_Target,Not_Target,Not_Target
ebra6447.t1,Not_Target,Not_Target,Not_Target
ebra6448.t1,Myosin_5,Myosin_6,Myosin_1
ebra6449.t1,Not_Target,Myosin_16,Not_Target
ebra6450.t1,Not_Target,Myosin_1,Not_Target
ebra6451.t1,Myosin_15,Not_Target,Myosin_16
ebra6452.t1,Not_Target,Myosin_14,Not_Target
ebra6453.t1,Not_Target,Not_Target,Not_Target
ebra6454.t1,Myosin_70,Not_Target,Not_Target
ebra6455.t1,Not_Target,Not_Target,Not_Target
ebra6456.t1,Not_Target,Not_Target,Not_Target
ebra6457.t1,Not_Target,Not_Target,Not_Target
ebra6458.t1,Not_Target,Not_Target,Not_Target
ebra6459.t1,Not_Target,Not_Target,Not_Target
ebra12666.t1,Not_Target,Not_Target,Not_Target
ebra12667.t1,Not_Target,Myosin_18,Not_Target
ebra12668.t1,Not_Target,Not_Target,Not_Target
ebra12669.t1,Myosin_36,Myosin_17,Myosin_20
ebra12670.t1,Myosin_51,Not_Target,Not_Target
ebra12671.t1,Myosin_4,Myosin_15,Myosin_15
ebra12672.t1,Myosin_17,Myosin_17,Myosin_30
ebra12673.t1,Not_Target,Not_Target,Not_Target
ebra12674.t1,Not_Target,Myosin_3,Myosin_2
ebra12675.t1,Not_Target,Not_Target,Not_Target
ebra12676.t1,Not_Target,Not_Target,Not_Target
ebra12677.t1,Not_Target,Not_Target,Not_Target
ebra12678.t1,Not_Target,Myosin_16,Not_Target
ebra12679.t1,Not_Target,Not_Target,Not_Target
ebra12680.t1,Myosin_16,Not_Target,Myosin_1
ebra12681.t1,Myosin_18,Myosin_15,Myosin_24
ebra12682.t1,Not_Target,Myosin_6,Myosin_4
ebra12683.t1,Not_Target,Not_Target,Myosin_19
ebra12684.t1,Not_Target,Not_Target,Not_Target
ebra12685.t1,Not_Target,Not_Target,Not_Target
ebra12686.t1,Not_Target,Not_Target,Not_Target
ebra12687.t1,Not_Target,Not_Target,Not_Target
ebra11352.t1,Not_Target,Not_Target,Not_Target
ebra11353.t1,Myosin_37,Myosin_37,Not_Target
ebra11354.t1,Not_Target,Not_Target,Not_Target
ebra11355.t1,Not_Target,Not_Target,Not_Target
ebra11356.t1,Not_Target,Myosin_5,Myosin_80
ebra11357.t1,Not_Target,Not_Target,Not_Target
ebra11358.t1,Myosin_22,Myosin_1,Myosin_9
ebra11359.t1,Not_Target,Not_Target,Not_Target
ebra11360.t1,Not_Target,Not_Target,Not_Target
ebra11361.t1,Not_Target,Not_Target,Not_Target
ebra11362.t1,Myosin_7,Myosin_7,Not_Target
ebra11363.t1,Not_Target,Not_Target,Not_Target
ebra11364.t1,Myosin_26,Myosin_16,Myosin_27
ebra11365.t1,Myosin_1,Myosin_1,Myosin_1
ebra11366.t1,Myosin_57,Myosin_37,Not_Target
ebra12344.t1,Not_Target,Not_Target,Not_Target
ebra12345.t1,Not_Target,Not_Target,Not_Target
ebra12346.t1,Not_Target,Not_Target,Not_Target
ebra12347.t1,Not_Target,Not_Target,Myosin_17
ebra12348.t1,Not_Target,Not_Target,Myosin_17
ebra12349.t1,Not_Target,Myosin_18,Myosin_71
ebra12350.t1,Not_Target,Myosin_1,Not_Target
ebra12351.t1,Not_Target,Not_Target,Not_Target
ebra12352.t1,Not_Target,Not_Target,Not_Target
ebra12353.t1,Not_Target,Myosin_2,Not_Target
ebra12354.t1,Not_Target,Myosin_57,Myosin_5
ebra12355.t1,Not_Target,Not_Target,Not_Target
ebra12356.t1,Not_Target,Not_Target,Not_Target
ebra12357.t1,Myosin_36,Not_Target,Myosin_30
ebra12358.t1,Not_Target,Not_Target,Not_Target
ebra12359.t1,Not_Target,Not_Target,Not_Target
ebra12360.t1,Not_Target,Not_Target,Not_Target
ebra12361.t1,Myosin_5,Myosin_5,Myosin_53
ebra12362.t1,Not_Target,Not_Target,Not_Target
ebra12363.t1,Not_Target,Not_Target,Not_Target
ebra12364.t1,Not_Target,Not_Target,Not_Target
ebra12365.t1,Not_Target,Not_Target,Not_Target
ebra12366.t1,Not_Target,Myosin_17,Not_Target
ebra12367.t1,Not_Target,Not_Target,Not_Target
ebra12368.t1,Not_Target,Not_Target,Not_Target
ebra12369.t1,Not_Target,Not_Target,Not_Target
ebra12370.t1,Not_Target,Not_Target,Not_Target
ebra12371.t1,Myosin_17,Not_Target,Myosin_60
ebra12372.t1,Myosin_19,Myosin_19,Myosin_16
ebra12056.t1,Not_Target,Myosin_17,Myosin_5
ebra12057.t1,Myosin_81,Myosin_3,Myosin_81
ebra12058.t1,Not_Target,Not_Target,Not_Target
ebra12059.t1,Not_Target,Not_Target,Not_Target
ebra12060.t1,Not_Target,Not_Target,Not_Target
ebra12061.t1,Not_Target,Not_Target,Myosin_4
ebra12062.t1,Not_Target,Not_Target,Myosin_8
ebra12063.t1,Not_Target,Not_Target,Not_Target
ebra12064.t1,Not_Target,Not_Target,Not_Target
ebra12065.t1,Myosin_36,Myosin_22,Myosin_5
ebra12066.t1,Myosin_36,Not_Target,Myosin_1
ebra12067.t1,Not_Target,Not_Target,Not_Target
ebra12068.t1,Not_Target,Not_Target,Not_Target
ebra12069.t1,Myosin_20,Myosin_16,Myosin_3
ebra12070.t1,Not_Target,Not_Target,Not_Target
ebra12071.t1,Not_Target,Not_Target,Myosin_20
ebra12072.t1,Not_Target,Myosin_2,Not_Target
ebra12073.t1,Not_Target,Not_Target,Not_Target
ebra12074.t1,Not_Target,Not_Target,Not_Target
ebra12075.t1,Myosin_8,Myosin_8,Not_Target
ebra3083.t1,Not_Target,Myosin_19,Myosin_36
ebra3084.t1,Not_Target,Not_Target,Not_Target
ebra3085.t1,Not_Target,Myosin_2,Not_Target
ebra3086.t1,Myosin_45,Myosin_26,Not_Target
ebra3087.t1,Myosin_18,Myosin_18,Not_Target
ebra3088.t1,Myosin_30,Not_Target,Myosin_3
ebra3089.t1,Not_Target,Not_Target,Myosin_2
ebra3090.t1,Myosin_15,Myosin_81,Myosin_15
ebra3091.t1,Myosin_17,Myosin_17,Not_Target
ebra3092.t1,Not_Target,Myosin_16,Myosin_45
ebra3093.t1,Not_Target,Not_Target,Not_Target
ebra3094.t1,Not_Target,Not_Target,Not_Target
ebra3095.t1,Not_Target,Not_Target,Not_Target
ebra3096.t1,Not_Target,Myosin_5,Not_Target
ebra3097.t1,Myosin_18,Myosin_18,Not_Target
ebra3098.t1,Not_Target,Not_Target,Myosin_19
ebra3099.t1,Not_Target,Not_Target,Not_Target
ebra3100.t1,Not_Target,Not_Target,Not_Target
ebra3101.t1,Not_Target,Myosin_5,Not_Target
ebra3102.t1,Myosin_18,Not_Target,Not_Target
ebra3103.t1,Myosin_1,Not_Target,Myosin_1
ebra3104.t1,Not_Target,Not_Target,Not_Target
ebra3105.t1,Not_Target,Not_Target,Not_Target
ebra6025.t1,Not_Target,Not_Target,Not_Target
ebra6026.t1,Not_Target,Not_Target,Myosin_5
ebra6027.t1,Myosin_18,Myosin_18,Myosin_18
ebra6028.t1,Myosin_45,Myosin_57,Myosin_26
ebra6029.t1,Not_Target,Not_Target,Not_Target
ebra6030.t1,Myosin_15,Myosin_3,Not_Target
ebra6031.t1,Not_Target,Not_Target,Not_Target
ebra6032.t1,Not_Target,Myosin_20,Not_Target
ebra6033.t1,Not_Target,Not_Target,Not_Target
ebra6034.t1,Not_Target,Not_Target,Not_Target
ebra6035.t1,Not_Target,Not_Target,Not_Target
ebra6036.t1,Not_Target,Not_Target,Not_Target
ebra6037.t1,Not_Target,Not_Target,Not_Target
ebra6038.t1,Not_Target,Not_Target,Not_Target
ebra6039.t1,Not_Target,Myosin_17,Not_Target
ebra6040.t1,Not_Target,Not_Target,Not_Target
ebra6041.t1,Not_Target,Myosin_26,Not_Target
ebra6042.t1,Not_Target,Myosin_20,Not_Target
ebra6043.t1,Myosin_30,Not_Target,Myosin_2
ebra21050.t1,Not_Target,Not_Target,Not_Target
ebra21051.t1,Not_Target,Myosin_57,Not_Target
ebra21052.t1,Myosin_2,Not_Target,Not_Target
ebra21053.t1,Not_Target,Myosin_57,Not_Target
ebra21054.t1,Not_Target,Not_Target,Not_Target
ebra21055.t1,Myosin_57,Not_Target,Not_Target
ebra21056.t1,Not_Target,Myosin_22,Not_Target
ebra21057.t1,Not_Target,Myosin_22,Myosin_10
ebra21058.t1,Not_Target,Not_Target,Not_Target
ebra21059.t1,Not_Target,Not_Target,Not_Target
ebra21060.t1,Myosin_19,Myosin_19,Myosin_5
ebra21061.t1,Not_Target,Not_Target,Not_Target
ebra21062.t1,Not_Target,Not_Target,Myosin_1
ebra21063.t1,Not_Target,Myosin_1,Not_Target
ebra21064.t1,Myosin_46,Myosin_57,Not_Target
ebra21065.t1,Not_Target,Not_Target,Myosin_2
ebra21066.t1,Not_Target,Not_Target,Not_Target
ebra21067.t1,Not_Target,Not_Target,Not_Target
ebra21068.t1,Myosin_2,Not_Target,Not_Target
ebra21069.t1,Not_Target,Not_Target,Not_Target
ebra21070.t1,Myosin_22,Not_Target,Myosin_6
ebra21071.t1,Not_Target,Not_Target,Not_Target
ebra21072.t1,Myosin_23,Myosin_23,Myosin_31
ebra21073.t1,Myosin_45,Not_Target,Not_Target
ebra21074.t1,Not_Target,Not_Target,Not_Target
ebra21075.t1,Not_Target,Not_Target,Not_Target
ebra11407.t1,Not_Target,Myosin_5,Not_Target
ebra11408.t1,Not_Target,Not_Target,Not_Target
ebra11409.t1,Not_Target,Myosin_19,Not_Target
ebra11410.t1,Not_Target,Not_Target,Myosin_1
ebra11411.t1,Not_Target,Not_Target,Not_Target
ebra11412.t1,Not_Target,Not_Target,Not_Target
ebra11413.t1,Not_Target,Not_Target,Myosin_5
ebra11414.t1,Not_Target,Not_Target,Not_Target
ebra11415.t1,Not_Target,Not_Target,Not_Target
ebra11416.t1,Myosin_45,Myosin_45,Not_Target
ebra11417.t1,Not_Target,Not_Target,Not_Target
ebra11418.t1,Myosin_45,Myosin_45,Not_Target
ebra11419.t1,Myosin_2,Myosin_2,Myosin_2
ebra11420.t1,Not_Target,Not_Target,Not_Target
ebra20510.t1,Myosin_17,Myosin_3,Myosin_8
ebra20511.t1,Not_Target,Not_Target,Not_Target
ebra20512.t1,Not_Target,Myosin_5,Not_Target
ebra20513.t1,Not_Target,Not_Target,Myosin_71
ebra20514.t1,Not_Target,Not_Target,Not_Target
ebra20515.t1,Not_Target,Not_Target,Myosin_2
ebra20516.t1,Not_Target,Not_Target,Myosin_8
ebra20517.t1,Myosin_45,Myosin_47,Not_Target
ebra20518.t1,Not_Target,Not_Target,Not_Target
ebra20519.t1,Myosin_15,Myosin_15,Not_Target
ebra20520.t1,Myosin_45,Not_Target,Not_Target
ebra20521.t1,Not_Target,Myosin_1,Not_Target
ebra20522.t1,Not_Target,Not_Target,Not_Target
ebra20523.t1,Not_Target,Myosin_2,Not_Target
ebra20524.t1,Not_Target,Not_Target,Not_Target
ebra20525.t1,Not_Target,Not_Target,Not_Target
ebra20526.t1,Not_Target,Not_Target,Not_Target
ebra20527.t1,Not_Target,Not_Target,Not_Target
ebra20528.t1,Not_Target,Not_Target,Not_Target
ebra13593.t1,Not_Target,Not_Target,Not_Target
ebra13594.t1,Not_Target,Myosin_27,Not_Target
ebra13595.t1,Not_Target,Myosin_6,Not_Target
ebra13596.t1,Not_Target,Not_Target,Not_Target
ebra13597.t1,Not_Target,Myosin_17,Myosin_57
ebra13598.t1,Not_Target,Not_Target,Myosin_19
ebra13599.t1,Not_Target,Not_Target,Not_Target
ebra13600.t1,Myosin_19,Myosin_57,Myosin_4
ebra13601.t1,Not_Target,Not_Target,Not_Target
ebra13602.t1,Not_Target,Not_Target,Not_Target
ebra13603.t1,Not_Target,Not_Target,Not_Target
ebra13604.t1,Not_Target,Not_Target,Myosin_19
ebra13605.t1,Not_Target,Not_Target,Not_Target
ebra13606.t1,Myosin_37,Myosin_57,Not_Target
ebra13607.t1,Not_Target,Not_Target,Not_Target
ebra13608.t1,Not_Target,Not_Target,Not_Target
ebra13609.t1,Not_Target,Not_Target,Not_Target
ebra13610.t1,Not_Target,Not_Target,Not_Target
ebra13611.t1,Myosin_2,Myosin_2,Myosin_2
ebra13612.t1,Not_Target,Not_Target,Not_Target
ebra13613.t1,Not_Target,Not_Target,Not_Target
ebra13614.t1,Not_Target,Not_Target,Not_Target
ebra13615.t1,Not_Target,Not_Target,Not_Target
ebra13616.t1,Not_Target,Not_Target,Not_Target
ebra13617.t1,Not_Target,Not_Target,Not_Target
ebra13618.t1,Not_Target,Myosin_17,Not_Target
ebra13619.t1,Not_Target,Myosin_17,Not_Target
ebra13620.t1,Myosin_19,Myosin_19,Myosin_37
ebra13621.t1,Not_Target,Not_Target,Not_Target
ebra13622.t1,Not_Target,Not_Target,Not_Target
ebra5004.t1,Myosin_8,Myosin_8,Myosin_23
ebra5005.t1,Not_Target,Not_Target,Not_Target
ebra5006.t1,Not_Target,Myosin_16,Not_Target
ebra5007.t1,Not_Target,Not_Target,Not_Target
ebra5008.t1,Not_Target,Not_Target,Not_Target
ebra5009.t1,Not_Target,Not_Target,Not_Target
ebra5010.t1,Not_Target,Myosin_23,Not_Target
ebra5011.t1,Not_Target,Not_Target,Not_Target
ebra5012.t1,Not_Target,Not_Target,Not_Target
ebra5013.t1,Myosin_1,Myosin_1,Not_Target
ebra5014.t1,Not_Target,Not_Target,Not_Target
ebra5015.t1,Not_Target,Not_Target,Not_Target
ebra5016.t1,Myosin_37,Myosin_37,Not_Target
ebra5017.t1,Not_Target,Not_Target,Not_Target
ebra5018.t1,Not_Target,Myosin_18,Not_Target
ebra5019.t1,Not_Target,Not_Target,Not_Target
ebra5020.t1,Not_Target,Not_Target,Not_Target
ebra5021.t1,Not_Target,Not_Target,Not_Target
ebra5022.t1,Not_Target,Not_Target,Not_Target
ebra5023.t1,Not_Target,Not_Target,Not_Target
ebra5024.t1,Not_Target,Not_Target,Not_Target
ebra5025.t1,Not_Target,Myosin_57,Not_Target
ebra5026.t1,Not_Target,Not_Target,Not_Target
ebra5027.t1,Myosin_19,Myosin_1,Not_Target
ebra5028.t1,Not_Target,Not_Target,Not_Target
ebra5029.t1,Not_Target,Myosin_19,Not_Target
ebra5030.t1,Not_Target,Not_Target,Not_Target
ebra5031.t1,Not_Target,Not_Target,Not_Target
ebra5032.t1,Not_Target,Not_Target,Not_Target
ebra5033.t1,Not_Target,Not_Target,Not_Target
ebra5034.t1,Not_Target,Not_Target,Myosin_2
ebra5035.t1,Not_Target,Not_Target,Not_Target
ebra5036.t1,Not_Target,Not_Target,Not_Target
ebra5037.t1,Not_Target,Not_Target,Not_Target
ebra5038.t1,Not_Target,Not_Target,Myosin_5
ebra17475.t1,Myosin_2,Myosin_18,Not_Target
ebra17476.t1,Not_Target,Not_Target,Not_Target
ebra17477.t1,Not_Target,Not_Target,Not_Target
ebra17478.t1,Not_Target,Not_Target,Not_Target
ebra17479.t1,Myosin_45,Not_Target,Not_Target
ebra17480.t1,Myosin_17,Myosin_17,Myosin_8
ebra17481.t1,Not_Target,Not_Target,Myosin_24
ebra17482.t1,Not_Target,Not_Target,Not_Target
ebra17483.t1,Myosin_37,Myosin_22,Myosin_5
ebra17484.t1,Myosin_1,Myosin_5,Myosin_5
ebra17485.t1,Myosin_45,Not_Target,Not_Target
ebra17486.t1,Myosin_6,Myosin_8,Myosin_1
ebra17487.t1,Myosin_24,Not_Target,Myosin_18
ebra17488.t1,Myosin_2,Not_Target,Not_Target
ebra17489.t1,Myosin_45,Myosin_26,Myosin_3
ebra17490.t1,Not_Target,Not_Target,Not_Target
ebra17491.t1,Not_Target,Not_Target,Not_Target
ebra17492.t1,Not_Target,Not_Target,Myosin_3
ebra17493.t1,Not_Target,Not_Target,Not_Target
ebra17494.t1,Myosin_45,Not_Target,Not_Target
ebra17495.t1,Not_Target,Not_Target,Not_Target
ebra17496.t1,Not_Target,Not_Target,Not_Target
ebra17497.t1,Not_Target,Not_Target,Not_Target
ebra10521.t1,Not_Target,Not_Target,Not_Target
ebra10522.t1,Not_Target,Not_Target,Myosin_6
ebra10523.t1,Myosin_17,Not_Target,Myosin_3
ebra10524.t1,Myosin_5,Myosin_5,Myosin_5
ebra10525.t1,Not_Target,Myosin_19,Not_Target
ebra10526.t1,Not_Target,Not_Target,Not_Target
ebra10527.t1,Myosin_45,Not_Target,Myosin_8
ebra10528.t1,Not_Target,Not_Target,Not_Target
ebra10529.t1,Myosin_26,Not_Target,Myosin_1
ebra10530.t1,Not_Target,Not_Target,Not_Target
ebra10531.t1,Not_Target,Myosin_2,Not_Target
ebra10532.t1,Not_Target,Myosin_36,Not_Target
ebra10533.t1,Not_Target,Not_Target,Not_Target
ebra10534.t1,Not_Target,Not_Target,Not_Target
ebra10535.t1,Myosin_8,Not_Target,Not_Target
ebra10536.t1,Not_Target,Not_Target,Not_Target
ebra10537.t1,Not_Target,Not_Target,Not_Target
ebra10538.t1,Not_Target,Not_Target,Not_Target
ebra10539.t1,Not_Target,Not_Target,Not_Target
ebra10540.t1,Not_Target,Not_Target,Not_Target
ebra10541.t1,Not_Target,Not_Target,Myosin_62
ebra10542.t1,Not_Target,Not_Target,Not_Target
ebra10543.t1,Myosin_16,Myosin_16,Not_Target
ebra10544.t1,Not_Target,Not_Target,Not_Target
ebra10545.t1,Not_Target,Not_Target,Not_Target
ebra10546.t1,Not_Target,Not_Target,Not_Target
ebra10547.t1,Not_Target,Not_Target,Not_Target
ebra10548.t1,Not_Target,Myosin_19,Not_Target
ebra10549.t1,Myosin_1,Myosin_1,Not_Target
ebra10550.t1,Not_Target,Myosin_5,Not_Target
ebra13732.t1,Myosin_26,Myosin_54,Not_Target
ebra13733.t1,Myosin_37,Not_Target,Myosin_37
ebra13734.t1,Myosin_24,Myosin_5,Myosin_5
ebra13735.t1,Not_Target,Not_Target,Not_Target
ebra13736.t1,Not_Target,Not_Target,Not_Target
ebra13737.t1,Not_Target,Not_Target,Myosin_42
ebra13738.t1,Not_Target,Not_Target,Not_Target
ebra13739.t1,Not_Target,Not_Target,Not_Target
ebra13740.t1,Myosin_5,Not_Target,Not_Target
ebra13741.t1,Not_Target,Not_Target,Myosin_11
ebra13742.t1,Not_Target,Myosin_81,Not_Target
ebra13743.t1,Not_Target,Not_Target,Not_Target
ebra13744.t1,Not_Target,Not_Target,Not_Target
ebra13745.t1,Myosin_18,Myosin_18,Not_Target
ebra13746.t1,Myosin_45,Myosin_16,Myosin_45
ebra13747.t1,Not_Target,Not_Target,Not_Target
ebra13748.t1,Myosin_6,Not_Target,Myosin_6
ebra13749.t1,Not_Target,Not_Target,Not_Target
ebra13750.t1,Myosin_45,Not_Target,Not_Target
ebra13751.t1,Not_Target,Not_Target,Not_Target
ebra13752.t1,Not_Target,Myosin_17,Myosin_17
ebra13753.t1,Not_Target,Not_Target,Not_Target
ebra13754.t1,Not_Target,Not_Target,Not_Target
ebra13755.t1,Not_Target,Myosin_17,Myosin_17
ebra1332.t1,Not_Target,Not_Target,Not_Target
ebra1333.t1,Myosin_3,Myosin_4,Myosin_37
ebra1334.t1,Myosin_19,Not_Target,Myosin_3
ebra1335.t1,Myosin_74,Myosin_74,Not_Target
ebra1336.t1,Not_Target,Not_Target,Not_Target
ebra1337.t1,Not_Target,Myosin_19,Not_Target
ebra1338.t1,Not_Target,Not_Target,Not_Target
ebra1339.t1,Myosin_45,Myosin_26,Myosin_3
ebra1340.t1,Not_Target,Not_Target,Not_Target
ebra1341.t1,Myosin_23,Myosin_17,Myosin_1
ebra1342.t1,Not_Target,Not_Target,Myosin_19
ebra1343.t1,Not_Target,Not_Target,Not_Target
ebra1344.t1,Myosin_4,Myosin_3,Myosin_7
ebra1345.t1,Not_Target,Not_Target,Not_Target
ebra1346.t1,Not_Target,Not_Target,Not_Target
ebra1347.t1,Not_Target,Not_Target,Not_Target
ebra1348.t1,Not_Target,Not_Target,Not_Target
ebra1349.t1,Myosin_30,Not_Target,Not_Target
ebra1350.t1,Not_Target,Not_Target,Not_Target
ebra1351.t1,Not_Target,Not_Target,Not_Target
ebra1352.t1,Not_Target,Not_Target,Not_Target
ebra1353.t1,Not_Target,Myosin_19,Not_Target
ebra1354.t1,Myosin_17,Not_Target,Not_Target
ebra1355.t1,Not_Target,Not_Target,Not_Target
ebra1356.t1,Not_Target,Not_Target,Not_Target
ebra1357.t1,Not_Target,Not_Target,Not_Target
ebra8564.t1,Not_Target,Not_Target,Not_Target
ebra8565.t1,Not_Target,Not_Target,Not_Target
ebra8566.t1,Not_Target,Not_Target,Not_Target
ebra8567.t1,Not_Target,Not_Target,Myosin_2
ebra8568.t1,Myosin_51,Not_Target,Not_Target
ebra8569.t1,Myosin_22,Not_Target,Not_Target
ebra8570.t1,Not_Target,Not_Target,Not_Target
ebra8571.t1,Not_Target,Not_Target,Not_Target
ebra8572.t1,Not_Target,Not_Target,Not_Target
ebra8573.t1,Not_Target,Not_Target,Not_Target
ebra8574.t1,Not_Target,Not_Target,Not_Target
ebra8575.t1,Myosin_30,Not_Target,Not_Target
ebra8576.t1,Myosin_73,Not_Target,Myosin_5
ebra8577.t1,Not_Target,Not_Target,Not_Target
ebra8578.t1,Not_Target,Not_Target,Not_Target
ebra8579.t1,Myosin_36,Myosin_17,Myosin_36
ebra8580.t1,Not_Target,Not_Target,Not_Target
ebra15294.t1,Myosin_1,Myosin_1,Myosin_1
ebra15295.t1,Myosin_2,Not_Target,Not_Target
ebra15296.t1,Myosin_45,Not_Target,Myosin_1
ebra15297.t1,Not_Target,Myosin_5,Not_Target
ebra15298.t1,Not_Target,Not_Target,Not_Target
ebra15299.t1,Not_Target,Not_Target,Myosin_73
ebra15300.t1,Not_Target,Myosin_26,Not_Target
ebra15301.t1,Not_Target,Myosin_19,Myosin_2
ebra15302.t1,Not_Target,Myosin_73,Not_Target
ebra15303.t1,Myosin_17,Not_Target,Not_Target
ebra15304.t1,Myosin_18,Myosin_29,Not_Target
ebra15305.t1,Not_Target,Not_Target,Not_Target
ebra15306.t1,Myosin_45,Myosin_16,Myosin_16
ebra15307.t1,Not_Target,Not_Target,Not_Target
ebra15308.t1,Myosin_45,Myosin_64,Myosin_3
ebra15309.t1,Not_Target,Not_Target,Not_Target
ebra15310.t1,Not_Target,Not_Target,Not_Target
ebra15311.t1,Not_Target,Not_Target,Not_Target
ebra15312.t1,Not_Target,Not_Target,Not_Target
ebra6409.t1,Not_Target,Not_Target,Not_Target
ebra6410.t1,Not_Target,Not_Target,Not_Target
ebra6411.t1,Not_Target,Not_Target,Myosin_51
ebra6412.t1,Not_Target,Not_Target,Not_Target
ebra6413.t1,Not_Target,Myosin_5,Not_Target
ebra6414.t1,Not_Target,Not_Target,Not_Target
ebra6415.t1,Not_Target,Not_Target,Not_Target
ebra6416.t1,Not_Target,Not_Target,Not_Target
ebra6417.t1,Myosin_2,Not_Target,Not_Target
ebra6418.t1,Myosin_36,Myosin_6,Not_Target
ebra6419.t1,Not_Target,Not_Target,Not_Target
ebra6420.t1,Not_Target,Not_Target,Not_Target
ebra6421.t1,Myosin_2,Not_Target,Not_Target
ebra6422.t1,Not_Target,Not_Target,Not_Target
ebra6423.t1,Not_Target,Not_Target,Not_Target
ebra6424.t1,Not_Target,Not_Target,Not_Target
ebra6425.t1,Not_Target,Not_Target,Not_Target
ebra6426.t1,Not_Target,Not_Target,Not_Target
ebra6427.t1,Not_Target,Not_Target,Not_Target
ebra6428.t1,Not_Target,Not_Target,Not_Target
ebra6429.t1,Not_Target,Not_Target,Myosin_16
ebra6430.t1,Actin,Actin,Actin
ebra6431.t1,Not_Target,Not_Target,Not_Target
ebra6432.t1,Not_Target,Not_Target,Not_Target
ebra6433.t1,Not_Target,Not_Target,Not_Target
ebra6434.t1,Not_Target,Not_Target,Not_Target
ebra6435.t1,Not_Target,Myosin_16,Not_Target
ebra6436.t1,Not_Target,Not_Target,Not_Target
ebra6437.t1,Not_Target,Not_Target,Not_Target
ebra6438.t1,Not_Target,Not_Target,Not_Target
ebra7126.t1,Not_Target,Not_Target,Not_Target
ebra7127.t1,Not_Target,Not_Target,Not_Target
ebra7128.t1,Not_Target,Not_Target,Not_Target
ebra7129.t1,Not_Target,Not_Target,Not_Target
ebra7130.t1,Not_Target,Not_Target,Not_Target
ebra7131.t1,Myosin_71,Myosin_26,Myosin_18
ebra7132.t1,Not_Target,Not_Target,Not_Target
ebra7134.t1,Not_Target,Not_Target,Not_Target
ebra7135.t1,Not_Target,Not_Target,Not_Target
ebra7136.t1,Myosin_19,Not_Target,Not_Target
ebra7137.t1,Not_Target,Myosin_19,Not_Target
ebra7138.t1,Not_Target,Not_Target,Not_Target
ebra7139.t1,Not_Target,Not_Target,Not_Target
ebra7140.t1,Myosin_6,Myosin_17,Not_Target
ebra7141.t1,Not_Target,Not_Target,Not_Target
ebra7142.t1,Not_Target,Not_Target,Not_Target
ebra7143.t1,Not_Target,Not_Target,Not_Target
ebra7144.t1,Not_Target,Not_Target,Not_Target
ebra7145.t1,Not_Target,Not_Target,Not_Target
ebra7146.t1,Myosin_5,Myosin_5,Myosin_5
ebra7147.t1,Not_Target,Myosin_57,Not_Target
ebra7148.t1,Myosin_37,Not_Target,Not_Target
ebra7149.t1,Not_Target,Not_Target,Not_Target
ebra1848.t1,Not_Target,Myosin_1,Not_Target
ebra1849.t1,Myosin_71,Myosin_5,Not_Target
ebra1850.t1,Myosin_36,Myosin_36,Myosin_57
ebra1851.t1,Not_Target,Not_Target,Not_Target
ebra1852.t1,Not_Target,Not_Target,Not_Target
ebra1853.t1,Myosin_18,Myosin_5,Myosin_5
ebra1854.t1,Myosin_37,Not_Target,Myosin_1
ebra1855.t1,Not_Target,Not_Target,Myosin_14
ebra1856.t1,Myosin_45,Myosin_74,Not_Target
ebra1857.t1,Not_Target,Not_Target,Not_Target
ebra1858.t1,Not_Target,Not_Target,Not_Target
ebra1859.t1,Not_Target,Not_Target,Not_Target
ebra19596.t1,Not_Target,Not_Target,Not_Target
ebra19597.t1,Not_Target,Not_Target,Not_Target
ebra19598.t1,Not_Target,Not_Target,Not_Target
ebra19599.t1,Myosin_45,Not_Target,Not_Target
ebra19600.t1,Not_Target,Not_Target,Not_Target
ebra19601.t1,Not_Target,Not_Target,Not_Target
ebra19602.t1,Not_Target,Not_Target,Myosin_42
ebra19603.t1,Not_Target,Myosin_5,Not_Target
ebra19604.t1,Myosin_81,Not_Target,Not_Target
ebra19605.t1,Not_Target,Not_Target,Not_Target
ebra19606.t1,Myosin_25,Not_Target,Myosin_1
ebra19607.t1,Not_Target,Not_Target,Not_Target
ebra19608.t1,Not_Target,Not_Target,Not_Target
ebra19609.t1,Not_Target,Not_Target,Not_Target
ebra19610.t1,Myosin_17,Not_Target,Myosin_17
ebra19611.t1,Not_Target,Not_Target,Not_Target
ebra19612.t1,Not_Target,Not_Target,Not_Target
ebra19613.t1,Not_Target,Not_Target,Not_Target
ebra19614.t1,Not_Target,Not_Target,Not_Target
ebra19615.t1,Not_Target,Myosin_8,Myosin_8
ebra19616.t1,Not_Target,Not_Target,Not_Target
ebra19617.t1,Not_Target,Not_Target,Not_Target
ebra19618.t1,Not_Target,Not_Target,Not_Target
ebra19619.t1,Myosin_5,Myosin_5,Not_Target
ebra19226.t1,Not_Target,Not_Target,Not_Target
ebra19227.t1,Not_Target,Not_Target,Not_Target
ebra19228.t1,Not_Target,Not_Target,Not_Target
ebra19229.t1,Not_Target,Not_Target,Not_Target
ebra19230.t1,Not_Target,Not_Target,Not_Target
ebra19231.t1,Not_Target,Myosin_5,Not_Target
ebra19232.t1,Not_Target,Not_Target,Not_Target
ebra19233.t1,Not_Target,Not_Target,Not_Target
ebra19234.t1,Myosin_44,Not_Target,Myosin_5
ebra19235.t1,Myosin_1,Myosin_22,Myosin_1
ebra19236.t1,Not_Target,Not_Target,Not_Target
ebra19237.t1,Myosin_37,Myosin_37,Not_Target
ebra19238.t1,Not_Target,Not_Target,Not_Target
ebra19239.t1,Myosin_6,Not_Target,Myosin_51
ebra19240.t1,Not_Target,Myosin_5,Not_Target
ebra19241.t1,Myosin_45,Not_Target,Myosin_74
ebra19242.t1,Not_Target,Not_Target,Myosin_2
ebra19243.t1,Not_Target,Myosin_5,Not_Target
ebra19244.t1,Not_Target,Not_Target,Not_Target
ebra17528.t1,Myosin_1,Myosin_1,Not_Target
ebra17529.t1,Not_Target,Not_Target,Myosin_2
ebra17530.t1,Not_Target,Myosin_26,Not_Target
ebra17531.t1,Not_Target,Not_Target,Not_Target
ebra17532.t1,Myosin_17,Not_Target,Not_Target
ebra17533.t1,Myosin_15,Myosin_15,Myosin_5
ebra17534.t1,Myosin_15,Myosin_15,Myosin_7
ebra17535.t1,Myosin_23,Myosin_23,Myosin_5
ebra17536.t1,Myosin_19,Myosin_19,Myosin_2
ebra17537.t1,Myosin_57,Myosin_57,Myosin_57
ebra17538.t1,Not_Target,Not_Target,Not_Target
ebra17539.t1,Not_Target,Not_Target,Myosin_57
ebra17540.t1,Not_Target,Not_Target,Not_Target
ebra6175.t1,Not_Target,Not_Target,Not_Target
ebra6176.t1,Myosin_81,Myosin_37,Not_Target
ebra6177.t1,Not_Target,Not_Target,Not_Target
ebra6178.t1,Not_Target,Not_Target,Myosin_8
ebra6179.t1,Myosin_18,Myosin_18,Myosin_26
ebra6180.t1,Not_Target,Not_Target,Not_Target
ebra6181.t1,Not_Target,Myosin_26,Not_Target
ebra6182.t1,Not_Target,Not_Target,Not_Target
ebra6183.t1,Not_Target,Myosin_57,Not_Target
ebra6184.t1,Not_Target,Not_Target,Not_Target
ebra6185.t1,Not_Target,Not_Target,Not_Target
ebra6186.t1,Not_Target,Myosin_3,Not_Target
ebra6187.t1,Not_Target,Not_Target,Not_Target
ebra6188.t1,Not_Target,Not_Target,Not_Target
ebra6189.t1,Not_Target,Not_Target,Not_Target
ebra6190.t1,Not_Target,Not_Target,Not_Target
ebra6191.t1,Myosin_70,Myosin_66,Myosin_24
ebra6192.t1,Not_Target,Not_Target,Myosin_1
ebra6193.t1,Not_Target,Not_Target,Not_Target
ebra6194.t1,Not_Target,Myosin_2,Not_Target
ebra6195.t1,Not_Target,Not_Target,Not_Target
ebra6196.t1,Not_Target,Not_Target,Not_Target
ebra6197.t1,Not_Target,Not_Target,Not_Target
ebra6198.t1,Not_Target,Not_Target,Not_Target
ebra6199.t1,Not_Target,Not_Target,Not_Target
ebra6200.t1,Not_Target,Not_Target,Not_Target
ebra6201.t1,Not_Target,Not_Target,Myosin_1
ebra6202.t1,Not_Target,Not_Target,Not_Target
ebra6203.t1,Not_Target,Not_Target,Not_Target
ebra6204.t1,Not_Target,Not_Target,Not_Target
ebra6205.t1,Not_Target,Not_Target,Not_Target
ebra6206.t1,Not_Target,Not_Target,Not_Target
ebra6207.t1,Not_Target,Not_Target,Myosin_2
ebra9117.t1,Not_Target,Not_Target,Not_Target
ebra9118.t1,Myosin_45,Myosin_44,Not_Target
ebra9119.t1,Myosin_1,Myosin_1,Not_Target
ebra9120.t1,Myosin_45,Not_Target,Not_Target
ebra9121.t1,Not_Target,Not_Target,Not_Target
ebra9122.t1,Not_Target,Not_Target,Not_Target
ebra9123.t1,Not_Target,Not_Target,Not_Target
ebra9124.t1,Not_Target,Not_Target,Not_Target
ebra9125.t1,Not_Target,Not_Target,Not_Target
ebra9126.t1,Not_Target,Not_Target,Not_Target
ebra9127.t1,Not_Target,Myosin_57,Not_Target
ebra9128.t1,Not_Target,Not_Target,Not_Target
ebra9129.t1,Not_Target,Myosin_19,Not_Target
ebra9130.t1,Not_Target,Not_Target,Not_Target
ebra9131.t1,Not_Target,Not_Target,Myosin_3
ebra9132.t1,Not_Target,Myosin_5,Not_Target
ebra9133.t1,Not_Target,Not_Target,Not_Target
ebra9134.t1,Not_Target,Not_Target,Not_Target
ebra9135.t1,Not_Target,Not_Target,Not_Target
ebra9136.t1,Not_Target,Not_Target,Not_Target
ebra9137.t1,Not_Target,Not_Target,Not_Target
ebra9138.t1,Not_Target,Not_Target,Not_Target
ebra9139.t1,Not_Target,Myosin_2,Not_Target
ebra9140.t1,Not_Target,Not_Target,Not_Target
ebra20426.t1,Not_Target,Not_Target,Not_Target
ebra20427.t1,Not_Target,Not_Target,Not_Target
ebra20428.t1,Not_Target,Not_Target,Myosin_19
ebra20429.t1,Not_Target,Not_Target,Not_Target
ebra20430.t1,Not_Target,Not_Target,Not_Target
ebra20431.t1,Myosin_15,Myosin_15,Myosin_15
ebra20432.t1,Not_Target,Not_Target,Not_Target
ebra20433.t1,Not_Target,Not_Target,Myosin_1
ebra20434.t1,Not_Target,Not_Target,Not_Target
ebra20435.t1,Not_Target,Not_Target,Not_Target
ebra20436.t1,Not_Target,Myosin_17,Not_Target
ebra20437.t1,Not_Target,Not_Target,Not_Target
ebra20438.t1,Not_Target,Not_Target,Not_Target
ebra8704.t1,Not_Target,Not_Target,Not_Target
ebra8705.t1,Not_Target,Not_Target,Not_Target
ebra8706.t1,Myosin_45,Myosin_18,Not_Target
ebra8707.t1,Not_Target,Myosin_51,Not_Target
ebra8708.t1,Not_Target,Not_Target,Not_Target
ebra8709.t1,Not_Target,Not_Target,Not_Target
ebra8710.t1,Myosin_30,Myosin_1,Not_Target
ebra8711.t1,Not_Target,Myosin_19,Not_Target
ebra8712.t1,Myosin_2,Not_Target,Myosin_5
ebra8713.t1,Not_Target,Not_Target,Not_Target
ebra8714.t1,Myosin_74,Myosin_74,Myosin_1
ebra8715.t1,Not_Target,Not_Target,Not_Target
ebra8716.t1,Not_Target,Myosin_11,Myosin_8
ebra8717.t1,Not_Target,Not_Target,Not_Target
ebra8718.t1,Not_Target,Not_Target,Not_Target
ebra8719.t1,Myosin_1,Myosin_1,Not_Target
ebra8720.t1,Not_Target,Not_Target,Not_Target
ebra8721.t1,Not_Target,Not_Target,Not_Target
ebra8722.t1,Not_Target,Not_Target,Not_Target
ebra8723.t1,Myosin_22,Not_Target,Not_Target
ebra16140.t1,Not_Target,Not_Target,Not_Target
ebra16141.t1,Not_Target,Myosin_57,Myosin_1
ebra16142.t1,Not_Target,Not_Target,Not_Target
ebra16143.t1,Not_Target,Not_Target,Myosin_3
ebra16144.t1,Not_Target,Myosin_18,Not_Target
ebra16145.t1,Not_Target,Not_Target,Not_Target
ebra16146.t1,Not_Target,Not_Target,Not_Target
ebra16147.t1,Not_Target,Not_Target,Not_Target
ebra16148.t1,Not_Target,Myosin_57,Myosin_3
ebra16149.t1,Myosin_6,Myosin_2,Not_Target
ebra16150.t1,Not_Target,Not_Target,Not_Target
ebra16151.t1,Not_Target,Not_Target,Not_Target
ebra16152.t1,Myosin_17,Myosin_25,Myosin_5
ebra16153.t1,Not_Target,Myosin_19,Not_Target
ebra16154.t1,Not_Target,Not_Target,Not_Target
ebra16155.t1,Not_Target,Not_Target,Not_Target
ebra16156.t1,Not_Target,Not_Target,Not_Target
ebra16157.t1,Not_Target,Not_Target,Not_Target
ebra16158.t1,Myosin_15,Myosin_81,Myosin_7
ebra16159.t1,Not_Target,Not_Target,Not_Target
ebra16160.t1,Not_Target,Myosin_8,Not_Target
ebra16161.t1,Not_Target,Not_Target,Not_Target
ebra16162.t1,Not_Target,Myosin_6,Myosin_57
ebra16011.t1,Myosin_50,Not_Target,Not_Target
ebra16012.t1,Not_Target,Not_Target,Not_Target
ebra16013.t1,Not_Target,Not_Target,Not_Target
ebra16014.t1,Not_Target,Not_Target,Not_Target
ebra16015.t1,Not_Target,Not_Target,Myosin_57
ebra16016.t1,Myosin_74,Myosin_74,Myosin_30
ebra16017.t1,Not_Target,Myosin_5,Myosin_57
ebra16018.t1,Myosin_17,Not_Target,Not_Target
ebra16019.t1,Myosin_17,Not_Target,Not_Target
ebra16020.t1,Myosin_36,Myosin_36,Not_Target
ebra16021.t1,Not_Target,Myosin_80,Not_Target
ebra16022.t1,Myosin_1,Not_Target,Myosin_36
ebra16023.t1,Not_Target,Myosin_57,Not_Target
ebra16024.t1,Not_Target,Myosin_19,Myosin_4
ebra16025.t1,Not_Target,Not_Target,Not_Target
ebra16026.t1,Not_Target,Myosin_1,Not_Target
ebra16027.t1,Myosin_8,Myosin_1,Myosin_20
ebra16028.t1,Not_Target,Myosin_19,Not_Target
ebra16029.t1,Myosin_18,Myosin_57,Not_Target
ebra16030.t1,Not_Target,Myosin_19,Not_Target
ebra11306.t1,Not_Target,Not_Target,Not_Target
ebra11307.t1,Not_Target,Not_Target,Not_Target
ebra11308.t1,Not_Target,Not_Target,Not_Target
ebra11309.t1,Not_Target,Myosin_17,Myosin_36
ebra11310.t1,Not_Target,Myosin_17,Not_Target
ebra11311.t1,Myosin_6,Not_Target,Myosin_4
ebra11312.t1,Myosin_45,Myosin_17,Myosin_31
ebra11313.t1,Not_Target,Not_Target,Not_Target
ebra11314.t1,Not_Target,Not_Target,Not_Target
ebra11315.t1,Not_Target,Not_Target,Not_Target
ebra11316.t1,Myosin_27,Not_Target,Myosin_22
ebra11317.t1,Myosin_45,Myosin_16,Myosin_16
ebra11318.t1,Not_Target,Myosin_38,Not_Target
ebra11319.t1,Not_Target,Not_Target,Not_Target
ebra11320.t1,Not_Target,Not_Target,Not_Target
ebra11321.t1,Not_Target,Not_Target,Not_Target
ebra11322.t1,Not_Target,Not_Target,Not_Target
ebra11323.t1,Not_Target,Not_Target,Not_Target
ebra3832.t1,Myosin_36,Myosin_3,Myosin_71
ebra3833.t1,Myosin_36,Myosin_3,Not_Target
ebra3834.t1,Not_Target,Myosin_8,Not_Target
ebra3835.t1,Myosin_36,Myosin_1,Not_Target
ebra3836.t1,Myosin_15,Myosin_15,Myosin_15
ebra3837.t1,Myosin_22,Not_Target,Myosin_15
ebra3838.t1,Not_Target,Myosin_16,Not_Target
ebra3839.t1,Not_Target,Not_Target,Not_Target
ebra3840.t1,Not_Target,Not_Target,Not_Target
ebra11332.t1,Myosin_9,Not_Target,Myosin_3
ebra11333.t1,Not_Target,Myosin_64,Not_Target
ebra11334.t1,Not_Target,Not_Target,Not_Target
ebra11335.t1,Not_Target,Not_Target,Not_Target
ebra11336.t1,Not_Target,Myosin_1,Not_Target
ebra11337.t1,Not_Target,Not_Target,Not_Target
ebra11338.t1,Not_Target,Not_Target,Not_Target
ebra11339.t1,Not_Target,Not_Target,Not_Target
ebra11340.t1,Not_Target,Not_Target,Not_Target
ebra11341.t1,Not_Target,Not_Target,Myosin_1
ebra11342.t1,Not_Target,Not_Target,Myosin_24
ebra11343.t1,Myosin_64,Not_Target,Not_Target
ebra11344.t1,Not_Target,Not_Target,Myosin_3
ebra11345.t1,Myosin_45,Myosin_5,Myosin_18
ebra11346.t1,Myosin_51,Not_Target,Myosin_20
ebra11347.t1,Not_Target,Not_Target,Not_Target
ebra11348.t1,Not_Target,Not_Target,Not_Target
ebra11349.t1,Not_Target,Not_Target,Not_Target
ebra11350.t1,Not_Target,Myosin_18,Not_Target
ebra20649.t1,Not_Target,Not_Target,Not_Target
ebra20650.t1,Not_Target,Not_Target,Not_Target
ebra20651.t1,Not_Target,Not_Target,Not_Target
ebra20652.t1,Not_Target,Not_Target,Myosin_19
ebra20653.t1,Not_Target,Not_Target,Myosin_8
ebra20654.t1,Myosin_57,Myosin_28,Myosin_3
ebra20655.t1,Not_Target,Not_Target,Not_Target
ebra20656.t1,Not_Target,Not_Target,Not_Target
ebra20657.t1,Myosin_44,Myosin_15,Myosin_44
ebra20658.t1,Not_Target,Not_Target,Not_Target
ebra20659.t1,Myosin_45,Not_Target,Not_Target
ebra20660.t1,Myosin_45,Not_Target,Not_Target
ebra20661.t1,Not_Target,Not_Target,Not_Target
ebra20662.t1,Not_Target,Not_Target,Not_Target
ebra20663.t1,Not_Target,Myosin_2,Not_Target
ebra20664.t1,Not_Target,Myosin_22,Myosin_19
ebra20665.t1,Not_Target,Not_Target,Not_Target
ebra20666.t1,Not_Target,Myosin_18,Not_Target
ebra20667.t1,Not_Target,Not_Target,Not_Target
ebra20668.t1,Not_Target,Not_Target,Not_Target
ebra20669.t1,Not_Target,Not_Target,Not_Target
ebra20670.t1,Not_Target,Myosin_22,Myosin_19
ebra3513.t1,Myosin_9,Myosin_57,Not_Target
ebra3514.t1,Not_Target,Not_Target,Not_Target
ebra3515.t1,Not_Target,Not_Target,Not_Target
ebra3516.t1,Not_Target,Not_Target,Not_Target
ebra3517.t1,Not_Target,Not_Target,Not_Target
ebra3518.t1,Not_Target,Not_Target,Not_Target
ebra3519.t1,Myosin_57,Myosin_57,Myosin_2
ebra3520.t1,Myosin_26,Not_Target,Myosin_18
ebra3521.t1,Not_Target,Not_Target,Not_Target
ebra3522.t1,Not_Target,Not_Target,Not_Target
ebra3523.t1,Not_Target,Not_Target,Not_Target
ebra3524.t1,Not_Target,Not_Target,Not_Target
ebra14922.t1,Not_Target,Not_Target,Not_Target
ebra14923.t1,Not_Target,Not_Target,Myosin_2
ebra14924.t1,Myosin_15,Not_Target,Myosin_37
ebra14925.t1,Not_Target,Myosin_1,Not_Target
ebra14926.t1,Not_Target,Myosin_66,Not_Target
ebra14927.t1,Myosin_1,Not_Target,Not_Target
ebra14928.t1,Myosin_26,Myosin_26,Not_Target
ebra14929.t1,Not_Target,Not_Target,Not_Target
ebra14930.t1,Not_Target,Myosin_57,Myosin_36
ebra14931.t1,Not_Target,Myosin_1,Myosin_71
ebra14932.t1,Myosin_37,Not_Target,Myosin_14
ebra14933.t1,Not_Target,Not_Target,Not_Target
ebra14934.t1,Not_Target,Myosin_1,Not_Target
ebra14935.t1,Not_Target,Not_Target,Not_Target
ebra14936.t1,Not_Target,Not_Target,Not_Target
ebra14937.t1,Not_Target,Not_Target,Myosin_19
ebra14938.t1,Not_Target,Not_Target,Not_Target
ebra14939.t1,Not_Target,Not_Target,Not_Target
ebra14940.t1,Not_Target,Not_Target,Myosin_64
ebra14941.t1,Not_Target,Not_Target,Not_Target
ebra14942.t1,Not_Target,Not_Target,Not_Target
ebra14943.t1,Not_Target,Myosin_18,Myosin_5
ebra14944.t1,Not_Target,Myosin_11,Not_Target
ebra14945.t1,Not_Target,Not_Target,Not_Target
ebra14946.t1,Not_Target,Not_Target,Not_Target
ebra14947.t1,Not_Target,Not_Target,Not_Target
ebra14948.t1,Not_Target,Myosin_66,Not_Target
ebra13812.t1,Myosin_3,Myosin_3,Myosin_19
ebra13813.t1,Not_Target,Myosin_1,Not_Target
ebra13814.t1,Myosin_27,Myosin_22,Myosin_31
ebra13815.t1,Not_Target,Not_Target,Myosin_1
ebra13816.t1,Not_Target,Not_Target,Myosin_20
ebra13817.t1,Not_Target,Myosin_19,Not_Target
ebra13818.t1,Not_Target,Myosin_17,Not_Target
ebra13819.t1,Not_Target,Not_Target,Myosin_20
ebra13820.t1,Myosin_4,Not_Target,Myosin_3
ebra13821.t1,Not_Target,Not_Target,Not_Target
ebra13822.t1,Myosin_57,Not_Target,Not_Target
ebra2398.t1,Myosin_26,Myosin_18,Myosin_11
ebra2399.t1,Not_Target,Myosin_18,Not_Target
ebra2400.t1,Not_Target,Not_Target,Myosin_13
ebra2401.t1,Not_Target,Not_Target,Not_Target
ebra2402.t1,Myosin_5,Myosin_5,Not_Target
ebra2403.t1,Not_Target,Not_Target,Myosin_3
ebra2404.t1,Not_Target,Not_Target,Not_Target
ebra2405.t1,Not_Target,Myosin_28,Not_Target
ebra2406.t1,Not_Target,Not_Target,Not_Target
ebra2407.t1,Not_Target,Not_Target,Myosin_1
ebra2408.t1,Myosin_57,Myosin_57,Myosin_27
ebra2409.t1,Myosin_26,Myosin_5,Myosin_26
ebra2410.t1,Myosin_3,Myosin_1,Myosin_1
ebra2411.t1,Myosin_2,Not_Target,Not_Target
ebra2412.t1,Not_Target,Myosin_19,Not_Target
ebra2413.t1,Not_Target,Not_Target,Not_Target
ebra2414.t1,Not_Target,Not_Target,Not_Target
ebra2415.t1,Myosin_26,Not_Target,Myosin_43
ebra2416.t1,Not_Target,Not_Target,Not_Target
ebra2417.t1,Not_Target,Not_Target,Not_Target
ebra2418.t1,Not_Target,Not_Target,Not_Target
ebra2419.t1,Myosin_57,Not_Target,Myosin_24
ebra2420.t1,Not_Target,Myosin_1,Not_Target
ebra2421.t1,Myosin_6,Myosin_6,Myosin_5
ebra2422.t1,Not_Target,Not_Target,Not_Target
ebra2423.t1,Not_Target,Not_Target,Not_Target
ebra2424.t1,Not_Target,Myosin_18,Not_Target
ebra14773.t1,Not_Target,Not_Target,Not_Target
ebra14774.t1,Not_Target,Myosin_2,Not_Target
ebra14775.t1,Not_Target,Not_Target,Not_Target
ebra14776.t1,Not_Target,Not_Target,Not_Target
ebra14777.t1,Not_Target,Myosin_26,Not_Target
ebra14778.t1,Not_Target,Not_Target,Not_Target
ebra14779.t1,Not_Target,Myosin_5,Myosin_36
ebra14780.t1,Not_Target,Not_Target,Not_Target
ebra14781.t1,Not_Target,Myosin_20,Myosin_4
ebra14782.t1,Not_Target,Myosin_19,Not_Target
ebra14783.t1,Not_Target,Not_Target,Not_Target
ebra14784.t1,Myosin_19,Myosin_19,Not_Target
ebra14785.t1,Not_Target,Not_Target,Myosin_25
ebra14786.t1,Not_Target,Not_Target,Not_Target
ebra14787.t1,Not_Target,Not_Target,Not_Target
ebra16031.t1,Not_Target,Not_Target,Myosin_20
ebra16032.t1,Not_Target,Not_Target,Not_Target
ebra16033.t1,Not_Target,Not_Target,Not_Target
ebra16034.t1,Not_Target,Myosin_25,Not_Target
ebra16035.t1,Not_Target,Not_Target,Myosin_1
ebra16036.t1,Not_Target,Not_Target,Not_Target
ebra16037.t1,Not_Target,Not_Target,Not_Target
ebra16038.t1,Not_Target,Not_Target,Not_Target
ebra16039.t1,Not_Target,Not_Target,Not_Target
ebra16040.t1,Not_Target,Not_Target,Not_Target
ebra16041.t1,Myosin_45,Myosin_16,Not_Target
ebra16042.t1,Not_Target,Not_Target,Not_Target
ebra16043.t1,Myosin_18,Not_Target,Myosin_3
ebra16044.t1,Not_Target,Not_Target,Not_Target
ebra16045.t1,Not_Target,Not_Target,Not_Target
ebra16046.t1,Myosin_45,Myosin_11,Myosin_11
ebra5177.t1,Not_Target,Not_Target,Not_Target
ebra5178.t1,Not_Target,Not_Target,Not_Target
ebra5179.t1,Not_Target,Not_Target,Myosin_18
ebra5180.t1,Myosin_15,Myosin_15,Myosin_15
ebra5181.t1,Not_Target,Myosin_3,Myosin_1
ebra5182.t1,Myosin_45,Myosin_16,Not_Target
ebra5183.t1,Not_Target,Not_Target,Not_Target
ebra5184.t1,Myosin_57,Myosin_57,Myosin_5
ebra5185.t1,Not_Target,Not_Target,Not_Target
ebra5186.t1,Not_Target,Not_Target,Not_Target
ebra5187.t1,Not_Target,Not_Target,Not_Target
ebra5188.t1,Myosin_45,Not_Target,Myosin_18
ebra5189.t1,Myosin_19,Not_Target,Myosin_5
ebra20121.t1,Not_Target,Not_Target,Not_Target
ebra20122.t1,Not_Target,Not_Target,Not_Target
ebra20123.t1,Not_Target,Not_Target,Not_Target
ebra20124.t1,Myosin_5,Myosin_5,Not_Target
ebra20125.t1,Not_Target,Not_Target,Not_Target
ebra20126.t1,Not_Target,Not_Target,Not_Target
ebra20127.t1,Myosin_22,Myosin_22,Myosin_1
ebra20128.t1,Myosin_9,Myosin_6,Myosin_5
ebra20129.t1,Not_Target,Not_Target,Not_Target
ebra20130.t1,Not_Target,Myosin_11,Not_Target
ebra20131.t1,Not_Target,Not_Target,Not_Target
ebra20132.t1,Not_Target,Not_Target,Not_Target
ebra20133.t1,Not_Target,Not_Target,Not_Target
ebra20134.t1,Myosin_36,Myosin_36,Myosin_3
ebra20135.t1,Not_Target,Not_Target,Not_Target
ebra20136.t1,Myosin_45,Myosin_45,Not_Target
ebra20137.t1,Not_Target,Myosin_1,Myosin_8
ebra20138.t1,Not_Target,Not_Target,Myosin_2
ebra20139.t1,Not_Target,Not_Target,Myosin_62
ebra20140.t1,Not_Target,Not_Target,Not_Target
ebra20141.t1,Not_Target,Not_Target,Not_Target
ebra20142.t1,Not_Target,Not_Target,Not_Target
ebra20143.t1,Not_Target,Not_Target,Not_Target
ebra13708.t1,Not_Target,Not_Target,Not_Target
ebra13709.t1,Not_Target,Not_Target,Not_Target
ebra13710.t1,Myosin_45,Myosin_5,Myosin_36
ebra13711.t1,Not_Target,Not_Target,Myosin_71
ebra13712.t1,Myosin_37,Not_Target,Not_Target
ebra13713.t1,Not_Target,Not_Target,Not_Target
ebra13714.t1,Not_Target,Not_Target,Not_Target
ebra13715.t1,Myosin_15,Myosin_15,Myosin_15
ebra13716.t1,Not_Target,Not_Target,Not_Target
ebra13717.t1,Not_Target,Not_Target,Not_Target
ebra13718.t1,Not_Target,Not_Target,Not_Target
ebra13719.t1,Not_Target,Not_Target,Not_Target
ebra13720.t1,Myosin_27,Not_Target,Not_Target
ebra13721.t1,Myosin_31,Myosin_2,Not_Target
ebra13722.t1,Not_Target,Not_Target,Not_Target
ebra13723.t1,Myosin_5,Myosin_5,Myosin_2
ebra13724.t1,Not_Target,Not_Target,Not_Target
ebra13725.t1,Not_Target,Not_Target,Myosin_2
ebra13726.t1,Not_Target,Not_Target,Not_Target
ebra13727.t1,Myosin_45,Myosin_45,Not_Target
ebra13868.t1,Not_Target,Not_Target,Not_Target
ebra13869.t1,Not_Target,Not_Target,Not_Target
ebra13870.t1,Not_Target,Not_Target,Not_Target
ebra13871.t1,Not_Target,Not_Target,Not_Target
ebra13872.t1,Not_Target,Not_Target,Not_Target
ebra13873.t1,Not_Target,Not_Target,Not_Target
ebra13874.t1,Not_Target,Myosin_57,Not_Target
ebra13875.t1,Not_Target,Not_Target,Not_Target
ebra13876.t1,Not_Target,Not_Target,Not_Target
ebra13877.t1,Not_Target,Not_Target,Not_Target
ebra13878.t1,Not_Target,Not_Target,Not_Target
ebra13879.t1,Not_Target,Not_Target,Not_Target
ebra13880.t1,Not_Target,Not_Target,Not_Target
ebra13881.t1,Not_Target,Myosin_1,Not_Target
ebra13882.t1,Myosin_26,Myosin_5,Not_Target
ebra13883.t1,Not_Target,Not_Target,Not_Target
ebra13884.t1,Myosin_19,Myosin_19,Myosin_13
ebra13885.t1,Not_Target,Not_Target,Not_Target
ebra14476.t1,Not_Target,Not_Target,Not_Target
ebra14477.t1,Not_Target,Not_Target,Myosin_6
ebra14478.t1,Not_Target,Myosin_1,Not_Target
ebra14479.t1,Not_Target,Not_Target,Not_Target
ebra14480.t1,Not_Target,Not_Target,Not_Target
ebra14481.t1,Not_Target,Not_Target,Not_Target
ebra14482.t1,Myosin_51,Not_Target,Myosin_27
ebra14483.t1,Not_Target,Not_Target,Not_Target
ebra14484.t1,Not_Target,Not_Target,Not_Target
ebra14485.t1,Not_Target,Not_Target,Not_Target
ebra14486.t1,Not_Target,Not_Target,Not_Target
ebra14487.t1,Not_Target,Myosin_19,Not_Target
ebra14488.t1,Myosin_17,Myosin_4,Myosin_5
ebra14489.t1,Not_Target,Not_Target,Myosin_1
ebra14490.t1,Not_Target,Not_Target,Myosin_64
ebra14491.t1,Myosin_26,Myosin_26,Myosin_26
ebra14492.t1,Not_Target,Not_Target,Not_Target
ebra14493.t1,Not_Target,Not_Target,Not_Target
ebra14494.t1,Not_Target,Not_Target,Not_Target
ebra14495.t1,Not_Target,Not_Target,Not_Target
ebra14496.t1,Not_Target,Not_Target,Not_Target
ebra14497.t1,Not_Target,Not_Target,Not_Target
ebra14498.t1,Not_Target,Not_Target,Not_Target
ebra17382.t1,Not_Target,Not_Target,Not_Target
ebra17383.t1,Myosin_8,Myosin_47,Not_Target
ebra17384.t1,Myosin_45,Myosin_16,Myosin_16
ebra17385.t1,Not_Target,Not_Target,Not_Target
ebra17386.t1,Not_Target,Not_Target,Not_Target
ebra17387.t1,Not_Target,Not_Target,Not_Target
ebra17388.t1,Not_Target,Myosin_5,Myosin_57
ebra17389.t1,Not_Target,Myosin_6,Not_Target
ebra17390.t1,Not_Target,Not_Target,Not_Target
ebra17391.t1,Not_Target,Myosin_19,Not_Target
ebra17392.t1,Not_Target,Not_Target,Not_Target
ebra17393.t1,Not_Target,Not_Target,Not_Target
ebra17394.t1,Myosin_17,Myosin_37,Myosin_22
ebra17395.t1,Not_Target,Myosin_5,Not_Target
ebra17396.t1,Myosin_8,Not_Target,Not_Target
ebra17397.t1,Not_Target,Not_Target,Not_Target
ebra17398.t1,Not_Target,Not_Target,Not_Target
ebra2219.t1,Myosin_18,Myosin_18,Myosin_26
ebra2220.t1,Not_Target,Not_Target,Not_Target
ebra2221.t1,Myosin_37,Not_Target,Not_Target
ebra2222.t1,Not_Target,Not_Target,Not_Target
ebra2223.t1,Myosin_8,Not_Target,Not_Target
ebra2224.t1,Not_Target,Not_Target,Not_Target
ebra2225.t1,Not_Target,Not_Target,Not_Target
ebra2226.t1,Not_Target,Not_Target,Not_Target
ebra2227.t1,Not_Target,Not_Target,Not_Target
ebra2228.t1,Myosin_37,Myosin_37,Not_Target
ebra2229.t1,Not_Target,Not_Target,Myosin_1
ebra2230.t1,Not_Target,Not_Target,Not_Target
ebra2231.t1,Not_Target,Not_Target,Not_Target
ebra2232.t1,Not_Target,Not_Target,Not_Target
ebra2233.t1,Myosin_37,Myosin_37,Not_Target
ebra2234.t1,Not_Target,Not_Target,Not_Target
ebra2235.t1,Myosin_26,Not_Target,Not_Target
ebra2236.t1,Myosin_25,Not_Target,Myosin_4
ebra2237.t1,Not_Target,Myosin_6,Not_Target
ebra2238.t1,Not_Target,Not_Target,Not_Target
ebra2239.t1,Myosin_36,Not_Target,Not_Target
ebra2240.t1,Not_Target,Not_Target,Not_Target
ebra2241.t1,Myosin_19,Not_Target,Myosin_7
ebra2242.t1,Not_Target,Not_Target,Not_Target
ebra2243.t1,Myosin_45,Not_Target,Not_Target
ebra2244.t1,Not_Target,Not_Target,Not_Target
ebra6209.t1,Not_Target,Not_Target,Not_Target
ebra6210.t1,Not_Target,Not_Target,Not_Target
ebra6211.t1,Not_Target,Myosin_2,Not_Target
ebra6212.t1,Myosin_15,Myosin_15,Myosin_15
ebra6213.t1,Not_Target,Not_Target,Not_Target
ebra6214.t1,Myosin_36,Not_Target,Myosin_37
ebra6215.t1,Not_Target,Not_Target,Not_Target
ebra6216.t1,Not_Target,Not_Target,Not_Target
ebra6217.t1,Not_Target,Not_Target,Not_Target
ebra6218.t1,Not_Target,Not_Target,Myosin_4
ebra6219.t1,Not_Target,Not_Target,Not_Target
ebra6220.t1,Not_Target,Not_Target,Not_Target
ebra6221.t1,Not_Target,Not_Target,Not_Target
ebra6222.t1,Not_Target,Not_Target,Not_Target
ebra6223.t1,Myosin_17,Not_Target,Myosin_8
ebra6224.t1,Not_Target,Not_Target,Not_Target
ebra6225.t1,Not_Target,Myosin_7,Not_Target
ebra6226.t1,Not_Target,Not_Target,Not_Target
ebra6227.t1,Not_Target,Not_Target,Not_Target
ebra6228.t1,Myosin_2,Myosin_6,Myosin_8
ebra6229.t1,Not_Target,Not_Target,Not_Target
ebra6230.t1,Myosin_57,Myosin_18,Not_Target
ebra6231.t1,Myosin_9,Myosin_1,Myosin_5
ebra9012.t1,Myosin_1,Myosin_1,Not_Target
ebra9013.t1,Not_Target,Myosin_31,Not_Target
ebra9014.t1,Not_Target,Not_Target,Not_Target
ebra9015.t1,Not_Target,Not_Target,Not_Target
ebra9016.t1,Not_Target,Not_Target,Not_Target
ebra9017.t1,Not_Target,Not_Target,Not_Target
ebra9018.t1,Myosin_45,Not_Target,Not_Target
ebra9019.t1,Myosin_17,Myosin_5,Not_Target
ebra9020.t1,Not_Target,Not_Target,Not_Target
ebra9021.t1,Myosin_15,Not_Target,Myosin_3
ebra9022.t1,Not_Target,Not_Target,Not_Target
ebra9023.t1,Not_Target,Not_Target,Myosin_19
ebra9024.t1,Myosin_45,Myosin_2,Myosin_1
ebra9025.t1,Not_Target,Not_Target,Not_Target
ebra9026.t1,Not_Target,Not_Target,Not_Target
ebra9027.t1,Myosin_3,Myosin_3,Myosin_4
ebra9028.t1,Myosin_45,Not_Target,Not_Target
ebra9029.t1,Not_Target,Not_Target,Not_Target
ebra9030.t1,Not_Target,Not_Target,Not_Target
ebra9031.t1,Not_Target,Not_Target,Not_Target
ebra9032.t1,Not_Target,Not_Target,Not_Target
ebra9033.t1,Myosin_11,Myosin_19,Not_Target
ebra9034.t1,Not_Target,Not_Target,Not_Target
ebra20552.t1,Not_Target,Myosin_4,Not_Target
ebra20553.t1,Not_Target,Not_Target,Not_Target
ebra20554.t1,Not_Target,Not_Target,Myosin_14
ebra20555.t1,Not_Target,Not_Target,Myosin_22
ebra20556.t1,Myosin_18,Not_Target,Myosin_3
ebra20557.t1,Not_Target,Myosin_19,Not_Target
ebra20558.t1,Myosin_8,Myosin_11,Not_Target
ebra20559.t1,Myosin_2,Myosin_2,Myosin_2
ebra20560.t1,Myosin_18,Not_Target,Myosin_31
ebra20561.t1,Not_Target,Not_Target,Not_Target
ebra20562.t1,Not_Target,Not_Target,Not_Target
ebra20563.t1,Not_Target,Not_Target,Not_Target
ebra20564.t1,Myosin_45,Myosin_45,Myosin_3
ebra20565.t1,Not_Target,Not_Target,Myosin_51
ebra20566.t1,Not_Target,Myosin_19,Not_Target
ebra20567.t1,Myosin_45,Not_Target,Myosin_1
ebra20568.t1,Myosin_19,Myosin_19,Myosin_17
ebra16484.t1,Not_Target,Not_Target,Not_Target
ebra16485.t1,Not_Target,Not_Target,Not_Target
ebra16486.t1,Not_Target,Not_Target,Not_Target
ebra16487.t1,Myosin_45,Not_Target,Not_Target
ebra16488.t1,Not_Target,Not_Target,Not_Target
ebra16489.t1,Myosin_45,Not_Target,Myosin_1
ebra16490.t1,Not_Target,Myosin_18,Myosin_8
ebra16491.t1,Not_Target,Not_Target,Not_Target
ebra16492.t1,Not_Target,Not_Target,Myosin_24
ebra16493.t1,Myosin_9,Myosin_6,Myosin_16
ebra16494.t1,Not_Target,Not_Target,Myosin_8
ebra16495.t1,Not_Target,Myosin_23,Myosin_36
ebra16496.t1,Not_Target,Not_Target,Not_Target
ebra16497.t1,Not_Target,Not_Target,Not_Target
ebra16498.t1,Not_Target,Not_Target,Not_Target
ebra16499.t1,Not_Target,Not_Target,Not_Target
ebra16500.t1,Not_Target,Not_Target,Not_Target
ebra16501.t1,Not_Target,Not_Target,Not_Target
ebra16502.t1,Not_Target,Myosin_25,Myosin_14
ebra16503.t1,Not_Target,Not_Target,Not_Target
ebra16504.t1,Not_Target,Not_Target,Not_Target
ebra16505.t1,Myosin_37,Myosin_7,Myosin_37
ebra16506.t1,Not_Target,Not_Target,Myosin_24
ebra16507.t1,Not_Target,Not_Target,Not_Target
ebra5612.t1,Myosin_34,Not_Target,Not_Target
ebra5613.t1,Not_Target,Not_Target,Not_Target
ebra5614.t1,Not_Target,Not_Target,Not_Target
ebra5615.t1,Not_Target,Not_Target,Not_Target
ebra5616.t1,Not_Target,Not_Target,Not_Target
ebra5617.t1,Not_Target,Myosin_57,Not_Target
ebra5618.t1,Not_Target,Not_Target,Not_Target
ebra5619.t1,Not_Target,Myosin_1,Not_Target
ebra5620.t1,Myosin_17,Not_Target,Myosin_20
ebra5621.t1,Not_Target,Not_Target,Not_Target
ebra5622.t1,Not_Target,Not_Target,Not_Target
ebra5623.t1,Not_Target,Not_Target,Not_Target
ebra5624.t1,Myosin_45,Not_Target,Not_Target
ebra5625.t1,Not_Target,Not_Target,Not_Target
ebra5626.t1,Myosin_26,Myosin_26,Myosin_13
ebra5627.t1,Myosin_9,Myosin_3,Myosin_3
ebra5628.t1,Myosin_22,Myosin_4,Myosin_22
ebra14881.t1,Myosin_17,Not_Target,Myosin_5
ebra14882.t1,Not_Target,Not_Target,Not_Target
ebra14883.t1,Not_Target,Myosin_17,Myosin_36
ebra14884.t1,Not_Target,Not_Target,Not_Target
ebra14885.t1,Myosin_24,Not_Target,Not_Target
ebra14886.t1,Not_Target,Not_Target,Not_Target
ebra14887.t1,Myosin_22,Myosin_22,Myosin_22
ebra14888.t1,Myosin_31,Not_Target,Not_Target
ebra14889.t1,Myosin_37,Myosin_3,Myosin_5
ebra14890.t1,Not_Target,Not_Target,Not_Target
ebra14891.t1,Not_Target,Not_Target,Not_Target
ebra14892.t1,Not_Target,Not_Target,Not_Target
ebra14893.t1,Not_Target,Not_Target,Not_Target
ebra14894.t1,Not_Target,Not_Target,Not_Target
ebra14895.t1,Not_Target,Not_Target,Not_Target
ebra24.t1,Not_Target,Not_Target,Myosin_3
ebra25.t1,Not_Target,Myosin_8,Myosin_10
ebra26.t1,Myosin_6,Myosin_5,Not_Target
ebra27.t1,Not_Target,Not_Target,Not_Target
ebra28.t1,Not_Target,Not_Target,Not_Target
ebra29.t1,Myosin_6,Not_Target,Not_Target
ebra30.t1,Not_Target,Not_Target,Not_Target
ebra31.t1,Not_Target,Not_Target,Not_Target
ebra32.t1,Not_Target,Myosin_16,Myosin_20
ebra33.t1,Myosin_3,Not_Target,Myosin_15
ebra34.t1,Myosin_5,Myosin_5,Not_Target
ebra35.t1,Not_Target,Not_Target,Myosin_19
ebra36.t1,Not_Target,Not_Target,Myosin_1
ebra37.t1,Not_Target,Not_Target,Not_Target
ebra38.t1,Not_Target,Myosin_19,Myosin_1
ebra39.t1,Not_Target,Not_Target,Not_Target
ebra40.t1,Not_Target,Not_Target,Myosin_42
ebra41.t1,Myosin_15,Myosin_15,Myosin_15
ebra42.t1,Myosin_2,Not_Target,Not_Target
ebra16287.t1,Myosin_9,Myosin_22,Myosin_22
ebra16288.t1,Not_Target,Not_Target,Not_Target
ebra16289.t1,Myosin_2,Not_Target,Not_Target
ebra16290.t1,Not_Target,Not_Target,Not_Target
ebra16291.t1,Myosin_45,Myosin_16,Myosin_10
ebra16292.t1,Myosin_4,Myosin_4,Myosin_5
ebra16293.t1,Myosin_9,Myosin_57,Myosin_14
ebra16294.t1,Not_Target,Myosin_57,Not_Target
ebra16295.t1,Not_Target,Myosin_1,Myosin_13
ebra16296.t1,Not_Target,Not_Target,Not_Target
ebra16297.t1,Myosin_18,Myosin_2,Myosin_5
ebra16298.t1,Not_Target,Not_Target,Not_Target
ebra16299.t1,Not_Target,Not_Target,Not_Target
ebra16300.t1,Myosin_18,Not_Target,Myosin_64
ebra16301.t1,Not_Target,Not_Target,Myosin_2
ebra16302.t1,Not_Target,Not_Target,Not_Target
ebra4641.t1,Not_Target,Not_Target,Myosin_11
ebra4642.t1,Not_Target,Not_Target,Myosin_2
ebra4643.t1,Myosin_15,Myosin_15,Myosin_15
ebra4644.t1,Myosin_15,Myosin_1,Myosin_24
ebra4645.t1,Myosin_16,Myosin_16,Not_Target
ebra4646.t1,Not_Target,Not_Target,Myosin_1
ebra4647.t1,Not_Target,Not_Target,Myosin_6
ebra4648.t1,Not_Target,Not_Target,Myosin_8
ebra4649.t1,Not_Target,Not_Target,Not_Target
ebra4650.t1,Not_Target,Not_Target,Not_Target
ebra4651.t1,Not_Target,Myosin_17,Not_Target
ebra4652.t1,Not_Target,Myosin_17,Not_Target
ebra4653.t1,Not_Target,Not_Target,Not_Target
ebra4654.t1,Myosin_45,Not_Target,Not_Target
ebra4655.t1,Myosin_24,Not_Target,Not_Target
ebra4656.t1,Myosin_24,Not_Target,Not_Target
ebra19989.t1,Not_Target,Not_Target,Not_Target
ebra19990.t1,Not_Target,Not_Target,Not_Target
ebra19991.t1,Myosin_2,Not_Target,Not_Target
ebra19992.t1,Not_Target,Not_Target,Not_Target
ebra19993.t1,Not_Target,Not_Target,Not_Target
ebra19994.t1,Not_Target,Myosin_16,Not_Target
ebra19995.t1,Not_Target,Myosin_1,Not_Target
ebra19996.t1,Not_Target,Not_Target,Not_Target
ebra19997.t1,Myosin_30,Not_Target,Not_Target
ebra19998.t1,Myosin_1,Myosin_17,Not_Target
ebra19999.t1,Not_Target,Not_Target,Myosin_6
ebra20000.t1,Not_Target,Not_Target,Not_Target
ebra20001.t1,Not_Target,Not_Target,Not_Target
ebra20002.t1,Myosin_57,Not_Target,Not_Target
ebra20003.t1,Myosin_45,Not_Target,Not_Target
ebra20004.t1,Myosin_45,Not_Target,Not_Target
ebra20005.t1,Not_Target,Not_Target,Not_Target
ebra20006.t1,Not_Target,Not_Target,Not_Target
ebra20007.t1,Myosin_45,Not_Target,Not_Target
ebra20008.t1,Not_Target,Not_Target,Not_Target
ebra20009.t1,Not_Target,Myosin_16,Not_Target
ebra20010.t1,Not_Target,Not_Target,Myosin_81
ebra17710.t1,Not_Target,Not_Target,Not_Target
ebra17711.t1,Not_Target,Not_Target,Myosin_19
ebra17712.t1,Not_Target,Not_Target,Not_Target
ebra17713.t1,Myosin_1,Myosin_1,Myosin_3
ebra17714.t1,Not_Target,Not_Target,Not_Target
ebra17715.t1,Not_Target,Not_Target,Not_Target
ebra17716.t1,Myosin_5,Myosin_5,Myosin_2
ebra17717.t1,Myosin_18,Myosin_57,Myosin_57
ebra17718.t1,Myosin_26,Myosin_74,Myosin_3
ebra17719.t1,Myosin_17,Not_Target,Not_Target
ebra17720.t1,Myosin_23,Not_Target,Myosin_16
ebra17721.t1,Not_Target,Not_Target,Not_Target
ebra17722.t1,Not_Target,Not_Target,Myosin_3
ebra17723.t1,Not_Target,Not_Target,Myosin_1
ebra17724.t1,Myosin_45,Myosin_45,Not_Target
ebra17725.t1,Not_Target,Not_Target,Not_Target
ebra17726.t1,Not_Target,Not_Target,Myosin_2
ebra17727.t1,Myosin_19,Not_Target,Myosin_19
ebra17728.t1,Myosin_73,Myosin_11,Not_Target
ebra18747.t1,Myosin_19,Myosin_19,Not_Target
ebra18748.t1,Not_Target,Not_Target,Not_Target
ebra18749.t1,Not_Target,Not_Target,Not_Target
ebra18750.t1,Not_Target,Not_Target,Not_Target
ebra18751.t1,Not_Target,Not_Target,Not_Target
ebra18752.t1,Myosin_30,Not_Target,Not_Target
ebra18753.t1,Not_Target,Myosin_17,Myosin_36
ebra18754.t1,Not_Target,Not_Target,Not_Target
ebra18755.t1,Not_Target,Not_Target,Not_Target
ebra18756.t1,Not_Target,Not_Target,Not_Target
ebra18757.t1,Not_Target,Not_Target,Not_Target
ebra18758.t1,Not_Target,Not_Target,Not_Target
ebra18759.t1,Not_Target,Not_Target,Not_Target
ebra18760.t1,Not_Target,Not_Target,Myosin_19
ebra18762.t1,Myosin_45,Myosin_16,Not_Target
ebra18763.t1,Not_Target,Myosin_19,Not_Target
ebra18764.t1,Myosin_73,Myosin_57,Myosin_51
ebra17212.t1,Not_Target,Not_Target,Myosin_3
ebra17213.t1,Not_Target,Not_Target,Myosin_62
ebra17214.t1,Not_Target,Not_Target,Myosin_1
ebra17215.t1,Not_Target,Not_Target,Not_Target
ebra17216.t1,Not_Target,Not_Target,Myosin_34
ebra17217.t1,Myosin_18,Myosin_11,Myosin_5
ebra17218.t1,Not_Target,Myosin_5,Not_Target
ebra17219.t1,Not_Target,Not_Target,Not_Target
ebra17220.t1,Not_Target,Not_Target,Not_Target
ebra17221.t1,Not_Target,Not_Target,Not_Target
ebra17222.t1,Not_Target,Not_Target,Not_Target
ebra17223.t1,Not_Target,Not_Target,Not_Target
ebra17224.t1,Not_Target,Not_Target,Not_Target
ebra17225.t1,Not_Target,Myosin_18,Not_Target
ebra17226.t1,Not_Target,Myosin_23,Not_Target
ebra17227.t1,Not_Target,Not_Target,Not_Target
ebra17228.t1,Myosin_74,Myosin_74,Myosin_51
ebra17229.t1,Not_Target,Not_Target,Not_Target
ebra17832.t1,Myosin_17,Not_Target,Myosin_22
ebra17833.t1,Not_Target,Myosin_57,Not_Target
ebra17834.t1,Not_Target,Not_Target,Not_Target
ebra17835.t1,Not_Target,Not_Target,Myosin_37
ebra17836.t1,Not_Target,Not_Target,Not_Target
ebra17837.t1,Not_Target,Not_Target,Not_Target
ebra17838.t1,Not_Target,Not_Target,Not_Target
ebra17839.t1,Myosin_22,Myosin_3,Myosin_2
ebra17840.t1,Not_Target,Not_Target,Not_Target
ebra17841.t1,Not_Target,Not_Target,Not_Target
ebra17842.t1,Not_Target,Not_Target,Not_Target
ebra17843.t1,Not_Target,Not_Target,Not_Target
ebra17844.t1,Not_Target,Not_Target,Not_Target
ebra17845.t1,Not_Target,Not_Target,Myosin_1
ebra17846.t1,Not_Target,Not_Target,Not_Target
ebra17847.t1,Not_Target,Myosin_2,Not_Target
ebra17848.t1,Not_Target,Myosin_2,Not_Target
ebra17849.t1,Not_Target,Not_Target,Not_Target
ebra17627.t1,Not_Target,Not_Target,Not_Target
ebra17628.t1,Not_Target,Not_Target,Not_Target
ebra17629.t1,Not_Target,Not_Target,Not_Target
ebra17630.t1,Not_Target,Not_Target,Not_Target
ebra17631.t1,Myosin_19,Not_Target,Myosin_72
ebra17632.t1,Not_Target,Not_Target,Myosin_7
ebra17633.t1,Myosin_15,Not_Target,Myosin_6
ebra17634.t1,Myosin_19,Myosin_5,Myosin_36
ebra17635.t1,Not_Target,Myosin_6,Myosin_5
ebra17636.t1,Not_Target,Not_Target,Not_Target
ebra17637.t1,Not_Target,Not_Target,Myosin_20
ebra17638.t1,Myosin_17,Not_Target,Myosin_17
ebra17639.t1,Not_Target,Not_Target,Myosin_71
ebra959.t1,Myosin_19,Myosin_19,Not_Target
ebra960.t1,Not_Target,Myosin_18,Myosin_20
ebra961.t1,Not_Target,Not_Target,Not_Target
ebra962.t1,Not_Target,Not_Target,Not_Target
ebra963.t1,Not_Target,Not_Target,Myosin_20
ebra964.t1,Not_Target,Not_Target,Not_Target
ebra965.t1,Not_Target,Not_Target,Not_Target
ebra966.t1,Not_Target,Not_Target,Not_Target
ebra967.t1,Not_Target,Not_Target,Not_Target
ebra968.t1,Not_Target,Not_Target,Not_Target
ebra969.t1,Not_Target,Myosin_6,Not_Target
ebra970.t1,Not_Target,Not_Target,Not_Target
ebra971.t1,Not_Target,Not_Target,Not_Target
ebra972.t1,Not_Target,Not_Target,Not_Target
ebra973.t1,Not_Target,Myosin_22,Myosin_57
ebra974.t1,Not_Target,Not_Target,Myosin_1
ebra975.t1,Myosin_2,Not_Target,Not_Target
ebra976.t1,Not_Target,Not_Target,Myosin_1
ebra977.t1,Not_Target,Not_Target,Not_Target
ebra978.t1,Myosin_37,Myosin_57,Myosin_57
ebra979.t1,Not_Target,Not_Target,Not_Target
ebra980.t1,Not_Target,Not_Target,Not_Target
ebra981.t1,Not_Target,Not_Target,Not_Target
ebra982.t1,Not_Target,Not_Target,Myosin_3
ebra983.t1,Myosin_5,Myosin_2,Myosin_2
ebra984.t1,Myosin_1,Myosin_1,Not_Target
ebra20849.t1,Myosin_19,Myosin_19,Myosin_28
ebra20850.t1,Not_Target,Not_Target,Not_Target
ebra20851.t1,Not_Target,Myosin_16,Not_Target
ebra20852.t1,Not_Target,Not_Target,Myosin_5
ebra20853.t1,Not_Target,Not_Target,Not_Target
ebra20854.t1,Not_Target,Not_Target,Not_Target
ebra20855.t1,Not_Target,Not_Target,Not_Target
ebra20856.t1,Myosin_15,Myosin_15,Myosin_15
ebra3198.t1,Myosin_19,Myosin_19,Not_Target
ebra3199.t1,Not_Target,Not_Target,Myosin_4
ebra3200.t1,Myosin_17,Not_Target,Myosin_27
ebra3201.t1,Myosin_5,Not_Target,Myosin_18
ebra3202.t1,Myosin_6,Not_Target,Myosin_3
ebra3203.t1,Not_Target,Myosin_26,Not_Target
ebra3204.t1,Not_Target,Myosin_22,Not_Target
ebra3205.t1,Myosin_19,Not_Target,Not_Target
ebra3206.t1,Myosin_26,Not_Target,Not_Target
ebra3207.t1,Not_Target,Myosin_1,Not_Target
ebra3208.t1,Not_Target,Myosin_5,Not_Target
ebra3209.t1,Not_Target,Not_Target,Myosin_19
ebra3210.t1,Not_Target,Not_Target,Not_Target
ebra3211.t1,Not_Target,Not_Target,Not_Target
ebra3212.t1,Not_Target,Not_Target,Not_Target
ebra3213.t1,Not_Target,Not_Target,Not_Target
ebra3214.t1,Not_Target,Not_Target,Not_Target
ebra3215.t1,Not_Target,Not_Target,Not_Target
ebra3216.t1,Not_Target,Not_Target,Not_Target
ebra3217.t1,Not_Target,Not_Target,Not_Target
ebra3218.t1,Not_Target,Not_Target,Not_Target
ebra3219.t1,Not_Target,Not_Target,Not_Target
ebra18463.t1,Not_Target,Not_Target,Not_Target
ebra18464.t1,Not_Target,Not_Target,Not_Target
ebra18465.t1,Not_Target,Not_Target,Not_Target
ebra18466.t1,Not_Target,Not_Target,Not_Target
ebra18467.t1,Myosin_24,Myosin_6,Not_Target
ebra18468.t1,Not_Target,Not_Target,Not_Target
ebra18469.t1,Myosin_45,Not_Target,Not_Target
ebra18470.t1,Myosin_16,Myosin_16,Not_Target
ebra18471.t1,Not_Target,Not_Target,Myosin_3
ebra18472.t1,Myosin_5,Myosin_5,Myosin_68
ebra18473.t1,Not_Target,Not_Target,Not_Target
ebra18474.t1,Myosin_45,Not_Target,Myosin_71
ebra18475.t1,Myosin_45,Not_Target,Myosin_18
ebra1498.t1,Not_Target,Not_Target,Not_Target
ebra1499.t1,Not_Target,Not_Target,Not_Target
ebra1500.t1,Not_Target,Myosin_68,Myosin_71
ebra1501.t1,Not_Target,Not_Target,Not_Target
ebra1502.t1,Not_Target,Not_Target,Not_Target
ebra1503.t1,Not_Target,Not_Target,Not_Target
ebra1504.t1,Myosin_17,Myosin_17,Myosin_17
ebra1505.t1,Myosin_3,Not_Target,Myosin_57
ebra1506.t1,Not_Target,Not_Target,Not_Target
ebra1507.t1,Not_Target,Not_Target,Not_Target
ebra1508.t1,Not_Target,Not_Target,Not_Target
ebra1509.t1,Not_Target,Not_Target,Not_Target
ebra1510.t1,Not_Target,Not_Target,Not_Target
ebra1511.t1,Not_Target,Not_Target,Not_Target
ebra1512.t1,Myosin_17,Myosin_17,Myosin_5
ebra1513.t1,Not_Target,Not_Target,Myosin_8
ebra1514.t1,Not_Target,Not_Target,Myosin_1
ebra1515.t1,Myosin_31,Not_Target,Myosin_20
ebra1516.t1,Not_Target,Not_Target,Not_Target
ebra1517.t1,Not_Target,Myosin_2,Not_Target
ebra1518.t1,Not_Target,Not_Target,Not_Target
ebra1519.t1,Not_Target,Not_Target,Not_Target
ebra1520.t1,Not_Target,Myosin_16,Not_Target
ebra1521.t1,Not_Target,Not_Target,Not_Target
ebra1522.t1,Myosin_2,Not_Target,Myosin_2
ebra210.t1,Not_Target,Not_Target,Not_Target
ebra211.t1,Not_Target,Not_Target,Not_Target
ebra212.t1,Not_Target,Not_Target,Not_Target
ebra213.t1,Not_Target,Not_Target,Myosin_2
ebra214.t1,Myosin_19,Not_Target,Myosin_3
ebra215.t1,Not_Target,Not_Target,Not_Target
ebra216.t1,Not_Target,Not_Target,Not_Target
ebra217.t1,Myosin_4,Not_Target,Myosin_8
ebra218.t1,Myosin_5,Myosin_20,Myosin_5
ebra219.t1,Not_Target,Not_Target,Myosin_2
ebra220.t1,Myosin_37,Myosin_1,Myosin_4
ebra221.t1,Myosin_45,Not_Target,Myosin_15
ebra222.t1,Not_Target,Myosin_57,Not_Target
ebra8940.t1,Not_Target,Not_Target,Not_Target
ebra8941.t1,Not_Target,Myosin_16,Myosin_20
ebra8942.t1,Not_Target,Not_Target,Myosin_2
ebra8943.t1,Not_Target,Myosin_19,Not_Target
ebra8944.t1,Not_Target,Not_Target,Not_Target
ebra8945.t1,Myosin_2,Not_Target,Not_Target
ebra8946.t1,Myosin_57,Not_Target,Not_Target
ebra8947.t1,Myosin_5,Not_Target,Not_Target
ebra8948.t1,Myosin_2,Not_Target,Myosin_27
ebra8949.t1,Myosin_45,Not_Target,Myosin_30
ebra8950.t1,Myosin_26,Myosin_51,Not_Target
ebra8951.t1,Not_Target,Not_Target,Not_Target
ebra8952.t1,Not_Target,Myosin_19,Not_Target
ebra8953.t1,Not_Target,Not_Target,Myosin_14
ebra8954.t1,Not_Target,Not_Target,Not_Target
ebra8955.t1,Not_Target,Not_Target,Not_Target
ebra8956.t1,Not_Target,Not_Target,Myosin_14
ebra19826.t1,Myosin_19,Not_Target,Not_Target
ebra19827.t1,Not_Target,Not_Target,Not_Target
ebra19828.t1,Not_Target,Not_Target,Myosin_3
ebra19829.t1,Myosin_18,Not_Target,Not_Target
ebra19830.t1,Not_Target,Not_Target,Not_Target
ebra19831.t1,Not_Target,Myosin_1,Myosin_6
ebra19832.t1,Not_Target,Myosin_28,Not_Target
ebra19833.t1,Not_Target,Not_Target,Not_Target
ebra19834.t1,Myosin_17,Not_Target,Myosin_64
ebra19835.t1,Not_Target,Not_Target,Not_Target
ebra19836.t1,Not_Target,Not_Target,Myosin_2
ebra19837.t1,Not_Target,Not_Target,Not_Target
ebra19838.t1,Myosin_19,Myosin_19,Myosin_8
ebra19839.t1,Not_Target,Not_Target,Not_Target
ebra19840.t1,Not_Target,Not_Target,Myosin_1
ebra19841.t1,Not_Target,Not_Target,Not_Target
ebra19842.t1,Not_Target,Not_Target,Not_Target
ebra19843.t1,Not_Target,Not_Target,Not_Target
ebra19844.t1,Myosin_31,Not_Target,Not_Target
ebra19845.t1,Not_Target,Not_Target,Not_Target
ebra19846.t1,Myosin_18,Myosin_18,Not_Target
ebra19847.t1,Not_Target,Not_Target,Not_Target
ebra1740.t1,Not_Target,Not_Target,Myosin_20
ebra1741.t1,Not_Target,Not_Target,Not_Target
ebra1742.t1,Not_Target,Not_Target,Not_Target
ebra1743.t1,Not_Target,Myosin_17,Not_Target
ebra1744.t1,Not_Target,Myosin_38,Not_Target
ebra1745.t1,Not_Target,Myosin_17,Not_Target
ebra1746.t1,Myosin_9,Myosin_26,Myosin_10
ebra1747.t1,Myosin_19,Not_Target,Not_Target
ebra1748.t1,Not_Target,Myosin_18,Not_Target
ebra1749.t1,Not_Target,Not_Target,Not_Target
ebra1750.t1,Not_Target,Not_Target,Myosin_20
ebra1751.t1,Not_Target,Not_Target,Not_Target
ebra1752.t1,Not_Target,Not_Target,Not_Target
ebra1753.t1,Myosin_17,Not_Target,Myosin_22
ebra1754.t1,Myosin_17,Not_Target,Myosin_22
ebra7872.t1,Not_Target,Not_Target,Not_Target
ebra7873.t1,Myosin_3,Not_Target,Myosin_5
ebra7874.t1,Not_Target,Not_Target,Not_Target
ebra7875.t1,Not_Target,Not_Target,Not_Target
ebra7876.t1,Not_Target,Not_Target,Not_Target
ebra7877.t1,Not_Target,Not_Target,Not_Target
ebra7878.t1,Not_Target,Not_Target,Not_Target
ebra7879.t1,Not_Target,Myosin_5,Not_Target
ebra7880.t1,Myosin_36,Myosin_57,Myosin_5
ebra7881.t1,Not_Target,Not_Target,Myosin_1
ebra7882.t1,Not_Target,Not_Target,Not_Target
ebra7883.t1,Not_Target,Myosin_5,Not_Target
ebra7884.t1,Not_Target,Not_Target,Not_Target
ebra7885.t1,Not_Target,Not_Target,Not_Target
ebra7886.t1,Not_Target,Not_Target,Not_Target
ebra7887.t1,Not_Target,Myosin_5,Not_Target
ebra7888.t1,Myosin_1,Not_Target,Not_Target
ebra7889.t1,Not_Target,Not_Target,Not_Target
ebra7890.t1,Not_Target,Myosin_57,Not_Target
ebra7891.t1,Not_Target,Myosin_1,Not_Target
ebra8141.t1,Not_Target,Not_Target,Not_Target
ebra8142.t1,Not_Target,Not_Target,Not_Target
ebra8143.t1,Myosin_64,Myosin_26,Not_Target
ebra8144.t1,Myosin_64,Myosin_26,Not_Target
ebra8145.t1,Myosin_26,Not_Target,Not_Target
ebra8146.t1,Not_Target,Not_Target,Myosin_1
ebra8147.t1,Not_Target,Not_Target,Not_Target
ebra8148.t1,Not_Target,Not_Target,Myosin_5
ebra8149.t1,Not_Target,Not_Target,Not_Target
ebra8150.t1,Not_Target,Not_Target,Not_Target
ebra8151.t1,Myosin_2,Myosin_2,Not_Target
ebra8152.t1,Myosin_15,Myosin_5,Myosin_17
ebra8153.t1,Not_Target,Myosin_1,Not_Target
ebra8154.t1,Myosin_37,Not_Target,Myosin_37
ebra8155.t1,Not_Target,Not_Target,Actin
ebra8156.t1,Not_Target,Not_Target,Not_Target
ebra8157.t1,Not_Target,Not_Target,Not_Target
ebra8158.t1,Not_Target,Not_Target,Not_Target
ebra8159.t1,Not_Target,Not_Target,Not_Target
ebra8160.t1,Not_Target,Not_Target,Not_Target
ebra8019.t1,Not_Target,Not_Target,Not_Target
ebra8020.t1,Not_Target,Myosin_17,Not_Target
ebra8021.t1,Not_Target,Not_Target,Not_Target
ebra8022.t1,Not_Target,Not_Target,Not_Target
ebra8023.t1,Not_Target,Not_Target,Not_Target
ebra8024.t1,Not_Target,Not_Target,Not_Target
ebra8025.t1,Not_Target,Not_Target,Not_Target
ebra8026.t1,Not_Target,Not_Target,Not_Target
ebra8027.t1,Not_Target,Not_Target,Not_Target
ebra8028.t1,Not_Target,Myosin_1,Not_Target
ebra8029.t1,Not_Target,Not_Target,Not_Target
ebra8030.t1,Not_Target,Not_Target,Myosin_8
ebra8031.t1,Not_Target,Not_Target,Myosin_19
ebra8032.t1,Not_Target,Myosin_2,Not_Target
ebra8033.t1,Myosin_44,Myosin_16,Myosin_5
ebra8034.t1,Myosin_57,Myosin_57,Not_Target
ebra8035.t1,Myosin_51,Not_Target,Myosin_3
ebra8036.t1,Not_Target,Not_Target,Not_Target
ebra8037.t1,Not_Target,Myosin_5,Not_Target
ebra18923.t1,Not_Target,Not_Target,Myosin_4
ebra18924.t1,Not_Target,Not_Target,Not_Target
ebra18925.t1,Not_Target,Not_Target,Not_Target
ebra18926.t1,Myosin_74,Not_Target,Myosin_30
ebra18927.t1,Myosin_17,Myosin_17,Myosin_1
ebra18928.t1,Not_Target,Not_Target,Myosin_19
ebra18929.t1,Myosin_5,Not_Target,Myosin_6
ebra18930.t1,Myosin_18,Not_Target,Not_Target
ebra18931.t1,Myosin_15,Myosin_7,Myosin_22
ebra18932.t1,Myosin_1,Myosin_3,Myosin_37
ebra18933.t1,Not_Target,Not_Target,Not_Target
ebra18934.t1,Not_Target,Not_Target,Not_Target
ebra18935.t1,Myosin_18,Myosin_57,Myosin_5
ebra18936.t1,Myosin_5,Not_Target,Not_Target
ebra18937.t1,Not_Target,Not_Target,Not_Target
ebra18938.t1,Myosin_3,Myosin_3,Myosin_3
ebra18939.t1,Myosin_1,Not_Target,Not_Target
ebra18940.t1,Not_Target,Not_Target,Not_Target
ebra10389.t1,Myosin_3,Myosin_3,Myosin_5
ebra10390.t1,Not_Target,Not_Target,Not_Target
ebra10391.t1,Not_Target,Not_Target,Not_Target
ebra10392.t1,Myosin_2,Myosin_18,Myosin_2
ebra10393.t1,Not_Target,Myosin_57,Not_Target
ebra10394.t1,Myosin_45,Not_Target,Myosin_20
ebra10395.t1,Not_Target,Not_Target,Not_Target
ebra10396.t1,Myosin_45,Not_Target,Myosin_20
ebra10397.t1,Myosin_16,Myosin_3,Myosin_36
ebra10398.t1,Not_Target,Not_Target,Not_Target
ebra10399.t1,Not_Target,Not_Target,Not_Target
ebra10400.t1,Not_Target,Not_Target,Not_Target
ebra10401.t1,Not_Target,Myosin_28,Not_Target
ebra10402.t1,Not_Target,Not_Target,Not_Target
ebra10403.t1,Not_Target,Not_Target,Not_Target
ebra10404.t1,Not_Target,Not_Target,Not_Target
ebra10405.t1,Not_Target,Not_Target,Not_Target
ebra10406.t1,Myosin_17,Not_Target,Not_Target
ebra10407.t1,Not_Target,Not_Target,Not_Target
ebra10408.t1,Not_Target,Not_Target,Not_Target
ebra10409.t1,Myosin_18,Not_Target,Not_Target
ebra2941.t1,Not_Target,Not_Target,Not_Target
ebra2942.t1,Not_Target,Not_Target,Not_Target
ebra2943.t1,Not_Target,Myosin_61,Not_Target
ebra2944.t1,Not_Target,Not_Target,Myosin_53
ebra2945.t1,Myosin_2,Myosin_6,Not_Target
ebra2946.t1,Not_Target,Myosin_5,Not_Target
ebra2947.t1,Not_Target,Not_Target,Not_Target
ebra2948.t1,Not_Target,Not_Target,Not_Target
ebra2949.t1,Not_Target,Not_Target,Not_Target
ebra2950.t1,Myosin_24,Not_Target,Not_Target
ebra2951.t1,Not_Target,Not_Target,Not_Target
ebra2952.t1,Not_Target,Myosin_3,Not_Target
ebra2953.t1,Not_Target,Not_Target,Not_Target
ebra2954.t1,Not_Target,Not_Target,Not_Target
ebra2955.t1,Not_Target,Myosin_1,Myosin_1
ebra2956.t1,Not_Target,Myosin_19,Not_Target
ebra2957.t1,Not_Target,Not_Target,Not_Target
ebra2958.t1,Not_Target,Myosin_1,Not_Target
ebra2959.t1,Not_Target,Not_Target,Not_Target
ebra2960.t1,Not_Target,Not_Target,Not_Target
ebra2961.t1,Not_Target,Not_Target,Not_Target
ebra2962.t1,Not_Target,Not_Target,Myosin_3
ebra2963.t1,Not_Target,Myosin_18,Not_Target
ebra2964.t1,Not_Target,Not_Target,Myosin_36
ebra2965.t1,Not_Target,Not_Target,Not_Target
ebra2966.t1,Not_Target,Myosin_5,Not_Target
ebra2967.t1,Myosin_71,Not_Target,Myosin_24
ebra2968.t1,Not_Target,Not_Target,Not_Target
ebra6911.t1,Not_Target,Not_Target,Not_Target
ebra6912.t1,Not_Target,Not_Target,Not_Target
ebra6913.t1,Myosin_37,Not_Target,Myosin_2
ebra6914.t1,Myosin_37,Not_Target,Not_Target
ebra6915.t1,Not_Target,Not_Target,Not_Target
ebra6916.t1,Not_Target,Not_Target,Not_Target
ebra6917.t1,Myosin_19,Myosin_5,Not_Target
ebra6918.t1,Not_Target,Myosin_1,Not_Target
ebra6919.t1,Not_Target,Not_Target,Not_Target
ebra6920.t1,Not_Target,Not_Target,Not_Target
ebra6921.t1,Not_Target,Not_Target,Not_Target
ebra6922.t1,Myosin_17,Not_Target,Myosin_3
ebra6923.t1,Not_Target,Not_Target,Not_Target
ebra6924.t1,Not_Target,Myosin_22,Not_Target
ebra6925.t1,Myosin_1,Myosin_1,Not_Target
ebra6926.t1,Myosin_22,Myosin_22,Myosin_22
ebra6927.t1,Not_Target,Not_Target,Not_Target
ebra6928.t1,Myosin_25,Myosin_22,Myosin_5
ebra6929.t1,Not_Target,Not_Target,Not_Target
ebra10027.t1,Myosin_36,Not_Target,Myosin_20
ebra10028.t1,Not_Target,Myosin_1,Myosin_22
ebra10029.t1,Not_Target,Myosin_1,Myosin_1
ebra10030.t1,Not_Target,Not_Target,Myosin_71
ebra10031.t1,Myosin_45,Myosin_45,Myosin_27
ebra10032.t1,Myosin_5,Not_Target,Myosin_71
ebra10033.t1,Not_Target,Not_Target,Not_Target
ebra10034.t1,Not_Target,Not_Target,Not_Target
ebra10035.t1,Not_Target,Myosin_7,Not_Target
ebra10036.t1,Not_Target,Myosin_17,Not_Target
ebra10037.t1,Not_Target,Not_Target,Not_Target
ebra10038.t1,Not_Target,Myosin_57,Myosin_36
ebra10039.t1,Not_Target,Not_Target,Not_Target
ebra10040.t1,Not_Target,Myosin_17,Not_Target
ebra10041.t1,Myosin_2,Not_Target,Not_Target
ebra10042.t1,Not_Target,Not_Target,Myosin_57
ebra10043.t1,Myosin_19,Myosin_57,Myosin_19
ebra10044.t1,Myosin_31,Myosin_10,Not_Target
ebra10045.t1,Not_Target,Myosin_5,Myosin_2
ebra7328.t1,Not_Target,Not_Target,Not_Target
ebra7329.t1,Not_Target,Not_Target,Not_Target
ebra7330.t1,Not_Target,Not_Target,Myosin_1
ebra7331.t1,Not_Target,Not_Target,Not_Target
ebra7332.t1,Not_Target,Not_Target,Not_Target
ebra7333.t1,Not_Target,Not_Target,Not_Target
ebra7334.t1,Not_Target,Not_Target,Myosin_2
ebra7335.t1,Myosin_17,Myosin_17,Myosin_17
ebra7336.t1,Not_Target,Not_Target,Myosin_57
ebra7337.t1,Not_Target,Not_Target,Not_Target
ebra7338.t1,Not_Target,Not_Target,Not_Target
ebra7339.t1,Myosin_45,Not_Target,Myosin_2
ebra7340.t1,Not_Target,Not_Target,Myosin_23
ebra7341.t1,Not_Target,Myosin_57,Myosin_51
ebra7342.t1,Myosin_15,Myosin_15,Myosin_15
ebra15454.t1,Myosin_19,Myosin_19,Myosin_20
ebra15455.t1,Not_Target,Not_Target,Not_Target
ebra15456.t1,Myosin_57,Myosin_57,Myosin_5
ebra15457.t1,Not_Target,Not_Target,Not_Target
ebra15458.t1,Not_Target,Not_Target,Not_Target
ebra15459.t1,Not_Target,Not_Target,Not_Target
ebra15460.t1,Myosin_16,Myosin_16,Myosin_36
ebra15461.t1,Myosin_45,Myosin_28,Myosin_18
ebra15462.t1,Not_Target,Not_Target,Not_Target
ebra15463.t1,Not_Target,Not_Target,Not_Target
ebra15464.t1,Not_Target,Not_Target,Not_Target
ebra15465.t1,Not_Target,Myosin_17,Not_Target
ebra15466.t1,Not_Target,Not_Target,Not_Target
ebra15467.t1,Not_Target,Not_Target,Not_Target
ebra15468.t1,Not_Target,Not_Target,Not_Target
ebra15469.t1,Myosin_20,Not_Target,Not_Target
ebra15470.t1,Not_Target,Not_Target,Not_Target
ebra15471.t1,Not_Target,Not_Target,Not_Target
ebra21533.t1,Not_Target,Not_Target,Myosin_5
ebra21534.t1,Not_Target,Not_Target,Myosin_3
ebra21535.t1,Not_Target,Not_Target,Not_Target
ebra21536.t1,Myosin_24,Myosin_28,Not_Target
ebra21537.t1,Not_Target,Not_Target,Not_Target
ebra21538.t1,Not_Target,Not_Target,Myosin_22
ebra21539.t1,Not_Target,Not_Target,Not_Target
ebra21540.t1,Not_Target,Not_Target,Not_Target
ebra21541.t1,Not_Target,Not_Target,Not_Target
ebra21542.t1,Not_Target,Not_Target,Not_Target
ebra21543.t1,Not_Target,Not_Target,Not_Target
ebra21544.t1,Not_Target,Not_Target,Not_Target
ebra21545.t1,Not_Target,Not_Target,Not_Target
ebra21546.t1,Not_Target,Not_Target,Not_Target
ebra21547.t1,Not_Target,Myosin_51,Not_Target
ebra21548.t1,Not_Target,Not_Target,Not_Target
ebra21549.t1,Myosin_19,Myosin_57,Not_Target
ebra21550.t1,Not_Target,Myosin_26,Not_Target
ebra21551.t1,Myosin_3,Not_Target,Myosin_2
ebra21552.t1,Myosin_19,Not_Target,Myosin_1
ebra21553.t1,Myosin_17,Not_Target,Myosin_3
ebra21554.t1,Myosin_9,Myosin_57,Myosin_43
ebra21555.t1,Not_Target,Not_Target,Not_Target
ebra21556.t1,Myosin_57,Myosin_18,Myosin_19
ebra21557.t1,Myosin_5,Myosin_5,Myosin_5
ebra21558.t1,Not_Target,Not_Target,Not_Target
ebra21559.t1,Not_Target,Not_Target,Not_Target
ebra21560.t1,Not_Target,Not_Target,Not_Target
ebra21561.t1,Not_Target,Not_Target,Not_Target
ebra21562.t1,Myosin_46,Myosin_6,Not_Target
ebra9381.t1,Myosin_18,Not_Target,Myosin_15
ebra9382.t1,Myosin_24,Not_Target,Myosin_24
ebra9383.t1,Not_Target,Not_Target,Myosin_1
ebra9384.t1,Not_Target,Not_Target,Not_Target
ebra9385.t1,Myosin_31,Not_Target,Myosin_17
ebra9386.t1,Not_Target,Not_Target,Not_Target
ebra9387.t1,Not_Target,Myosin_1,Not_Target
ebra9388.t1,Not_Target,Not_Target,Myosin_1
ebra9389.t1,Not_Target,Not_Target,Myosin_71
ebra9390.t1,Not_Target,Not_Target,Not_Target
ebra9391.t1,Not_Target,Not_Target,Not_Target
ebra9392.t1,Not_Target,Myosin_64,Not_Target
ebra9393.t1,Not_Target,Not_Target,Myosin_17
ebra9394.t1,Not_Target,Not_Target,Not_Target
ebra6080.t1,Not_Target,Not_Target,Myosin_37
ebra6081.t1,Not_Target,Not_Target,Not_Target
ebra6082.t1,Myosin_15,Myosin_15,Myosin_15
ebra6083.t1,Not_Target,Not_Target,Not_Target
ebra6084.t1,Not_Target,Not_Target,Not_Target
ebra6085.t1,Not_Target,Not_Target,Myosin_57
ebra6086.t1,Not_Target,Not_Target,Not_Target
ebra6087.t1,Myosin_5,Not_Target,Not_Target
ebra6088.t1,Not_Target,Not_Target,Not_Target
ebra6089.t1,Myosin_1,Not_Target,Not_Target
ebra6090.t1,Not_Target,Not_Target,Not_Target
ebra6091.t1,Not_Target,Not_Target,Not_Target
ebra6092.t1,Not_Target,Not_Target,Not_Target
ebra6093.t1,Not_Target,Not_Target,Not_Target
ebra6094.t1,Not_Target,Not_Target,Not_Target
ebra6095.t1,Not_Target,Not_Target,Not_Target
ebra14706.t1,Not_Target,Not_Target,Not_Target
ebra14707.t1,Myosin_6,Myosin_8,Not_Target
ebra14708.t1,Not_Target,Not_Target,Not_Target
ebra14709.t1,Myosin_36,Not_Target,Not_Target
ebra14710.t1,Not_Target,Not_Target,Not_Target
ebra14711.t1,Not_Target,Not_Target,Not_Target
ebra14712.t1,Not_Target,Not_Target,Not_Target
ebra14713.t1,Not_Target,Not_Target,Not_Target
ebra14714.t1,Not_Target,Not_Target,Not_Target
ebra14715.t1,Not_Target,Not_Target,Not_Target
ebra14716.t1,Not_Target,Not_Target,Not_Target
ebra14717.t1,Myosin_18,Myosin_18,Myosin_18
ebra14718.t1,Not_Target,Myosin_5,Not_Target
ebra14719.t1,Not_Target,Not_Target,Not_Target
ebra14720.t1,Not_Target,Not_Target,Not_Target
ebra14721.t1,Not_Target,Not_Target,Myosin_2
ebra12304.t1,Myosin_19,Not_Target,Myosin_19
ebra12305.t1,Myosin_15,Myosin_74,Myosin_3
ebra12306.t1,Not_Target,Not_Target,Not_Target
ebra12307.t1,Myosin_45,Myosin_11,Not_Target
ebra12308.t1,Not_Target,Not_Target,Myosin_1
ebra12309.t1,Not_Target,Not_Target,Not_Target
ebra12310.t1,Not_Target,Not_Target,Not_Target
ebra12311.t1,Myosin_18,Not_Target,Myosin_5
ebra12312.t1,Not_Target,Myosin_1,Not_Target
ebra12313.t1,Not_Target,Not_Target,Myosin_5
ebra12314.t1,Myosin_37,Myosin_57,Myosin_31
ebra12315.t1,Not_Target,Not_Target,Not_Target
ebra12316.t1,Not_Target,Not_Target,Not_Target
ebra12317.t1,Not_Target,Myosin_26,Not_Target
ebra12318.t1,Not_Target,Not_Target,Myosin_1
ebra12319.t1,Not_Target,Not_Target,Not_Target
ebra12320.t1,Not_Target,Myosin_17,Not_Target
ebra12321.t1,Not_Target,Not_Target,Not_Target
ebra12322.t1,Not_Target,Not_Target,Not_Target
ebra12323.t1,Myosin_30,Myosin_3,Myosin_5
ebra12324.t1,Not_Target,Not_Target,Myosin_51
ebra3899.t1,Not_Target,Not_Target,Myosin_51
ebra3900.t1,Not_Target,Not_Target,Not_Target
ebra3901.t1,Not_Target,Not_Target,Myosin_8
ebra3902.t1,Not_Target,Not_Target,Myosin_5
ebra3903.t1,Not_Target,Not_Target,Myosin_17
ebra3904.t1,Not_Target,Myosin_17,Not_Target
ebra3905.t1,Not_Target,Not_Target,Myosin_20
ebra3906.t1,Not_Target,Not_Target,Myosin_19
ebra3907.t1,Myosin_57,Not_Target,Myosin_2
ebra3908.t1,Not_Target,Myosin_3,Not_Target
ebra3909.t1,Not_Target,Not_Target,Not_Target
ebra3910.t1,Not_Target,Not_Target,Not_Target
ebra3911.t1,Not_Target,Myosin_20,Myosin_64
ebra3912.t1,Not_Target,Myosin_16,Myosin_18
ebra9449.t1,Not_Target,Not_Target,Not_Target
ebra9450.t1,Not_Target,Not_Target,Myosin_20
ebra9451.t1,Myosin_9,Myosin_9,Myosin_6
ebra9452.t1,Not_Target,Not_Target,Not_Target
ebra9453.t1,Not_Target,Not_Target,Not_Target
ebra9454.t1,Myosin_45,Not_Target,Not_Target
ebra9455.t1,Myosin_17,Myosin_30,Not_Target
ebra9456.t1,Myosin_44,Myosin_51,Myosin_44
ebra9457.t1,Myosin_45,Not_Target,Not_Target
ebra9458.t1,Not_Target,Not_Target,Not_Target
ebra9459.t1,Not_Target,Not_Target,Myosin_5
ebra9460.t1,Not_Target,Not_Target,Not_Target
ebra7285.t1,Not_Target,Not_Target,Myosin_8
ebra7286.t1,Not_Target,Not_Target,Myosin_7
ebra7287.t1,Not_Target,Not_Target,Not_Target
ebra7288.t1,Not_Target,Myosin_19,Myosin_19
ebra7289.t1,Not_Target,Not_Target,Not_Target
ebra7290.t1,Not_Target,Not_Target,Not_Target
ebra7291.t1,Not_Target,Myosin_5,Not_Target
ebra7292.t1,Not_Target,Not_Target,Not_Target
ebra7293.t1,Myosin_19,Myosin_19,Myosin_19
ebra7294.t1,Not_Target,Myosin_1,Not_Target
ebra7295.t1,Not_Target,Not_Target,Not_Target
ebra7296.t1,Not_Target,Myosin_5,Myosin_5
ebra7297.t1,Myosin_26,Myosin_31,Not_Target
ebra7298.t1,Myosin_20,Myosin_20,Not_Target
ebra5118.t1,Not_Target,Not_Target,Not_Target
ebra5119.t1,Not_Target,Not_Target,Myosin_24
ebra5120.t1,Not_Target,Not_Target,Not_Target
ebra5121.t1,Myosin_15,Not_Target,Myosin_4
ebra5122.t1,Not_Target,Not_Target,Not_Target
ebra5123.t1,Not_Target,Not_Target,Myosin_17
ebra5124.t1,Not_Target,Not_Target,Myosin_22
ebra5125.t1,Not_Target,Myosin_17,Myosin_17
ebra5126.t1,Myosin_17,Myosin_5,Not_Target
ebra5127.t1,Not_Target,Not_Target,Not_Target
ebra5128.t1,Myosin_17,Not_Target,Myosin_19
ebra5129.t1,Not_Target,Myosin_17,Not_Target
ebra5130.t1,Not_Target,Not_Target,Not_Target
ebra5131.t1,Not_Target,Not_Target,Not_Target
ebra5132.t1,Not_Target,Not_Target,Not_Target
ebra5133.t1,Not_Target,Myosin_5,Not_Target
ebra5134.t1,Not_Target,Not_Target,Not_Target
ebra693.t1,Not_Target,Not_Target,Not_Target
ebra694.t1,Myosin_18,Myosin_18,Myosin_19
ebra695.t1,Myosin_1,Not_Target,Not_Target
ebra696.t1,Not_Target,Not_Target,Myosin_24
ebra697.t1,Myosin_57,Myosin_57,Myosin_19
ebra698.t1,Myosin_37,Not_Target,Not_Target
ebra699.t1,Not_Target,Not_Target,Not_Target
ebra700.t1,Not_Target,Not_Target,Myosin_42
ebra701.t1,Myosin_18,Not_Target,Not_Target
ebra702.t1,Not_Target,Not_Target,Myosin_8
ebra703.t1,Not_Target,Not_Target,Not_Target
ebra704.t1,Myosin_64,Not_Target,Not_Target
ebra705.t1,Myosin_5,Not_Target,Myosin_5
ebra706.t1,Not_Target,Not_Target,Not_Target
ebra707.t1,Not_Target,Not_Target,Not_Target
ebra708.t1,Not_Target,Not_Target,Not_Target
ebra16764.t1,Not_Target,Not_Target,Myosin_2
ebra16765.t1,Myosin_37,Not_Target,Not_Target
ebra16766.t1,Not_Target,Not_Target,Not_Target
ebra16767.t1,Myosin_2,Myosin_2,Not_Target
ebra16768.t1,Myosin_45,Not_Target,Myosin_45
ebra16769.t1,Not_Target,Myosin_3,Myosin_30
ebra16770.t1,Not_Target,Not_Target,Not_Target
ebra16771.t1,Not_Target,Not_Target,Not_Target
ebra16772.t1,Not_Target,Not_Target,Not_Target
ebra16773.t1,Myosin_15,Not_Target,Not_Target
ebra16774.t1,Not_Target,Not_Target,Not_Target
ebra16775.t1,Not_Target,Not_Target,Not_Target
ebra16776.t1,Not_Target,Not_Target,Not_Target
ebra16777.t1,Not_Target,Myosin_6,Not_Target
ebra16778.t1,Not_Target,Myosin_17,Myosin_8
ebra16779.t1,Not_Target,Not_Target,Not_Target
ebra16780.t1,Myosin_45,Myosin_44,Not_Target
ebra16781.t1,Not_Target,Not_Target,Myosin_16
ebra16782.t1,Not_Target,Not_Target,Myosin_57
ebra16783.t1,Myosin_19,Myosin_19,Not_Target
ebra16784.t1,Not_Target,Not_Target,Not_Target
ebra6804.t1,Myosin_19,Myosin_19,Myosin_11
ebra6805.t1,Not_Target,Not_Target,Myosin_3
ebra6806.t1,Not_Target,Myosin_1,Not_Target
ebra6807.t1,Not_Target,Not_Target,Not_Target
ebra6808.t1,Myosin_18,Myosin_3,Myosin_3
ebra6809.t1,Not_Target,Not_Target,Not_Target
ebra6810.t1,Not_Target,Not_Target,Not_Target
ebra6811.t1,Myosin_5,Myosin_5,Myosin_5
ebra6812.t1,Not_Target,Not_Target,Not_Target
ebra6813.t1,Myosin_24,Not_Target,Not_Target
ebra6814.t1,Myosin_36,Myosin_19,Not_Target
ebra6815.t1,Myosin_45,Myosin_45,Myosin_5
ebra6816.t1,Not_Target,Not_Target,Not_Target
ebra6817.t1,Not_Target,Not_Target,Not_Target
ebra6818.t1,Not_Target,Not_Target,Not_Target
ebra6819.t1,Not_Target,Not_Target,Not_Target
ebra6820.t1,Not_Target,Not_Target,Not_Target
ebra6821.t1,Myosin_45,Myosin_64,Not_Target
ebra6822.t1,Myosin_19,Myosin_19,Not_Target
ebra10852.t1,Not_Target,Not_Target,Not_Target
ebra10853.t1,Not_Target,Not_Target,Not_Target
ebra10854.t1,Not_Target,Not_Target,Not_Target
ebra10855.t1,Not_Target,Myosin_4,Not_Target
ebra10856.t1,Not_Target,Not_Target,Not_Target
ebra10857.t1,Not_Target,Not_Target,Not_Target
ebra10858.t1,Not_Target,Not_Target,Myosin_1
ebra10859.t1,Myosin_45,Myosin_50,Myosin_20
ebra10860.t1,Not_Target,Not_Target,Not_Target
ebra10861.t1,Not_Target,Not_Target,Not_Target
ebra10862.t1,Not_Target,Myosin_64,Not_Target
ebra10863.t1,Not_Target,Myosin_36,Not_Target
ebra10864.t1,Not_Target,Myosin_17,Not_Target
ebra10865.t1,Not_Target,Not_Target,Not_Target
ebra10866.t1,Not_Target,Not_Target,Myosin_19
ebra10867.t1,Not_Target,Myosin_28,Not_Target
ebra10868.t1,Myosin_24,Not_Target,Myosin_11
ebra10869.t1,Not_Target,Not_Target,Not_Target
ebra10870.t1,Not_Target,Not_Target,Not_Target
ebra10871.t1,Not_Target,Not_Target,Myosin_27
ebra10872.t1,Myosin_19,Myosin_19,Myosin_19
ebra10873.t1,Not_Target,Not_Target,Not_Target
ebra10874.t1,Not_Target,Not_Target,Not_Target
ebra21167.t1,Not_Target,Not_Target,Not_Target
ebra21168.t1,Not_Target,Not_Target,Not_Target
ebra21169.t1,Not_Target,Not_Target,Not_Target
ebra21170.t1,Not_Target,Not_Target,Not_Target
ebra21171.t1,Not_Target,Not_Target,Not_Target
ebra21172.t1,Myosin_45,Myosin_64,Not_Target
ebra21173.t1,Not_Target,Not_Target,Not_Target
ebra21174.t1,Not_Target,Not_Target,Not_Target
ebra21175.t1,Not_Target,Not_Target,Not_Target
ebra21176.t1,Not_Target,Not_Target,Not_Target
ebra21177.t1,Not_Target,Not_Target,Not_Target
ebra21178.t1,Not_Target,Not_Target,Not_Target
ebra21179.t1,Not_Target,Myosin_57,Not_Target
ebra21180.t1,Not_Target,Not_Target,Not_Target
ebra21181.t1,Not_Target,Not_Target,Not_Target
ebra21182.t1,Not_Target,Not_Target,Myosin_57
ebra21183.t1,Myosin_51,Not_Target,Myosin_15
ebra21184.t1,Not_Target,Not_Target,Myosin_2
ebra21185.t1,Not_Target,Not_Target,Not_Target
ebra21186.t1,Not_Target,Not_Target,Not_Target
ebra21187.t1,Not_Target,Not_Target,Not_Target
ebra16221.t1,Not_Target,Not_Target,Not_Target
ebra16222.t1,Not_Target,Myosin_2,Not_Target
ebra16223.t1,Myosin_1,Myosin_1,Myosin_1
ebra16224.t1,Myosin_20,Myosin_45,Not_Target
ebra16225.t1,Not_Target,Not_Target,Not_Target
ebra16226.t1,Not_Target,Not_Target,Not_Target
ebra16227.t1,Not_Target,Not_Target,Myosin_14
ebra16228.t1,Not_Target,Not_Target,Myosin_1
ebra16229.t1,Not_Target,Not_Target,Not_Target
ebra16230.t1,Not_Target,Myosin_8,Not_Target
ebra16231.t1,Myosin_45,Myosin_5,Myosin_1
ebra16232.t1,Not_Target,Myosin_1,Not_Target
ebra16233.t1,Not_Target,Myosin_57,Not_Target
ebra16234.t1,Not_Target,Not_Target,Not_Target
ebra16235.t1,Not_Target,Not_Target,Not_Target
ebra16236.t1,Not_Target,Not_Target,Not_Target
ebra6838.t1,Not_Target,Not_Target,Not_Target
ebra6839.t1,Not_Target,Myosin_1,Not_Target
ebra6840.t1,Not_Target,Not_Target,Not_Target
ebra6841.t1,Not_Target,Not_Target,Not_Target
ebra6842.t1,Not_Target,Not_Target,Not_Target
ebra6843.t1,Myosin_36,Not_Target,Myosin_22
ebra6844.t1,Myosin_18,Myosin_17,Not_Target
ebra6845.t1,Not_Target,Not_Target,Not_Target
ebra6846.t1,Not_Target,Not_Target,Not_Target
ebra6847.t1,Not_Target,Not_Target,Not_Target
ebra6848.t1,Not_Target,Not_Target,Not_Target
ebra6849.t1,Myosin_17,Not_Target,Myosin_27
ebra6850.t1,Not_Target,Myosin_5,Not_Target
ebra6851.t1,Not_Target,Not_Target,Not_Target
ebra6852.t1,Not_Target,Not_Target,Not_Target
ebra6853.t1,Not_Target,Not_Target,Myosin_6
ebra6854.t1,Not_Target,Not_Target,Not_Target
ebra6855.t1,Not_Target,Not_Target,Not_Target
ebra6856.t1,Not_Target,Not_Target,Myosin_14
ebra6857.t1,Not_Target,Not_Target,Not_Target
ebra6858.t1,Myosin_37,Myosin_37,Not_Target
ebra6765.t1,Not_Target,Not_Target,Not_Target
ebra6766.t1,Myosin_45,Myosin_16,Not_Target
ebra6767.t1,Not_Target,Not_Target,Not_Target
ebra6768.t1,Not_Target,Not_Target,Not_Target
ebra6769.t1,Myosin_18,Myosin_16,Myosin_18
ebra6770.t1,Not_Target,Not_Target,Not_Target
ebra6771.t1,Myosin_30,Myosin_17,Not_Target
ebra6772.t1,Not_Target,Not_Target,Not_Target
ebra6773.t1,Not_Target,Not_Target,Myosin_20
ebra6774.t1,Not_Target,Myosin_19,Myosin_59
ebra6775.t1,Not_Target,Myosin_3,Myosin_2
ebra6776.t1,Myosin_19,Myosin_19,Myosin_19
ebra14213.t1,Myosin_16,Myosin_18,Myosin_71
ebra14214.t1,Not_Target,Not_Target,Not_Target
ebra14215.t1,Not_Target,Not_Target,Not_Target
ebra14216.t1,Not_Target,Not_Target,Myosin_28
ebra14217.t1,Not_Target,Not_Target,Myosin_51
ebra14218.t1,Myosin_16,Not_Target,Myosin_19
ebra14219.t1,Not_Target,Not_Target,Myosin_20
ebra14220.t1,Not_Target,Not_Target,Not_Target
ebra14221.t1,Not_Target,Not_Target,Myosin_1
ebra14222.t1,Not_Target,Not_Target,Not_Target
ebra14223.t1,Not_Target,Not_Target,Not_Target
ebra20082.t1,Not_Target,Not_Target,Not_Target
ebra20083.t1,Not_Target,Not_Target,Myosin_81
ebra20084.t1,Not_Target,Not_Target,Not_Target
ebra20085.t1,Myosin_1,Myosin_1,Myosin_1
ebra20086.t1,Not_Target,Not_Target,Not_Target
ebra20087.t1,Not_Target,Myosin_19,Myosin_23
ebra20088.t1,Not_Target,Not_Target,Not_Target
ebra20089.t1,Myosin_45,Myosin_45,Myosin_11
ebra20090.t1,Not_Target,Not_Target,Not_Target
ebra20091.t1,Not_Target,Not_Target,Not_Target
ebra20092.t1,Not_Target,Myosin_3,Myosin_1
ebra20093.t1,Not_Target,Not_Target,Not_Target
ebra7800.t1,Not_Target,Not_Target,Not_Target
ebra7801.t1,Not_Target,Not_Target,Not_Target
ebra7802.t1,Not_Target,Not_Target,Not_Target
ebra7803.t1,Not_Target,Not_Target,Not_Target
ebra7804.t1,Not_Target,Not_Target,Not_Target
ebra7805.t1,Not_Target,Not_Target,Not_Target
ebra7806.t1,Not_Target,Myosin_1,Not_Target
ebra7807.t1,Not_Target,Not_Target,Not_Target
ebra7808.t1,Myosin_2,Myosin_47,Not_Target
ebra7809.t1,Not_Target,Not_Target,Not_Target
ebra7810.t1,Not_Target,Not_Target,Not_Target
ebra7811.t1,Myosin_2,Not_Target,Myosin_2
ebra7812.t1,Not_Target,Not_Target,Not_Target
ebra7813.t1,Not_Target,Not_Target,Not_Target
ebra7814.t1,Not_Target,Not_Target,Myosin_8
ebra7815.t1,Not_Target,Not_Target,Not_Target
ebra7816.t1,Myosin_31,Myosin_14,Not_Target
ebra7817.t1,Not_Target,Not_Target,Myosin_28
ebra7818.t1,Myosin_31,Not_Target,Myosin_1
ebra7819.t1,Not_Target,Myosin_15,Myosin_58
ebra7820.t1,Not_Target,Not_Target,Not_Target
ebra7821.t1,Not_Target,Not_Target,Not_Target
ebra18513.t1,Not_Target,Myosin_1,Myosin_1
ebra18514.t1,Not_Target,Not_Target,Not_Target
ebra18515.t1,Not_Target,Not_Target,Not_Target
ebra18516.t1,Not_Target,Not_Target,Not_Target
ebra18517.t1,Not_Target,Not_Target,Not_Target
ebra18518.t1,Not_Target,Not_Target,Not_Target
ebra18519.t1,Not_Target,Not_Target,Not_Target
ebra18520.t1,Not_Target,Not_Target,Not_Target
ebra18521.t1,Not_Target,Not_Target,Not_Target
ebra18522.t1,Myosin_1,Myosin_1,Myosin_1
ebra18523.t1,Not_Target,Not_Target,Not_Target
ebra18524.t1,Not_Target,Not_Target,Not_Target
ebra18525.t1,Not_Target,Not_Target,Not_Target
ebra18526.t1,Not_Target,Myosin_1,Not_Target
ebra18527.t1,Not_Target,Not_Target,Not_Target
ebra18528.t1,Not_Target,Not_Target,Not_Target
ebra18529.t1,Not_Target,Not_Target,Not_Target
ebra18530.t1,Not_Target,Not_Target,Not_Target
ebra18531.t1,Not_Target,Not_Target,Not_Target
ebra18532.t1,Not_Target,Not_Target,Not_Target
ebra18533.t1,Not_Target,Not_Target,Not_Target
ebra18534.t1,Not_Target,Not_Target,Not_Target
ebra21586.t1,Not_Target,Not_Target,Not_Target
ebra21587.t1,Not_Target,Not_Target,Not_Target
ebra21588.t1,Myosin_7,Myosin_15,Myosin_15
ebra21589.t1,Not_Target,Not_Target,Not_Target
ebra21590.t1,Not_Target,Not_Target,Not_Target
ebra21591.t1,Not_Target,Not_Target,Not_Target
ebra21592.t1,Not_Target,Not_Target,Myosin_19
ebra21593.t1,Not_Target,Not_Target,Not_Target
ebra21594.t1,Not_Target,Not_Target,Not_Target
ebra21595.t1,Myosin_2,Myosin_1,Not_Target
ebra21596.t1,Not_Target,Not_Target,Not_Target
ebra21597.t1,Not_Target,Not_Target,Not_Target
ebra21598.t1,Myosin_15,Myosin_15,Myosin_15
ebra21599.t1,Not_Target,Myosin_1,Not_Target
ebra21600.t1,Myosin_1,Not_Target,Not_Target
ebra21601.t1,Not_Target,Not_Target,Not_Target
ebra9741.t1,Not_Target,Not_Target,Myosin_3
ebra9742.t1,Not_Target,Not_Target,Not_Target
ebra9743.t1,Myosin_15,Not_Target,Myosin_36
ebra9744.t1,Not_Target,Not_Target,Not_Target
ebra9745.t1,Not_Target,Not_Target,Myosin_20
ebra9746.t1,Myosin_1,Myosin_17,Myosin_1
ebra9747.t1,Not_Target,Not_Target,Not_Target
ebra9748.t1,Not_Target,Myosin_36,Not_Target
ebra9749.t1,Not_Target,Not_Target,Not_Target
ebra9750.t1,Myosin_70,Myosin_7,Myosin_61
ebra9751.t1,Not_Target,Myosin_17,Not_Target
ebra9752.t1,Myosin_26,Myosin_74,Myosin_10
ebra9753.t1,Myosin_26,Myosin_74,Myosin_10
ebra9754.t1,Not_Target,Myosin_17,Not_Target
ebra9755.t1,Not_Target,Not_Target,Not_Target
ebra20790.t1,Not_Target,Myosin_26,Myosin_3
ebra20791.t1,Not_Target,Not_Target,Not_Target
ebra20792.t1,Not_Target,Not_Target,Not_Target
ebra20793.t1,Not_Target,Myosin_6,Not_Target
ebra20794.t1,Not_Target,Not_Target,Not_Target
ebra20795.t1,Not_Target,Not_Target,Not_Target
ebra20796.t1,Not_Target,Not_Target,Not_Target
ebra20797.t1,Myosin_17,Not_Target,Not_Target
ebra20798.t1,Not_Target,Not_Target,Not_Target
ebra20799.t1,Not_Target,Not_Target,Not_Target
ebra20800.t1,Not_Target,Not_Target,Not_Target
ebra20801.t1,Myosin_5,Myosin_26,Myosin_5
ebra20802.t1,Myosin_26,Myosin_26,Not_Target
ebra20803.t1,Not_Target,Not_Target,Not_Target
ebra20804.t1,Myosin_19,Myosin_19,Myosin_19
ebra20805.t1,Not_Target,Not_Target,Not_Target
ebra20806.t1,Not_Target,Not_Target,Not_Target
ebra20807.t1,Myosin_24,Not_Target,Myosin_3
ebra20808.t1,Not_Target,Not_Target,Not_Target
ebra21221.t1,Not_Target,Not_Target,Not_Target
ebra21222.t1,Not_Target,Not_Target,Not_Target
ebra21223.t1,Not_Target,Not_Target,Not_Target
ebra21224.t1,Not_Target,Not_Target,Not_Target
ebra21225.t1,Not_Target,Myosin_5,Not_Target
ebra21226.t1,Not_Target,Not_Target,Not_Target
ebra21227.t1,Not_Target,Not_Target,Not_Target
ebra21228.t1,Not_Target,Not_Target,Not_Target
ebra21229.t1,Not_Target,Not_Target,Not_Target
ebra21230.t1,Not_Target,Not_Target,Not_Target
ebra21231.t1,Not_Target,Not_Target,Not_Target
ebra21232.t1,Myosin_19,Myosin_19,Myosin_19
ebra21233.t1,Not_Target,Not_Target,Not_Target
ebra21234.t1,Myosin_81,Myosin_22,Myosin_7
ebra21235.t1,Not_Target,Not_Target,Not_Target
ebra21236.t1,Myosin_45,Myosin_17,Myosin_22
ebra21237.t1,Not_Target,Not_Target,Not_Target
ebra21238.t1,Not_Target,Not_Target,Not_Target
ebra1390.t1,Not_Target,Not_Target,Not_Target
ebra1391.t1,Not_Target,Not_Target,Not_Target
ebra1392.t1,Myosin_18,Not_Target,Myosin_3
ebra1393.t1,Myosin_45,Not_Target,Myosin_18
ebra1394.t1,Not_Target,Not_Target,Not_Target
ebra1395.t1,Not_Target,Not_Target,Not_Target
ebra1396.t1,Not_Target,Not_Target,Not_Target
ebra1397.t1,Myosin_2,Not_Target,Myosin_2
ebra1398.t1,Not_Target,Not_Target,Not_Target
ebra1399.t1,Not_Target,Not_Target,Not_Target
ebra1400.t1,Not_Target,Not_Target,Not_Target
ebra1401.t1,Myosin_18,Not_Target,Myosin_16
ebra1402.t1,Myosin_57,Myosin_57,Not_Target
ebra1403.t1,Not_Target,Not_Target,Not_Target
ebra1404.t1,Not_Target,Not_Target,Not_Target
ebra1405.t1,Not_Target,Not_Target,Not_Target
ebra1406.t1,Not_Target,Myosin_5,Not_Target
ebra1407.t1,Myosin_4,Myosin_4,Not_Target
ebra1408.t1,Myosin_24,Not_Target,Not_Target
ebra1409.t1,Not_Target,Not_Target,Not_Target
ebra1086.t1,Not_Target,Not_Target,Not_Target
ebra1087.t1,Not_Target,Not_Target,Not_Target
ebra1088.t1,Not_Target,Not_Target,Not_Target
ebra1089.t1,Not_Target,Not_Target,Not_Target
ebra1090.t1,Not_Target,Not_Target,Not_Target
ebra1091.t1,Not_Target,Not_Target,Not_Target
ebra1092.t1,Not_Target,Not_Target,Not_Target
ebra1093.t1,Not_Target,Not_Target,Not_Target
ebra1094.t1,Not_Target,Not_Target,Not_Target
ebra1095.t1,Not_Target,Myosin_4,Not_Target
ebra1096.t1,Not_Target,Not_Target,Not_Target
ebra1097.t1,Not_Target,Not_Target,Myosin_19
ebra1098.t1,Not_Target,Not_Target,Not_Target
ebra1099.t1,Not_Target,Not_Target,Not_Target
ebra1100.t1,Not_Target,Not_Target,Not_Target
ebra1101.t1,Not_Target,Not_Target,Not_Target
ebra2899.t1,Not_Target,Not_Target,Myosin_19
ebra2900.t1,Not_Target,Not_Target,Not_Target
ebra2901.t1,Not_Target,Not_Target,Not_Target
ebra2902.t1,Not_Target,Not_Target,Not_Target
ebra2903.t1,Not_Target,Not_Target,Not_Target
ebra2904.t1,Myosin_19,Myosin_4,Myosin_5
ebra2905.t1,Myosin_17,Myosin_17,Myosin_22
ebra2906.t1,Not_Target,Not_Target,Not_Target
ebra2907.t1,Not_Target,Not_Target,Myosin_24
ebra2908.t1,Not_Target,Myosin_5,Not_Target
ebra2909.t1,Not_Target,Not_Target,Myosin_1
ebra2910.t1,Myosin_17,Myosin_16,Myosin_20
ebra15691.t1,Myosin_3,Myosin_3,Not_Target
ebra15692.t1,Not_Target,Not_Target,Not_Target
ebra15693.t1,Not_Target,Not_Target,Not_Target
ebra15694.t1,Not_Target,Not_Target,Not_Target
ebra15695.t1,Not_Target,Not_Target,Not_Target
ebra15696.t1,Not_Target,Not_Target,Not_Target
ebra15697.t1,Not_Target,Myosin_7,Not_Target
ebra15698.t1,Not_Target,Myosin_17,Not_Target
ebra15699.t1,Myosin_17,Myosin_1,Not_Target
ebra15700.t1,Myosin_5,Myosin_28,Not_Target
ebra15701.t1,Myosin_17,Myosin_17,Myosin_36
ebra15702.t1,Not_Target,Not_Target,Not_Target
ebra15703.t1,Not_Target,Not_Target,Not_Target
ebra15704.t1,Not_Target,Not_Target,Not_Target
ebra15705.t1,Myosin_37,Myosin_22,Not_Target
ebra15706.t1,Not_Target,Myosin_23,Not_Target
ebra15707.t1,Not_Target,Not_Target,Myosin_1
ebra15708.t1,Not_Target,Not_Target,Not_Target
ebra15709.t1,Not_Target,Not_Target,Myosin_5
ebra15710.t1,Not_Target,Not_Target,Not_Target
ebra15711.t1,Not_Target,Not_Target,Not_Target
ebra15712.t1,Myosin_36,Myosin_17,Myosin_5
ebra7650.t1,Myosin_8,Not_Target,Not_Target
ebra7651.t1,Not_Target,Myosin_43,Not_Target
ebra7652.t1,Not_Target,Not_Target,Not_Target
ebra7653.t1,Myosin_6,Myosin_1,Not_Target
ebra7654.t1,Not_Target,Not_Target,Not_Target
ebra7655.t1,Not_Target,Not_Target,Not_Target
ebra7656.t1,Not_Target,Not_Target,Not_Target
ebra7657.t1,Not_Target,Not_Target,Not_Target
ebra7658.t1,Not_Target,Not_Target,Not_Target
ebra7659.t1,Not_Target,Myosin_19,Not_Target
ebra7660.t1,Not_Target,Not_Target,Not_Target
ebra7661.t1,Not_Target,Not_Target,Not_Target
ebra7662.t1,Not_Target,Not_Target,Not_Target
ebra7663.t1,Not_Target,Not_Target,Not_Target
ebra7664.t1,Myosin_74,Not_Target,Not_Target
ebra20979.t1,Not_Target,Not_Target,Not_Target
ebra20980.t1,Myosin_19,Myosin_19,Not_Target
ebra20981.t1,Not_Target,Not_Target,Not_Target
ebra20982.t1,Not_Target,Not_Target,Myosin_6
ebra20983.t1,Not_Target,Not_Target,Not_Target
ebra20984.t1,Not_Target,Not_Target,Not_Target
ebra20985.t1,Not_Target,Not_Target,Not_Target
ebra20986.t1,Myosin_1,Not_Target,Myosin_37
ebra20987.t1,Myosin_17,Myosin_17,Not_Target
ebra20988.t1,Not_Target,Not_Target,Not_Target
ebra20989.t1,Not_Target,Not_Target,Not_Target
ebra20990.t1,Not_Target,Myosin_1,Not_Target
ebra20991.t1,Myosin_30,Myosin_30,Not_Target
ebra20992.t1,Not_Target,Not_Target,Myosin_20
ebra20993.t1,Not_Target,Not_Target,Not_Target
ebra20994.t1,Not_Target,Not_Target,Myosin_53
ebra20995.t1,Not_Target,Not_Target,Not_Target
ebra20996.t1,Not_Target,Not_Target,Not_Target
ebra20997.t1,Not_Target,Not_Target,Not_Target
ebra20998.t1,Not_Target,Not_Target,Not_Target
ebra20999.t1,Not_Target,Not_Target,Not_Target
ebra15621.t1,Not_Target,Not_Target,Myosin_1
ebra15622.t1,Not_Target,Not_Target,Not_Target
ebra15623.t1,Not_Target,Not_Target,Not_Target
ebra15624.t1,Myosin_22,Not_Target,Not_Target
ebra15625.t1,Not_Target,Not_Target,Not_Target
ebra15626.t1,Myosin_22,Not_Target,Myosin_2
ebra15627.t1,Not_Target,Not_Target,Myosin_14
ebra15628.t1,Not_Target,Not_Target,Not_Target
ebra15629.t1,Not_Target,Myosin_16,Not_Target
ebra15630.t1,Not_Target,Not_Target,Not_Target
ebra15631.t1,Not_Target,Myosin_5,Not_Target
ebra15632.t1,Not_Target,Not_Target,Not_Target
ebra15633.t1,Not_Target,Not_Target,Not_Target
ebra15634.t1,Not_Target,Not_Target,Not_Target
ebra15635.t1,Not_Target,Myosin_5,Myosin_5
ebra15636.t1,Not_Target,Not_Target,Not_Target
ebra15637.t1,Not_Target,Not_Target,Not_Target
ebra15638.t1,Myosin_45,Not_Target,Not_Target
ebra15639.t1,Not_Target,Myosin_28,Myosin_8
ebra15640.t1,Not_Target,Not_Target,Not_Target
ebra15641.t1,Not_Target,Not_Target,Not_Target
ebra15642.t1,Not_Target,Not_Target,Not_Target
ebra15643.t1,Not_Target,Not_Target,Not_Target
ebra9903.t1,Not_Target,Not_Target,Not_Target
ebra9904.t1,Myosin_36,Myosin_17,Not_Target
ebra9905.t1,Not_Target,Not_Target,Not_Target
ebra9906.t1,Not_Target,Myosin_17,Not_Target
ebra9907.t1,Not_Target,Myosin_26,Not_Target
ebra9908.t1,Not_Target,Not_Target,Not_Target
ebra9909.t1,Not_Target,Not_Target,Not_Target
ebra9910.t1,Not_Target,Not_Target,Not_Target
ebra9911.t1,Not_Target,Not_Target,Not_Target
ebra9912.t1,Not_Target,Not_Target,Myosin_51
ebra9913.t1,Not_Target,Myosin_1,Myosin_3
ebra9914.t1,Not_Target,Not_Target,Not_Target
ebra9915.t1,Myosin_19,Not_Target,Not_Target
ebra9916.t1,Not_Target,Not_Target,Not_Target
ebra9917.t1,Not_Target,Not_Target,Not_Target
ebra9918.t1,Myosin_30,Not_Target,Myosin_5
ebra9919.t1,Not_Target,Myosin_5,Not_Target
ebra9920.t1,Not_Target,Not_Target,Myosin_8
ebra9921.t1,Not_Target,Not_Target,Not_Target
ebra9922.t1,Not_Target,Not_Target,Not_Target
ebra9923.t1,Not_Target,Not_Target,Not_Target
ebra9924.t1,Not_Target,Not_Target,Not_Target
ebra9925.t1,Not_Target,Not_Target,Not_Target
ebra9926.t1,Not_Target,Not_Target,Not_Target
ebra16173.t1,Not_Target,Not_Target,Myosin_2
ebra16174.t1,Myosin_2,Myosin_47,Not_Target
ebra16175.t1,Not_Target,Not_Target,Not_Target
ebra16176.t1,Not_Target,Not_Target,Not_Target
ebra16177.t1,Not_Target,Not_Target,Not_Target
ebra16178.t1,Myosin_37,Myosin_37,Myosin_7
ebra16179.t1,Not_Target,Not_Target,Not_Target
ebra16180.t1,Not_Target,Not_Target,Not_Target
ebra16181.t1,Myosin_17,Myosin_4,Myosin_17
ebra16182.t1,Not_Target,Myosin_22,Not_Target
ebra16183.t1,Not_Target,Not_Target,Not_Target
ebra16184.t1,Not_Target,Not_Target,Not_Target
ebra16185.t1,Not_Target,Not_Target,Not_Target
ebra1988.t1,Not_Target,Not_Target,Not_Target
ebra1989.t1,Not_Target,Not_Target,Not_Target
ebra1990.t1,Not_Target,Not_Target,Myosin_19
ebra1991.t1,Myosin_1,Myosin_36,Not_Target
ebra1992.t1,Not_Target,Myosin_36,Myosin_36
ebra1993.t1,Not_Target,Not_Target,Myosin_3
ebra1994.t1,Not_Target,Not_Target,Not_Target
ebra1995.t1,Not_Target,Not_Target,Not_Target
ebra1996.t1,Not_Target,Not_Target,Not_Target
ebra8780.t1,Not_Target,Not_Target,Not_Target
ebra8781.t1,Myosin_15,Myosin_15,Myosin_3
ebra8782.t1,Not_Target,Myosin_26,Myosin_5
ebra8783.t1,Not_Target,Not_Target,Not_Target
ebra8784.t1,Myosin_2,Not_Target,Not_Target
ebra8785.t1,Myosin_74,Myosin_74,Myosin_3
ebra8786.t1,Not_Target,Not_Target,Not_Target
ebra8787.t1,Not_Target,Not_Target,Not_Target
ebra8788.t1,Myosin_19,Myosin_18,Not_Target
ebra8789.t1,Not_Target,Not_Target,Not_Target
ebra8790.t1,Not_Target,Not_Target,Not_Target
ebra8791.t1,Myosin_26,Myosin_26,Myosin_16
ebra8792.t1,Not_Target,Not_Target,Not_Target
ebra8793.t1,Myosin_45,Myosin_26,Not_Target
ebra8794.t1,Myosin_57,Myosin_57,Myosin_8
ebra8795.t1,Myosin_26,Myosin_3,Myosin_20
ebra455.t1,Not_Target,Not_Target,Not_Target
ebra456.t1,Myosin_1,Not_Target,Not_Target
ebra457.t1,Not_Target,Not_Target,Not_Target
ebra458.t1,Not_Target,Myosin_19,Myosin_42
ebra459.t1,Not_Target,Not_Target,Myosin_37
ebra460.t1,Not_Target,Not_Target,Not_Target
ebra461.t1,Not_Target,Not_Target,Myosin_14
ebra462.t1,Not_Target,Not_Target,Not_Target
ebra463.t1,Myosin_57,Not_Target,Not_Target
ebra464.t1,Not_Target,Not_Target,Not_Target
ebra465.t1,Myosin_17,Myosin_20,Myosin_81
ebra466.t1,Not_Target,Not_Target,Not_Target
ebra467.t1,Not_Target,Not_Target,Myosin_14
ebra468.t1,Not_Target,Not_Target,Not_Target
ebra469.t1,Not_Target,Not_Target,Not_Target
ebra470.t1,Not_Target,Myosin_15,Not_Target
ebra471.t1,Not_Target,Not_Target,Not_Target
ebra472.t1,Not_Target,Not_Target,Not_Target
ebra473.t1,Not_Target,Not_Target,Not_Target
ebra474.t1,Not_Target,Not_Target,Not_Target
ebra475.t1,Not_Target,Not_Target,Not_Target
ebra476.t1,Not_Target,Not_Target,Not_Target
ebra477.t1,Not_Target,Not_Target,Not_Target
ebra478.t1,Not_Target,Myosin_22,Not_Target
ebra479.t1,Not_Target,Myosin_1,Not_Target
ebra480.t1,Not_Target,Myosin_19,Not_Target
ebra481.t1,Not_Target,Not_Target,Myosin_1
ebra9275.t1,Myosin_6,Myosin_1,Myosin_4
ebra9276.t1,Not_Target,Not_Target,Not_Target
ebra9277.t1,Not_Target,Not_Target,Not_Target
ebra9278.t1,Not_Target,Not_Target,Not_Target
ebra9279.t1,Not_Target,Not_Target,Myosin_4
ebra9280.t1,Not_Target,Not_Target,Not_Target
ebra9281.t1,Myosin_45,Not_Target,Myosin_1
ebra9282.t1,Myosin_45,Myosin_16,Not_Target
ebra9283.t1,Not_Target,Not_Target,Not_Target
ebra9284.t1,Not_Target,Myosin_2,Not_Target
ebra9285.t1,Not_Target,Not_Target,Not_Target
ebra9286.t1,Not_Target,Not_Target,Myosin_28
ebra9287.t1,Not_Target,Not_Target,Not_Target
ebra20171.t1,Not_Target,Not_Target,Not_Target
ebra20172.t1,Not_Target,Not_Target,Not_Target
ebra20173.t1,Not_Target,Not_Target,Not_Target
ebra20174.t1,Myosin_19,Not_Target,Not_Target
ebra20175.t1,Not_Target,Not_Target,Not_Target
ebra20176.t1,Not_Target,Myosin_14,Myosin_57
ebra20177.t1,Not_Target,Not_Target,Not_Target
ebra20178.t1,Myosin_1,Not_Target,Not_Target
ebra20179.t1,Myosin_81,Not_Target,Not_Target
ebra20180.t1,Myosin_37,Myosin_37,Not_Target
ebra20181.t1,Myosin_36,Myosin_10,Not_Target
ebra20182.t1,Not_Target,Myosin_55,Not_Target
ebra20183.t1,Not_Target,Not_Target,Not_Target
ebra20184.t1,Myosin_31,Not_Target,Not_Target
ebra20185.t1,Myosin_45,Myosin_16,Not_Target
ebra20186.t1,Myosin_1,Not_Target,Myosin_51
ebra20187.t1,Not_Target,Not_Target,Not_Target
ebra14173.t1,Not_Target,Not_Target,Myosin_57
ebra14174.t1,Not_Target,Not_Target,Not_Target
ebra14175.t1,Not_Target,Not_Target,Not_Target
ebra14176.t1,Not_Target,Not_Target,Not_Target
ebra14177.t1,Not_Target,Not_Target,Not_Target
ebra14178.t1,Not_Target,Not_Target,Not_Target
ebra14179.t1,Not_Target,Not_Target,Not_Target
ebra14180.t1,Not_Target,Not_Target,Not_Target
ebra14181.t1,Not_Target,Not_Target,Myosin_6
ebra14182.t1,Myosin_6,Not_Target,Myosin_20
ebra14183.t1,Not_Target,Not_Target,Not_Target
ebra14184.t1,Myosin_74,Myosin_74,Not_Target
ebra14185.t1,Not_Target,Not_Target,Not_Target
ebra14186.t1,Not_Target,Not_Target,Not_Target
ebra14187.t1,Not_Target,Not_Target,Not_Target
ebra14188.t1,Not_Target,Not_Target,Not_Target
ebra14189.t1,Not_Target,Not_Target,Myosin_19
ebra14190.t1,Not_Target,Myosin_5,Not_Target
ebra14191.t1,Not_Target,Not_Target,Not_Target
ebra14192.t1,Not_Target,Not_Target,Not_Target
ebra14193.t1,Not_Target,Not_Target,Not_Target
ebra14194.t1,Not_Target,Not_Target,Not_Target
ebra14195.t1,Not_Target,Not_Target,Not_Target
ebra14196.t1,Not_Target,Not_Target,Not_Target
ebra14197.t1,Not_Target,Myosin_1,Not_Target
ebra14198.t1,Not_Target,Not_Target,Myosin_6
ebra18452.t1,Myosin_45,Myosin_44,Myosin_71
ebra18453.t1,Not_Target,Not_Target,Not_Target
ebra18454.t1,Not_Target,Not_Target,Not_Target
ebra18455.t1,Not_Target,Not_Target,Not_Target
ebra18456.t1,Not_Target,Not_Target,Myosin_15
ebra18457.t1,Not_Target,Myosin_19,Not_Target
ebra18458.t1,Not_Target,Not_Target,Not_Target
ebra18459.t1,Not_Target,Not_Target,Myosin_3
ebra18460.t1,Not_Target,Not_Target,Not_Target
ebra18461.t1,Not_Target,Not_Target,Not_Target
ebra248.t1,Not_Target,Not_Target,Myosin_1
ebra249.t1,Not_Target,Not_Target,Not_Target
ebra250.t1,Not_Target,Not_Target,Not_Target
ebra251.t1,Not_Target,Not_Target,Not_Target
ebra252.t1,Myosin_45,Myosin_16,Myosin_26
ebra253.t1,Not_Target,Not_Target,Not_Target
ebra254.t1,Not_Target,Not_Target,Not_Target
ebra255.t1,Myosin_57,Not_Target,Not_Target
ebra256.t1,Not_Target,Not_Target,Not_Target
ebra257.t1,Not_Target,Not_Target,Not_Target
ebra258.t1,Not_Target,Not_Target,Not_Target
ebra4273.t1,Not_Target,Not_Target,Not_Target
ebra4274.t1,Not_Target,Not_Target,Not_Target
ebra4275.t1,Not_Target,Not_Target,Not_Target
ebra4276.t1,Not_Target,Not_Target,Myosin_19
ebra4277.t1,Not_Target,Myosin_22,Not_Target
ebra4278.t1,Not_Target,Not_Target,Myosin_1
ebra4279.t1,Not_Target,Not_Target,Not_Target
ebra4280.t1,Myosin_4,Not_Target,Myosin_2
ebra4281.t1,Not_Target,Not_Target,Not_Target
ebra4282.t1,Not_Target,Not_Target,Myosin_13
ebra4283.t1,Not_Target,Not_Target,Not_Target
ebra4284.t1,Myosin_6,Myosin_19,Myosin_57
ebra4285.t1,Myosin_17,Myosin_7,Myosin_17
ebra4286.t1,Not_Target,Myosin_19,Myosin_1
ebra4287.t1,Myosin_15,Myosin_15,Myosin_15
ebra4288.t1,Not_Target,Myosin_1,Not_Target
ebra7608.t1,Not_Target,Myosin_19,Not_Target
ebra7609.t1,Not_Target,Not_Target,Not_Target
ebra7610.t1,Not_Target,Not_Target,Not_Target
ebra7611.t1,Not_Target,Myosin_18,Not_Target
ebra7612.t1,Not_Target,Not_Target,Not_Target
ebra7613.t1,Myosin_1,Myosin_1,Not_Target
ebra7614.t1,Myosin_3,Myosin_3,Myosin_27
ebra7615.t1,Not_Target,Not_Target,Not_Target
ebra7616.t1,Not_Target,Not_Target,Not_Target
ebra7617.t1,Not_Target,Not_Target,Not_Target
ebra7618.t1,Not_Target,Not_Target,Not_Target
ebra7619.t1,Not_Target,Not_Target,Not_Target
ebra7620.t1,Myosin_36,Not_Target,Myosin_22
ebra7621.t1,Myosin_22,Not_Target,Not_Target
ebra7622.t1,Myosin_57,Myosin_57,Myosin_2
ebra7623.t1,Not_Target,Not_Target,Not_Target
ebra7624.t1,Myosin_8,Myosin_1,Not_Target
ebra7625.t1,Not_Target,Not_Target,Not_Target
ebra7626.t1,Not_Target,Not_Target,Not_Target
ebra7627.t1,Not_Target,Myosin_1,Not_Target
ebra7628.t1,Not_Target,Not_Target,Not_Target
ebra7629.t1,Not_Target,Myosin_17,Not_Target
ebra7630.t1,Myosin_19,Myosin_19,Not_Target
ebra7631.t1,Not_Target,Not_Target,Not_Target
ebra4541.t1,Myosin_26,Not_Target,Myosin_1
ebra4542.t1,Not_Target,Myosin_5,Myosin_4
ebra4543.t1,Not_Target,Not_Target,Not_Target
ebra4544.t1,Myosin_31,Not_Target,Not_Target
ebra4545.t1,Not_Target,Not_Target,Not_Target
ebra4546.t1,Not_Target,Not_Target,Not_Target
ebra4547.t1,Not_Target,Not_Target,Not_Target
ebra4548.t1,Not_Target,Myosin_1,Not_Target
ebra4549.t1,Myosin_81,Not_Target,Myosin_81
ebra4550.t1,Myosin_1,Not_Target,Myosin_1
ebra4551.t1,Myosin_45,Myosin_16,Not_Target
ebra4552.t1,Not_Target,Not_Target,Not_Target
ebra4553.t1,Not_Target,Not_Target,Not_Target
ebra4554.t1,Myosin_17,Not_Target,Myosin_19
ebra4555.t1,Not_Target,Myosin_17,Not_Target
ebra4556.t1,Not_Target,Not_Target,Not_Target
ebra4557.t1,Not_Target,Not_Target,Not_Target
ebra4558.t1,Not_Target,Not_Target,Not_Target
ebra4559.t1,Not_Target,Not_Target,Not_Target
ebra4560.t1,Not_Target,Not_Target,Not_Target
ebra4561.t1,Not_Target,Not_Target,Not_Target
ebra4562.t1,Not_Target,Not_Target,Not_Target
ebra4563.t1,Myosin_19,Myosin_19,Myosin_11
ebra2862.t1,Not_Target,Not_Target,Not_Target
ebra2863.t1,Not_Target,Myosin_57,Not_Target
ebra2864.t1,Myosin_3,Not_Target,Myosin_20
ebra2865.t1,Not_Target,Not_Target,Not_Target
ebra2866.t1,Not_Target,Not_Target,Not_Target
ebra2867.t1,Not_Target,Not_Target,Not_Target
ebra2868.t1,Not_Target,Not_Target,Not_Target
ebra2869.t1,Myosin_18,Myosin_16,Not_Target
ebra2870.t1,Not_Target,Not_Target,Myosin_18
ebra2871.t1,Not_Target,Myosin_19,Not_Target
ebra2872.t1,Not_Target,Not_Target,Not_Target
ebra2873.t1,Not_Target,Not_Target,Not_Target
ebra2874.t1,Myosin_31,Not_Target,Not_Target
ebra2875.t1,Myosin_26,Not_Target,Not_Target
ebra1474.t1,Myosin_45,Not_Target,Not_Target
ebra1475.t1,Myosin_45,Not_Target,Not_Target
ebra1476.t1,Not_Target,Myosin_66,Not_Target
ebra1477.t1,Myosin_5,Not_Target,Myosin_2
ebra1478.t1,Not_Target,Not_Target,Not_Target
ebra1479.t1,Myosin_3,Not_Target,Myosin_20
ebra1480.t1,Not_Target,Not_Target,Not_Target
ebra1481.t1,Myosin_1,Not_Target,Not_Target
ebra1482.t1,Not_Target,Myosin_57,Not_Target
ebra1483.t1,Not_Target,Myosin_19,Not_Target
ebra1484.t1,Not_Target,Not_Target,Not_Target
ebra1485.t1,Not_Target,Not_Target,Not_Target
ebra1486.t1,Not_Target,Not_Target,Not_Target
ebra1487.t1,Not_Target,Not_Target,Not_Target
ebra1488.t1,Not_Target,Not_Target,Myosin_19
ebra1489.t1,Not_Target,Not_Target,Not_Target
ebra1490.t1,Not_Target,Not_Target,Not_Target
ebra18155.t1,Not_Target,Not_Target,Not_Target
ebra18156.t1,Myosin_20,Not_Target,Not_Target
ebra18157.t1,Myosin_9,Not_Target,Myosin_23
ebra18158.t1,Myosin_45,Not_Target,Not_Target
ebra18159.t1,Myosin_81,Myosin_22,Myosin_81
ebra18160.t1,Myosin_18,Myosin_18,Myosin_3
ebra18161.t1,Myosin_5,Myosin_5,Not_Target
ebra18162.t1,Not_Target,Not_Target,Not_Target
ebra18163.t1,Not_Target,Not_Target,Not_Target
ebra18164.t1,Not_Target,Myosin_5,Not_Target
ebra6241.t1,Myosin_18,Not_Target,Not_Target
ebra6242.t1,Myosin_1,Not_Target,Myosin_1
ebra6243.t1,Not_Target,Not_Target,Not_Target
ebra6244.t1,Not_Target,Not_Target,Not_Target
ebra6245.t1,Not_Target,Not_Target,Myosin_3
ebra6246.t1,Not_Target,Not_Target,Not_Target
ebra6247.t1,Not_Target,Not_Target,Not_Target
ebra6248.t1,Not_Target,Not_Target,Not_Target
ebra6249.t1,Not_Target,Not_Target,Myosin_5
ebra6250.t1,Not_Target,Myosin_19,Myosin_27
ebra6251.t1,Not_Target,Not_Target,Not_Target
ebra6252.t1,Not_Target,Not_Target,Not_Target
ebra6253.t1,Myosin_17,Myosin_17,Myosin_34
ebra6254.t1,Not_Target,Not_Target,Not_Target
ebra6255.t1,Myosin_36,Myosin_3,Myosin_24
ebra6256.t1,Myosin_2,Myosin_57,Myosin_2
ebra2475.t1,Not_Target,Not_Target,Not_Target
ebra2476.t1,Not_Target,Not_Target,Myosin_1
ebra2477.t1,Not_Target,Myosin_5,Not_Target
ebra2478.t1,Myosin_36,Myosin_36,Myosin_17
ebra2479.t1,Myosin_36,Not_Target,Myosin_19
ebra2480.t1,Myosin_18,Not_Target,Myosin_3
ebra2481.t1,Not_Target,Not_Target,Myosin_13
ebra2482.t1,Not_Target,Not_Target,Not_Target
ebra2483.t1,Not_Target,Not_Target,Not_Target
ebra2484.t1,Not_Target,Not_Target,Not_Target
ebra2485.t1,Not_Target,Myosin_5,Not_Target
ebra13268.t1,Not_Target,Not_Target,Not_Target
ebra13269.t1,Not_Target,Not_Target,Not_Target
ebra13270.t1,Not_Target,Not_Target,Not_Target
ebra13271.t1,Myosin_37,Not_Target,Not_Target
ebra13272.t1,Not_Target,Not_Target,Not_Target
ebra13273.t1,Not_Target,Myosin_19,Not_Target
ebra13274.t1,Not_Target,Not_Target,Not_Target
ebra13275.t1,Not_Target,Not_Target,Not_Target
ebra13276.t1,Not_Target,Not_Target,Not_Target
ebra13277.t1,Not_Target,Not_Target,Not_Target
ebra13278.t1,Not_Target,Not_Target,Not_Target
ebra13279.t1,Not_Target,Not_Target,Myosin_5
ebra13342.t1,Not_Target,Not_Target,Myosin_36
ebra13343.t1,Not_Target,Myosin_57,Not_Target
ebra13344.t1,Not_Target,Not_Target,Not_Target
ebra13345.t1,Not_Target,Not_Target,Not_Target
ebra13346.t1,Not_Target,Not_Target,Not_Target
ebra13347.t1,Not_Target,Not_Target,Not_Target
ebra13348.t1,Not_Target,Not_Target,Not_Target
ebra13349.t1,Not_Target,Not_Target,Myosin_2
ebra13350.t1,Not_Target,Not_Target,Not_Target
ebra13351.t1,Not_Target,Not_Target,Not_Target
ebra13352.t1,Not_Target,Not_Target,Not_Target
ebra13353.t1,Myosin_2,Myosin_18,Not_Target
ebra13354.t1,Myosin_19,Not_Target,Myosin_1
ebra13355.t1,Myosin_1,Myosin_3,Myosin_1
ebra13356.t1,Not_Target,Not_Target,Not_Target
ebra13357.t1,Myosin_6,Not_Target,Myosin_6
ebra13358.t1,Myosin_17,Myosin_17,Myosin_17
ebra13359.t1,Myosin_19,Myosin_19,Myosin_13
ebra2771.t1,Myosin_15,Myosin_15,Myosin_15
ebra2772.t1,Not_Target,Not_Target,Not_Target
ebra2773.t1,Myosin_1,Myosin_1,Myosin_1
ebra2774.t1,Not_Target,Myosin_57,Not_Target
ebra2775.t1,Myosin_45,Myosin_28,Not_Target
ebra2776.t1,Not_Target,Not_Target,Not_Target
ebra2777.t1,Not_Target,Not_Target,Not_Target
ebra2778.t1,Not_Target,Myosin_57,Not_Target
ebra2779.t1,Not_Target,Not_Target,Not_Target
ebra2780.t1,Not_Target,Not_Target,Not_Target
ebra2781.t1,Not_Target,Not_Target,Not_Target
ebra2782.t1,Not_Target,Not_Target,Not_Target
ebra2783.t1,Not_Target,Not_Target,Not_Target
ebra18374.t1,Not_Target,Not_Target,Not_Target
ebra18375.t1,Not_Target,Not_Target,Not_Target
ebra18376.t1,Not_Target,Not_Target,Not_Target
ebra18377.t1,Not_Target,Not_Target,Not_Target
ebra18378.t1,Not_Target,Not_Target,Not_Target
ebra18379.t1,Not_Target,Not_Target,Not_Target
ebra18380.t1,Myosin_37,Not_Target,Not_Target
ebra18381.t1,Not_Target,Myosin_18,Myosin_20
ebra18382.t1,Myosin_5,Myosin_5,Not_Target
ebra18383.t1,Not_Target,Myosin_5,Myosin_1
ebra18384.t1,Not_Target,Not_Target,Not_Target
ebra18385.t1,Myosin_37,Not_Target,Myosin_37
ebra18386.t1,Not_Target,Not_Target,Not_Target
ebra18387.t1,Not_Target,Not_Target,Not_Target
ebra18388.t1,Myosin_7,Myosin_7,Myosin_5
ebra18389.t1,Myosin_37,Not_Target,Not_Target
ebra18390.t1,Not_Target,Not_Target,Not_Target
ebra18391.t1,Not_Target,Not_Target,Not_Target
ebra18392.t1,Not_Target,Not_Target,Not_Target
ebra18393.t1,Not_Target,Myosin_8,Not_Target
ebra21144.t1,Myosin_45,Not_Target,Not_Target
ebra21145.t1,Myosin_45,Not_Target,Not_Target
ebra21146.t1,Not_Target,Not_Target,Not_Target
ebra21147.t1,Not_Target,Not_Target,Myosin_18
ebra21148.t1,Not_Target,Myosin_1,Not_Target
ebra21149.t1,Not_Target,Myosin_25,Not_Target
ebra21150.t1,Not_Target,Not_Target,Not_Target
ebra21151.t1,Not_Target,Not_Target,Myosin_1
ebra21152.t1,Not_Target,Not_Target,Not_Target
ebra21153.t1,Not_Target,Not_Target,Not_Target
ebra21154.t1,Not_Target,Myosin_16,Not_Target
ebra21155.t1,Not_Target,Not_Target,Not_Target
ebra21156.t1,Not_Target,Not_Target,Not_Target
ebra21157.t1,Not_Target,Not_Target,Not_Target
ebra21158.t1,Myosin_71,Myosin_18,Not_Target
ebra21159.t1,Not_Target,Not_Target,Not_Target
ebra21160.t1,Not_Target,Not_Target,Not_Target
ebra18833.t1,Not_Target,Myosin_17,Not_Target
ebra18834.t1,Not_Target,Not_Target,Not_Target
ebra18835.t1,Not_Target,Not_Target,Myosin_20
ebra18836.t1,Myosin_16,Not_Target,Not_Target
ebra18837.t1,Not_Target,Myosin_1,Myosin_1
ebra18838.t1,Not_Target,Not_Target,Myosin_8
ebra18839.t1,Not_Target,Not_Target,Not_Target
ebra18840.t1,Myosin_8,Not_Target,Not_Target
ebra18841.t1,Not_Target,Not_Target,Not_Target
ebra18842.t1,Not_Target,Not_Target,Myosin_1
ebra18843.t1,Not_Target,Not_Target,Not_Target
ebra18844.t1,Myosin_4,Myosin_4,Myosin_22
ebra18845.t1,Not_Target,Not_Target,Myosin_57
ebra18846.t1,Not_Target,Not_Target,Not_Target
ebra18847.t1,Not_Target,Not_Target,Not_Target
ebra18184.t1,Myosin_1,Not_Target,Myosin_1
ebra18185.t1,Not_Target,Not_Target,Not_Target
ebra18186.t1,Not_Target,Myosin_1,Myosin_1
ebra18187.t1,Not_Target,Not_Target,Not_Target
ebra18188.t1,Not_Target,Not_Target,Not_Target
ebra18189.t1,Not_Target,Not_Target,Not_Target
ebra18190.t1,Myosin_4,Myosin_55,Myosin_5
ebra18191.t1,Myosin_45,Not_Target,Not_Target
ebra18192.t1,Not_Target,Not_Target,Not_Target
ebra18193.t1,Not_Target,Myosin_18,Not_Target
ebra18194.t1,Not_Target,Not_Target,Not_Target
ebra18195.t1,Myosin_45,Myosin_18,Myosin_52
ebra18196.t1,Not_Target,Not_Target,Not_Target
ebra18197.t1,Not_Target,Myosin_16,Myosin_9
ebra18198.t1,Not_Target,Not_Target,Myosin_14
ebra18199.t1,Not_Target,Not_Target,Not_Target
ebra18200.t1,Not_Target,Not_Target,Not_Target
ebra18201.t1,Myosin_17,Not_Target,Myosin_22
ebra5459.t1,Not_Target,Not_Target,Not_Target
ebra5460.t1,Not_Target,Not_Target,Not_Target
ebra5461.t1,Myosin_6,Myosin_6,Myosin_2
ebra5462.t1,Not_Target,Not_Target,Not_Target
ebra5463.t1,Not_Target,Not_Target,Not_Target
ebra5464.t1,Not_Target,Not_Target,Myosin_24
ebra5465.t1,Not_Target,Not_Target,Myosin_8
ebra5466.t1,Not_Target,Not_Target,Not_Target
ebra5467.t1,Not_Target,Myosin_1,Not_Target
ebra5468.t1,Not_Target,Not_Target,Not_Target
ebra5469.t1,Myosin_45,Not_Target,Not_Target
ebra5470.t1,Myosin_45,Not_Target,Not_Target
ebra5471.t1,Not_Target,Not_Target,Myosin_3
ebra5472.t1,Not_Target,Not_Target,Not_Target
ebra5473.t1,Not_Target,Not_Target,Not_Target
ebra5474.t1,Not_Target,Not_Target,Not_Target
ebra5475.t1,Not_Target,Not_Target,Not_Target
ebra5476.t1,Not_Target,Not_Target,Not_Target
ebra12488.t1,Not_Target,Myosin_19,Not_Target
ebra12489.t1,Not_Target,Not_Target,Not_Target
ebra12490.t1,Myosin_18,Myosin_5,Myosin_22
ebra12491.t1,Not_Target,Not_Target,Not_Target
ebra12492.t1,Myosin_37,Myosin_22,Myosin_69
ebra12493.t1,Not_Target,Not_Target,Not_Target
ebra12494.t1,Not_Target,Not_Target,Not_Target
ebra12495.t1,Not_Target,Not_Target,Not_Target
ebra12496.t1,Not_Target,Not_Target,Not_Target
ebra12497.t1,Myosin_34,Myosin_16,Myosin_34
ebra12498.t1,Myosin_45,Myosin_18,Myosin_3
ebra12499.t1,Not_Target,Not_Target,Not_Target
ebra12500.t1,Myosin_19,Myosin_19,Not_Target
ebra120.t1,Not_Target,Not_Target,Not_Target
ebra121.t1,Not_Target,Not_Target,Not_Target
ebra122.t1,Not_Target,Myosin_17,Myosin_17
ebra123.t1,Not_Target,Myosin_17,Not_Target
ebra124.t1,Not_Target,Not_Target,Not_Target
ebra125.t1,Not_Target,Not_Target,Not_Target
ebra126.t1,Not_Target,Not_Target,Not_Target
ebra127.t1,Not_Target,Not_Target,Not_Target
ebra128.t1,Myosin_74,Myosin_74,Myosin_3
ebra129.t1,Not_Target,Not_Target,Not_Target
ebra130.t1,Not_Target,Not_Target,Not_Target
ebra131.t1,Not_Target,Not_Target,Not_Target
ebra132.t1,Myosin_31,Not_Target,Not_Target
ebra133.t1,Not_Target,Not_Target,Not_Target
ebra134.t1,Not_Target,Not_Target,Not_Target
ebra135.t1,Not_Target,Myosin_30,Myosin_8
ebra136.t1,Not_Target,Not_Target,Not_Target
ebra137.t1,Myosin_45,Not_Target,Myosin_31
ebra138.t1,Not_Target,Not_Target,Not_Target
ebra139.t1,Not_Target,Not_Target,Not_Target
ebra3013.t1,Not_Target,Not_Target,Not_Target
ebra3014.t1,Not_Target,Not_Target,Not_Target
ebra3015.t1,Myosin_1,Myosin_1,Not_Target
ebra3016.t1,Not_Target,Myosin_2,Not_Target
ebra3017.t1,Not_Target,Myosin_57,Not_Target
ebra3018.t1,Not_Target,Not_Target,Not_Target
ebra3019.t1,Not_Target,Not_Target,Not_Target
ebra3020.t1,Not_Target,Not_Target,Not_Target
ebra3021.t1,Myosin_37,Myosin_37,Myosin_37
ebra3022.t1,Not_Target,Not_Target,Not_Target
ebra3023.t1,Myosin_17,Myosin_26,Myosin_57
ebra3024.t1,Not_Target,Not_Target,Myosin_1
ebra3025.t1,Myosin_45,Not_Target,Myosin_8
ebra3026.t1,Myosin_18,Myosin_57,Myosin_2
ebra3027.t1,Not_Target,Not_Target,Not_Target
ebra3028.t1,Not_Target,Not_Target,Not_Target
ebra3029.t1,Not_Target,Not_Target,Not_Target
ebra3030.t1,Not_Target,Not_Target,Not_Target
ebra3031.t1,Not_Target,Not_Target,Not_Target
ebra3032.t1,Not_Target,Not_Target,Not_Target
ebra18545.t1,Not_Target,Myosin_19,Not_Target
ebra18546.t1,Not_Target,Not_Target,Not_Target
ebra18547.t1,Not_Target,Not_Target,Not_Target
ebra18548.t1,Not_Target,Myosin_19,Not_Target
ebra18549.t1,Not_Target,Not_Target,Not_Target
ebra18550.t1,Not_Target,Not_Target,Not_Target
ebra18551.t1,Not_Target,Myosin_19,Not_Target
ebra18552.t1,Not_Target,Not_Target,Myosin_17
ebra18553.t1,Not_Target,Not_Target,Not_Target
ebra18554.t1,Not_Target,Myosin_3,Myosin_20
ebra18555.t1,Not_Target,Not_Target,Not_Target
ebra18556.t1,Not_Target,Not_Target,Not_Target
ebra18557.t1,Myosin_30,Myosin_1,Not_Target
ebra18558.t1,Not_Target,Not_Target,Not_Target
ebra18559.t1,Not_Target,Not_Target,Not_Target
ebra18560.t1,Not_Target,Not_Target,Not_Target
ebra18561.t1,Not_Target,Not_Target,Not_Target
ebra4585.t1,Myosin_1,Myosin_1,Not_Target
ebra4586.t1,Not_Target,Myosin_37,Not_Target
ebra4587.t1,Not_Target,Not_Target,Not_Target
ebra4588.t1,Myosin_3,Myosin_22,Myosin_3
ebra4589.t1,Not_Target,Not_Target,Not_Target
ebra4590.t1,Not_Target,Not_Target,Not_Target
ebra4591.t1,Myosin_17,Myosin_17,Not_Target
ebra4592.t1,Myosin_1,Myosin_18,Myosin_31
ebra4593.t1,Not_Target,Not_Target,Not_Target
ebra4594.t1,Not_Target,Not_Target,Not_Target
ebra4595.t1,Myosin_1,Myosin_1,Not_Target
ebra4596.t1,Myosin_1,Myosin_1,Not_Target
ebra4597.t1,Not_Target,Not_Target,Not_Target
ebra4598.t1,Not_Target,Not_Target,Not_Target
ebra5399.t1,Myosin_2,Myosin_2,Myosin_2
ebra5400.t1,Myosin_2,Myosin_2,Myosin_2
ebra5401.t1,Not_Target,Not_Target,Not_Target
ebra5402.t1,Not_Target,Not_Target,Not_Target
ebra5403.t1,Not_Target,Not_Target,Myosin_19
ebra5404.t1,Myosin_45,Not_Target,Myosin_5
ebra5405.t1,Not_Target,Not_Target,Not_Target
ebra5406.t1,Not_Target,Not_Target,Myosin_2
ebra5407.t1,Myosin_5,Myosin_26,Not_Target
ebra5408.t1,Not_Target,Myosin_1,Not_Target
ebra5409.t1,Not_Target,Not_Target,Not_Target
ebra5410.t1,Myosin_36,Myosin_5,Myosin_5
ebra5411.t1,Not_Target,Not_Target,Not_Target
ebra5412.t1,Not_Target,Myosin_22,Not_Target
ebra5413.t1,Not_Target,Myosin_1,Not_Target
ebra5414.t1,Not_Target,Myosin_57,Not_Target
ebra19107.t1,Myosin_19,Not_Target,Myosin_22
ebra19108.t1,Not_Target,Not_Target,Not_Target
ebra19109.t1,Not_Target,Myosin_1,Not_Target
ebra19110.t1,Not_Target,Not_Target,Not_Target
ebra19111.t1,Not_Target,Not_Target,Not_Target
ebra19112.t1,Not_Target,Myosin_22,Not_Target
ebra19113.t1,Not_Target,Not_Target,Not_Target
ebra19114.t1,Myosin_57,Myosin_18,Myosin_16
ebra19115.t1,Myosin_5,Not_Target,Myosin_8
ebra19116.t1,Not_Target,Not_Target,Not_Target
ebra19117.t1,Not_Target,Not_Target,Not_Target
ebra19118.t1,Not_Target,Not_Target,Not_Target
ebra19119.t1,Myosin_6,Myosin_6,Not_Target
ebra17976.t1,Not_Target,Not_Target,Not_Target
ebra17977.t1,Not_Target,Not_Target,Not_Target
ebra17978.t1,Not_Target,Not_Target,Not_Target
ebra17979.t1,Not_Target,Myosin_1,Not_Target
ebra17980.t1,Not_Target,Not_Target,Not_Target
ebra17981.t1,Not_Target,Not_Target,Myosin_1
ebra17982.t1,Myosin_9,Myosin_57,Myosin_1
ebra17983.t1,Not_Target,Not_Target,Not_Target
ebra17984.t1,Myosin_77,Myosin_5,Not_Target
ebra17985.t1,Not_Target,Not_Target,Not_Target
ebra17986.t1,Not_Target,Not_Target,Not_Target
ebra17987.t1,Not_Target,Not_Target,Not_Target
ebra17988.t1,Not_Target,Not_Target,Not_Target
ebra17989.t1,Not_Target,Not_Target,Not_Target
ebra17990.t1,Not_Target,Not_Target,Not_Target
ebra17991.t1,Not_Target,Not_Target,Myosin_9
ebra17992.t1,Myosin_45,Myosin_45,Not_Target
ebra17993.t1,Not_Target,Not_Target,Not_Target
ebra17994.t1,Myosin_4,Myosin_4,Not_Target
ebra17995.t1,Not_Target,Not_Target,Not_Target
ebra4257.t1,Not_Target,Not_Target,Myosin_20
ebra4258.t1,Not_Target,Not_Target,Not_Target
ebra4259.t1,Myosin_2,Myosin_7,Not_Target
ebra4260.t1,Not_Target,Not_Target,Not_Target
ebra4261.t1,Not_Target,Not_Target,Not_Target
ebra4262.t1,Not_Target,Not_Target,Myosin_1
ebra4263.t1,Not_Target,Myosin_57,Not_Target
ebra4264.t1,Myosin_1,Myosin_1,Myosin_37
ebra4265.t1,Not_Target,Not_Target,Myosin_1
ebra4266.t1,Myosin_2,Myosin_23,Not_Target
ebra4267.t1,Not_Target,Not_Target,Not_Target
ebra4268.t1,Not_Target,Not_Target,Not_Target
ebra4269.t1,Myosin_22,Myosin_22,Myosin_22
ebra4270.t1,Not_Target,Not_Target,Not_Target
ebra4271.t1,Myosin_6,Myosin_11,Not_Target
ebra4272.t1,Not_Target,Not_Target,Not_Target
ebra8688.t1,Myosin_9,Not_Target,Not_Target
ebra8689.t1,Myosin_26,Myosin_26,Myosin_18
ebra8690.t1,Not_Target,Not_Target,Not_Target
ebra8691.t1,Not_Target,Not_Target,Not_Target
ebra8692.t1,Myosin_45,Not_Target,Myosin_51
ebra8693.t1,Myosin_45,Not_Target,Not_Target
ebra8694.t1,Not_Target,Not_Target,Not_Target
ebra8695.t1,Not_Target,Not_Target,Not_Target
ebra11189.t1,Not_Target,Myosin_5,Not_Target
ebra11190.t1,Not_Target,Not_Target,Not_Target
ebra11191.t1,Not_Target,Myosin_5,Not_Target
ebra11192.t1,Myosin_26,Not_Target,Not_Target
ebra11193.t1,Myosin_26,Myosin_26,Not_Target
ebra11194.t1,Not_Target,Not_Target,Not_Target
ebra11195.t1,Not_Target,Not_Target,Not_Target
ebra11196.t1,Not_Target,Not_Target,Not_Target
ebra11197.t1,Not_Target,Not_Target,Not_Target
ebra11198.t1,Myosin_24,Myosin_55,Myosin_24
ebra11199.t1,Myosin_7,Myosin_7,Myosin_22
ebra11200.t1,Myosin_5,Myosin_5,Myosin_5
ebra11201.t1,Not_Target,Not_Target,Not_Target
ebra11202.t1,Not_Target,Not_Target,Not_Target
ebra11203.t1,Myosin_5,Myosin_5,Myosin_5
ebra13554.t1,Not_Target,Not_Target,Not_Target
ebra13555.t1,Not_Target,Not_Target,Not_Target
ebra13556.t1,Not_Target,Not_Target,Not_Target
ebra13557.t1,Not_Target,Not_Target,Not_Target
ebra13558.t1,Not_Target,Not_Target,Not_Target
ebra13559.t1,Not_Target,Not_Target,Not_Target
ebra13560.t1,Myosin_15,Myosin_1,Myosin_22
ebra13561.t1,Not_Target,Not_Target,Myosin_2
ebra13562.t1,Not_Target,Not_Target,Not_Target
ebra13563.t1,Not_Target,Not_Target,Not_Target
ebra13564.t1,Not_Target,Not_Target,Not_Target
ebra13565.t1,Not_Target,Not_Target,Not_Target
ebra13566.t1,Myosin_3,Myosin_3,Myosin_3
ebra13567.t1,Not_Target,Not_Target,Not_Target
ebra13568.t1,Not_Target,Not_Target,Not_Target
ebra13569.t1,Not_Target,Myosin_1,Not_Target
ebra13570.t1,Not_Target,Not_Target,Not_Target
ebra13571.t1,Myosin_45,Myosin_5,Not_Target
ebra13572.t1,Not_Target,Not_Target,Not_Target
ebra13573.t1,Not_Target,Not_Target,Not_Target
ebra13574.t1,Not_Target,Not_Target,Not_Target
ebra14104.t1,Not_Target,Not_Target,Not_Target
ebra14105.t1,Not_Target,Not_Target,Not_Target
ebra14106.t1,Not_Target,Not_Target,Not_Target
ebra14107.t1,Not_Target,Myosin_5,Not_Target
ebra14108.t1,Not_Target,Not_Target,Not_Target
ebra14109.t1,Not_Target,Myosin_16,Not_Target
ebra14110.t1,Not_Target,Not_Target,Not_Target
ebra14111.t1,Not_Target,Not_Target,Myosin_36
ebra14112.t1,Not_Target,Not_Target,Not_Target
ebra14113.t1,Not_Target,Not_Target,Not_Target
ebra14114.t1,Myosin_6,Myosin_6,Not_Target
ebra14115.t1,Not_Target,Not_Target,Not_Target
ebra14116.t1,Myosin_16,Myosin_74,Myosin_1
ebra14117.t1,Not_Target,Not_Target,Not_Target
ebra14118.t1,Not_Target,Not_Target,Myosin_11
ebra14119.t1,Not_Target,Not_Target,Not_Target
ebra14120.t1,Not_Target,Not_Target,Not_Target
ebra14121.t1,Not_Target,Myosin_5,Not_Target
ebra12698.t1,Not_Target,Myosin_57,Myosin_4
ebra12699.t1,Myosin_15,Myosin_3,Myosin_17
ebra12700.t1,Myosin_24,Myosin_19,Myosin_15
ebra12701.t1,Not_Target,Not_Target,Not_Target
ebra12702.t1,Not_Target,Myosin_19,Not_Target
ebra12703.t1,Not_Target,Not_Target,Myosin_8
ebra12704.t1,Not_Target,Not_Target,Not_Target
ebra12705.t1,Not_Target,Not_Target,Myosin_20
ebra12706.t1,Myosin_5,Not_Target,Myosin_5
ebra12707.t1,Not_Target,Not_Target,Myosin_2
ebra12708.t1,Not_Target,Not_Target,Not_Target
ebra12709.t1,Not_Target,Not_Target,Not_Target
ebra12710.t1,Not_Target,Not_Target,Not_Target
ebra12711.t1,Not_Target,Not_Target,Myosin_20
ebra12712.t1,Not_Target,Not_Target,Not_Target
ebra12713.t1,Not_Target,Not_Target,Not_Target
ebra12714.t1,Not_Target,Not_Target,Myosin_20
ebra12715.t1,Not_Target,Not_Target,Not_Target
ebra12009.t1,Not_Target,Not_Target,Myosin_4
ebra12010.t1,Not_Target,Myosin_5,Not_Target
ebra12011.t1,Not_Target,Myosin_5,Not_Target
ebra12012.t1,Not_Target,Not_Target,Myosin_4
ebra12013.t1,Not_Target,Myosin_5,Not_Target
ebra12014.t1,Myosin_24,Not_Target,Not_Target
ebra12015.t1,Myosin_15,Myosin_1,Myosin_22
ebra12016.t1,Not_Target,Not_Target,Not_Target
ebra12017.t1,Not_Target,Myosin_5,Not_Target
ebra12018.t1,Not_Target,Not_Target,Not_Target
ebra12019.t1,Not_Target,Not_Target,Not_Target
ebra12020.t1,Myosin_1,Myosin_1,Myosin_1
ebra12021.t1,Not_Target,Not_Target,Myosin_57
ebra12022.t1,Not_Target,Not_Target,Not_Target
ebra12023.t1,Not_Target,Not_Target,Myosin_1
ebra12024.t1,Not_Target,Not_Target,Not_Target
ebra12025.t1,Not_Target,Not_Target,Not_Target
ebra12026.t1,Not_Target,Not_Target,Not_Target
ebra12027.t1,Not_Target,Not_Target,Not_Target
ebra12028.t1,Not_Target,Not_Target,Not_Target
ebra12029.t1,Not_Target,Not_Target,Not_Target
ebra12030.t1,Not_Target,Myosin_4,Not_Target
ebra4893.t1,Myosin_17,Myosin_17,Myosin_1
ebra4894.t1,Myosin_15,Not_Target,Myosin_57
ebra4895.t1,Myosin_23,Not_Target,Myosin_4
ebra4896.t1,Myosin_17,Myosin_17,Myosin_17
ebra4897.t1,Not_Target,Not_Target,Myosin_16
ebra4898.t1,Myosin_18,Not_Target,Myosin_5
ebra4899.t1,Myosin_17,Myosin_17,Myosin_4
ebra4900.t1,Myosin_17,Myosin_17,Myosin_4
ebra4901.t1,Myosin_18,Not_Target,Myosin_24
ebra10649.t1,Myosin_1,Myosin_1,Myosin_1
ebra10650.t1,Not_Target,Not_Target,Not_Target
ebra10651.t1,Not_Target,Not_Target,Not_Target
ebra10652.t1,Myosin_5,Myosin_5,Myosin_5
ebra10653.t1,Not_Target,Not_Target,Not_Target
ebra10654.t1,Not_Target,Myosin_43,Myosin_1
ebra10655.t1,Myosin_15,Myosin_4,Myosin_15
ebra10656.t1,Myosin_22,Not_Target,Myosin_27
ebra10657.t1,Not_Target,Not_Target,Not_Target
ebra10658.t1,Not_Target,Not_Target,Not_Target
ebra10659.t1,Myosin_45,Myosin_11,Myosin_15
ebra10660.t1,Myosin_27,Myosin_26,Myosin_19
ebra10661.t1,Not_Target,Not_Target,Not_Target
ebra10662.t1,Myosin_1,Myosin_1,Myosin_1
ebra10663.t1,Myosin_4,Myosin_4,Not_Target
ebra14081.t1,Not_Target,Not_Target,Not_Target
ebra14082.t1,Not_Target,Myosin_57,Not_Target
ebra14083.t1,Not_Target,Not_Target,Not_Target
ebra14084.t1,Not_Target,Not_Target,Not_Target
ebra14085.t1,Not_Target,Not_Target,Not_Target
ebra14086.t1,Not_Target,Myosin_57,Not_Target
ebra14087.t1,Not_Target,Not_Target,Not_Target
ebra14088.t1,Not_Target,Myosin_8,Not_Target
ebra14089.t1,Not_Target,Not_Target,Not_Target
ebra14090.t1,Myosin_31,Not_Target,Myosin_53
ebra14091.t1,Myosin_20,Not_Target,Myosin_51
ebra14092.t1,Not_Target,Not_Target,Myosin_8
ebra14093.t1,Not_Target,Not_Target,Not_Target
ebra14094.t1,Not_Target,Not_Target,Not_Target
ebra14095.t1,Not_Target,Not_Target,Myosin_24
ebra14096.t1,Myosin_51,Not_Target,Myosin_7
ebra14097.t1,Not_Target,Not_Target,Not_Target
ebra14098.t1,Myosin_45,Not_Target,Not_Target
ebra14099.t1,Myosin_57,Myosin_57,Myosin_57
ebra14100.t1,Not_Target,Myosin_1,Not_Target
ebra14101.t1,Not_Target,Not_Target,Myosin_14
ebra14102.t1,Myosin_5,Myosin_5,Myosin_17
ebra18653.t1,Not_Target,Myosin_19,Not_Target
ebra18654.t1,Not_Target,Not_Target,Not_Target
ebra18655.t1,Myosin_37,Myosin_37,Not_Target
ebra18656.t1,Not_Target,Not_Target,Not_Target
ebra18657.t1,Myosin_3,Not_Target,Myosin_3
ebra18658.t1,Not_Target,Myosin_1,Not_Target
ebra18659.t1,Myosin_1,Myosin_1,Myosin_48
ebra18660.t1,Not_Target,Not_Target,Not_Target
ebra18661.t1,Not_Target,Not_Target,Not_Target
ebra18662.t1,Not_Target,Not_Target,Not_Target
ebra18663.t1,Not_Target,Not_Target,Not_Target
ebra18664.t1,Not_Target,Not_Target,Not_Target
ebra18665.t1,Not_Target,Not_Target,Not_Target
ebra18666.t1,Not_Target,Not_Target,Not_Target
ebra18667.t1,Not_Target,Not_Target,Not_Target
ebra18668.t1,Not_Target,Not_Target,Not_Target
ebra18669.t1,Not_Target,Not_Target,Not_Target
ebra18670.t1,Not_Target,Not_Target,Not_Target
ebra18671.t1,Not_Target,Not_Target,Not_Target
ebra18672.t1,Not_Target,Myosin_36,Not_Target
ebra19901.t1,Myosin_5,Myosin_5,Not_Target
ebra19902.t1,Not_Target,Not_Target,Not_Target
ebra19903.t1,Not_Target,Not_Target,Myosin_11
ebra19904.t1,Not_Target,Not_Target,Not_Target
ebra19905.t1,Not_Target,Not_Target,Not_Target
ebra19906.t1,Not_Target,Not_Target,Not_Target
ebra19907.t1,Not_Target,Not_Target,Not_Target
ebra19908.t1,Not_Target,Not_Target,Not_Target
ebra19909.t1,Not_Target,Not_Target,Not_Target
ebra19910.t1,Myosin_17,Myosin_36,Myosin_22
ebra19911.t1,Not_Target,Not_Target,Not_Target
ebra19912.t1,Not_Target,Not_Target,Myosin_1
ebra19913.t1,Not_Target,Not_Target,Not_Target
ebra19914.t1,Myosin_45,Not_Target,Myosin_3
ebra19915.t1,Not_Target,Not_Target,Not_Target
ebra18262.t1,Myosin_45,Myosin_45,Myosin_45
ebra18263.t1,Not_Target,Not_Target,Not_Target
ebra18264.t1,Not_Target,Not_Target,Not_Target
ebra18265.t1,Not_Target,Not_Target,Not_Target
ebra18266.t1,Myosin_18,Myosin_51,Not_Target
ebra18267.t1,Not_Target,Not_Target,Not_Target
ebra18268.t1,Myosin_81,Not_Target,Not_Target
ebra18269.t1,Not_Target,Not_Target,Not_Target
ebra18270.t1,Not_Target,Not_Target,Not_Target
ebra18271.t1,Not_Target,Not_Target,Not_Target
ebra18272.t1,Not_Target,Myosin_5,Not_Target
ebra18273.t1,Not_Target,Myosin_19,Not_Target
ebra18274.t1,Not_Target,Not_Target,Not_Target
ebra18275.t1,Not_Target,Not_Target,Not_Target
ebra18276.t1,Not_Target,Not_Target,Not_Target
ebra18277.t1,Not_Target,Not_Target,Not_Target
ebra18278.t1,Not_Target,Not_Target,Not_Target
ebra5374.t1,Myosin_45,Not_Target,Not_Target
ebra5375.t1,Myosin_17,Myosin_17,Myosin_45
ebra5376.t1,Myosin_24,Myosin_24,Myosin_64
ebra5377.t1,Not_Target,Not_Target,Not_Target
ebra5378.t1,Not_Target,Not_Target,Not_Target
ebra5379.t1,Myosin_45,Not_Target,Not_Target
ebra5380.t1,Not_Target,Not_Target,Not_Target
ebra5381.t1,Not_Target,Not_Target,Not_Target
ebra5382.t1,Myosin_32,Not_Target,Myosin_53
ebra5383.t1,Myosin_26,Myosin_26,Myosin_31
ebra13322.t1,Myosin_45,Not_Target,Not_Target
ebra13323.t1,Myosin_45,Not_Target,Not_Target
ebra13324.t1,Not_Target,Not_Target,Not_Target
ebra13325.t1,Myosin_69,Not_Target,Myosin_5
ebra13326.t1,Not_Target,Not_Target,Not_Target
ebra13327.t1,Not_Target,Not_Target,Myosin_57
ebra13328.t1,Myosin_19,Myosin_7,Myosin_8
ebra13329.t1,Not_Target,Not_Target,Not_Target
ebra13330.t1,Not_Target,Not_Target,Not_Target
ebra13331.t1,Not_Target,Not_Target,Not_Target
ebra13332.t1,Not_Target,Not_Target,Myosin_2
ebra13333.t1,Myosin_15,Myosin_15,Myosin_81
ebra13334.t1,Not_Target,Not_Target,Not_Target
ebra13335.t1,Not_Target,Not_Target,Not_Target
ebra13336.t1,Not_Target,Myosin_2,Not_Target
ebra13337.t1,Not_Target,Not_Target,Not_Target
ebra13338.t1,Not_Target,Not_Target,Not_Target
ebra13339.t1,Not_Target,Not_Target,Not_Target
ebra11465.t1,Myosin_26,Not_Target,Not_Target
ebra11466.t1,Not_Target,Not_Target,Myosin_16
ebra11467.t1,Not_Target,Not_Target,Not_Target
ebra11468.t1,Not_Target,Not_Target,Not_Target
ebra11469.t1,Not_Target,Not_Target,Not_Target
ebra11470.t1,Not_Target,Not_Target,Myosin_3
ebra11471.t1,Not_Target,Not_Target,Myosin_34
ebra11472.t1,Not_Target,Not_Target,Not_Target
ebra11473.t1,Not_Target,Myosin_1,Not_Target
ebra11474.t1,Not_Target,Not_Target,Not_Target
ebra11475.t1,Not_Target,Not_Target,Not_Target
ebra11476.t1,Myosin_5,Not_Target,Not_Target
ebra11477.t1,Not_Target,Not_Target,Not_Target
ebra11478.t1,Not_Target,Not_Target,Not_Target
ebra11479.t1,Not_Target,Myosin_1,Not_Target
ebra11480.t1,Not_Target,Not_Target,Not_Target
ebra266.t1,Not_Target,Not_Target,Not_Target
ebra267.t1,Not_Target,Not_Target,Not_Target
ebra268.t1,Not_Target,Not_Target,Not_Target
ebra269.t1,Not_Target,Not_Target,Myosin_1
ebra270.t1,Not_Target,Not_Target,Not_Target
ebra271.t1,Not_Target,Not_Target,Not_Target
ebra272.t1,Myosin_2,Myosin_18,Not_Target
ebra273.t1,Myosin_19,Not_Target,Myosin_8
ebra274.t1,Not_Target,Not_Target,Not_Target
ebra275.t1,Not_Target,Not_Target,Not_Target
ebra276.t1,Not_Target,Not_Target,Not_Target
ebra277.t1,Not_Target,Not_Target,Not_Target
ebra278.t1,Myosin_37,Myosin_22,Myosin_5
ebra279.t1,Not_Target,Myosin_37,Not_Target
ebra280.t1,Not_Target,Not_Target,Myosin_57
ebra281.t1,Not_Target,Myosin_6,Not_Target
ebra282.t1,Not_Target,Not_Target,Myosin_7
ebra2373.t1,Not_Target,Myosin_5,Not_Target
ebra2374.t1,Not_Target,Not_Target,Not_Target
ebra2375.t1,Myosin_45,Myosin_16,Myosin_20
ebra2376.t1,Not_Target,Not_Target,Myosin_2
ebra2377.t1,Not_Target,Not_Target,Not_Target
ebra2378.t1,Not_Target,Myosin_19,Not_Target
ebra2379.t1,Not_Target,Not_Target,Myosin_2
ebra2380.t1,Not_Target,Not_Target,Not_Target
ebra2381.t1,Myosin_37,Myosin_6,Myosin_1
ebra2382.t1,Myosin_15,Myosin_5,Myosin_15
ebra2383.t1,Not_Target,Not_Target,Myosin_41
ebra2384.t1,Myosin_81,Myosin_3,Myosin_81
ebra14042.t1,Not_Target,Not_Target,Not_Target
ebra14043.t1,Not_Target,Not_Target,Not_Target
ebra14044.t1,Myosin_37,Myosin_37,Not_Target
ebra14045.t1,Not_Target,Not_Target,Not_Target
ebra14046.t1,Not_Target,Not_Target,Not_Target
ebra14047.t1,Not_Target,Not_Target,Not_Target
ebra14048.t1,Not_Target,Not_Target,Not_Target
ebra14049.t1,Myosin_37,Myosin_37,Not_Target
ebra14050.t1,Not_Target,Not_Target,Not_Target
ebra14051.t1,Not_Target,Not_Target,Not_Target
ebra14052.t1,Myosin_51,Not_Target,Not_Target
ebra14053.t1,Not_Target,Not_Target,Not_Target
ebra14054.t1,Not_Target,Not_Target,Myosin_31
ebra14055.t1,Not_Target,Not_Target,Not_Target
ebra14056.t1,Not_Target,Not_Target,Not_Target
ebra14057.t1,Not_Target,Not_Target,Not_Target
ebra14058.t1,Not_Target,Not_Target,Myosin_19
ebra14059.t1,Not_Target,Not_Target,Not_Target
ebra14060.t1,Not_Target,Not_Target,Not_Target
ebra14061.t1,Myosin_2,Myosin_2,Not_Target
ebra14062.t1,Not_Target,Not_Target,Myosin_13
ebra14063.t1,Not_Target,Not_Target,Not_Target
ebra14064.t1,Not_Target,Not_Target,Not_Target
ebra14065.t1,Not_Target,Not_Target,Not_Target
ebra14066.t1,Not_Target,Not_Target,Not_Target
ebra14067.t1,Not_Target,Not_Target,Not_Target
ebra14068.t1,Not_Target,Not_Target,Not_Target
ebra14069.t1,Not_Target,Not_Target,Not_Target
ebra14070.t1,Not_Target,Not_Target,Not_Target
ebra14071.t1,Not_Target,Not_Target,Not_Target
ebra14072.t1,Not_Target,Not_Target,Not_Target
ebra16666.t1,Not_Target,Not_Target,Not_Target
ebra16667.t1,Myosin_15,Not_Target,Myosin_46
ebra16668.t1,Not_Target,Not_Target,Not_Target
ebra16669.t1,Myosin_45,Not_Target,Not_Target
ebra16670.t1,Not_Target,Not_Target,Not_Target
ebra16671.t1,Not_Target,Not_Target,Not_Target
ebra16672.t1,Myosin_2,Not_Target,Not_Target
ebra16673.t1,Not_Target,Not_Target,Not_Target
ebra16674.t1,Not_Target,Not_Target,Not_Target
ebra16675.t1,Not_Target,Not_Target,Not_Target
ebra16676.t1,Not_Target,Not_Target,Not_Target
ebra16677.t1,Not_Target,Not_Target,Not_Target
ebra16678.t1,Myosin_5,Not_Target,Myosin_2
ebra16679.t1,Not_Target,Not_Target,Not_Target
ebra16680.t1,Not_Target,Not_Target,Myosin_4
ebra16681.t1,Myosin_45,Not_Target,Not_Target
ebra16682.t1,Not_Target,Not_Target,Not_Target
ebra16683.t1,Not_Target,Not_Target,Not_Target
ebra20869.t1,Not_Target,Not_Target,Not_Target
ebra20870.t1,Not_Target,Not_Target,Not_Target
ebra20871.t1,Not_Target,Not_Target,Not_Target
ebra20872.t1,Not_Target,Myosin_1,Myosin_2
ebra20873.t1,Myosin_23,Not_Target,Myosin_18
ebra20874.t1,Not_Target,Not_Target,Not_Target
ebra20875.t1,Not_Target,Not_Target,Not_Target
ebra20876.t1,Not_Target,Not_Target,Myosin_20
ebra20877.t1,Myosin_18,Not_Target,Not_Target
ebra20878.t1,Not_Target,Not_Target,Not_Target
ebra20879.t1,Not_Target,Not_Target,Not_Target
ebra20880.t1,Not_Target,Not_Target,Not_Target
ebra20881.t1,Myosin_3,Myosin_3,Myosin_3
ebra20882.t1,Myosin_45,Not_Target,Myosin_55
ebra20883.t1,Myosin_24,Myosin_6,Myosin_8
ebra20884.t1,Myosin_24,Myosin_28,Myosin_8
ebra20463.t1,Not_Target,Not_Target,Not_Target
ebra20464.t1,Not_Target,Not_Target,Not_Target
ebra20466.t1,Not_Target,Not_Target,Not_Target
ebra20467.t1,Not_Target,Myosin_18,Not_Target
ebra20468.t1,Not_Target,Not_Target,Not_Target
ebra20469.t1,Not_Target,Not_Target,Not_Target
ebra20470.t1,Not_Target,Not_Target,Not_Target
ebra20471.t1,Not_Target,Not_Target,Not_Target
ebra20472.t1,Not_Target,Not_Target,Not_Target
ebra20473.t1,Myosin_17,Not_Target,Not_Target
ebra20474.t1,Myosin_50,Not_Target,Not_Target
ebra20475.t1,Not_Target,Not_Target,Not_Target
ebra20476.t1,Myosin_5,Myosin_5,Not_Target
ebra20477.t1,Not_Target,Not_Target,Not_Target
ebra8322.t1,Not_Target,Myosin_6,Not_Target
ebra8323.t1,Myosin_15,Myosin_57,Not_Target
ebra8324.t1,Myosin_37,Myosin_37,Myosin_37
ebra8325.t1,Myosin_22,Not_Target,Myosin_22
ebra8326.t1,Not_Target,Myosin_1,Not_Target
ebra8327.t1,Myosin_4,Myosin_15,Myosin_25
ebra8328.t1,Not_Target,Not_Target,Not_Target
ebra8329.t1,Not_Target,Not_Target,Not_Target
ebra8330.t1,Not_Target,Not_Target,Not_Target
ebra8331.t1,Not_Target,Not_Target,Not_Target
ebra8332.t1,Not_Target,Not_Target,Not_Target
ebra8333.t1,Not_Target,Not_Target,Not_Target
ebra18863.t1,Not_Target,Not_Target,Not_Target
ebra18864.t1,Not_Target,Not_Target,Not_Target
ebra18865.t1,Not_Target,Not_Target,Not_Target
ebra18866.t1,Myosin_45,Not_Target,Not_Target
ebra18867.t1,Myosin_45,Not_Target,Myosin_18
ebra18868.t1,Myosin_71,Not_Target,Myosin_40
ebra18869.t1,Not_Target,Not_Target,Not_Target
ebra18870.t1,Myosin_45,Not_Target,Myosin_3
ebra18871.t1,Myosin_45,Not_Target,Myosin_3
ebra18872.t1,Not_Target,Not_Target,Not_Target
ebra16517.t1,Not_Target,Not_Target,Myosin_1
ebra16518.t1,Not_Target,Myosin_17,Myosin_20
ebra16519.t1,Myosin_36,Myosin_24,Not_Target
ebra16520.t1,Not_Target,Not_Target,Not_Target
ebra16521.t1,Myosin_45,Not_Target,Not_Target
ebra16522.t1,Not_Target,Myosin_16,Not_Target
ebra16523.t1,Not_Target,Not_Target,Not_Target
ebra16524.t1,Myosin_25,Not_Target,Myosin_30
ebra16525.t1,Not_Target,Not_Target,Not_Target
ebra16526.t1,Not_Target,Not_Target,Not_Target
ebra16527.t1,Not_Target,Not_Target,Not_Target
ebra16528.t1,Not_Target,Not_Target,Not_Target
ebra16529.t1,Not_Target,Not_Target,Not_Target
ebra16530.t1,Myosin_20,Myosin_18,Myosin_16
ebra16531.t1,Not_Target,Not_Target,Not_Target
ebra1149.t1,Not_Target,Myosin_51,Not_Target
ebra1150.t1,Not_Target,Not_Target,Not_Target
ebra1151.t1,Not_Target,Myosin_2,Not_Target
ebra1152.t1,Not_Target,Not_Target,Not_Target
ebra1153.t1,Not_Target,Not_Target,Not_Target
ebra1154.t1,Not_Target,Not_Target,Not_Target
ebra1155.t1,Not_Target,Not_Target,Not_Target
ebra1156.t1,Not_Target,Myosin_17,Not_Target
ebra1157.t1,Not_Target,Not_Target,Not_Target
ebra1158.t1,Not_Target,Not_Target,Not_Target
ebra1159.t1,Not_Target,Not_Target,Not_Target
ebra1160.t1,Myosin_45,Myosin_8,Not_Target
ebra1161.t1,Not_Target,Not_Target,Not_Target
ebra1162.t1,Not_Target,Not_Target,Not_Target
ebra4419.t1,Myosin_45,Myosin_45,Myosin_10
ebra4420.t1,Not_Target,Not_Target,Not_Target
ebra4421.t1,Not_Target,Not_Target,Myosin_5
ebra4422.t1,Myosin_45,Myosin_28,Myosin_71
ebra4423.t1,Not_Target,Not_Target,Not_Target
ebra4424.t1,Not_Target,Not_Target,Not_Target
ebra4425.t1,Not_Target,Not_Target,Not_Target
ebra4426.t1,Myosin_2,Myosin_2,Myosin_2
ebra4427.t1,Not_Target,Myosin_5,Not_Target
ebra4428.t1,Not_Target,Not_Target,Not_Target
ebra4429.t1,Myosin_15,Not_Target,Myosin_3
ebra4458.t1,Myosin_25,Not_Target,Myosin_57
ebra4459.t1,Myosin_37,Myosin_57,Not_Target
ebra4460.t1,Not_Target,Not_Target,Not_Target
ebra4461.t1,Not_Target,Not_Target,Not_Target
ebra4462.t1,Not_Target,Not_Target,Not_Target
ebra4463.t1,Not_Target,Not_Target,Myosin_51
ebra4464.t1,Not_Target,Not_Target,Not_Target
ebra4465.t1,Not_Target,Not_Target,Not_Target
ebra4466.t1,Not_Target,Not_Target,Not_Target
ebra4467.t1,Not_Target,Not_Target,Not_Target
ebra4468.t1,Not_Target,Not_Target,Not_Target
ebra4469.t1,Not_Target,Not_Target,Myosin_8
ebra4470.t1,Myosin_45,Not_Target,Not_Target
ebra4471.t1,Not_Target,Not_Target,Not_Target
ebra4472.t1,Myosin_15,Not_Target,Not_Target
ebra4473.t1,Not_Target,Not_Target,Myosin_1
ebra1313.t1,Not_Target,Myosin_5,Not_Target
ebra1314.t1,Myosin_15,Myosin_7,Myosin_15
ebra1315.t1,Not_Target,Not_Target,Not_Target
ebra1316.t1,Not_Target,Myosin_5,Not_Target
ebra1317.t1,Not_Target,Not_Target,Not_Target
ebra1318.t1,Not_Target,Not_Target,Not_Target
ebra1319.t1,Not_Target,Myosin_19,Not_Target
ebra1320.t1,Myosin_74,Not_Target,Not_Target
ebra1321.t1,Myosin_57,Myosin_5,Myosin_5
ebra1322.t1,Myosin_23,Myosin_9,Myosin_9
ebra1323.t1,Not_Target,Not_Target,Not_Target
ebra1324.t1,Not_Target,Not_Target,Not_Target
ebra1325.t1,Not_Target,Not_Target,Not_Target
ebra1326.t1,Not_Target,Not_Target,Not_Target
ebra1327.t1,Not_Target,Not_Target,Not_Target
ebra1328.t1,Not_Target,Not_Target,Not_Target
ebra1329.t1,Not_Target,Myosin_19,Not_Target
ebra1330.t1,Not_Target,Not_Target,Not_Target
ebra196.t1,Not_Target,Not_Target,Not_Target
ebra197.t1,Not_Target,Myosin_19,Not_Target
ebra198.t1,Not_Target,Not_Target,Not_Target
ebra199.t1,Not_Target,Not_Target,Not_Target
ebra200.t1,Not_Target,Not_Target,Not_Target
ebra201.t1,Myosin_1,Myosin_3,Not_Target
ebra202.t1,Not_Target,Not_Target,Not_Target
ebra203.t1,Not_Target,Not_Target,Not_Target
ebra204.t1,Not_Target,Myosin_18,Not_Target
ebra205.t1,Not_Target,Not_Target,Not_Target
ebra206.t1,Not_Target,Not_Target,Not_Target
ebra207.t1,Not_Target,Myosin_57,Not_Target
ebra15645.t1,Not_Target,Not_Target,Not_Target
ebra15646.t1,Not_Target,Not_Target,Not_Target
ebra15647.t1,Not_Target,Myosin_1,Not_Target
ebra15648.t1,Not_Target,Not_Target,Not_Target
ebra15649.t1,Not_Target,Not_Target,Not_Target
ebra15650.t1,Myosin_45,Not_Target,Not_Target
ebra15651.t1,Not_Target,Not_Target,Myosin_3
ebra15652.t1,Not_Target,Not_Target,Not_Target
ebra15653.t1,Not_Target,Not_Target,Not_Target
ebra15654.t1,Myosin_15,Myosin_81,Myosin_17
ebra15655.t1,Not_Target,Myosin_2,Not_Target
ebra15656.t1,Not_Target,Not_Target,Not_Target
ebra15657.t1,Not_Target,Not_Target,Myosin_3
ebra15658.t1,Myosin_19,Not_Target,Not_Target
ebra15659.t1,Not_Target,Not_Target,Not_Target
ebra15660.t1,Not_Target,Not_Target,Not_Target
ebra14550.t1,Not_Target,Not_Target,Not_Target
ebra14551.t1,Myosin_37,Not_Target,Not_Target
ebra14552.t1,Not_Target,Not_Target,Not_Target
ebra14553.t1,Myosin_14,Myosin_14,Myosin_19
ebra14554.t1,Not_Target,Myosin_1,Not_Target
ebra14555.t1,Not_Target,Not_Target,Not_Target
ebra14556.t1,Myosin_18,Myosin_18,Myosin_3
ebra14557.t1,Not_Target,Not_Target,Not_Target
ebra14558.t1,Not_Target,Not_Target,Not_Target
ebra14559.t1,Not_Target,Not_Target,Not_Target
ebra14560.t1,Myosin_17,Not_Target,Myosin_43
ebra14561.t1,Not_Target,Not_Target,Not_Target
ebra14725.t1,Not_Target,Not_Target,Not_Target
ebra14726.t1,Not_Target,Not_Target,Not_Target
ebra14727.t1,Not_Target,Not_Target,Not_Target
ebra14728.t1,Myosin_17,Myosin_17,Not_Target
ebra14729.t1,Not_Target,Not_Target,Myosin_37
ebra14730.t1,Not_Target,Not_Target,Not_Target
ebra14731.t1,Not_Target,Myosin_6,Not_Target
ebra14732.t1,Myosin_18,Not_Target,Myosin_18
ebra11701.t1,Myosin_57,Myosin_57,Myosin_57
ebra11702.t1,Not_Target,Myosin_57,Not_Target
ebra11703.t1,Not_Target,Myosin_1,Not_Target
ebra11704.t1,Not_Target,Not_Target,Not_Target
ebra11705.t1,Not_Target,Not_Target,Not_Target
ebra11706.t1,Not_Target,Not_Target,Not_Target
ebra11707.t1,Myosin_15,Myosin_15,Myosin_15
ebra11708.t1,Not_Target,Not_Target,Not_Target
ebra11709.t1,Not_Target,Not_Target,Not_Target
ebra11710.t1,Myosin_1,Not_Target,Myosin_1
ebra11711.t1,Not_Target,Not_Target,Myosin_3
ebra11712.t1,Myosin_15,Not_Target,Myosin_15
ebra11713.t1,Not_Target,Not_Target,Not_Target
ebra11714.t1,Not_Target,Not_Target,Not_Target
ebra11715.t1,Not_Target,Not_Target,Not_Target
ebra11716.t1,Not_Target,Not_Target,Not_Target
ebra11717.t1,Not_Target,Not_Target,Not_Target
ebra12810.t1,Not_Target,Not_Target,Not_Target
ebra12811.t1,Not_Target,Not_Target,Not_Target
ebra12812.t1,Not_Target,Not_Target,Not_Target
ebra12813.t1,Not_Target,Not_Target,Not_Target
ebra12814.t1,Not_Target,Not_Target,Not_Target
ebra12815.t1,Not_Target,Myosin_1,Not_Target
ebra12816.t1,Not_Target,Not_Target,Not_Target
ebra12817.t1,Not_Target,Not_Target,Not_Target
ebra12818.t1,Not_Target,Not_Target,Not_Target
ebra12819.t1,Not_Target,Not_Target,Not_Target
ebra12820.t1,Not_Target,Myosin_11,Myosin_2
ebra12821.t1,Myosin_23,Myosin_23,Myosin_24
ebra12822.t1,Myosin_45,Not_Target,Not_Target
ebra12823.t1,Myosin_15,Myosin_45,Myosin_9
ebra1102.t1,Not_Target,Not_Target,Not_Target
ebra1103.t1,Myosin_15,Not_Target,Myosin_74
ebra1104.t1,Myosin_26,Myosin_1,Not_Target
ebra1105.t1,Not_Target,Not_Target,Not_Target
ebra1106.t1,Not_Target,Not_Target,Not_Target
ebra1107.t1,Myosin_15,Not_Target,Myosin_5
ebra1108.t1,Myosin_15,Myosin_71,Myosin_5
ebra1109.t1,Not_Target,Not_Target,Not_Target
ebra1110.t1,Not_Target,Myosin_16,Not_Target
ebra1111.t1,Myosin_3,Myosin_16,Myosin_1
ebra1112.t1,Not_Target,Myosin_6,Not_Target
ebra1113.t1,Not_Target,Not_Target,Not_Target
ebra1114.t1,Not_Target,Not_Target,Not_Target
ebra1115.t1,Not_Target,Not_Target,Not_Target
ebra1116.t1,Not_Target,Not_Target,Not_Target
ebra1117.t1,Not_Target,Not_Target,Not_Target
ebra1118.t1,Not_Target,Not_Target,Not_Target
ebra1119.t1,Myosin_5,Myosin_5,Myosin_5
ebra1120.t1,Not_Target,Not_Target,Not_Target
ebra16101.t1,Myosin_19,Myosin_19,Not_Target
ebra16102.t1,Not_Target,Not_Target,Not_Target
ebra16103.t1,Myosin_2,Not_Target,Not_Target
ebra16104.t1,Not_Target,Not_Target,Not_Target
ebra16105.t1,Not_Target,Not_Target,Not_Target
ebra16106.t1,Not_Target,Not_Target,Myosin_11
ebra16107.t1,Not_Target,Not_Target,Not_Target
ebra16108.t1,Not_Target,Not_Target,Not_Target
ebra16109.t1,Not_Target,Not_Target,Not_Target
ebra16110.t1,Not_Target,Myosin_5,Not_Target
ebra16111.t1,Not_Target,Not_Target,Not_Target
ebra16112.t1,Not_Target,Myosin_66,Not_Target
ebra16113.t1,Not_Target,Not_Target,Not_Target
ebra16114.t1,Not_Target,Not_Target,Not_Target
ebra16115.t1,Myosin_37,Myosin_66,Not_Target
ebra16116.t1,Not_Target,Not_Target,Not_Target
ebra16117.t1,Not_Target,Not_Target,Not_Target
ebra16118.t1,Myosin_71,Myosin_19,Myosin_67
ebra4379.t1,Not_Target,Not_Target,Not_Target
ebra4380.t1,Myosin_57,Myosin_54,Not_Target
ebra4381.t1,Not_Target,Not_Target,Not_Target
ebra4382.t1,Not_Target,Not_Target,Not_Target
ebra4383.t1,Myosin_19,Not_Target,Myosin_31
ebra4384.t1,Not_Target,Myosin_17,Not_Target
ebra4385.t1,Not_Target,Not_Target,Not_Target
ebra4386.t1,Not_Target,Myosin_17,Not_Target
ebra4387.t1,Myosin_22,Myosin_5,Myosin_5
ebra4388.t1,Not_Target,Not_Target,Myosin_20
ebra4389.t1,Not_Target,Not_Target,Not_Target
ebra4390.t1,Myosin_17,Myosin_17,Myosin_17
ebra4391.t1,Myosin_17,Myosin_17,Myosin_17
ebra4392.t1,Not_Target,Not_Target,Not_Target
ebra17095.t1,Not_Target,Not_Target,Myosin_2
ebra17096.t1,Not_Target,Myosin_19,Not_Target
ebra17097.t1,Not_Target,Not_Target,Not_Target
ebra17098.t1,Not_Target,Not_Target,Not_Target
ebra17099.t1,Not_Target,Not_Target,Not_Target
ebra17100.t1,Myosin_36,Myosin_36,Myosin_15
ebra17101.t1,Not_Target,Not_Target,Not_Target
ebra17102.t1,Not_Target,Not_Target,Not_Target
ebra17103.t1,Myosin_17,Myosin_17,Myosin_17
ebra17104.t1,Not_Target,Not_Target,Myosin_57
ebra17105.t1,Not_Target,Not_Target,Not_Target
ebra17106.t1,Not_Target,Not_Target,Not_Target
ebra17107.t1,Not_Target,Not_Target,Not_Target
ebra16588.t1,Myosin_26,Myosin_26,Myosin_31
ebra16589.t1,Myosin_26,Myosin_26,Myosin_26
ebra16590.t1,Not_Target,Not_Target,Not_Target
ebra16591.t1,Myosin_18,Not_Target,Myosin_81
ebra16592.t1,Not_Target,Not_Target,Not_Target
ebra16593.t1,Myosin_1,Myosin_19,Myosin_1
ebra16594.t1,Myosin_45,Myosin_5,Not_Target
ebra16595.t1,Myosin_18,Myosin_18,Myosin_4
ebra16596.t1,Not_Target,Not_Target,Not_Target
ebra16597.t1,Not_Target,Myosin_22,Not_Target
ebra16598.t1,Not_Target,Not_Target,Not_Target
ebra16599.t1,Not_Target,Not_Target,Not_Target
ebra16600.t1,Not_Target,Not_Target,Not_Target
ebra16601.t1,Not_Target,Not_Target,Not_Target
ebra16602.t1,Not_Target,Not_Target,Not_Target
ebra16603.t1,Not_Target,Not_Target,Not_Target
ebra16604.t1,Not_Target,Myosin_22,Not_Target
ebra10276.t1,Not_Target,Myosin_1,Not_Target
ebra10277.t1,Not_Target,Not_Target,Not_Target
ebra10278.t1,Myosin_5,Myosin_80,Not_Target
ebra10279.t1,Not_Target,Not_Target,Not_Target
ebra10280.t1,Not_Target,Myosin_51,Not_Target
ebra10281.t1,Not_Target,Not_Target,Myosin_1
ebra10282.t1,Not_Target,Not_Target,Not_Target
ebra10283.t1,Not_Target,Myosin_19,Not_Target
ebra10284.t1,Not_Target,Not_Target,Not_Target
ebra10285.t1,Not_Target,Myosin_2,Not_Target
ebra10286.t1,Not_Target,Not_Target,Not_Target
ebra10287.t1,Not_Target,Not_Target,Not_Target
ebra10288.t1,Myosin_19,Not_Target,Myosin_51
ebra10289.t1,Not_Target,Not_Target,Not_Target
ebra10290.t1,Not_Target,Not_Target,Not_Target
ebra10291.t1,Not_Target,Not_Target,Not_Target
ebra10292.t1,Not_Target,Not_Target,Not_Target
ebra10293.t1,Not_Target,Not_Target,Myosin_1
ebra10294.t1,Not_Target,Not_Target,Myosin_11
ebra8923.t1,Not_Target,Myosin_19,Not_Target
ebra8924.t1,Not_Target,Myosin_4,Not_Target
ebra8925.t1,Myosin_17,Myosin_17,Myosin_3
ebra8926.t1,Not_Target,Not_Target,Not_Target
ebra8927.t1,Not_Target,Not_Target,Myosin_20
ebra8928.t1,Not_Target,Myosin_4,Not_Target
ebra8929.t1,Not_Target,Myosin_19,Not_Target
ebra8930.t1,Not_Target,Myosin_57,Not_Target
ebra8931.t1,Myosin_26,Not_Target,Not_Target
ebra8932.t1,Not_Target,Not_Target,Myosin_7
ebra8933.t1,Not_Target,Myosin_5,Not_Target
ebra8934.t1,Not_Target,Not_Target,Not_Target
ebra8935.t1,Not_Target,Not_Target,Not_Target
ebra8936.t1,Myosin_22,Not_Target,Myosin_7
ebra8937.t1,Not_Target,Not_Target,Myosin_14
ebra8938.t1,Not_Target,Not_Target,Not_Target
ebra8939.t1,Myosin_18,Not_Target,Not_Target
ebra7207.t1,Not_Target,Not_Target,Not_Target
ebra7208.t1,Myosin_20,Myosin_45,Not_Target
ebra7209.t1,Not_Target,Myosin_57,Not_Target
ebra7210.t1,Myosin_7,Myosin_7,Not_Target
ebra7211.t1,Not_Target,Not_Target,Not_Target
ebra7212.t1,Not_Target,Not_Target,Not_Target
ebra7213.t1,Myosin_18,Not_Target,Not_Target
ebra7214.t1,Not_Target,Not_Target,Myosin_6
ebra7215.t1,Not_Target,Not_Target,Not_Target
ebra7216.t1,Not_Target,Not_Target,Not_Target
ebra7217.t1,Not_Target,Not_Target,Not_Target
ebra7218.t1,Not_Target,Not_Target,Not_Target
ebra7219.t1,Not_Target,Not_Target,Not_Target
ebra7220.t1,Not_Target,Not_Target,Not_Target
ebra7221.t1,Not_Target,Not_Target,Myosin_6
ebra2911.t1,Not_Target,Not_Target,Not_Target
ebra2912.t1,Not_Target,Myosin_55,Not_Target
ebra2913.t1,Myosin_5,Myosin_5,Not_Target
ebra2914.t1,Not_Target,Not_Target,Myosin_2
ebra2915.t1,Myosin_45,Myosin_51,Not_Target
ebra2916.t1,Not_Target,Not_Target,Not_Target
ebra2917.t1,Myosin_45,Not_Target,Not_Target
ebra2918.t1,Not_Target,Not_Target,Not_Target
ebra2919.t1,Not_Target,Not_Target,Not_Target
ebra2920.t1,Not_Target,Not_Target,Not_Target
ebra2921.t1,Not_Target,Not_Target,Not_Target
ebra2922.t1,Not_Target,Not_Target,Not_Target
ebra2923.t1,Not_Target,Not_Target,Not_Target
ebra2924.t1,Not_Target,Not_Target,Not_Target
ebra2925.t1,Myosin_30,Myosin_57,Not_Target
ebra2926.t1,Not_Target,Not_Target,Not_Target
ebra2927.t1,Not_Target,Not_Target,Not_Target
ebra2928.t1,Not_Target,Not_Target,Not_Target
ebra2929.t1,Not_Target,Not_Target,Not_Target
ebra2930.t1,Not_Target,Not_Target,Not_Target
ebra2931.t1,Not_Target,Myosin_2,Not_Target
ebra11874.t1,Not_Target,Not_Target,Not_Target
ebra11875.t1,Not_Target,Not_Target,Not_Target
ebra11876.t1,Not_Target,Not_Target,Myosin_57
ebra11877.t1,Not_Target,Myosin_19,Myosin_2
ebra11878.t1,Not_Target,Not_Target,Not_Target
ebra11879.t1,Not_Target,Not_Target,Not_Target
ebra11880.t1,Not_Target,Not_Target,Not_Target
ebra11881.t1,Not_Target,Myosin_16,Myosin_81
ebra11882.t1,Not_Target,Not_Target,Not_Target
ebra11883.t1,Not_Target,Not_Target,Not_Target
ebra11884.t1,Not_Target,Not_Target,Not_Target
ebra11885.t1,Not_Target,Myosin_19,Not_Target
ebra11886.t1,Not_Target,Not_Target,Myosin_3
ebra11887.t1,Not_Target,Not_Target,Myosin_1
ebra10306.t1,Myosin_57,Myosin_28,Not_Target
ebra10307.t1,Not_Target,Myosin_5,Not_Target
ebra10308.t1,Not_Target,Not_Target,Not_Target
ebra10309.t1,Not_Target,Not_Target,Not_Target
ebra10310.t1,Not_Target,Not_Target,Myosin_1
ebra10311.t1,Not_Target,Not_Target,Not_Target
ebra10312.t1,Not_Target,Not_Target,Not_Target
ebra10313.t1,Not_Target,Not_Target,Myosin_20
ebra10314.t1,Not_Target,Not_Target,Not_Target
ebra10315.t1,Not_Target,Not_Target,Not_Target
ebra10316.t1,Not_Target,Not_Target,Not_Target
ebra10317.t1,Not_Target,Not_Target,Not_Target
ebra10318.t1,Not_Target,Not_Target,Not_Target
ebra10319.t1,Not_Target,Not_Target,Not_Target
ebra10320.t1,Not_Target,Not_Target,Not_Target
ebra10321.t1,Not_Target,Not_Target,Not_Target
ebra10322.t1,Not_Target,Not_Target,Myosin_13
ebra10323.t1,Not_Target,Not_Target,Not_Target
ebra10324.t1,Myosin_2,Not_Target,Not_Target
ebra10325.t1,Not_Target,Myosin_22,Not_Target
ebra12872.t1,Not_Target,Not_Target,Not_Target
ebra12873.t1,Not_Target,Not_Target,Not_Target
ebra12874.t1,Myosin_4,Myosin_4,Myosin_1
ebra12875.t1,Myosin_24,Not_Target,Not_Target
ebra12876.t1,Not_Target,Myosin_26,Not_Target
ebra12877.t1,Not_Target,Myosin_18,Not_Target
ebra12878.t1,Not_Target,Not_Target,Not_Target
ebra12879.t1,Not_Target,Myosin_5,Not_Target
ebra12880.t1,Not_Target,Not_Target,Not_Target
ebra12881.t1,Myosin_27,Myosin_27,Myosin_53
ebra12882.t1,Myosin_2,Myosin_57,Not_Target
ebra12883.t1,Not_Target,Myosin_6,Myosin_1
ebra12884.t1,Not_Target,Not_Target,Not_Target
ebra12885.t1,Not_Target,Not_Target,Not_Target
ebra12886.t1,Not_Target,Myosin_22,Not_Target
ebra12887.t1,Not_Target,Not_Target,Not_Target
ebra12888.t1,Not_Target,Not_Target,Not_Target
ebra12889.t1,Not_Target,Not_Target,Not_Target
ebra12890.t1,Not_Target,Not_Target,Not_Target
ebra12891.t1,Not_Target,Not_Target,Not_Target
ebra12892.t1,Myosin_2,Myosin_57,Not_Target
ebra12893.t1,Not_Target,Myosin_37,Not_Target
ebra10569.t1,Not_Target,Not_Target,Myosin_4
ebra10570.t1,Myosin_7,Myosin_7,Myosin_7
ebra10571.t1,Not_Target,Myosin_1,Not_Target
ebra10572.t1,Not_Target,Not_Target,Not_Target
ebra10573.t1,Not_Target,Not_Target,Not_Target
ebra10574.t1,Not_Target,Not_Target,Not_Target
ebra10575.t1,Myosin_17,Myosin_17,Myosin_3
ebra10576.t1,Myosin_36,Myosin_36,Myosin_36
ebra10577.t1,Myosin_15,Not_Target,Myosin_60
ebra10578.t1,Myosin_24,Not_Target,Myosin_16
ebra10579.t1,Myosin_1,Not_Target,Myosin_5
ebra10580.t1,Not_Target,Not_Target,Myosin_5
ebra10581.t1,Myosin_45,Not_Target,Not_Target
ebra4009.t1,Not_Target,Not_Target,Not_Target
ebra4010.t1,Myosin_64,Not_Target,Myosin_5
ebra4011.t1,Not_Target,Not_Target,Not_Target
ebra4012.t1,Myosin_45,Not_Target,Not_Target
ebra4013.t1,Not_Target,Not_Target,Not_Target
ebra4014.t1,Myosin_71,Not_Target,Myosin_17
ebra4015.t1,Not_Target,Not_Target,Myosin_14
ebra4016.t1,Myosin_24,Myosin_57,Myosin_36
ebra4017.t1,Not_Target,Not_Target,Not_Target
ebra4018.t1,Myosin_45,Not_Target,Not_Target
ebra4019.t1,Myosin_24,Not_Target,Myosin_15
ebra4020.t1,Not_Target,Not_Target,Not_Target
ebra4021.t1,Not_Target,Not_Target,Not_Target
ebra4022.t1,Not_Target,Myosin_2,Not_Target
ebra4023.t1,Not_Target,Not_Target,Not_Target
ebra4024.t1,Myosin_37,Myosin_37,Not_Target
ebra4025.t1,Not_Target,Not_Target,Not_Target
ebra4026.t1,Not_Target,Not_Target,Not_Target
ebra4027.t1,Myosin_31,Not_Target,Myosin_31
ebra8192.t1,Not_Target,Not_Target,Myosin_23
ebra8193.t1,Not_Target,Not_Target,Myosin_16
ebra8194.t1,Not_Target,Not_Target,Not_Target
ebra8195.t1,Myosin_26,Not_Target,Myosin_18
ebra8196.t1,Myosin_45,Not_Target,Myosin_30
ebra8197.t1,Not_Target,Not_Target,Myosin_23
ebra8198.t1,Myosin_30,Myosin_54,Myosin_30
ebra8199.t1,Not_Target,Not_Target,Not_Target
ebra8200.t1,Not_Target,Myosin_19,Myosin_2
ebra8201.t1,Myosin_1,Myosin_1,Myosin_45
ebra8202.t1,Myosin_36,Not_Target,Myosin_36
ebra8203.t1,Not_Target,Not_Target,Not_Target
ebra7919.t1,Not_Target,Not_Target,Myosin_36
ebra7920.t1,Myosin_45,Myosin_45,Myosin_45
ebra7921.t1,Not_Target,Not_Target,Not_Target
ebra7922.t1,Myosin_24,Myosin_5,Not_Target
ebra7923.t1,Not_Target,Myosin_6,Not_Target
ebra7924.t1,Not_Target,Not_Target,Not_Target
ebra7925.t1,Not_Target,Not_Target,Not_Target
ebra7926.t1,Not_Target,Not_Target,Myosin_74
ebra7927.t1,Not_Target,Not_Target,Myosin_24
ebra17921.t1,Not_Target,Not_Target,Not_Target
ebra17922.t1,Myosin_5,Not_Target,Myosin_4
ebra17923.t1,Not_Target,Not_Target,Not_Target
ebra17924.t1,Not_Target,Myosin_2,Not_Target
ebra17925.t1,Not_Target,Not_Target,Myosin_1
ebra17926.t1,Not_Target,Not_Target,Not_Target
ebra17927.t1,Not_Target,Not_Target,Not_Target
ebra17928.t1,Not_Target,Not_Target,Not_Target
ebra17929.t1,Not_Target,Not_Target,Myosin_30
ebra17930.t1,Not_Target,Not_Target,Not_Target
ebra17931.t1,Myosin_71,Not_Target,Not_Target
ebra17932.t1,Not_Target,Not_Target,Myosin_24
ebra17933.t1,Myosin_25,Not_Target,Myosin_5
ebra17934.t1,Not_Target,Myosin_1,Not_Target
ebra17935.t1,Not_Target,Not_Target,Not_Target
ebra17936.t1,Myosin_1,Not_Target,Not_Target
ebra17937.t1,Not_Target,Not_Target,Not_Target
ebra17938.t1,Myosin_57,Not_Target,Myosin_40
ebra11261.t1,Not_Target,Not_Target,Myosin_57
ebra11262.t1,Not_Target,Not_Target,Not_Target
ebra11263.t1,Not_Target,Not_Target,Not_Target
ebra11264.t1,Not_Target,Not_Target,Not_Target
ebra11265.t1,Not_Target,Not_Target,Not_Target
ebra11266.t1,Not_Target,Not_Target,Not_Target
ebra11267.t1,Not_Target,Not_Target,Not_Target
ebra11268.t1,Myosin_17,Myosin_28,Not_Target
ebra11269.t1,Myosin_36,Not_Target,Myosin_36
ebra11270.t1,Not_Target,Myosin_5,Not_Target
ebra11271.t1,Myosin_4,Not_Target,Not_Target
ebra11272.t1,Myosin_26,Myosin_8,Not_Target
ebra11273.t1,Myosin_60,Myosin_38,Myosin_8
ebra11274.t1,Not_Target,Not_Target,Not_Target
ebra11275.t1,Not_Target,Not_Target,Not_Target
ebra11276.t1,Not_Target,Myosin_57,Not_Target
ebra11277.t1,Myosin_27,Myosin_55,Not_Target
ebra11278.t1,Not_Target,Not_Target,Not_Target
ebra11279.t1,Not_Target,Not_Target,Not_Target
ebra11280.t1,Not_Target,Not_Target,Not_Target
ebra11281.t1,Myosin_2,Not_Target,Myosin_7
ebra16432.t1,Not_Target,Not_Target,Myosin_15
ebra16433.t1,Not_Target,Not_Target,Myosin_1
ebra16434.t1,Not_Target,Myosin_1,Myosin_1
ebra16435.t1,Not_Target,Not_Target,Not_Target
ebra16436.t1,Myosin_18,Myosin_1,Myosin_1
ebra16437.t1,Myosin_30,Not_Target,Myosin_20
ebra16438.t1,Not_Target,Not_Target,Myosin_1
ebra16439.t1,Not_Target,Not_Target,Not_Target
ebra16440.t1,Not_Target,Not_Target,Not_Target
ebra16441.t1,Not_Target,Not_Target,Not_Target
ebra16442.t1,Not_Target,Not_Target,Not_Target
ebra16443.t1,Myosin_1,Myosin_1,Myosin_1
ebra16444.t1,Not_Target,Not_Target,Not_Target
ebra16445.t1,Myosin_57,Myosin_6,Myosin_37
ebra16446.t1,Not_Target,Not_Target,Not_Target
ebra16447.t1,Not_Target,Not_Target,Not_Target
ebra14536.t1,Not_Target,Not_Target,Not_Target
ebra14537.t1,Myosin_45,Myosin_26,Not_Target
ebra14538.t1,Not_Target,Not_Target,Not_Target
ebra14539.t1,Myosin_6,Myosin_1,Myosin_14
ebra14540.t1,Myosin_45,Myosin_24,Myosin_5
ebra14541.t1,Myosin_71,Myosin_76,Myosin_55
ebra14542.t1,Not_Target,Not_Target,Not_Target
ebra14543.t1,Myosin_45,Myosin_26,Myosin_8
ebra14544.t1,Myosin_15,Myosin_20,Not_Target
ebra14545.t1,Not_Target,Not_Target,Not_Target
ebra14546.t1,Myosin_27,Not_Target,Not_Target
ebra14547.t1,Not_Target,Not_Target,Not_Target
ebra14548.t1,Myosin_24,Not_Target,Myosin_81
ebra14549.t1,Myosin_18,Myosin_57,Myosin_5
ebra13185.t1,Not_Target,Not_Target,Not_Target
ebra13186.t1,Not_Target,Not_Target,Not_Target
ebra13187.t1,Not_Target,Not_Target,Not_Target
ebra13188.t1,Not_Target,Not_Target,Not_Target
ebra13189.t1,Not_Target,Not_Target,Myosin_4
ebra13190.t1,Not_Target,Not_Target,Not_Target
ebra13191.t1,Not_Target,Not_Target,Not_Target
ebra13192.t1,Myosin_26,Myosin_26,Not_Target
ebra13193.t1,Not_Target,Not_Target,Not_Target
ebra13194.t1,Not_Target,Not_Target,Not_Target
ebra13195.t1,Not_Target,Not_Target,Not_Target
ebra13196.t1,Not_Target,Not_Target,Myosin_20
ebra13197.t1,Not_Target,Not_Target,Not_Target
ebra13198.t1,Not_Target,Not_Target,Not_Target
ebra21205.t1,Myosin_57,Myosin_57,Not_Target
ebra21206.t1,Not_Target,Not_Target,Not_Target
ebra21207.t1,Myosin_26,Myosin_57,Not_Target
ebra21208.t1,Not_Target,Not_Target,Myosin_19
ebra21209.t1,Myosin_5,Myosin_74,Myosin_36
ebra21210.t1,Myosin_57,Not_Target,Myosin_81
ebra21211.t1,Myosin_31,Not_Target,Not_Target
ebra21212.t1,Not_Target,Myosin_1,Not_Target
ebra21213.t1,Not_Target,Not_Target,Not_Target
ebra21214.t1,Not_Target,Myosin_16,Not_Target
ebra15090.t1,Not_Target,Myosin_19,Not_Target
ebra15091.t1,Not_Target,Not_Target,Not_Target
ebra15092.t1,Myosin_24,Myosin_22,Myosin_66
ebra15093.t1,Not_Target,Myosin_57,Not_Target
ebra15094.t1,Not_Target,Not_Target,Not_Target
ebra15095.t1,Myosin_15,Not_Target,Not_Target
ebra15096.t1,Not_Target,Not_Target,Myosin_5
ebra15097.t1,Not_Target,Not_Target,Not_Target
ebra15098.t1,Not_Target,Not_Target,Myosin_19
ebra15099.t1,Not_Target,Not_Target,Not_Target
ebra15100.t1,Not_Target,Not_Target,Not_Target
ebra15101.t1,Not_Target,Not_Target,Not_Target
ebra15102.t1,Not_Target,Not_Target,Not_Target
ebra15103.t1,Not_Target,Not_Target,Not_Target
ebra15104.t1,Not_Target,Not_Target,Not_Target
ebra15105.t1,Not_Target,Not_Target,Not_Target
ebra15106.t1,Not_Target,Not_Target,Not_Target
ebra15107.t1,Not_Target,Not_Target,Not_Target
ebra15108.t1,Not_Target,Not_Target,Not_Target
ebra15109.t1,Not_Target,Not_Target,Not_Target
ebra8075.t1,Not_Target,Not_Target,Not_Target
ebra8076.t1,Not_Target,Not_Target,Not_Target
ebra8077.t1,Myosin_1,Myosin_81,Myosin_14
ebra8078.t1,Not_Target,Not_Target,Not_Target
ebra8079.t1,Not_Target,Not_Target,Not_Target
ebra8080.t1,Not_Target,Not_Target,Not_Target
ebra8081.t1,Not_Target,Not_Target,Not_Target
ebra8082.t1,Not_Target,Myosin_19,Not_Target
ebra8083.t1,Not_Target,Not_Target,Not_Target
ebra8084.t1,Not_Target,Not_Target,Not_Target
ebra8085.t1,Not_Target,Not_Target,Not_Target
ebra8086.t1,Not_Target,Not_Target,Not_Target
ebra8087.t1,Not_Target,Not_Target,Not_Target
ebra8088.t1,Not_Target,Not_Target,Not_Target
ebra8089.t1,Not_Target,Not_Target,Not_Target
ebra8090.t1,Not_Target,Not_Target,Not_Target
ebra8091.t1,Not_Target,Not_Target,Not_Target
ebra8092.t1,Myosin_17,Not_Target,Not_Target
ebra8093.t1,Not_Target,Not_Target,Myosin_64
ebra8094.t1,Not_Target,Not_Target,Not_Target
ebra8095.t1,Myosin_9,Not_Target,Myosin_28
ebra8096.t1,Not_Target,Not_Target,Not_Target
ebra16398.t1,Not_Target,Myosin_5,Not_Target
ebra16399.t1,Not_Target,Not_Target,Not_Target
ebra16400.t1,Not_Target,Not_Target,Not_Target
ebra16401.t1,Not_Target,Not_Target,Not_Target
ebra16402.t1,Not_Target,Not_Target,Not_Target
ebra16403.t1,Not_Target,Not_Target,Myosin_8
ebra16404.t1,Not_Target,Not_Target,Not_Target
ebra16405.t1,Not_Target,Not_Target,Not_Target
ebra16406.t1,Not_Target,Not_Target,Not_Target
ebra16407.t1,Not_Target,Not_Target,Not_Target
ebra16408.t1,Not_Target,Myosin_5,Not_Target
ebra16409.t1,Myosin_45,Not_Target,Not_Target
ebra16410.t1,Myosin_45,Not_Target,Not_Target
ebra16411.t1,Not_Target,Not_Target,Myosin_8
ebra15785.t1,Not_Target,Not_Target,Myosin_1
ebra15786.t1,Not_Target,Not_Target,Myosin_5
ebra15787.t1,Not_Target,Not_Target,Not_Target
ebra15788.t1,Not_Target,Not_Target,Not_Target
ebra15789.t1,Not_Target,Not_Target,Not_Target
ebra15790.t1,Not_Target,Myosin_6,Not_Target
ebra15791.t1,Not_Target,Not_Target,Myosin_3
ebra15792.t1,Myosin_18,Not_Target,Myosin_18
ebra15793.t1,Not_Target,Not_Target,Not_Target
ebra15794.t1,Not_Target,Not_Target,Not_Target
ebra15795.t1,Not_Target,Not_Target,Not_Target
ebra15796.t1,Myosin_51,Not_Target,Myosin_51
ebra15797.t1,Not_Target,Myosin_16,Not_Target
ebra12529.t1,Not_Target,Not_Target,Not_Target
ebra12530.t1,Not_Target,Myosin_5,Not_Target
ebra12531.t1,Not_Target,Not_Target,Not_Target
ebra12532.t1,Not_Target,Not_Target,Not_Target
ebra12533.t1,Myosin_17,Not_Target,Myosin_5
ebra12534.t1,Not_Target,Myosin_17,Not_Target
ebra12535.t1,Not_Target,Myosin_1,Not_Target
ebra12536.t1,Not_Target,Not_Target,Not_Target
ebra12537.t1,Not_Target,Not_Target,Not_Target
ebra12538.t1,Not_Target,Not_Target,Not_Target
ebra19574.t1,Not_Target,Not_Target,Not_Target
ebra19575.t1,Not_Target,Not_Target,Myosin_20
ebra19576.t1,Not_Target,Not_Target,Not_Target
ebra19577.t1,Not_Target,Not_Target,Not_Target
ebra19578.t1,Not_Target,Not_Target,Not_Target
ebra19579.t1,Not_Target,Not_Target,Not_Target
ebra19580.t1,Not_Target,Not_Target,Not_Target
ebra19581.t1,Not_Target,Not_Target,Not_Target
ebra19582.t1,Myosin_4,Myosin_4,Myosin_15
ebra19583.t1,Not_Target,Not_Target,Not_Target
ebra19584.t1,Not_Target,Not_Target,Not_Target
ebra19585.t1,Not_Target,Not_Target,Myosin_20
ebra19586.t1,Not_Target,Not_Target,Not_Target
ebra19587.t1,Not_Target,Myosin_17,Myosin_71
ebra2262.t1,Myosin_2,Myosin_2,Myosin_2
ebra2263.t1,Not_Target,Not_Target,Not_Target
ebra2264.t1,Not_Target,Not_Target,Not_Target
ebra2265.t1,Myosin_22,Myosin_54,Myosin_51
ebra2266.t1,Not_Target,Not_Target,Not_Target
ebra2267.t1,Myosin_1,Myosin_16,Myosin_1
ebra2268.t1,Not_Target,Not_Target,Myosin_43
ebra2269.t1,Not_Target,Not_Target,Not_Target
ebra2270.t1,Not_Target,Not_Target,Myosin_73
ebra2271.t1,Not_Target,Not_Target,Not_Target
ebra2272.t1,Not_Target,Not_Target,Not_Target
ebra2273.t1,Not_Target,Not_Target,Myosin_16
ebra2274.t1,Not_Target,Not_Target,Not_Target
ebra2275.t1,Not_Target,Not_Target,Not_Target
ebra5923.t1,Myosin_19,Myosin_19,Not_Target
ebra5924.t1,Not_Target,Not_Target,Not_Target
ebra5925.t1,Not_Target,Not_Target,Myosin_54
ebra5926.t1,Not_Target,Not_Target,Myosin_54
ebra5927.t1,Not_Target,Not_Target,Not_Target
ebra5928.t1,Not_Target,Not_Target,Not_Target
ebra5929.t1,Not_Target,Not_Target,Myosin_23
ebra5930.t1,Not_Target,Not_Target,Myosin_4
ebra5931.t1,Not_Target,Not_Target,Not_Target
ebra5932.t1,Not_Target,Not_Target,Not_Target
ebra5933.t1,Not_Target,Not_Target,Not_Target
ebra5934.t1,Not_Target,Not_Target,Myosin_23
ebra5935.t1,Not_Target,Myosin_1,Not_Target
ebra5936.t1,Not_Target,Not_Target,Not_Target
ebra5937.t1,Not_Target,Not_Target,Not_Target
ebra5938.t1,Not_Target,Not_Target,Not_Target
ebra5939.t1,Not_Target,Not_Target,Not_Target
ebra5940.t1,Not_Target,Not_Target,Not_Target
ebra5941.t1,Not_Target,Not_Target,Not_Target
ebra5942.t1,Not_Target,Not_Target,Not_Target
ebra5943.t1,Not_Target,Not_Target,Not_Target
ebra5944.t1,Not_Target,Not_Target,Myosin_36
ebra2386.t1,Not_Target,Not_Target,Not_Target
ebra2387.t1,Not_Target,Not_Target,Myosin_64
ebra2388.t1,Not_Target,Myosin_5,Not_Target
ebra2389.t1,Myosin_3,Not_Target,Not_Target
ebra2390.t1,Not_Target,Not_Target,Not_Target
ebra2391.t1,Not_Target,Not_Target,Not_Target
ebra2392.t1,Not_Target,Not_Target,Not_Target
ebra2393.t1,Not_Target,Not_Target,Not_Target
ebra2394.t1,Not_Target,Not_Target,Not_Target
ebra5486.t1,Not_Target,Not_Target,Not_Target
ebra5487.t1,Myosin_17,Myosin_17,Myosin_17
ebra5488.t1,Not_Target,Myosin_17,Myosin_1
ebra5489.t1,Not_Target,Not_Target,Not_Target
ebra5490.t1,Myosin_74,Myosin_74,Not_Target
ebra5491.t1,Not_Target,Not_Target,Not_Target
ebra5492.t1,Not_Target,Not_Target,Not_Target
ebra5493.t1,Not_Target,Not_Target,Not_Target
ebra5494.t1,Myosin_17,Not_Target,Myosin_3
ebra5495.t1,Not_Target,Not_Target,Not_Target
ebra16922.t1,Myosin_81,Myosin_8,Not_Target
ebra16923.t1,Myosin_30,Not_Target,Myosin_42
ebra16924.t1,Not_Target,Not_Target,Not_Target
ebra16925.t1,Not_Target,Myosin_16,Myosin_1
ebra16926.t1,Myosin_19,Not_Target,Myosin_40
ebra16927.t1,Not_Target,Not_Target,Not_Target
ebra16928.t1,Myosin_44,Myosin_44,Myosin_9
ebra16929.t1,Myosin_17,Not_Target,Myosin_17
ebra16930.t1,Myosin_19,Not_Target,Not_Target
ebra16931.t1,Not_Target,Myosin_19,Not_Target
ebra16932.t1,Myosin_30,Not_Target,Myosin_3
ebra9638.t1,Not_Target,Not_Target,Myosin_19
ebra9639.t1,Myosin_37,Myosin_57,Actin
ebra9640.t1,Not_Target,Not_Target,Not_Target
ebra9641.t1,Not_Target,Not_Target,Not_Target
ebra9642.t1,Myosin_45,Not_Target,Not_Target
ebra9643.t1,Myosin_1,Myosin_66,Not_Target
ebra9644.t1,Not_Target,Not_Target,Not_Target
ebra9645.t1,Not_Target,Not_Target,Not_Target
ebra9646.t1,Myosin_1,Myosin_1,Not_Target
ebra9647.t1,Not_Target,Not_Target,Myosin_27
ebra9648.t1,Myosin_26,Myosin_18,Myosin_18
ebra9649.t1,Not_Target,Not_Target,Not_Target
ebra9650.t1,Not_Target,Not_Target,Not_Target
ebra9651.t1,Not_Target,Not_Target,Myosin_8
ebra9652.t1,Not_Target,Not_Target,Myosin_1
ebra9653.t1,Myosin_45,Not_Target,Myosin_11
ebra2276.t1,Not_Target,Myosin_57,Not_Target
ebra2277.t1,Myosin_57,Not_Target,Not_Target
ebra2278.t1,Myosin_45,Not_Target,Myosin_20
ebra2279.t1,Not_Target,Not_Target,Not_Target
ebra2280.t1,Not_Target,Not_Target,Myosin_1
ebra2281.t1,Myosin_45,Myosin_45,Myosin_3
ebra2282.t1,Not_Target,Not_Target,Not_Target
ebra2283.t1,Not_Target,Not_Target,Not_Target
ebra2284.t1,Not_Target,Not_Target,Myosin_57
ebra2285.t1,Myosin_81,Myosin_81,Not_Target
ebra2286.t1,Not_Target,Not_Target,Not_Target
ebra5633.t1,Not_Target,Not_Target,Myosin_20
ebra5634.t1,Not_Target,Not_Target,Not_Target
ebra5635.t1,Myosin_57,Myosin_5,Not_Target
ebra5636.t1,Myosin_19,Myosin_17,Myosin_4
ebra5637.t1,Not_Target,Not_Target,Not_Target
ebra5638.t1,Not_Target,Not_Target,Not_Target
ebra5639.t1,Not_Target,Not_Target,Not_Target
ebra5640.t1,Myosin_37,Myosin_22,Not_Target
ebra5641.t1,Myosin_6,Myosin_1,Myosin_6
ebra5642.t1,Not_Target,Not_Target,Not_Target
ebra5643.t1,Not_Target,Myosin_4,Not_Target
ebra2741.t1,Not_Target,Not_Target,Not_Target
ebra2742.t1,Not_Target,Not_Target,Not_Target
ebra2743.t1,Not_Target,Not_Target,Not_Target
ebra2744.t1,Not_Target,Myosin_17,Not_Target
ebra2745.t1,Myosin_30,Myosin_26,Myosin_3
ebra2746.t1,Not_Target,Not_Target,Not_Target
ebra2747.t1,Not_Target,Not_Target,Not_Target
ebra2748.t1,Not_Target,Not_Target,Not_Target
ebra14229.t1,Myosin_45,Myosin_18,Myosin_45
ebra14230.t1,Not_Target,Not_Target,Not_Target
ebra14231.t1,Not_Target,Not_Target,Not_Target
ebra14232.t1,Not_Target,Not_Target,Not_Target
ebra14233.t1,Not_Target,Not_Target,Not_Target
ebra14234.t1,Not_Target,Not_Target,Not_Target
ebra14235.t1,Not_Target,Not_Target,Not_Target
ebra14236.t1,Not_Target,Not_Target,Myosin_15
ebra14237.t1,Myosin_19,Myosin_19,Not_Target
ebra14238.t1,Not_Target,Not_Target,Not_Target
ebra14239.t1,Not_Target,Myosin_25,Not_Target
ebra8444.t1,Not_Target,Myosin_18,Myosin_30
ebra8445.t1,Not_Target,Not_Target,Not_Target
ebra8446.t1,Not_Target,Not_Target,Not_Target
ebra8447.t1,Not_Target,Not_Target,Not_Target
ebra8448.t1,Not_Target,Not_Target,Not_Target
ebra8449.t1,Myosin_45,Myosin_18,Not_Target
ebra8450.t1,Not_Target,Myosin_51,Not_Target
ebra8451.t1,Not_Target,Not_Target,Not_Target
ebra8452.t1,Not_Target,Myosin_1,Not_Target
ebra8453.t1,Myosin_18,Myosin_18,Myosin_71
ebra8454.t1,Not_Target,Myosin_26,Not_Target
ebra14621.t1,Not_Target,Not_Target,Myosin_47
ebra14622.t1,Myosin_37,Myosin_57,Myosin_37
ebra14623.t1,Not_Target,Not_Target,Not_Target
ebra14624.t1,Not_Target,Not_Target,Not_Target
ebra14625.t1,Myosin_26,Not_Target,Myosin_1
ebra14626.t1,Not_Target,Not_Target,Not_Target
ebra14627.t1,Not_Target,Not_Target,Myosin_81
ebra14628.t1,Not_Target,Not_Target,Not_Target
ebra14629.t1,Myosin_17,Not_Target,Not_Target
ebra14630.t1,Not_Target,Not_Target,Not_Target
ebra14631.t1,Myosin_36,Not_Target,Not_Target
ebra14632.t1,Not_Target,Not_Target,Not_Target
ebra14633.t1,Not_Target,Not_Target,Not_Target
ebra14634.t1,Not_Target,Not_Target,Not_Target
ebra14635.t1,Not_Target,Myosin_22,Not_Target
ebra14636.t1,Not_Target,Not_Target,Not_Target
ebra14637.t1,Not_Target,Not_Target,Myosin_20
ebra14638.t1,Not_Target,Not_Target,Not_Target
ebra20376.t1,Not_Target,Not_Target,Myosin_19
ebra20377.t1,Myosin_17,Not_Target,Myosin_18
ebra20378.t1,Not_Target,Not_Target,Not_Target
ebra20379.t1,Myosin_23,Not_Target,Not_Target
ebra20380.t1,Not_Target,Not_Target,Not_Target
ebra20381.t1,Not_Target,Not_Target,Not_Target
ebra20382.t1,Not_Target,Myosin_1,Not_Target
ebra20383.t1,Not_Target,Myosin_57,Myosin_57
ebra20384.t1,Not_Target,Not_Target,Not_Target
ebra20385.t1,Not_Target,Not_Target,Not_Target
ebra20386.t1,Not_Target,Not_Target,Not_Target
ebra20387.t1,Not_Target,Myosin_26,Not_Target
ebra20388.t1,Not_Target,Not_Target,Not_Target
ebra20389.t1,Not_Target,Not_Target,Not_Target
ebra20390.t1,Myosin_17,Not_Target,Not_Target
ebra20391.t1,Not_Target,Not_Target,Not_Target
ebra20392.t1,Not_Target,Not_Target,Not_Target
ebra20393.t1,Not_Target,Not_Target,Not_Target
ebra20394.t1,Not_Target,Not_Target,Not_Target
ebra8414.t1,Myosin_2,Myosin_2,Myosin_2
ebra8415.t1,Myosin_2,Myosin_2,Myosin_2
ebra8416.t1,Not_Target,Not_Target,Not_Target
ebra8417.t1,Myosin_57,Myosin_57,Myosin_20
ebra8418.t1,Myosin_2,Myosin_2,Not_Target
ebra8419.t1,Myosin_9,Not_Target,Myosin_3
ebra8420.t1,Not_Target,Myosin_19,Not_Target
ebra8421.t1,Myosin_31,Not_Target,Myosin_24
ebra8422.t1,Not_Target,Not_Target,Not_Target
ebra8423.t1,Not_Target,Not_Target,Not_Target
ebra8424.t1,Not_Target,Not_Target,Not_Target
ebra8425.t1,Not_Target,Not_Target,Myosin_54
ebra7577.t1,Not_Target,Not_Target,Not_Target
ebra7578.t1,Not_Target,Myosin_5,Myosin_2
ebra7579.t1,Not_Target,Not_Target,Not_Target
ebra7580.t1,Not_Target,Not_Target,Not_Target
ebra7581.t1,Not_Target,Not_Target,Not_Target
ebra7582.t1,Not_Target,Not_Target,Not_Target
ebra7583.t1,Myosin_45,Myosin_5,Not_Target
ebra7584.t1,Not_Target,Not_Target,Not_Target
ebra7585.t1,Not_Target,Not_Target,Not_Target
ebra7586.t1,Not_Target,Not_Target,Not_Target
ebra7587.t1,Myosin_30,Myosin_3,Myosin_3
ebra529.t1,Not_Target,Not_Target,Not_Target
ebra530.t1,Not_Target,Not_Target,Not_Target
ebra531.t1,Not_Target,Not_Target,Not_Target
ebra532.t1,Not_Target,Not_Target,Not_Target
ebra533.t1,Myosin_57,Myosin_57,Myosin_18
ebra534.t1,Not_Target,Myosin_6,Not_Target
ebra535.t1,Not_Target,Not_Target,Myosin_5
ebra536.t1,Not_Target,Not_Target,Not_Target
ebra537.t1,Myosin_16,Not_Target,Not_Target
ebra538.t1,Myosin_30,Not_Target,Myosin_57
ebra539.t1,Not_Target,Not_Target,Not_Target
ebra540.t1,Not_Target,Not_Target,Not_Target
ebra541.t1,Not_Target,Not_Target,Not_Target
ebra542.t1,Not_Target,Not_Target,Not_Target
ebra543.t1,Not_Target,Myosin_1,Not_Target
ebra14458.t1,Not_Target,Not_Target,Not_Target
ebra14459.t1,Not_Target,Myosin_57,Myosin_3
ebra14460.t1,Not_Target,Myosin_19,Myosin_57
ebra14461.t1,Not_Target,Myosin_4,Not_Target
ebra14462.t1,Not_Target,Not_Target,Myosin_22
ebra14463.t1,Not_Target,Not_Target,Not_Target
ebra14464.t1,Not_Target,Not_Target,Not_Target
ebra14465.t1,Not_Target,Not_Target,Myosin_3
ebra14466.t1,Myosin_57,Myosin_26,Myosin_16
ebra14467.t1,Not_Target,Not_Target,Not_Target
ebra14468.t1,Myosin_31,Not_Target,Not_Target
ebra14469.t1,Not_Target,Not_Target,Not_Target
ebra14470.t1,Myosin_19,Myosin_19,Myosin_39
ebra13117.t1,Not_Target,Not_Target,Myosin_19
ebra13118.t1,Not_Target,Not_Target,Not_Target
ebra13119.t1,Not_Target,Not_Target,Not_Target
ebra13120.t1,Myosin_27,Myosin_10,Not_Target
ebra13121.t1,Myosin_27,Myosin_10,Not_Target
ebra13122.t1,Not_Target,Not_Target,Not_Target
ebra13123.t1,Not_Target,Not_Target,Not_Target
ebra13124.t1,Not_Target,Not_Target,Not_Target
ebra13125.t1,Not_Target,Myosin_2,Not_Target
ebra13126.t1,Myosin_57,Myosin_51,Myosin_5
ebra13127.t1,Not_Target,Not_Target,Not_Target
ebra13128.t1,Not_Target,Myosin_8,Myosin_5
ebra13129.t1,Myosin_45,Myosin_27,Myosin_9
ebra13130.t1,Myosin_45,Myosin_27,Myosin_9
ebra987.t1,Not_Target,Not_Target,Not_Target
ebra988.t1,Not_Target,Not_Target,Not_Target
ebra989.t1,Myosin_15,Myosin_15,Myosin_18
ebra990.t1,Not_Target,Myosin_1,Myosin_30
ebra991.t1,Not_Target,Not_Target,Not_Target
ebra992.t1,Myosin_18,Myosin_18,Myosin_3
ebra993.t1,Not_Target,Not_Target,Not_Target
ebra994.t1,Not_Target,Not_Target,Not_Target
ebra995.t1,Not_Target,Not_Target,Not_Target
ebra996.t1,Not_Target,Not_Target,Not_Target
ebra997.t1,Myosin_45,Not_Target,Myosin_3
ebra998.t1,Not_Target,Not_Target,Not_Target
ebra999.t1,Not_Target,Not_Target,Not_Target
ebra10679.t1,Not_Target,Not_Target,Not_Target
ebra10680.t1,Myosin_18,Myosin_57,Myosin_2
ebra10681.t1,Not_Target,Not_Target,Not_Target
ebra10682.t1,Myosin_17,Not_Target,Myosin_5
ebra10683.t1,Myosin_24,Myosin_19,Not_Target
ebra10684.t1,Myosin_17,Myosin_17,Myosin_17
ebra10685.t1,Not_Target,Not_Target,Myosin_43
ebra10686.t1,Not_Target,Not_Target,Not_Target
ebra10687.t1,Not_Target,Myosin_55,Not_Target
ebra10688.t1,Myosin_37,Myosin_1,Myosin_16
ebra10689.t1,Not_Target,Not_Target,Not_Target
ebra10690.t1,Not_Target,Not_Target,Not_Target
ebra10691.t1,Myosin_45,Not_Target,Not_Target
ebra10692.t1,Not_Target,Myosin_5,Not_Target
ebra10693.t1,Not_Target,Myosin_17,Not_Target
ebra6339.t1,Myosin_19,Myosin_19,Not_Target
ebra6340.t1,Myosin_15,Myosin_37,Myosin_2
ebra6341.t1,Not_Target,Not_Target,Myosin_19
ebra6342.t1,Not_Target,Not_Target,Not_Target
ebra6343.t1,Not_Target,Not_Target,Myosin_51
ebra6344.t1,Not_Target,Not_Target,Not_Target
ebra6345.t1,Not_Target,Not_Target,Myosin_1
ebra6346.t1,Not_Target,Not_Target,Not_Target
ebra6347.t1,Not_Target,Not_Target,Not_Target
ebra6348.t1,Myosin_37,Not_Target,Myosin_37
ebra6349.t1,Myosin_2,Not_Target,Myosin_2
ebra6350.t1,Not_Target,Not_Target,Not_Target
ebra6351.t1,Not_Target,Not_Target,Not_Target
ebra6352.t1,Myosin_17,Myosin_36,Myosin_26
ebra6353.t1,Myosin_18,Myosin_1,Myosin_18
ebra6382.t1,Not_Target,Not_Target,Myosin_51
ebra6383.t1,Myosin_17,Not_Target,Myosin_17
ebra6384.t1,Not_Target,Not_Target,Not_Target
ebra6385.t1,Not_Target,Not_Target,Not_Target
ebra6386.t1,Myosin_37,Myosin_37,Not_Target
ebra6387.t1,Not_Target,Not_Target,Not_Target
ebra6388.t1,Not_Target,Not_Target,Not_Target
ebra6389.t1,Not_Target,Myosin_17,Not_Target
ebra6390.t1,Not_Target,Not_Target,Not_Target
ebra17652.t1,Not_Target,Myosin_2,Not_Target
ebra17653.t1,Not_Target,Not_Target,Not_Target
ebra17654.t1,Not_Target,Not_Target,Not_Target
ebra17655.t1,Not_Target,Myosin_17,Not_Target
ebra17656.t1,Not_Target,Not_Target,Not_Target
ebra17657.t1,Myosin_45,Not_Target,Myosin_1
ebra17658.t1,Not_Target,Not_Target,Not_Target
ebra17659.t1,Not_Target,Not_Target,Not_Target
ebra17660.t1,Not_Target,Not_Target,Myosin_3
ebra17661.t1,Myosin_17,Not_Target,Myosin_5
ebra17662.t1,Not_Target,Not_Target,Myosin_5
ebra15852.t1,Not_Target,Not_Target,Not_Target
ebra15853.t1,Not_Target,Myosin_1,Not_Target
ebra15854.t1,Not_Target,Not_Target,Not_Target
ebra15855.t1,Myosin_2,Not_Target,Not_Target
ebra15856.t1,Not_Target,Not_Target,Not_Target
ebra15857.t1,Not_Target,Myosin_7,Not_Target
ebra15858.t1,Myosin_57,Myosin_81,Myosin_2
ebra15859.t1,Not_Target,Not_Target,Myosin_81
ebra15860.t1,Myosin_57,Not_Target,Not_Target
ebra15861.t1,Not_Target,Not_Target,Not_Target
ebra15862.t1,Not_Target,Not_Target,Not_Target
ebra15863.t1,Not_Target,Not_Target,Not_Target
ebra15864.t1,Not_Target,Not_Target,Not_Target
ebra15865.t1,Not_Target,Not_Target,Not_Target
ebra15866.t1,Not_Target,Not_Target,Not_Target
ebra19666.t1,Myosin_4,Not_Target,Myosin_4
ebra19667.t1,Not_Target,Not_Target,Not_Target
ebra19668.t1,Not_Target,Not_Target,Not_Target
ebra19669.t1,Not_Target,Not_Target,Not_Target
ebra19670.t1,Not_Target,Not_Target,Not_Target
ebra19671.t1,Not_Target,Not_Target,Not_Target
ebra19672.t1,Not_Target,Myosin_19,Not_Target
ebra19673.t1,Not_Target,Not_Target,Not_Target
ebra19674.t1,Not_Target,Not_Target,Not_Target
ebra19675.t1,Not_Target,Not_Target,Not_Target
ebra19676.t1,Myosin_30,Not_Target,Not_Target
ebra19677.t1,Not_Target,Not_Target,Not_Target
ebra19678.t1,Not_Target,Myosin_1,Not_Target
ebra19679.t1,Not_Target,Not_Target,Not_Target
ebra19680.t1,Myosin_2,Myosin_2,Myosin_2
ebra19681.t1,Myosin_30,Myosin_57,Myosin_34
ebra19682.t1,Not_Target,Not_Target,Not_Target
ebra19683.t1,Myosin_18,Myosin_2,Not_Target
ebra19684.t1,Myosin_17,Myosin_17,Myosin_17
ebra11120.t1,Myosin_45,Myosin_18,Not_Target
ebra11121.t1,Myosin_1,Myosin_1,Not_Target
ebra11122.t1,Myosin_45,Not_Target,Not_Target
ebra11123.t1,Not_Target,Not_Target,Not_Target
ebra11124.t1,Not_Target,Not_Target,Not_Target
ebra11125.t1,Not_Target,Not_Target,Not_Target
ebra11126.t1,Myosin_37,Not_Target,Not_Target
ebra11127.t1,Myosin_37,Not_Target,Not_Target
ebra11128.t1,Not_Target,Myosin_19,Not_Target
ebra11129.t1,Myosin_37,Myosin_37,Not_Target
ebra11130.t1,Myosin_15,Myosin_3,Myosin_57
ebra11131.t1,Myosin_15,Myosin_3,Myosin_57
ebra11132.t1,Myosin_37,Myosin_37,Not_Target
ebra1168.t1,Myosin_19,Myosin_19,Not_Target
ebra1169.t1,Not_Target,Not_Target,Not_Target
ebra1170.t1,Not_Target,Not_Target,Not_Target
ebra1171.t1,Not_Target,Not_Target,Not_Target
ebra1172.t1,Not_Target,Not_Target,Not_Target
ebra1173.t1,Myosin_9,Myosin_5,Myosin_22
ebra1174.t1,Not_Target,Not_Target,Myosin_45
ebra1175.t1,Not_Target,Not_Target,Not_Target
ebra1176.t1,Not_Target,Not_Target,Not_Target
ebra1177.t1,Not_Target,Not_Target,Not_Target
ebra1178.t1,Myosin_24,Not_Target,Myosin_3
ebra1179.t1,Not_Target,Not_Target,Not_Target
ebra1180.t1,Not_Target,Not_Target,Not_Target
ebra1181.t1,Myosin_5,Myosin_5,Myosin_5
ebra1182.t1,Not_Target,Myosin_74,Myosin_3
ebra1183.t1,Not_Target,Not_Target,Not_Target
ebra1184.t1,Not_Target,Not_Target,Myosin_41
ebra16532.t1,Myosin_15,Myosin_15,Myosin_15
ebra16533.t1,Not_Target,Not_Target,Not_Target
ebra16534.t1,Not_Target,Not_Target,Not_Target
ebra16535.t1,Not_Target,Not_Target,Not_Target
ebra16536.t1,Not_Target,Not_Target,Not_Target
ebra16537.t1,Not_Target,Not_Target,Not_Target
ebra2700.t1,Myosin_37,Myosin_57,Not_Target
ebra2701.t1,Not_Target,Not_Target,Myosin_2
ebra2702.t1,Myosin_8,Not_Target,Not_Target
ebra2703.t1,Not_Target,Not_Target,Not_Target
ebra2704.t1,Not_Target,Not_Target,Myosin_53
ebra2705.t1,Not_Target,Not_Target,Not_Target
ebra2706.t1,Not_Target,Myosin_17,Myosin_17
ebra2707.t1,Not_Target,Not_Target,Not_Target
ebra2708.t1,Not_Target,Not_Target,Not_Target
ebra2709.t1,Myosin_45,Myosin_5,Not_Target
ebra2710.t1,Not_Target,Myosin_23,Not_Target
ebra2711.t1,Not_Target,Not_Target,Not_Target
ebra2712.t1,Not_Target,Myosin_1,Myosin_36
ebra2713.t1,Not_Target,Not_Target,Not_Target
ebra2714.t1,Myosin_1,Not_Target,Not_Target
ebra2715.t1,Not_Target,Not_Target,Not_Target
ebra19854.t1,Not_Target,Myosin_1,Myosin_19
ebra19855.t1,Not_Target,Myosin_28,Myosin_1
ebra19856.t1,Not_Target,Not_Target,Not_Target
ebra19857.t1,Not_Target,Not_Target,Not_Target
ebra19858.t1,Not_Target,Not_Target,Not_Target
ebra19859.t1,Myosin_19,Myosin_19,Myosin_19
ebra19860.t1,Not_Target,Not_Target,Not_Target
ebra19861.t1,Not_Target,Not_Target,Not_Target
ebra19862.t1,Not_Target,Not_Target,Not_Target
ebra19863.t1,Not_Target,Not_Target,Not_Target
ebra19864.t1,Myosin_57,Not_Target,Myosin_64
ebra19865.t1,Not_Target,Not_Target,Not_Target
ebra19866.t1,Myosin_9,Myosin_22,Myosin_9
ebra19867.t1,Myosin_2,Myosin_9,Not_Target
ebra19868.t1,Not_Target,Myosin_22,Myosin_2
ebra19869.t1,Not_Target,Not_Target,Not_Target
ebra19870.t1,Not_Target,Not_Target,Myosin_64
ebra19871.t1,Not_Target,Not_Target,Myosin_64
ebra19872.t1,Not_Target,Not_Target,Not_Target
ebra9978.t1,Not_Target,Not_Target,Not_Target
ebra9979.t1,Not_Target,Not_Target,Not_Target
ebra9980.t1,Not_Target,Myosin_18,Myosin_8
ebra9981.t1,Not_Target,Not_Target,Myosin_51
ebra9982.t1,Not_Target,Not_Target,Myosin_2
ebra9983.t1,Not_Target,Not_Target,Not_Target
ebra9984.t1,Not_Target,Not_Target,Myosin_24
ebra9985.t1,Not_Target,Not_Target,Not_Target
ebra9986.t1,Myosin_20,Myosin_17,Not_Target
ebra9987.t1,Myosin_18,Myosin_57,Myosin_5
ebra9988.t1,Not_Target,Not_Target,Not_Target
ebra9989.t1,Myosin_45,Not_Target,Myosin_3
ebra9990.t1,Not_Target,Not_Target,Myosin_2
ebra9991.t1,Not_Target,Not_Target,Not_Target
ebra6554.t1,Not_Target,Myosin_16,Not_Target
ebra6555.t1,Not_Target,Myosin_16,Not_Target
ebra6556.t1,Myosin_4,Myosin_7,Not_Target
ebra6557.t1,Not_Target,Not_Target,Not_Target
ebra6558.t1,Myosin_2,Not_Target,Not_Target
ebra6559.t1,Not_Target,Not_Target,Not_Target
ebra6560.t1,Not_Target,Not_Target,Not_Target
ebra6561.t1,Not_Target,Not_Target,Not_Target
ebra6562.t1,Not_Target,Not_Target,Not_Target
ebra6563.t1,Not_Target,Not_Target,Not_Target
ebra6564.t1,Myosin_8,Myosin_5,Not_Target
ebra6565.t1,Myosin_1,Myosin_66,Myosin_14
ebra6566.t1,Not_Target,Not_Target,Not_Target
ebra6567.t1,Not_Target,Not_Target,Myosin_14
ebra6568.t1,Not_Target,Not_Target,Not_Target
ebra6569.t1,Not_Target,Myosin_57,Not_Target
ebra930.t1,Not_Target,Not_Target,Not_Target
ebra931.t1,Not_Target,Myosin_19,Not_Target
ebra932.t1,Not_Target,Not_Target,Not_Target
ebra933.t1,Not_Target,Myosin_57,Myosin_1
ebra934.t1,Not_Target,Not_Target,Not_Target
ebra935.t1,Myosin_18,Not_Target,Myosin_5
ebra936.t1,Not_Target,Not_Target,Myosin_64
ebra937.t1,Not_Target,Not_Target,Not_Target
ebra938.t1,Not_Target,Not_Target,Not_Target
ebra17665.t1,Not_Target,Not_Target,Not_Target
ebra17666.t1,Not_Target,Not_Target,Not_Target
ebra17667.t1,Myosin_9,Myosin_9,Myosin_53
ebra17668.t1,Not_Target,Not_Target,Myosin_8
ebra17669.t1,Not_Target,Not_Target,Not_Target
ebra17670.t1,Not_Target,Not_Target,Not_Target
ebra17671.t1,Not_Target,Not_Target,Not_Target
ebra17672.t1,Not_Target,Not_Target,Not_Target
ebra17673.t1,Not_Target,Not_Target,Myosin_20
ebra15964.t1,Not_Target,Not_Target,Not_Target
ebra15965.t1,Not_Target,Not_Target,Not_Target
ebra15966.t1,Not_Target,Myosin_6,Not_Target
ebra15967.t1,Not_Target,Myosin_5,Not_Target
ebra15968.t1,Not_Target,Not_Target,Not_Target
ebra15969.t1,Not_Target,Not_Target,Not_Target
ebra15970.t1,Not_Target,Not_Target,Myosin_16
ebra15971.t1,Myosin_45,Not_Target,Myosin_20
ebra15972.t1,Not_Target,Myosin_19,Not_Target
ebra15973.t1,Myosin_36,Myosin_17,Myosin_81
ebra15974.t1,Myosin_22,Myosin_22,Myosin_22
ebra15975.t1,Myosin_37,Myosin_19,Myosin_2
ebra7345.t1,Not_Target,Not_Target,Not_Target
ebra7346.t1,Myosin_57,Not_Target,Not_Target
ebra7347.t1,Not_Target,Not_Target,Not_Target
ebra7348.t1,Not_Target,Not_Target,Not_Target
ebra7349.t1,Not_Target,Not_Target,Myosin_11
ebra7350.t1,Not_Target,Not_Target,Myosin_8
ebra7351.t1,Not_Target,Not_Target,Myosin_14
ebra7352.t1,Not_Target,Not_Target,Myosin_4
ebra7353.t1,Not_Target,Not_Target,Not_Target
ebra7354.t1,Not_Target,Not_Target,Myosin_59
ebra7355.t1,Myosin_7,Myosin_22,Myosin_25
ebra7356.t1,Not_Target,Not_Target,Myosin_57
ebra7357.t1,Not_Target,Myosin_3,Myosin_20
ebra13253.t1,Myosin_15,Myosin_5,Not_Target
ebra13254.t1,Not_Target,Myosin_1,Not_Target
ebra13255.t1,Myosin_18,Not_Target,Myosin_5
ebra13256.t1,Myosin_37,Not_Target,Not_Target
ebra13257.t1,Not_Target,Not_Target,Not_Target
ebra13258.t1,Not_Target,Not_Target,Not_Target
ebra13259.t1,Myosin_15,Myosin_15,Myosin_15
ebra13260.t1,Not_Target,Myosin_8,Not_Target
ebra13261.t1,Not_Target,Not_Target,Not_Target
ebra13262.t1,Not_Target,Not_Target,Not_Target
ebra13263.t1,Myosin_1,Myosin_1,Not_Target
ebra13264.t1,Myosin_2,Not_Target,Not_Target
ebra13265.t1,Not_Target,Not_Target,Not_Target
ebra13266.t1,Not_Target,Myosin_1,Not_Target
ebra5946.t1,Not_Target,Not_Target,Not_Target
ebra5947.t1,Not_Target,Not_Target,Not_Target
ebra5948.t1,Not_Target,Not_Target,Myosin_28
ebra5949.t1,Not_Target,Myosin_19,Not_Target
ebra5950.t1,Not_Target,Not_Target,Not_Target
ebra5951.t1,Myosin_45,Not_Target,Myosin_71
ebra5952.t1,Not_Target,Not_Target,Not_Target
ebra5953.t1,Myosin_18,Not_Target,Not_Target
ebra5954.t1,Myosin_37,Myosin_6,Not_Target
ebra5955.t1,Not_Target,Not_Target,Not_Target
ebra5956.t1,Not_Target,Not_Target,Not_Target
ebra5957.t1,Myosin_1,Myosin_1,Not_Target
ebra5958.t1,Not_Target,Not_Target,Myosin_6
ebra5959.t1,Not_Target,Not_Target,Not_Target
ebra5960.t1,Myosin_19,Myosin_19,Myosin_19
ebra3329.t1,Not_Target,Not_Target,Not_Target
ebra3330.t1,Not_Target,Not_Target,Not_Target
ebra3331.t1,Not_Target,Not_Target,Not_Target
ebra3332.t1,Not_Target,Not_Target,Not_Target
ebra3333.t1,Not_Target,Not_Target,Myosin_22
ebra3334.t1,Not_Target,Not_Target,Not_Target
ebra3335.t1,Not_Target,Myosin_19,Not_Target
ebra3336.t1,Not_Target,Not_Target,Not_Target
ebra3337.t1,Not_Target,Not_Target,Not_Target
ebra3338.t1,Myosin_2,Myosin_2,Not_Target
ebra3339.t1,Not_Target,Myosin_57,Not_Target
ebra3340.t1,Not_Target,Myosin_4,Not_Target
ebra3341.t1,Myosin_2,Myosin_57,Myosin_2
ebra3342.t1,Not_Target,Not_Target,Not_Target
ebra3343.t1,Myosin_17,Not_Target,Not_Target
ebra3344.t1,Myosin_17,Not_Target,Myosin_17
ebra8105.t1,Not_Target,Not_Target,Not_Target
ebra8106.t1,Not_Target,Not_Target,Not_Target
ebra8107.t1,Not_Target,Not_Target,Not_Target
ebra8108.t1,Not_Target,Not_Target,Not_Target
ebra8109.t1,Myosin_36,Myosin_3,Myosin_3
ebra8110.t1,Not_Target,Not_Target,Not_Target
ebra8111.t1,Myosin_19,Myosin_53,Not_Target
ebra8112.t1,Myosin_37,Myosin_5,Not_Target
ebra8113.t1,Not_Target,Not_Target,Myosin_5
ebra8114.t1,Not_Target,Myosin_5,Myosin_40
ebra8115.t1,Myosin_3,Myosin_3,Myosin_3
ebra8116.t1,Myosin_19,Not_Target,Not_Target
ebra8117.t1,Not_Target,Not_Target,Not_Target
ebra15261.t1,Not_Target,Myosin_11,Not_Target
ebra15262.t1,Myosin_1,Myosin_1,Myosin_20
ebra15263.t1,Not_Target,Not_Target,Not_Target
ebra15264.t1,Not_Target,Not_Target,Myosin_5
ebra15265.t1,Not_Target,Not_Target,Not_Target
ebra15266.t1,Myosin_45,Myosin_47,Myosin_24
ebra15267.t1,Myosin_17,Myosin_17,Myosin_17
ebra15268.t1,Myosin_1,Myosin_1,Myosin_22
ebra15269.t1,Not_Target,Not_Target,Not_Target
ebra15270.t1,Not_Target,Myosin_66,Not_Target
ebra16252.t1,Not_Target,Not_Target,Not_Target
ebra16253.t1,Not_Target,Not_Target,Not_Target
ebra16254.t1,Not_Target,Not_Target,Not_Target
ebra16255.t1,Not_Target,Not_Target,Not_Target
ebra16256.t1,Not_Target,Not_Target,Myosin_1
ebra16257.t1,Not_Target,Not_Target,Myosin_4
ebra16258.t1,Myosin_5,Not_Target,Not_Target
ebra16259.t1,Not_Target,Not_Target,Not_Target
ebra16260.t1,Not_Target,Not_Target,Not_Target
ebra16261.t1,Not_Target,Not_Target,Not_Target
ebra16262.t1,Not_Target,Myosin_16,Not_Target
ebra16263.t1,Not_Target,Not_Target,Not_Target
ebra16264.t1,Not_Target,Not_Target,Not_Target
ebra16265.t1,Not_Target,Not_Target,Not_Target
ebra16266.t1,Not_Target,Not_Target,Not_Target
ebra16267.t1,Not_Target,Not_Target,Not_Target
ebra16268.t1,Not_Target,Not_Target,Not_Target
ebra16269.t1,Not_Target,Not_Target,Not_Target
ebra11909.t1,Myosin_37,Not_Target,Myosin_37
ebra11910.t1,Not_Target,Not_Target,Not_Target
ebra11911.t1,Not_Target,Myosin_4,Not_Target
ebra11912.t1,Not_Target,Not_Target,Not_Target
ebra11913.t1,Myosin_16,Myosin_3,Myosin_45
ebra11914.t1,Myosin_4,Myosin_15,Myosin_57
ebra11915.t1,Myosin_57,Not_Target,Myosin_51
ebra11916.t1,Myosin_4,Myosin_15,Myosin_14
ebra11917.t1,Not_Target,Not_Target,Myosin_13
ebra19720.t1,Myosin_18,Not_Target,Myosin_16
ebra19721.t1,Myosin_18,Not_Target,Myosin_20
ebra19722.t1,Not_Target,Not_Target,Not_Target
ebra19723.t1,Not_Target,Not_Target,Not_Target
ebra19724.t1,Not_Target,Myosin_18,Not_Target
ebra19725.t1,Not_Target,Not_Target,Not_Target
ebra19726.t1,Myosin_45,Myosin_5,Not_Target
ebra19727.t1,Not_Target,Not_Target,Not_Target
ebra19728.t1,Not_Target,Not_Target,Not_Target
ebra19729.t1,Not_Target,Not_Target,Not_Target
ebra19730.t1,Not_Target,Not_Target,Not_Target
ebra19731.t1,Not_Target,Not_Target,Not_Target
ebra19732.t1,Myosin_5,Not_Target,Myosin_5
ebra19733.t1,Not_Target,Not_Target,Not_Target
ebra19734.t1,Not_Target,Not_Target,Not_Target
ebra5421.t1,Not_Target,Myosin_28,Myosin_37
ebra5422.t1,Not_Target,Not_Target,Not_Target
ebra5423.t1,Not_Target,Not_Target,Not_Target
ebra5424.t1,Not_Target,Not_Target,Not_Target
ebra5425.t1,Not_Target,Not_Target,Not_Target
ebra5426.t1,Myosin_64,Myosin_11,Not_Target
ebra5427.t1,Not_Target,Not_Target,Not_Target
ebra5428.t1,Not_Target,Not_Target,Not_Target
ebra5429.t1,Not_Target,Not_Target,Not_Target
ebra5430.t1,Not_Target,Not_Target,Not_Target
ebra5431.t1,Not_Target,Not_Target,Not_Target
ebra5432.t1,Myosin_19,Not_Target,Not_Target
ebra5433.t1,Not_Target,Not_Target,Not_Target
ebra5434.t1,Not_Target,Not_Target,Not_Target
ebra6135.t1,Myosin_18,Myosin_1,Not_Target
ebra6136.t1,Not_Target,Not_Target,Not_Target
ebra6137.t1,Not_Target,Not_Target,Not_Target
ebra6138.t1,Not_Target,Not_Target,Not_Target
ebra6139.t1,Not_Target,Not_Target,Not_Target
ebra6140.t1,Not_Target,Not_Target,Myosin_19
ebra6141.t1,Not_Target,Not_Target,Not_Target
ebra6142.t1,Myosin_37,Myosin_19,Not_Target
ebra6143.t1,Not_Target,Not_Target,Not_Target
ebra6144.t1,Not_Target,Not_Target,Not_Target
ebra6145.t1,Not_Target,Not_Target,Not_Target
ebra6146.t1,Not_Target,Not_Target,Not_Target
ebra3386.t1,Myosin_17,Not_Target,Myosin_17
ebra3387.t1,Myosin_15,Not_Target,Myosin_3
ebra3388.t1,Myosin_17,Not_Target,Not_Target
ebra3389.t1,Myosin_20,Myosin_20,Myosin_8
ebra3390.t1,Not_Target,Not_Target,Not_Target
ebra3391.t1,Not_Target,Myosin_19,Not_Target
ebra3392.t1,Not_Target,Not_Target,Myosin_4
ebra3393.t1,Not_Target,Not_Target,Not_Target
ebra3394.t1,Not_Target,Myosin_1,Myosin_2
ebra3395.t1,Not_Target,Myosin_57,Myosin_1
ebra3396.t1,Not_Target,Not_Target,Not_Target
ebra3397.t1,Not_Target,Not_Target,Not_Target
ebra3398.t1,Not_Target,Not_Target,Not_Target
ebra3399.t1,Not_Target,Not_Target,Not_Target
ebra3400.t1,Myosin_45,Myosin_16,Not_Target
ebra8679.t1,Not_Target,Not_Target,Myosin_4
ebra8680.t1,Myosin_6,Myosin_22,Myosin_2
ebra8681.t1,Myosin_37,Not_Target,Myosin_37
ebra8682.t1,Not_Target,Not_Target,Not_Target
ebra8683.t1,Myosin_45,Myosin_5,Myosin_16
ebra8684.t1,Myosin_15,Myosin_15,Myosin_19
ebra8685.t1,Not_Target,Not_Target,Not_Target
ebra8686.t1,Not_Target,Not_Target,Not_Target
ebra8687.t1,Myosin_31,Not_Target,Not_Target
ebra10584.t1,Not_Target,Not_Target,Not_Target
ebra10585.t1,Not_Target,Not_Target,Not_Target
ebra10586.t1,Myosin_2,Not_Target,Myosin_2
ebra10587.t1,Not_Target,Not_Target,Not_Target
ebra10588.t1,Not_Target,Not_Target,Myosin_28
ebra10589.t1,Myosin_37,Not_Target,Myosin_37
ebra10590.t1,Not_Target,Not_Target,Not_Target
ebra10591.t1,Myosin_17,Myosin_17,Not_Target
ebra10592.t1,Not_Target,Not_Target,Not_Target
ebra10593.t1,Not_Target,Not_Target,Not_Target
ebra10594.t1,Not_Target,Myosin_36,Myosin_18
ebra10595.t1,Myosin_37,Not_Target,Myosin_14
ebra10596.t1,Not_Target,Not_Target,Not_Target
ebra10597.t1,Not_Target,Not_Target,Not_Target
ebra10598.t1,Myosin_26,Myosin_26,Myosin_1
ebra10599.t1,Not_Target,Not_Target,Not_Target
ebra21424.t1,Myosin_37,Myosin_37,Not_Target
ebra21425.t1,Not_Target,Not_Target,Not_Target
ebra21426.t1,Myosin_37,Myosin_37,Not_Target
ebra21427.t1,Not_Target,Not_Target,Not_Target
ebra21428.t1,Not_Target,Not_Target,Myosin_16
ebra21429.t1,Myosin_1,Myosin_1,Not_Target
ebra21430.t1,Myosin_26,Myosin_55,Not_Target
ebra21431.t1,Not_Target,Not_Target,Not_Target
ebra21432.t1,Not_Target,Not_Target,Not_Target
ebra21433.t1,Myosin_37,Not_Target,Myosin_7
ebra21434.t1,Not_Target,Not_Target,Myosin_19
ebra21435.t1,Myosin_18,Not_Target,Not_Target
ebra21436.t1,Myosin_18,Not_Target,Not_Target
ebra17697.t1,Not_Target,Not_Target,Not_Target
ebra17698.t1,Not_Target,Not_Target,Not_Target
ebra17699.t1,Myosin_45,Myosin_16,Not_Target
ebra17700.t1,Not_Target,Myosin_57,Myosin_2
ebra17701.t1,Myosin_1,Myosin_6,Myosin_1
ebra17702.t1,Not_Target,Not_Target,Not_Target
ebra17703.t1,Myosin_45,Not_Target,Myosin_3
ebra17704.t1,Not_Target,Myosin_5,Not_Target
ebra17705.t1,Not_Target,Not_Target,Not_Target
ebra17706.t1,Myosin_19,Myosin_19,Not_Target
ebra11103.t1,Not_Target,Not_Target,Not_Target
ebra11104.t1,Not_Target,Not_Target,Not_Target
ebra11105.t1,Myosin_2,Not_Target,Myosin_5
ebra11106.t1,Not_Target,Not_Target,Not_Target
ebra11107.t1,Not_Target,Not_Target,Not_Target
ebra11108.t1,Not_Target,Myosin_1,Not_Target
ebra11109.t1,Not_Target,Not_Target,Not_Target
ebra11110.t1,Not_Target,Not_Target,Not_Target
ebra11111.t1,Not_Target,Not_Target,Not_Target
ebra11112.t1,Not_Target,Myosin_51,Not_Target
ebra11113.t1,Not_Target,Myosin_19,Not_Target
ebra3841.t1,Not_Target,Myosin_1,Not_Target
ebra3842.t1,Not_Target,Not_Target,Myosin_71
ebra3843.t1,Not_Target,Not_Target,Not_Target
ebra3844.t1,Not_Target,Not_Target,Not_Target
ebra3845.t1,Not_Target,Myosin_19,Not_Target
ebra3846.t1,Not_Target,Not_Target,Not_Target
ebra3847.t1,Not_Target,Not_Target,Not_Target
ebra3848.t1,Not_Target,Not_Target,Not_Target
ebra3849.t1,Not_Target,Myosin_3,Myosin_3
ebra3850.t1,Myosin_18,Myosin_5,Myosin_19
ebra3851.t1,Not_Target,Not_Target,Not_Target
ebra17011.t1,Not_Target,Not_Target,Not_Target
ebra17012.t1,Not_Target,Myosin_16,Not_Target
ebra17013.t1,Not_Target,Not_Target,Not_Target
ebra17014.t1,Myosin_71,Not_Target,Myosin_24
ebra17015.t1,Not_Target,Not_Target,Not_Target
ebra17016.t1,Not_Target,Not_Target,Not_Target
ebra17017.t1,Myosin_2,Not_Target,Not_Target
ebra17018.t1,Myosin_30,Not_Target,Not_Target
ebra17019.t1,Myosin_19,Myosin_19,Not_Target
ebra17020.t1,Not_Target,Not_Target,Not_Target
ebra17021.t1,Myosin_6,Not_Target,Not_Target
ebra17022.t1,Myosin_2,Myosin_3,Myosin_68
ebra17023.t1,Myosin_19,Myosin_19,Myosin_5
ebra12234.t1,Not_Target,Not_Target,Myosin_14
ebra12235.t1,Not_Target,Myosin_18,Myosin_18
ebra12236.t1,Myosin_51,Myosin_3,Myosin_3
ebra12237.t1,Not_Target,Not_Target,Myosin_2
ebra12238.t1,Not_Target,Not_Target,Myosin_51
ebra12239.t1,Myosin_45,Myosin_45,Not_Target
ebra12240.t1,Not_Target,Not_Target,Not_Target
ebra12241.t1,Not_Target,Not_Target,Not_Target
ebra12242.t1,Not_Target,Not_Target,Myosin_2
ebra12243.t1,Not_Target,Not_Target,Myosin_2
ebra12244.t1,Not_Target,Not_Target,Not_Target
ebra19283.t1,Myosin_36,Myosin_17,Myosin_36
ebra19284.t1,Not_Target,Not_Target,Not_Target
ebra19285.t1,Not_Target,Not_Target,Not_Target
ebra19286.t1,Not_Target,Not_Target,Not_Target
ebra19287.t1,Not_Target,Not_Target,Not_Target
ebra19288.t1,Myosin_45,Myosin_45,Myosin_3
ebra19289.t1,Not_Target,Not_Target,Not_Target
ebra19290.t1,Not_Target,Not_Target,Not_Target
ebra19291.t1,Not_Target,Not_Target,Not_Target
ebra11719.t1,Myosin_9,Myosin_5,Not_Target
ebra11720.t1,Not_Target,Not_Target,Not_Target
ebra11721.t1,Not_Target,Not_Target,Not_Target
ebra11722.t1,Not_Target,Myosin_1,Not_Target
ebra11723.t1,Myosin_17,Myosin_4,Myosin_4
ebra11724.t1,Myosin_23,Myosin_5,Myosin_20
ebra11725.t1,Not_Target,Not_Target,Not_Target
ebra11726.t1,Not_Target,Not_Target,Not_Target
ebra5099.t1,Not_Target,Not_Target,Not_Target
ebra5100.t1,Not_Target,Not_Target,Not_Target
ebra5101.t1,Myosin_19,Myosin_19,Not_Target
ebra5102.t1,Not_Target,Not_Target,Not_Target
ebra5103.t1,Myosin_57,Not_Target,Not_Target
ebra5104.t1,Not_Target,Not_Target,Not_Target
ebra5105.t1,Not_Target,Not_Target,Not_Target
ebra5106.t1,Not_Target,Myosin_1,Not_Target
ebra5107.t1,Myosin_74,Not_Target,Not_Target
ebra5108.t1,Not_Target,Not_Target,Not_Target
ebra5109.t1,Not_Target,Not_Target,Not_Target
ebra5110.t1,Not_Target,Not_Target,Myosin_20
ebra18995.t1,Myosin_26,Not_Target,Myosin_15
ebra18996.t1,Not_Target,Not_Target,Not_Target
ebra18997.t1,Myosin_17,Not_Target,Myosin_51
ebra18998.t1,Not_Target,Not_Target,Not_Target
ebra18999.t1,Not_Target,Not_Target,Not_Target
ebra19000.t1,Myosin_31,Not_Target,Not_Target
ebra19001.t1,Not_Target,Not_Target,Not_Target
ebra19002.t1,Not_Target,Not_Target,Not_Target
ebra19003.t1,Not_Target,Not_Target,Not_Target
ebra19004.t1,Not_Target,Not_Target,Not_Target
ebra19005.t1,Myosin_46,Not_Target,Myosin_5
ebra19006.t1,Not_Target,Not_Target,Not_Target
ebra19007.t1,Not_Target,Not_Target,Myosin_19
ebra19008.t1,Not_Target,Not_Target,Not_Target
ebra19009.t1,Not_Target,Not_Target,Not_Target
ebra19010.t1,Not_Target,Not_Target,Myosin_19
ebra4671.t1,Not_Target,Not_Target,Not_Target
ebra4672.t1,Not_Target,Not_Target,Not_Target
ebra4673.t1,Not_Target,Not_Target,Not_Target
ebra4674.t1,Not_Target,Not_Target,Not_Target
ebra4675.t1,Myosin_17,Myosin_17,Myosin_23
ebra4676.t1,Not_Target,Not_Target,Not_Target
ebra4677.t1,Not_Target,Not_Target,Not_Target
ebra4678.t1,Not_Target,Not_Target,Not_Target
ebra4679.t1,Not_Target,Not_Target,Not_Target
ebra4680.t1,Not_Target,Not_Target,Myosin_36
ebra4681.t1,Not_Target,Not_Target,Not_Target
ebra4682.t1,Myosin_18,Not_Target,Myosin_3
ebra4683.t1,Myosin_81,Myosin_22,Myosin_5
ebra4684.t1,Not_Target,Not_Target,Myosin_53
ebra4685.t1,Not_Target,Myosin_1,Not_Target
ebra4686.t1,Not_Target,Not_Target,Not_Target
ebra717.t1,Myosin_18,Not_Target,Not_Target
ebra718.t1,Myosin_17,Myosin_17,Not_Target
ebra719.t1,Not_Target,Myosin_19,Myosin_17
ebra720.t1,Not_Target,Not_Target,Not_Target
ebra721.t1,Not_Target,Not_Target,Myosin_1
ebra722.t1,Not_Target,Not_Target,Not_Target
ebra723.t1,Not_Target,Not_Target,Not_Target
ebra724.t1,Not_Target,Not_Target,Not_Target
ebra725.t1,Myosin_37,Myosin_22,Myosin_5
ebra726.t1,Not_Target,Not_Target,Not_Target
ebra727.t1,Not_Target,Myosin_57,Not_Target
ebra728.t1,Myosin_45,Not_Target,Not_Target
ebra729.t1,Not_Target,Not_Target,Not_Target
ebra730.t1,Not_Target,Not_Target,Myosin_5
ebra731.t1,Myosin_3,Not_Target,Myosin_37
ebra732.t1,Not_Target,Not_Target,Not_Target
ebra8221.t1,Myosin_25,Myosin_23,Not_Target
ebra8222.t1,Myosin_9,Myosin_9,Myosin_13
ebra8223.t1,Not_Target,Not_Target,Not_Target
ebra8224.t1,Not_Target,Not_Target,Not_Target
ebra8225.t1,Not_Target,Not_Target,Not_Target
ebra8226.t1,Not_Target,Not_Target,Not_Target
ebra8227.t1,Not_Target,Not_Target,Not_Target
ebra8228.t1,Not_Target,Not_Target,Not_Target
ebra19526.t1,Myosin_19,Myosin_19,Not_Target
ebra19527.t1,Myosin_45,Not_Target,Not_Target
ebra19528.t1,Not_Target,Not_Target,Not_Target
ebra19529.t1,Not_Target,Not_Target,Not_Target
ebra19530.t1,Not_Target,Myosin_2,Not_Target
ebra19531.t1,Not_Target,Not_Target,Not_Target
ebra19532.t1,Not_Target,Not_Target,Not_Target
ebra19533.t1,Not_Target,Not_Target,Not_Target
ebra19534.t1,Not_Target,Not_Target,Not_Target
ebra19535.t1,Not_Target,Not_Target,Not_Target
ebra19536.t1,Not_Target,Not_Target,Not_Target
ebra19537.t1,Not_Target,Not_Target,Not_Target
ebra19538.t1,Myosin_1,Myosin_1,Not_Target
ebra19539.t1,Myosin_16,Not_Target,Myosin_24
ebra19540.t1,Not_Target,Myosin_1,Not_Target
ebra19541.t1,Myosin_22,Myosin_22,Myosin_7
ebra19542.t1,Not_Target,Not_Target,Not_Target
ebra19543.t1,Not_Target,Not_Target,Not_Target
ebra19544.t1,Not_Target,Not_Target,Not_Target
ebra19545.t1,Not_Target,Not_Target,Not_Target
ebra19546.t1,Not_Target,Not_Target,Myosin_57
ebra8550.t1,Myosin_19,Myosin_19,Not_Target
ebra8551.t1,Not_Target,Not_Target,Not_Target
ebra8552.t1,Myosin_45,Not_Target,Myosin_3
ebra8553.t1,Not_Target,Not_Target,Not_Target
ebra8554.t1,Myosin_16,Not_Target,Myosin_4
ebra8555.t1,Myosin_31,Not_Target,Not_Target
ebra8556.t1,Myosin_17,Not_Target,Myosin_3
ebra8557.t1,Myosin_37,Myosin_37,Not_Target
ebra8558.t1,Not_Target,Not_Target,Not_Target
ebra8559.t1,Not_Target,Not_Target,Myosin_18
ebra5821.t1,Not_Target,Myosin_19,Myosin_23
ebra5822.t1,Not_Target,Not_Target,Not_Target
ebra5823.t1,Not_Target,Not_Target,Not_Target
ebra5824.t1,Not_Target,Not_Target,Not_Target
ebra5825.t1,Myosin_36,Myosin_36,Myosin_36
ebra5826.t1,Not_Target,Not_Target,Not_Target
ebra5827.t1,Not_Target,Not_Target,Not_Target
ebra5828.t1,Not_Target,Not_Target,Not_Target
ebra5829.t1,Not_Target,Not_Target,Not_Target
ebra5830.t1,Not_Target,Not_Target,Not_Target
ebra649.t1,Not_Target,Not_Target,Not_Target
ebra650.t1,Not_Target,Not_Target,Not_Target
ebra651.t1,Not_Target,Myosin_2,Not_Target
ebra652.t1,Not_Target,Not_Target,Myosin_1
ebra653.t1,Not_Target,Myosin_10,Not_Target
ebra654.t1,Not_Target,Not_Target,Not_Target
ebra655.t1,Not_Target,Not_Target,Not_Target
ebra656.t1,Not_Target,Myosin_5,Not_Target
ebra657.t1,Myosin_2,Not_Target,Not_Target
ebra658.t1,Not_Target,Not_Target,Not_Target
ebra659.t1,Not_Target,Not_Target,Not_Target
ebra660.t1,Not_Target,Not_Target,Not_Target
ebra661.t1,Not_Target,Not_Target,Not_Target
ebra6056.t1,Not_Target,Not_Target,Myosin_67
ebra6057.t1,Myosin_31,Not_Target,Not_Target
ebra6058.t1,Not_Target,Not_Target,Not_Target
ebra6059.t1,Not_Target,Myosin_16,Myosin_18
ebra6060.t1,Not_Target,Not_Target,Not_Target
ebra6061.t1,Myosin_17,Not_Target,Myosin_2
ebra6062.t1,Myosin_45,Not_Target,Myosin_45
ebra6063.t1,Myosin_8,Myosin_57,Myosin_5
ebra6064.t1,Not_Target,Not_Target,Myosin_1
ebra6065.t1,Not_Target,Not_Target,Not_Target
ebra6066.t1,Not_Target,Not_Target,Not_Target
ebra6067.t1,Not_Target,Not_Target,Not_Target
ebra6068.t1,Not_Target,Myosin_81,Not_Target
ebra2979.t1,Not_Target,Not_Target,Not_Target
ebra2980.t1,Not_Target,Not_Target,Not_Target
ebra2981.t1,Myosin_8,Myosin_6,Myosin_2
ebra2982.t1,Not_Target,Not_Target,Myosin_40
ebra2983.t1,Not_Target,Myosin_5,Myosin_20
ebra2984.t1,Not_Target,Not_Target,Not_Target
ebra2985.t1,Not_Target,Not_Target,Not_Target
ebra2986.t1,Not_Target,Not_Target,Not_Target
ebra2987.t1,Not_Target,Not_Target,Myosin_28
ebra2988.t1,Not_Target,Not_Target,Not_Target
ebra2989.t1,Not_Target,Myosin_71,Not_Target
ebra2990.t1,Not_Target,Not_Target,Not_Target
ebra2991.t1,Myosin_57,Myosin_57,Not_Target
ebra2992.t1,Not_Target,Not_Target,Not_Target
ebra2993.t1,Not_Target,Not_Target,Not_Target
ebra2994.t1,Not_Target,Not_Target,Not_Target
ebra2995.t1,Not_Target,Not_Target,Not_Target
ebra2996.t1,Not_Target,Not_Target,Not_Target
ebra2997.t1,Not_Target,Not_Target,Not_Target
ebra2998.t1,Not_Target,Not_Target,Not_Target
ebra16468.t1,Not_Target,Not_Target,Not_Target
ebra16469.t1,Not_Target,Not_Target,Not_Target
ebra16470.t1,Not_Target,Not_Target,Not_Target
ebra16471.t1,Myosin_17,Myosin_17,Not_Target
ebra16472.t1,Myosin_26,Myosin_57,Not_Target
ebra16473.t1,Myosin_19,Not_Target,Myosin_4
ebra16474.t1,Not_Target,Not_Target,Not_Target
ebra16475.t1,Myosin_15,Myosin_66,Myosin_5
ebra18339.t1,Not_Target,Myosin_8,Not_Target
ebra18340.t1,Not_Target,Not_Target,Not_Target
ebra18341.t1,Not_Target,Myosin_66,Not_Target
ebra18342.t1,Myosin_51,Not_Target,Not_Target
ebra18343.t1,Myosin_20,Myosin_17,Not_Target
ebra18344.t1,Not_Target,Not_Target,Not_Target
ebra18345.t1,Not_Target,Not_Target,Not_Target
ebra18346.t1,Not_Target,Myosin_19,Not_Target
ebra18347.t1,Not_Target,Myosin_6,Not_Target
ebra18348.t1,Not_Target,Not_Target,Not_Target
ebra18349.t1,Not_Target,Not_Target,Not_Target
ebra18350.t1,Not_Target,Not_Target,Not_Target
ebra18351.t1,Not_Target,Not_Target,Not_Target
ebra18352.t1,Not_Target,Not_Target,Not_Target
ebra18353.t1,Not_Target,Not_Target,Not_Target
ebra18354.t1,Not_Target,Not_Target,Not_Target
ebra6517.t1,Not_Target,Not_Target,Not_Target
ebra6518.t1,Not_Target,Not_Target,Not_Target
ebra6519.t1,Not_Target,Not_Target,Not_Target
ebra6520.t1,Not_Target,Not_Target,Not_Target
ebra6521.t1,Not_Target,Myosin_19,Not_Target
ebra6522.t1,Not_Target,Myosin_57,Not_Target
ebra6523.t1,Not_Target,Not_Target,Not_Target
ebra6524.t1,Not_Target,Not_Target,Myosin_11
ebra6525.t1,Not_Target,Not_Target,Myosin_1
ebra6526.t1,Not_Target,Myosin_57,Not_Target
ebra6527.t1,Not_Target,Myosin_57,Not_Target
ebra6528.t1,Not_Target,Not_Target,Not_Target
ebra16694.t1,Not_Target,Not_Target,Not_Target
ebra16695.t1,Not_Target,Myosin_1,Not_Target
ebra16696.t1,Not_Target,Not_Target,Not_Target
ebra16697.t1,Not_Target,Not_Target,Not_Target
ebra16698.t1,Myosin_30,Myosin_17,Myosin_30
ebra16699.t1,Myosin_1,Not_Target,Not_Target
ebra16700.t1,Not_Target,Myosin_1,Not_Target
ebra16701.t1,Not_Target,Not_Target,Not_Target
ebra16702.t1,Not_Target,Not_Target,Not_Target
ebra16703.t1,Not_Target,Not_Target,Not_Target
ebra16704.t1,Not_Target,Not_Target,Not_Target
ebra16705.t1,Myosin_18,Not_Target,Not_Target
ebra16706.t1,Myosin_18,Not_Target,Not_Target
ebra16707.t1,Not_Target,Not_Target,Not_Target
ebra16708.t1,Not_Target,Not_Target,Not_Target
ebra111.t1,Not_Target,Myosin_5,Not_Target
ebra112.t1,Not_Target,Myosin_5,Not_Target
ebra113.t1,Myosin_18,Myosin_18,Not_Target
ebra114.t1,Not_Target,Not_Target,Not_Target
ebra115.t1,Not_Target,Not_Target,Not_Target
ebra116.t1,Not_Target,Not_Target,Not_Target
ebra117.t1,Not_Target,Myosin_25,Not_Target
ebra118.t1,Not_Target,Not_Target,Not_Target
ebra119.t1,Not_Target,Not_Target,Not_Target
ebra12036.t1,Not_Target,Not_Target,Not_Target
ebra12037.t1,Myosin_45,Not_Target,Myosin_26
ebra12038.t1,Not_Target,Not_Target,Myosin_24
ebra12039.t1,Not_Target,Not_Target,Not_Target
ebra12040.t1,Not_Target,Not_Target,Not_Target
ebra12041.t1,Not_Target,Not_Target,Not_Target
ebra12042.t1,Not_Target,Not_Target,Not_Target
ebra12043.t1,Not_Target,Not_Target,Myosin_36
ebra12044.t1,Not_Target,Not_Target,Not_Target
ebra12045.t1,Not_Target,Not_Target,Not_Target
ebra12046.t1,Myosin_45,Myosin_45,Not_Target
ebra21325.t1,Myosin_19,Not_Target,Myosin_17
ebra21326.t1,Myosin_29,Myosin_18,Myosin_32
ebra21327.t1,Myosin_30,Myosin_22,Not_Target
ebra21328.t1,Not_Target,Not_Target,Myosin_24
ebra21329.t1,Not_Target,Not_Target,Myosin_24
ebra21330.t1,Not_Target,Myosin_19,Not_Target
ebra10239.t1,Not_Target,Myosin_1,Not_Target
ebra10240.t1,Not_Target,Myosin_4,Not_Target
ebra10241.t1,Not_Target,Not_Target,Not_Target
ebra10242.t1,Not_Target,Not_Target,Not_Target
ebra10243.t1,Not_Target,Not_Target,Not_Target
ebra10244.t1,Not_Target,Not_Target,Not_Target
ebra10245.t1,Myosin_26,Myosin_74,Myosin_3
ebra10246.t1,Not_Target,Not_Target,Not_Target
ebra10247.t1,Not_Target,Not_Target,Not_Target
ebra10248.t1,Not_Target,Not_Target,Not_Target
ebra10249.t1,Not_Target,Not_Target,Not_Target
ebra10250.t1,Myosin_17,Myosin_17,Myosin_17
ebra10251.t1,Not_Target,Not_Target,Not_Target
ebra10252.t1,Not_Target,Not_Target,Not_Target
ebra13441.t1,Myosin_37,Myosin_37,Not_Target
ebra13442.t1,Myosin_37,Myosin_57,Myosin_2
ebra13443.t1,Not_Target,Not_Target,Myosin_40
ebra13444.t1,Not_Target,Not_Target,Not_Target
ebra13445.t1,Not_Target,Not_Target,Not_Target
ebra13446.t1,Not_Target,Not_Target,Not_Target
ebra13447.t1,Not_Target,Myosin_17,Not_Target
ebra13448.t1,Not_Target,Myosin_1,Not_Target
ebra13449.t1,Not_Target,Not_Target,Not_Target
ebra13450.t1,Not_Target,Myosin_5,Not_Target
ebra13451.t1,Myosin_15,Myosin_3,Myosin_5
ebra13452.t1,Myosin_17,Not_Target,Not_Target
ebra13453.t1,Myosin_17,Myosin_17,Myosin_17
ebra13454.t1,Not_Target,Not_Target,Not_Target
ebra6461.t1,Myosin_5,Myosin_5,Myosin_8
ebra6462.t1,Not_Target,Not_Target,Not_Target
ebra6463.t1,Myosin_3,Myosin_57,Not_Target
ebra6464.t1,Not_Target,Not_Target,Not_Target
ebra6465.t1,Not_Target,Not_Target,Myosin_37
ebra6466.t1,Not_Target,Not_Target,Not_Target
ebra6467.t1,Myosin_15,Myosin_15,Myosin_15
ebra6468.t1,Not_Target,Not_Target,Not_Target
ebra6469.t1,Myosin_45,Myosin_5,Myosin_3
ebra6470.t1,Myosin_18,Myosin_5,Myosin_19
ebra6471.t1,Not_Target,Not_Target,Not_Target
ebra6472.t1,Not_Target,Not_Target,Not_Target
ebra6473.t1,Not_Target,Not_Target,Not_Target
ebra16382.t1,Not_Target,Not_Target,Not_Target
ebra16383.t1,Not_Target,Myosin_26,Not_Target
ebra16384.t1,Myosin_45,Not_Target,Myosin_3
ebra16385.t1,Not_Target,Not_Target,Not_Target
ebra16386.t1,Not_Target,Not_Target,Not_Target
ebra3919.t1,Myosin_45,Myosin_17,Myosin_45
ebra3920.t1,Not_Target,Not_Target,Not_Target
ebra3921.t1,Not_Target,Not_Target,Not_Target
ebra3922.t1,Not_Target,Not_Target,Not_Target
ebra3923.t1,Not_Target,Not_Target,Not_Target
ebra3924.t1,Not_Target,Not_Target,Not_Target
ebra3925.t1,Myosin_26,Not_Target,Not_Target
ebra3926.t1,Myosin_73,Myosin_57,Myosin_57
ebra3927.t1,Not_Target,Not_Target,Not_Target
ebra3928.t1,Myosin_3,Myosin_20,Myosin_1
ebra3929.t1,Not_Target,Not_Target,Not_Target
ebra3930.t1,Myosin_45,Not_Target,Not_Target
ebra3931.t1,Not_Target,Not_Target,Not_Target
ebra3932.t1,Not_Target,Myosin_5,Not_Target
ebra3933.t1,Myosin_1,Myosin_1,Myosin_8
ebra3934.t1,Myosin_24,Myosin_17,Not_Target
ebra6582.t1,Not_Target,Not_Target,Not_Target
ebra6583.t1,Not_Target,Not_Target,Not_Target
ebra6584.t1,Not_Target,Not_Target,Not_Target
ebra6585.t1,Myosin_5,Myosin_6,Myosin_1
ebra6586.t1,Not_Target,Not_Target,Not_Target
ebra6587.t1,Not_Target,Not_Target,Not_Target
ebra6588.t1,Myosin_57,Myosin_57,Not_Target
ebra6589.t1,Not_Target,Myosin_74,Myosin_57
ebra6590.t1,Myosin_1,Myosin_1,Not_Target
ebra12895.t1,Not_Target,Myosin_5,Not_Target
ebra12896.t1,Not_Target,Not_Target,Not_Target
ebra12897.t1,Not_Target,Not_Target,Myosin_20
ebra12898.t1,Myosin_16,Not_Target,Myosin_3
ebra12899.t1,Not_Target,Not_Target,Not_Target
ebra12900.t1,Myosin_22,Myosin_16,Myosin_22
ebra12901.t1,Myosin_45,Myosin_64,Not_Target
ebra12902.t1,Not_Target,Not_Target,Not_Target
ebra12903.t1,Not_Target,Not_Target,Not_Target
ebra12904.t1,Not_Target,Not_Target,Not_Target
ebra17604.t1,Not_Target,Not_Target,Not_Target
ebra17605.t1,Not_Target,Myosin_1,Not_Target
ebra17606.t1,Not_Target,Not_Target,Myosin_1
ebra17607.t1,Not_Target,Not_Target,Myosin_20
ebra17608.t1,Myosin_17,Not_Target,Myosin_22
ebra17609.t1,Not_Target,Not_Target,Not_Target
ebra17610.t1,Not_Target,Not_Target,Not_Target
ebra17611.t1,Not_Target,Not_Target,Not_Target
ebra17612.t1,Not_Target,Myosin_26,Not_Target
ebra17613.t1,Not_Target,Not_Target,Not_Target
ebra17614.t1,Not_Target,Not_Target,Not_Target
ebra17615.t1,Not_Target,Not_Target,Not_Target
ebra17616.t1,Not_Target,Not_Target,Not_Target
ebra17617.t1,Not_Target,Not_Target,Not_Target
ebra17618.t1,Myosin_24,Not_Target,Not_Target
ebra17052.t1,Myosin_57,Not_Target,Not_Target
ebra17053.t1,Not_Target,Not_Target,Not_Target
ebra17054.t1,Not_Target,Not_Target,Not_Target
ebra17055.t1,Not_Target,Not_Target,Not_Target
ebra17056.t1,Not_Target,Myosin_6,Myosin_2
ebra17057.t1,Myosin_45,Not_Target,Not_Target
ebra17058.t1,Myosin_30,Not_Target,Myosin_53
ebra17059.t1,Not_Target,Not_Target,Not_Target
ebra17060.t1,Not_Target,Not_Target,Not_Target
ebra5265.t1,Not_Target,Not_Target,Not_Target
ebra5266.t1,Myosin_19,Myosin_19,Myosin_72
ebra5267.t1,Not_Target,Not_Target,Not_Target
ebra5268.t1,Not_Target,Not_Target,Myosin_3
ebra5269.t1,Not_Target,Not_Target,Not_Target
ebra5270.t1,Not_Target,Not_Target,Not_Target
ebra5271.t1,Myosin_74,Not_Target,Myosin_3
ebra5272.t1,Not_Target,Not_Target,Not_Target
ebra5273.t1,Myosin_45,Myosin_45,Myosin_30
ebra5274.t1,Not_Target,Not_Target,Not_Target
ebra5275.t1,Not_Target,Myosin_28,Not_Target
ebra5276.t1,Not_Target,Not_Target,Not_Target
ebra6729.t1,Not_Target,Myosin_16,Myosin_8
ebra6730.t1,Not_Target,Myosin_5,Not_Target
ebra6731.t1,Not_Target,Not_Target,Not_Target
ebra6732.t1,Not_Target,Not_Target,Not_Target
ebra6733.t1,Not_Target,Myosin_18,Not_Target
ebra6734.t1,Not_Target,Myosin_7,Not_Target
ebra6735.t1,Myosin_16,Myosin_3,Myosin_3
ebra6736.t1,Not_Target,Myosin_30,Not_Target
ebra6737.t1,Not_Target,Not_Target,Not_Target
ebra6738.t1,Not_Target,Myosin_29,Not_Target
ebra6739.t1,Not_Target,Myosin_29,Not_Target
ebra6740.t1,Not_Target,Not_Target,Not_Target
ebra6162.t1,Myosin_22,Myosin_22,Myosin_57
ebra6163.t1,Not_Target,Not_Target,Not_Target
ebra6164.t1,Not_Target,Not_Target,Not_Target
ebra6165.t1,Not_Target,Not_Target,Not_Target
ebra6166.t1,Myosin_45,Myosin_44,Not_Target
ebra6167.t1,Not_Target,Not_Target,Not_Target
ebra6168.t1,Not_Target,Not_Target,Not_Target
ebra6169.t1,Not_Target,Not_Target,Not_Target
ebra6170.t1,Not_Target,Not_Target,Not_Target
ebra6171.t1,Not_Target,Myosin_6,Myosin_53
ebra6172.t1,Not_Target,Myosin_26,Not_Target
ebra6173.t1,Not_Target,Not_Target,Myosin_1
ebra11822.t1,Not_Target,Not_Target,Not_Target
ebra11823.t1,Not_Target,Not_Target,Not_Target
ebra11824.t1,Not_Target,Not_Target,Not_Target
ebra11825.t1,Myosin_37,Myosin_1,Not_Target
ebra11826.t1,Not_Target,Not_Target,Not_Target
ebra11827.t1,Myosin_45,Not_Target,Not_Target
ebra11828.t1,Not_Target,Not_Target,Not_Target
ebra11829.t1,Myosin_5,Myosin_57,Myosin_37
ebra11830.t1,Not_Target,Not_Target,Not_Target
ebra11831.t1,Not_Target,Not_Target,Not_Target
ebra11832.t1,Not_Target,Not_Target,Not_Target
ebra11833.t1,Not_Target,Not_Target,Not_Target
ebra11834.t1,Not_Target,Not_Target,Not_Target
ebra5192.t1,Not_Target,Not_Target,Not_Target
ebra5193.t1,Not_Target,Not_Target,Not_Target
ebra5194.t1,Myosin_6,Myosin_6,Myosin_2
ebra5195.t1,Not_Target,Not_Target,Not_Target
ebra5196.t1,Not_Target,Not_Target,Not_Target
ebra5197.t1,Not_Target,Not_Target,Not_Target
ebra5198.t1,Not_Target,Not_Target,Not_Target
ebra5199.t1,Myosin_26,Myosin_74,Myosin_26
ebra5200.t1,Not_Target,Not_Target,Not_Target
ebra5201.t1,Myosin_64,Myosin_64,Not_Target
ebra3345.t1,Not_Target,Not_Target,Not_Target
ebra3346.t1,Myosin_18,Myosin_14,Myosin_6
ebra3347.t1,Myosin_18,Myosin_14,Myosin_6
ebra3348.t1,Not_Target,Not_Target,Not_Target
ebra3349.t1,Not_Target,Not_Target,Not_Target
ebra3350.t1,Not_Target,Not_Target,Myosin_23
ebra3351.t1,Not_Target,Not_Target,Myosin_1
ebra3352.t1,Not_Target,Myosin_17,Not_Target
ebra3353.t1,Not_Target,Not_Target,Not_Target
ebra3354.t1,Myosin_17,Myosin_19,Not_Target
ebra3355.t1,Not_Target,Not_Target,Not_Target
ebra3356.t1,Myosin_50,Not_Target,Myosin_3
ebra3357.t1,Not_Target,Not_Target,Not_Target
ebra3358.t1,Not_Target,Not_Target,Not_Target
ebra13953.t1,Not_Target,Not_Target,Not_Target
ebra13954.t1,Not_Target,Myosin_19,Not_Target
ebra13955.t1,Not_Target,Not_Target,Not_Target
ebra13956.t1,Not_Target,Myosin_19,Myosin_31
ebra13957.t1,Not_Target,Not_Target,Not_Target
ebra13958.t1,Not_Target,Not_Target,Not_Target
ebra13959.t1,Myosin_51,Myosin_51,Not_Target
ebra13960.t1,Not_Target,Not_Target,Not_Target
ebra13961.t1,Not_Target,Not_Target,Not_Target
ebra13962.t1,Not_Target,Not_Target,Not_Target
ebra13963.t1,Not_Target,Not_Target,Myosin_36
ebra13964.t1,Myosin_26,Myosin_26,Myosin_71
ebra13965.t1,Myosin_1,Myosin_1,Not_Target
ebra18848.t1,Myosin_57,Not_Target,Myosin_24
ebra18849.t1,Not_Target,Myosin_6,Not_Target
ebra18850.t1,Myosin_19,Not_Target,Myosin_3
ebra18851.t1,Not_Target,Myosin_19,Not_Target
ebra18852.t1,Not_Target,Not_Target,Not_Target
ebra18853.t1,Not_Target,Not_Target,Not_Target
ebra18854.t1,Not_Target,Not_Target,Not_Target
ebra18855.t1,Myosin_17,Myosin_17,Myosin_17
ebra18856.t1,Myosin_19,Myosin_19,Myosin_20
ebra18857.t1,Not_Target,Not_Target,Not_Target
ebra17641.t1,Myosin_3,Myosin_23,Not_Target
ebra17642.t1,Not_Target,Not_Target,Not_Target
ebra17643.t1,Myosin_15,Myosin_3,Myosin_5
ebra17644.t1,Not_Target,Myosin_5,Not_Target
ebra17645.t1,Not_Target,Not_Target,Not_Target
ebra17646.t1,Not_Target,Myosin_17,Not_Target
ebra17647.t1,Not_Target,Not_Target,Not_Target
ebra17648.t1,Not_Target,Not_Target,Not_Target
ebra17649.t1,Not_Target,Not_Target,Not_Target
ebra4142.t1,Not_Target,Not_Target,Not_Target
ebra4143.t1,Not_Target,Not_Target,Not_Target
ebra4144.t1,Not_Target,Myosin_19,Not_Target
ebra4145.t1,Not_Target,Myosin_5,Not_Target
ebra4146.t1,Not_Target,Not_Target,Not_Target
ebra4147.t1,Myosin_36,Myosin_62,Myosin_13
ebra4148.t1,Not_Target,Not_Target,Not_Target
ebra4149.t1,Myosin_57,Not_Target,Not_Target
ebra4150.t1,Not_Target,Myosin_4,Not_Target
ebra4151.t1,Not_Target,Not_Target,Not_Target
ebra4152.t1,Not_Target,Not_Target,Not_Target
ebra4153.t1,Not_Target,Not_Target,Not_Target
ebra4154.t1,Myosin_18,Myosin_18,Myosin_31
ebra4155.t1,Not_Target,Not_Target,Not_Target
ebra4156.t1,Myosin_30,Not_Target,Not_Target
ebra4157.t1,Not_Target,Not_Target,Not_Target
ebra4158.t1,Myosin_1,Myosin_1,Myosin_1
ebra4159.t1,Not_Target,Not_Target,Not_Target
ebra4160.t1,Not_Target,Not_Target,Myosin_51
ebra4161.t1,Not_Target,Not_Target,Not_Target
ebra11373.t1,Not_Target,Not_Target,Not_Target
ebra11374.t1,Not_Target,Not_Target,Not_Target
ebra11375.t1,Not_Target,Not_Target,Not_Target
ebra11376.t1,Myosin_64,Myosin_18,Not_Target
ebra11377.t1,Not_Target,Myosin_1,Myosin_1
ebra11378.t1,Myosin_1,Myosin_28,Myosin_1
ebra11379.t1,Myosin_16,Not_Target,Myosin_16
ebra11380.t1,Not_Target,Not_Target,Not_Target
ebra11381.t1,Not_Target,Not_Target,Not_Target
ebra11382.t1,Not_Target,Not_Target,Not_Target
ebra11383.t1,Not_Target,Not_Target,Not_Target
ebra11384.t1,Not_Target,Not_Target,Not_Target
ebra4909.t1,Not_Target,Not_Target,Not_Target
ebra4910.t1,Not_Target,Not_Target,Not_Target
ebra4911.t1,Not_Target,Not_Target,Not_Target
ebra4912.t1,Myosin_31,Myosin_28,Not_Target
ebra4913.t1,Myosin_51,Not_Target,Myosin_5
ebra4914.t1,Myosin_45,Myosin_16,Myosin_1
ebra4915.t1,Myosin_45,Not_Target,Not_Target
ebra4916.t1,Myosin_45,Myosin_45,Not_Target
ebra4917.t1,Not_Target,Not_Target,Not_Target
ebra4918.t1,Not_Target,Not_Target,Not_Target
ebra4919.t1,Not_Target,Not_Target,Myosin_11
ebra4920.t1,Not_Target,Not_Target,Not_Target
ebra8635.t1,Not_Target,Not_Target,Not_Target
ebra8636.t1,Not_Target,Not_Target,Not_Target
ebra8637.t1,Myosin_26,Not_Target,Myosin_16
ebra8638.t1,Myosin_37,Not_Target,Not_Target
ebra8639.t1,Not_Target,Not_Target,Not_Target
ebra8640.t1,Not_Target,Myosin_1,Not_Target
ebra8641.t1,Myosin_30,Not_Target,Not_Target
ebra8642.t1,Not_Target,Not_Target,Not_Target
ebra8643.t1,Not_Target,Not_Target,Not_Target
ebra8644.t1,Not_Target,Not_Target,Myosin_42
ebra8645.t1,Not_Target,Myosin_27,Not_Target
ebra8646.t1,Myosin_37,Not_Target,Myosin_5
ebra8647.t1,Myosin_2,Myosin_5,Not_Target
ebra8648.t1,Not_Target,Myosin_26,Not_Target
ebra10258.t1,Myosin_1,Myosin_1,Myosin_1
ebra10259.t1,Myosin_26,Myosin_26,Myosin_1
ebra10260.t1,Not_Target,Not_Target,Not_Target
ebra10261.t1,Not_Target,Not_Target,Myosin_20
ebra10262.t1,Not_Target,Not_Target,Not_Target
ebra10263.t1,Not_Target,Not_Target,Not_Target
ebra10264.t1,Not_Target,Not_Target,Myosin_23
ebra10265.t1,Not_Target,Not_Target,Myosin_1
ebra10266.t1,Not_Target,Myosin_6,Not_Target
ebra10267.t1,Not_Target,Not_Target,Not_Target
ebra10268.t1,Myosin_18,Myosin_57,Myosin_2
ebra10269.t1,Not_Target,Not_Target,Not_Target
ebra15045.t1,Not_Target,Not_Target,Not_Target
ebra15046.t1,Myosin_30,Myosin_17,Myosin_57
ebra15047.t1,Myosin_36,Not_Target,Myosin_36
ebra15048.t1,Not_Target,Not_Target,Not_Target
ebra15049.t1,Not_Target,Myosin_51,Not_Target
ebra15050.t1,Not_Target,Not_Target,Not_Target
ebra15051.t1,Not_Target,Not_Target,Not_Target
ebra15052.t1,Not_Target,Not_Target,Not_Target
ebra15053.t1,Not_Target,Not_Target,Not_Target
ebra15054.t1,Not_Target,Myosin_51,Not_Target
ebra15055.t1,Not_Target,Not_Target,Not_Target
ebra15056.t1,Myosin_1,Not_Target,Not_Target
ebra15057.t1,Not_Target,Not_Target,Not_Target
ebra15058.t1,Not_Target,Myosin_11,Not_Target
ebra15059.t1,Not_Target,Myosin_1,Not_Target
ebra15060.t1,Not_Target,Not_Target,Not_Target
ebra15061.t1,Not_Target,Not_Target,Not_Target
ebra15062.t1,Not_Target,Not_Target,Myosin_8
ebra15063.t1,Not_Target,Not_Target,Not_Target
ebra15064.t1,Not_Target,Not_Target,Not_Target
ebra15065.t1,Not_Target,Not_Target,Not_Target
ebra18283.t1,Not_Target,Not_Target,Not_Target
ebra18284.t1,Not_Target,Not_Target,Not_Target
ebra18285.t1,Not_Target,Not_Target,Myosin_1
ebra18286.t1,Not_Target,Not_Target,Not_Target
ebra18287.t1,Not_Target,Not_Target,Not_Target
ebra18288.t1,Not_Target,Not_Target,Not_Target
ebra18289.t1,Not_Target,Not_Target,Not_Target
ebra18290.t1,Myosin_45,Myosin_8,Not_Target
ebra18291.t1,Myosin_45,Myosin_74,Not_Target
ebra18292.t1,Myosin_74,Not_Target,Not_Target
ebra18293.t1,Myosin_57,Myosin_57,Not_Target
ebra18294.t1,Myosin_1,Myosin_26,Myosin_71
ebra18295.t1,Not_Target,Myosin_19,Not_Target
ebra3996.t1,Not_Target,Not_Target,Not_Target
ebra3997.t1,Myosin_20,Myosin_18,Not_Target
ebra3998.t1,Not_Target,Not_Target,Not_Target
ebra3999.t1,Not_Target,Not_Target,Not_Target
ebra4000.t1,Not_Target,Not_Target,Myosin_6
ebra4001.t1,Not_Target,Not_Target,Myosin_50
ebra4002.t1,Not_Target,Not_Target,Myosin_14
ebra4003.t1,Not_Target,Myosin_25,Not_Target
ebra4004.t1,Not_Target,Not_Target,Not_Target
ebra4005.t1,Not_Target,Not_Target,Not_Target
ebra4006.t1,Not_Target,Not_Target,Not_Target
ebra4007.t1,Not_Target,Not_Target,Not_Target
ebra4008.t1,Not_Target,Not_Target,Not_Target
ebra9578.t1,Not_Target,Not_Target,Not_Target
ebra9579.t1,Not_Target,Not_Target,Not_Target
ebra9580.t1,Myosin_31,Not_Target,Not_Target
ebra9581.t1,Myosin_31,Not_Target,Not_Target
ebra9582.t1,Not_Target,Not_Target,Not_Target
ebra9583.t1,Not_Target,Not_Target,Not_Target
ebra9584.t1,Not_Target,Not_Target,Not_Target
ebra9585.t1,Not_Target,Not_Target,Myosin_19
ebra9586.t1,Not_Target,Not_Target,Not_Target
ebra9587.t1,Myosin_45,Myosin_5,Myosin_18
ebra9588.t1,Not_Target,Not_Target,Not_Target
ebra9589.t1,Myosin_74,Not_Target,Myosin_20
ebra9590.t1,Not_Target,Myosin_8,Not_Target
ebra9591.t1,Not_Target,Not_Target,Myosin_1
ebra20104.t1,Not_Target,Not_Target,Not_Target
ebra20105.t1,Not_Target,Not_Target,Not_Target
ebra20106.t1,Not_Target,Myosin_19,Not_Target
ebra20107.t1,Not_Target,Not_Target,Myosin_8
ebra20108.t1,Not_Target,Not_Target,Not_Target
ebra20109.t1,Not_Target,Not_Target,Not_Target
ebra20110.t1,Actin,Actin,Actin
ebra20111.t1,Not_Target,Not_Target,Not_Target
ebra20112.t1,Not_Target,Not_Target,Not_Target
ebra20113.t1,Not_Target,Not_Target,Not_Target
ebra20114.t1,Not_Target,Not_Target,Not_Target
ebra20115.t1,Not_Target,Not_Target,Not_Target
ebra20116.t1,Not_Target,Myosin_17,Myosin_8
ebra20117.t1,Not_Target,Not_Target,Not_Target
ebra20118.t1,Myosin_2,Not_Target,Not_Target
ebra20119.t1,Myosin_18,Not_Target,Not_Target
ebra20120.t1,Not_Target,Not_Target,Not_Target
ebra13170.t1,Not_Target,Not_Target,Myosin_57
ebra13171.t1,Not_Target,Not_Target,Not_Target
ebra13172.t1,Myosin_17,Myosin_17,Myosin_45
ebra13173.t1,Not_Target,Not_Target,Not_Target
ebra13174.t1,Myosin_37,Not_Target,Myosin_48
ebra13175.t1,Not_Target,Myosin_19,Not_Target
ebra13176.t1,Not_Target,Not_Target,Not_Target
ebra13177.t1,Not_Target,Not_Target,Not_Target
ebra13178.t1,Not_Target,Myosin_5,Myosin_5
ebra9691.t1,Not_Target,Not_Target,Not_Target
ebra9692.t1,Not_Target,Myosin_19,Myosin_51
ebra9693.t1,Myosin_2,Not_Target,Myosin_23
ebra9694.t1,Myosin_5,Myosin_5,Myosin_5
ebra9695.t1,Not_Target,Myosin_20,Not_Target
ebra9696.t1,Not_Target,Myosin_36,Not_Target
ebra9697.t1,Not_Target,Myosin_20,Myosin_4
ebra9698.t1,Myosin_18,Myosin_76,Myosin_17
ebra9699.t1,Not_Target,Not_Target,Not_Target
ebra9700.t1,Not_Target,Not_Target,Not_Target
ebra9701.t1,Not_Target,Myosin_17,Myosin_17
ebra9702.t1,Not_Target,Myosin_57,Not_Target
ebra9703.t1,Not_Target,Not_Target,Not_Target
ebra9704.t1,Myosin_45,Myosin_26,Myosin_31
ebra5314.t1,Myosin_1,Myosin_1,Not_Target
ebra5315.t1,Myosin_45,Myosin_1,Myosin_22
ebra5316.t1,Not_Target,Not_Target,Not_Target
ebra5317.t1,Not_Target,Myosin_18,Myosin_1
ebra5318.t1,Myosin_24,Not_Target,Not_Target
ebra5319.t1,Not_Target,Not_Target,Not_Target
ebra5320.t1,Not_Target,Not_Target,Not_Target
ebra5321.t1,Myosin_17,Myosin_17,Not_Target
ebra5322.t1,Not_Target,Not_Target,Not_Target
ebra5323.t1,Not_Target,Not_Target,Not_Target
ebra5324.t1,Not_Target,Myosin_17,Not_Target
ebra5325.t1,Not_Target,Not_Target,Not_Target
ebra5326.t1,Not_Target,Not_Target,Not_Target
ebra16894.t1,Not_Target,Not_Target,Not_Target
ebra16895.t1,Not_Target,Not_Target,Not_Target
ebra16896.t1,Myosin_18,Myosin_18,Not_Target
ebra16897.t1,Not_Target,Not_Target,Not_Target
ebra16898.t1,Not_Target,Not_Target,Not_Target
ebra16899.t1,Not_Target,Not_Target,Not_Target
ebra16900.t1,Not_Target,Not_Target,Not_Target
ebra16901.t1,Not_Target,Not_Target,Not_Target
ebra16902.t1,Myosin_6,Not_Target,Myosin_1
ebra16903.t1,Myosin_74,Not_Target,Not_Target
ebra16904.t1,Not_Target,Not_Target,Not_Target
ebra16905.t1,Not_Target,Not_Target,Not_Target
ebra16906.t1,Not_Target,Not_Target,Myosin_51
ebra11932.t1,Not_Target,Myosin_17,Not_Target
ebra11933.t1,Not_Target,Not_Target,Not_Target
ebra11934.t1,Not_Target,Not_Target,Not_Target
ebra11935.t1,Myosin_18,Myosin_5,Myosin_2
ebra11936.t1,Not_Target,Not_Target,Not_Target
ebra11937.t1,Myosin_31,Not_Target,Not_Target
ebra11938.t1,Not_Target,Not_Target,Myosin_57
ebra11939.t1,Not_Target,Not_Target,Not_Target
ebra11940.t1,Not_Target,Not_Target,Myosin_14
ebra11941.t1,Myosin_16,Myosin_16,Myosin_16
ebra11942.t1,Not_Target,Not_Target,Not_Target
ebra11943.t1,Myosin_18,Myosin_25,Not_Target
ebra11944.t1,Not_Target,Myosin_17,Not_Target
ebra11945.t1,Myosin_5,Myosin_5,Myosin_5
ebra888.t1,Not_Target,Not_Target,Not_Target
ebra889.t1,Not_Target,Not_Target,Not_Target
ebra890.t1,Not_Target,Not_Target,Not_Target
ebra891.t1,Myosin_5,Not_Target,Not_Target
ebra892.t1,Not_Target,Not_Target,Not_Target
ebra893.t1,Not_Target,Not_Target,Not_Target
ebra894.t1,Not_Target,Not_Target,Not_Target
ebra895.t1,Myosin_17,Not_Target,Myosin_3
ebra896.t1,Not_Target,Not_Target,Not_Target
ebra897.t1,Not_Target,Not_Target,Not_Target
ebra898.t1,Myosin_22,Myosin_4,Myosin_25
ebra899.t1,Not_Target,Not_Target,Not_Target
ebra900.t1,Not_Target,Not_Target,Myosin_20
ebra15119.t1,Myosin_45,Myosin_64,Not_Target
ebra15120.t1,Not_Target,Not_Target,Not_Target
ebra15121.t1,Not_Target,Not_Target,Not_Target
ebra15122.t1,Not_Target,Not_Target,Not_Target
ebra15123.t1,Not_Target,Not_Target,Not_Target
ebra15124.t1,Not_Target,Not_Target,Not_Target
ebra15125.t1,Not_Target,Not_Target,Not_Target
ebra15126.t1,Not_Target,Myosin_5,Not_Target
ebra15127.t1,Not_Target,Not_Target,Not_Target
ebra15128.t1,Not_Target,Myosin_51,Not_Target
ebra15129.t1,Myosin_30,Not_Target,Not_Target
ebra8350.t1,Not_Target,Not_Target,Not_Target
ebra8351.t1,Not_Target,Myosin_6,Not_Target
ebra8352.t1,Not_Target,Not_Target,Not_Target
ebra8353.t1,Not_Target,Myosin_17,Myosin_36
ebra8354.t1,Not_Target,Not_Target,Not_Target
ebra8355.t1,Myosin_26,Myosin_28,Myosin_8
ebra8356.t1,Myosin_45,Not_Target,Myosin_11
ebra8357.t1,Not_Target,Not_Target,Not_Target
ebra8358.t1,Not_Target,Not_Target,Not_Target
ebra8359.t1,Myosin_16,Myosin_29,Myosin_16
ebra8360.t1,Not_Target,Not_Target,Not_Target
ebra8361.t1,Not_Target,Not_Target,Not_Target
ebra8362.t1,Not_Target,Not_Target,Myosin_16
ebra763.t1,Myosin_45,Not_Target,Myosin_3
ebra764.t1,Not_Target,Myosin_1,Not_Target
ebra765.t1,Not_Target,Myosin_1,Not_Target
ebra766.t1,Myosin_71,Not_Target,Myosin_5
ebra767.t1,Not_Target,Myosin_17,Not_Target
ebra768.t1,Not_Target,Myosin_1,Not_Target
ebra769.t1,Not_Target,Myosin_19,Not_Target
ebra770.t1,Not_Target,Myosin_19,Not_Target
ebra771.t1,Not_Target,Myosin_1,Not_Target
ebra772.t1,Myosin_19,Myosin_19,Myosin_19
ebra3853.t1,Not_Target,Myosin_57,Myosin_5
ebra3854.t1,Not_Target,Not_Target,Not_Target
ebra3855.t1,Not_Target,Not_Target,Not_Target
ebra3856.t1,Not_Target,Not_Target,Myosin_8
ebra3857.t1,Myosin_2,Not_Target,Not_Target
ebra3858.t1,Myosin_3,Not_Target,Myosin_1
ebra3859.t1,Not_Target,Myosin_36,Not_Target
ebra3860.t1,Not_Target,Not_Target,Not_Target
ebra3861.t1,Myosin_2,Myosin_2,Not_Target
ebra3862.t1,Not_Target,Myosin_2,Not_Target
ebra3800.t1,Not_Target,Not_Target,Not_Target
ebra3801.t1,Myosin_4,Myosin_4,Not_Target
ebra3802.t1,Not_Target,Not_Target,Not_Target
ebra3803.t1,Not_Target,Not_Target,Myosin_81
ebra3804.t1,Not_Target,Not_Target,Myosin_51
ebra3805.t1,Not_Target,Not_Target,Not_Target
ebra3806.t1,Myosin_1,Myosin_5,Not_Target
ebra3807.t1,Not_Target,Not_Target,Not_Target
ebra3808.t1,Not_Target,Not_Target,Not_Target
ebra3809.t1,Not_Target,Not_Target,Not_Target
ebra3810.t1,Not_Target,Not_Target,Not_Target
ebra3811.t1,Not_Target,Not_Target,Myosin_2
ebra3812.t1,Myosin_45,Myosin_45,Not_Target
ebra3813.t1,Myosin_45,Myosin_45,Not_Target
ebra3814.t1,Myosin_19,Myosin_19,Myosin_16
ebra8280.t1,Not_Target,Not_Target,Myosin_4
ebra8281.t1,Not_Target,Myosin_38,Myosin_48
ebra8282.t1,Not_Target,Myosin_57,Not_Target
ebra8283.t1,Not_Target,Myosin_38,Myosin_48
ebra8284.t1,Not_Target,Not_Target,Myosin_53
ebra8285.t1,Not_Target,Myosin_5,Not_Target
ebra8286.t1,Not_Target,Not_Target,Not_Target
ebra8287.t1,Not_Target,Not_Target,Not_Target
ebra9992.t1,Not_Target,Not_Target,Not_Target
ebra9993.t1,Not_Target,Myosin_19,Myosin_24
ebra9994.t1,Myosin_1,Not_Target,Myosin_6
ebra9995.t1,Not_Target,Not_Target,Myosin_5
ebra9996.t1,Not_Target,Not_Target,Not_Target
ebra9997.t1,Not_Target,Not_Target,Not_Target
ebra9998.t1,Not_Target,Not_Target,Not_Target
ebra9999.t1,Not_Target,Myosin_23,Not_Target
ebra10000.t1,Not_Target,Not_Target,Not_Target
ebra10001.t1,Not_Target,Not_Target,Not_Target
ebra10002.t1,Not_Target,Not_Target,Not_Target
ebra10003.t1,Not_Target,Not_Target,Myosin_2
ebra20268.t1,Not_Target,Not_Target,Not_Target
ebra20269.t1,Not_Target,Not_Target,Not_Target
ebra20270.t1,Not_Target,Not_Target,Not_Target
ebra20271.t1,Not_Target,Not_Target,Not_Target
ebra20272.t1,Not_Target,Not_Target,Not_Target
ebra20273.t1,Not_Target,Not_Target,Not_Target
ebra20274.t1,Not_Target,Not_Target,Not_Target
ebra20275.t1,Not_Target,Myosin_1,Not_Target
ebra20276.t1,Not_Target,Not_Target,Not_Target
ebra20277.t1,Not_Target,Myosin_16,Not_Target
ebra20278.t1,Not_Target,Not_Target,Not_Target
ebra20279.t1,Myosin_57,Myosin_16,Myosin_18
ebra20280.t1,Myosin_5,Myosin_5,Myosin_36
ebra20281.t1,Myosin_51,Not_Target,Not_Target
ebra20282.t1,Not_Target,Not_Target,Not_Target
ebra7440.t1,Myosin_57,Myosin_57,Not_Target
ebra7441.t1,Not_Target,Not_Target,Not_Target
ebra7442.t1,Not_Target,Myosin_57,Not_Target
ebra7443.t1,Not_Target,Not_Target,Not_Target
ebra7444.t1,Not_Target,Not_Target,Not_Target
ebra7445.t1,Not_Target,Not_Target,Myosin_20
ebra7446.t1,Not_Target,Not_Target,Not_Target
ebra7447.t1,Not_Target,Not_Target,Myosin_1
ebra7448.t1,Not_Target,Not_Target,Not_Target
ebra7449.t1,Not_Target,Not_Target,Not_Target
ebra7450.t1,Not_Target,Not_Target,Not_Target
ebra7451.t1,Not_Target,Not_Target,Not_Target
ebra7452.t1,Not_Target,Not_Target,Myosin_20
ebra7453.t1,Myosin_45,Myosin_5,Not_Target
ebra7454.t1,Not_Target,Not_Target,Not_Target
ebra7455.t1,Not_Target,Not_Target,Not_Target
ebra7456.t1,Not_Target,Not_Target,Not_Target
ebra7457.t1,Not_Target,Not_Target,Not_Target
ebra7458.t1,Not_Target,Not_Target,Not_Target
ebra7459.t1,Not_Target,Myosin_37,Not_Target
ebra19774.t1,Not_Target,Not_Target,Not_Target
ebra19775.t1,Not_Target,Not_Target,Myosin_19
ebra19776.t1,Not_Target,Myosin_1,Myosin_57
ebra19777.t1,Not_Target,Myosin_57,Myosin_36
ebra19778.t1,Not_Target,Not_Target,Not_Target
ebra19779.t1,Myosin_1,Myosin_1,Not_Target
ebra19780.t1,Not_Target,Myosin_17,Not_Target
ebra19781.t1,Not_Target,Not_Target,Myosin_17
ebra19782.t1,Not_Target,Not_Target,Not_Target
ebra19783.t1,Not_Target,Not_Target,Not_Target
ebra19784.t1,Not_Target,Not_Target,Not_Target
ebra19785.t1,Myosin_45,Myosin_5,Not_Target
ebra19786.t1,Not_Target,Not_Target,Not_Target
ebra19167.t1,Not_Target,Not_Target,Myosin_14
ebra19168.t1,Not_Target,Myosin_28,Not_Target
ebra19169.t1,Not_Target,Not_Target,Not_Target
ebra19170.t1,Not_Target,Not_Target,Myosin_17
ebra19171.t1,Not_Target,Not_Target,Myosin_64
ebra19172.t1,Not_Target,Not_Target,Not_Target
ebra19173.t1,Not_Target,Not_Target,Not_Target
ebra19174.t1,Myosin_5,Myosin_5,Myosin_73
ebra19175.t1,Not_Target,Not_Target,Not_Target
ebra19176.t1,Myosin_16,Myosin_10,Myosin_16
ebra19177.t1,Not_Target,Not_Target,Not_Target
ebra19178.t1,Not_Target,Not_Target,Not_Target
ebra19179.t1,Not_Target,Not_Target,Myosin_81
ebra19180.t1,Myosin_82,Myosin_17,Myosin_5
ebra19181.t1,Myosin_31,Not_Target,Not_Target
ebra3638.t1,Myosin_45,Myosin_26,Myosin_24
ebra3639.t1,Not_Target,Not_Target,Not_Target
ebra3640.t1,Not_Target,Myosin_19,Not_Target
ebra3641.t1,Myosin_17,Not_Target,Myosin_2
ebra3642.t1,Myosin_45,Not_Target,Not_Target
ebra3643.t1,Myosin_45,Not_Target,Myosin_9
ebra3644.t1,Not_Target,Myosin_26,Not_Target
ebra3645.t1,Not_Target,Myosin_6,Not_Target
ebra11765.t1,Not_Target,Not_Target,Not_Target
ebra11766.t1,Not_Target,Not_Target,Not_Target
ebra11767.t1,Not_Target,Not_Target,Not_Target
ebra11768.t1,Myosin_31,Myosin_31,Not_Target
ebra11769.t1,Not_Target,Not_Target,Not_Target
ebra11770.t1,Myosin_1,Myosin_1,Myosin_1
ebra11771.t1,Myosin_4,Myosin_55,Not_Target
ebra11772.t1,Not_Target,Not_Target,Not_Target
ebra11773.t1,Not_Target,Not_Target,Not_Target
ebra11774.t1,Not_Target,Not_Target,Not_Target
ebra11775.t1,Not_Target,Not_Target,Myosin_19
ebra11776.t1,Not_Target,Not_Target,Myosin_57
ebra11777.t1,Myosin_24,Not_Target,Myosin_1
ebra11788.t1,Not_Target,Not_Target,Not_Target
ebra11789.t1,Not_Target,Myosin_28,Not_Target
ebra11790.t1,Myosin_53,Myosin_43,Myosin_5
ebra11791.t1,Not_Target,Not_Target,Not_Target
ebra11792.t1,Not_Target,Not_Target,Not_Target
ebra11793.t1,Myosin_2,Not_Target,Not_Target
ebra11794.t1,Not_Target,Not_Target,Not_Target
ebra11795.t1,Not_Target,Myosin_19,Not_Target
ebra18678.t1,Not_Target,Not_Target,Not_Target
ebra18679.t1,Not_Target,Not_Target,Not_Target
ebra18680.t1,Myosin_22,Not_Target,Myosin_5
ebra18681.t1,Not_Target,Not_Target,Not_Target
ebra18682.t1,Not_Target,Not_Target,Not_Target
ebra18683.t1,Not_Target,Not_Target,Not_Target
ebra18684.t1,Myosin_45,Not_Target,Myosin_3
ebra18685.t1,Not_Target,Not_Target,Not_Target
ebra18686.t1,Not_Target,Myosin_6,Not_Target
ebra18687.t1,Not_Target,Not_Target,Not_Target
ebra18688.t1,Not_Target,Not_Target,Not_Target
ebra18689.t1,Not_Target,Not_Target,Not_Target
ebra11675.t1,Not_Target,Not_Target,Not_Target
ebra11676.t1,Not_Target,Not_Target,Not_Target
ebra11677.t1,Not_Target,Not_Target,Not_Target
ebra11678.t1,Myosin_2,Myosin_2,Myosin_2
ebra11679.t1,Not_Target,Not_Target,Not_Target
ebra11680.t1,Not_Target,Not_Target,Myosin_2
ebra11681.t1,Myosin_27,Myosin_7,Not_Target
ebra11682.t1,Not_Target,Myosin_1,Not_Target
ebra11683.t1,Not_Target,Not_Target,Not_Target
ebra11684.t1,Not_Target,Not_Target,Not_Target
ebra11685.t1,Not_Target,Not_Target,Myosin_7
ebra11686.t1,Not_Target,Not_Target,Not_Target
ebra11687.t1,Not_Target,Myosin_18,Myosin_71
ebra11688.t1,Not_Target,Not_Target,Not_Target
ebra11689.t1,Not_Target,Myosin_5,Not_Target
ebra11690.t1,Not_Target,Not_Target,Not_Target
ebra16734.t1,Myosin_15,Myosin_15,Myosin_15
ebra16735.t1,Not_Target,Myosin_1,Not_Target
ebra16736.t1,Not_Target,Not_Target,Not_Target
ebra16737.t1,Myosin_45,Not_Target,Not_Target
ebra16738.t1,Not_Target,Not_Target,Not_Target
ebra16739.t1,Not_Target,Not_Target,Not_Target
ebra16740.t1,Myosin_45,Not_Target,Not_Target
ebra16741.t1,Not_Target,Not_Target,Not_Target
ebra16742.t1,Not_Target,Myosin_1,Not_Target
ebra16743.t1,Not_Target,Myosin_19,Not_Target
ebra14765.t1,Myosin_15,Myosin_15,Myosin_15
ebra14766.t1,Myosin_9,Myosin_9,Myosin_22
ebra14767.t1,Myosin_36,Myosin_7,Myosin_17
ebra14768.t1,Myosin_26,Myosin_17,Myosin_71
ebra14769.t1,Not_Target,Not_Target,Not_Target
ebra14770.t1,Myosin_5,Myosin_9,Not_Target
ebra4289.t1,Not_Target,Not_Target,Not_Target
ebra4290.t1,Myosin_1,Myosin_1,Myosin_1
ebra4291.t1,Not_Target,Not_Target,Not_Target
ebra4292.t1,Not_Target,Not_Target,Not_Target
ebra4293.t1,Myosin_1,Myosin_1,Myosin_1
ebra4294.t1,Not_Target,Not_Target,Not_Target
ebra4295.t1,Not_Target,Myosin_1,Not_Target
ebra4296.t1,Not_Target,Not_Target,Not_Target
ebra4297.t1,Not_Target,Myosin_1,Not_Target
ebra4298.t1,Myosin_15,Myosin_15,Myosin_5
ebra21240.t1,Not_Target,Not_Target,Not_Target
ebra21241.t1,Not_Target,Not_Target,Not_Target
ebra21242.t1,Not_Target,Myosin_22,Not_Target
ebra21243.t1,Not_Target,Not_Target,Not_Target
ebra21244.t1,Not_Target,Not_Target,Not_Target
ebra21245.t1,Not_Target,Not_Target,Not_Target
ebra21246.t1,Not_Target,Not_Target,Not_Target
ebra21247.t1,Myosin_46,Not_Target,Not_Target
ebra21248.t1,Not_Target,Not_Target,Not_Target
ebra21249.t1,Not_Target,Not_Target,Not_Target
ebra21250.t1,Not_Target,Myosin_27,Not_Target
ebra18054.t1,Not_Target,Not_Target,Myosin_8
ebra18055.t1,Myosin_45,Myosin_18,Myosin_23
ebra18056.t1,Myosin_45,Not_Target,Not_Target
ebra18057.t1,Not_Target,Not_Target,Not_Target
ebra18058.t1,Myosin_1,Myosin_1,Not_Target
ebra18059.t1,Myosin_2,Myosin_57,Not_Target
ebra18060.t1,Myosin_26,Myosin_26,Not_Target
ebra17890.t1,Not_Target,Not_Target,Not_Target
ebra17891.t1,Not_Target,Myosin_5,Not_Target
ebra17892.t1,Myosin_64,Myosin_17,Not_Target
ebra17893.t1,Not_Target,Not_Target,Not_Target
ebra17894.t1,Myosin_26,Myosin_2,Myosin_13
ebra17895.t1,Not_Target,Not_Target,Not_Target
ebra17896.t1,Not_Target,Not_Target,Not_Target
ebra17897.t1,Not_Target,Not_Target,Not_Target
ebra10202.t1,Myosin_26,Not_Target,Myosin_3
ebra10203.t1,Not_Target,Not_Target,Not_Target
ebra10204.t1,Not_Target,Not_Target,Not_Target
ebra10205.t1,Not_Target,Not_Target,Not_Target
ebra10206.t1,Not_Target,Myosin_57,Myosin_51
ebra10207.t1,Not_Target,Not_Target,Not_Target
ebra10208.t1,Not_Target,Not_Target,Not_Target
ebra10209.t1,Myosin_3,Myosin_22,Myosin_30
ebra10210.t1,Not_Target,Not_Target,Not_Target
ebra10211.t1,Not_Target,Not_Target,Not_Target
ebra1651.t1,Myosin_17,Myosin_17,Myosin_17
ebra1652.t1,Myosin_17,Myosin_17,Not_Target
ebra1653.t1,Not_Target,Not_Target,Not_Target
ebra1654.t1,Not_Target,Not_Target,Not_Target
ebra1655.t1,Not_Target,Myosin_9,Not_Target
ebra1656.t1,Not_Target,Myosin_19,Not_Target
ebra1657.t1,Not_Target,Not_Target,Myosin_1
ebra1658.t1,Myosin_17,Myosin_1,Not_Target
ebra1659.t1,Not_Target,Not_Target,Not_Target
ebra1660.t1,Not_Target,Not_Target,Not_Target
ebra1661.t1,Not_Target,Myosin_17,Myosin_5
ebra12450.t1,Not_Target,Not_Target,Not_Target
ebra12451.t1,Not_Target,Not_Target,Not_Target
ebra12452.t1,Not_Target,Not_Target,Not_Target
ebra12453.t1,Not_Target,Not_Target,Not_Target
ebra12454.t1,Myosin_26,Not_Target,Myosin_18
ebra12455.t1,Myosin_17,Myosin_17,Myosin_22
ebra12456.t1,Not_Target,Myosin_57,Not_Target
ebra12457.t1,Not_Target,Not_Target,Not_Target
ebra12458.t1,Not_Target,Not_Target,Not_Target
ebra12459.t1,Myosin_17,Not_Target,Not_Target
ebra12460.t1,Myosin_5,Myosin_5,Myosin_5
ebra12461.t1,Not_Target,Not_Target,Not_Target
ebra12462.t1,Myosin_22,Myosin_22,Myosin_57
ebra12463.t1,Not_Target,Not_Target,Myosin_1
ebra12464.t1,Not_Target,Myosin_17,Not_Target
ebra12465.t1,Not_Target,Myosin_17,Not_Target
ebra12466.t1,Not_Target,Not_Target,Myosin_1
ebra11208.t1,Not_Target,Not_Target,Myosin_5
ebra11209.t1,Not_Target,Not_Target,Not_Target
ebra11210.t1,Not_Target,Not_Target,Not_Target
ebra11211.t1,Not_Target,Not_Target,Not_Target
ebra11212.t1,Not_Target,Not_Target,Not_Target
ebra11213.t1,Not_Target,Myosin_6,Myosin_2
ebra11214.t1,Not_Target,Not_Target,Myosin_2
ebra11215.t1,Myosin_37,Myosin_5,Myosin_19
ebra11216.t1,Not_Target,Not_Target,Not_Target
ebra11217.t1,Not_Target,Not_Target,Not_Target
ebra11218.t1,Not_Target,Not_Target,Not_Target
ebra11219.t1,Myosin_2,Myosin_5,Myosin_2
ebra11220.t1,Not_Target,Myosin_19,Not_Target
ebra11221.t1,Not_Target,Not_Target,Myosin_5
ebra11222.t1,Myosin_19,Myosin_19,Not_Target
ebra6532.t1,Not_Target,Not_Target,Not_Target
ebra6533.t1,Not_Target,Not_Target,Not_Target
ebra6534.t1,Not_Target,Not_Target,Not_Target
ebra6535.t1,Not_Target,Not_Target,Not_Target
ebra6536.t1,Not_Target,Not_Target,Not_Target
ebra6537.t1,Myosin_9,Myosin_25,Myosin_5
ebra6538.t1,Not_Target,Not_Target,Not_Target
ebra6539.t1,Not_Target,Not_Target,Not_Target
ebra6540.t1,Not_Target,Not_Target,Not_Target
ebra6541.t1,Not_Target,Not_Target,Myosin_1
ebra6542.t1,Not_Target,Myosin_31,Not_Target
ebra6543.t1,Myosin_1,Myosin_1,Not_Target
ebra6544.t1,Not_Target,Not_Target,Myosin_1
ebra6545.t1,Not_Target,Not_Target,Not_Target
ebra6546.t1,Not_Target,Not_Target,Myosin_6
ebra6547.t1,Not_Target,Not_Target,Myosin_16
ebra4819.t1,Not_Target,Not_Target,Not_Target
ebra4820.t1,Not_Target,Not_Target,Not_Target
ebra4821.t1,Not_Target,Not_Target,Not_Target
ebra4822.t1,Myosin_3,Not_Target,Myosin_1
ebra4823.t1,Not_Target,Not_Target,Not_Target
ebra4824.t1,Not_Target,Not_Target,Not_Target
ebra4825.t1,Not_Target,Not_Target,Not_Target
ebra4826.t1,Not_Target,Not_Target,Not_Target
ebra4827.t1,Myosin_17,Not_Target,Myosin_37
ebra4828.t1,Not_Target,Not_Target,Not_Target
ebra4829.t1,Not_Target,Not_Target,Myosin_8
ebra4830.t1,Myosin_45,Not_Target,Not_Target
ebra4831.t1,Not_Target,Not_Target,Myosin_42
ebra4832.t1,Not_Target,Myosin_18,Not_Target
ebra4833.t1,Myosin_18,Not_Target,Myosin_3
ebra4834.t1,Myosin_18,Myosin_19,Myosin_3
ebra4835.t1,Not_Target,Myosin_18,Not_Target
ebra15528.t1,Not_Target,Myosin_15,Not_Target
ebra15529.t1,Not_Target,Not_Target,Not_Target
ebra15530.t1,Not_Target,Not_Target,Not_Target
ebra15531.t1,Not_Target,Not_Target,Not_Target
ebra15532.t1,Not_Target,Not_Target,Not_Target
ebra15533.t1,Not_Target,Not_Target,Not_Target
ebra15534.t1,Not_Target,Myosin_2,Not_Target
ebra15535.t1,Not_Target,Not_Target,Myosin_43
ebra15536.t1,Not_Target,Not_Target,Not_Target
ebra15537.t1,Myosin_18,Myosin_57,Myosin_8
ebra15538.t1,Not_Target,Myosin_10,Not_Target
ebra15539.t1,Not_Target,Myosin_2,Not_Target
ebra15540.t1,Not_Target,Not_Target,Not_Target
ebra15541.t1,Not_Target,Not_Target,Not_Target
ebra15542.t1,Not_Target,Not_Target,Myosin_2
ebra18322.t1,Not_Target,Myosin_8,Not_Target
ebra18323.t1,Not_Target,Not_Target,Not_Target
ebra18324.t1,Not_Target,Not_Target,Not_Target
ebra18325.t1,Not_Target,Not_Target,Not_Target
ebra18326.t1,Not_Target,Not_Target,Not_Target
ebra18327.t1,Myosin_18,Myosin_2,Not_Target
ebra18328.t1,Myosin_24,Myosin_5,Not_Target
ebra18329.t1,Myosin_36,Myosin_17,Myosin_27
ebra18330.t1,Not_Target,Not_Target,Not_Target
ebra18331.t1,Myosin_74,Myosin_18,Myosin_57
ebra18332.t1,Not_Target,Not_Target,Not_Target
ebra18333.t1,Myosin_6,Myosin_5,Myosin_1
ebra18334.t1,Myosin_9,Myosin_5,Myosin_36
ebra18335.t1,Not_Target,Not_Target,Not_Target
ebra18336.t1,Not_Target,Not_Target,Myosin_71
ebra11579.t1,Not_Target,Not_Target,Not_Target
ebra11580.t1,Not_Target,Not_Target,Myosin_18
ebra11581.t1,Not_Target,Not_Target,Not_Target
ebra11582.t1,Not_Target,Not_Target,Not_Target
ebra11583.t1,Myosin_45,Myosin_45,Not_Target
ebra11584.t1,Not_Target,Not_Target,Not_Target
ebra10188.t1,Myosin_17,Not_Target,Not_Target
ebra10189.t1,Not_Target,Not_Target,Not_Target
ebra10190.t1,Not_Target,Not_Target,Not_Target
ebra10191.t1,Not_Target,Not_Target,Myosin_1
ebra10192.t1,Not_Target,Not_Target,Not_Target
ebra10193.t1,Not_Target,Not_Target,Not_Target
ebra10194.t1,Myosin_3,Myosin_3,Myosin_2
ebra10195.t1,Not_Target,Not_Target,Not_Target
ebra8428.t1,Not_Target,Not_Target,Not_Target
ebra8429.t1,Not_Target,Not_Target,Not_Target
ebra8430.t1,Not_Target,Not_Target,Not_Target
ebra8431.t1,Myosin_1,Myosin_1,Myosin_1
ebra8432.t1,Actin,Actin,Actin
ebra8433.t1,Not_Target,Not_Target,Not_Target
ebra8434.t1,Not_Target,Not_Target,Not_Target
ebra8435.t1,Not_Target,Not_Target,Not_Target
ebra8436.t1,Not_Target,Not_Target,Not_Target
ebra8437.t1,Not_Target,Not_Target,Not_Target
ebra8438.t1,Not_Target,Myosin_1,Not_Target
ebra8439.t1,Myosin_1,Myosin_1,Not_Target
ebra8440.t1,Not_Target,Myosin_6,Not_Target
ebra11527.t1,Not_Target,Myosin_19,Not_Target
ebra11528.t1,Myosin_6,Not_Target,Not_Target
ebra11529.t1,Not_Target,Not_Target,Not_Target
ebra11530.t1,Myosin_5,Myosin_5,Myosin_5
ebra11531.t1,Not_Target,Not_Target,Myosin_1
ebra11532.t1,Myosin_26,Not_Target,Not_Target
ebra11533.t1,Not_Target,Not_Target,Not_Target
ebra11534.t1,Not_Target,Not_Target,Myosin_34
ebra11535.t1,Myosin_45,Myosin_18,Not_Target
ebra11536.t1,Myosin_18,Not_Target,Not_Target
ebra11537.t1,Not_Target,Not_Target,Myosin_24
ebra11538.t1,Myosin_2,Myosin_2,Not_Target
ebra11539.t1,Not_Target,Not_Target,Not_Target
ebra11540.t1,Not_Target,Not_Target,Not_Target
ebra11541.t1,Myosin_24,Myosin_81,Myosin_2
ebra306.t1,Not_Target,Not_Target,Not_Target
ebra307.t1,Not_Target,Myosin_6,Not_Target
ebra308.t1,Not_Target,Not_Target,Not_Target
ebra309.t1,Not_Target,Not_Target,Not_Target
ebra310.t1,Myosin_57,Myosin_57,Myosin_57
ebra311.t1,Myosin_31,Myosin_31,Not_Target
ebra312.t1,Myosin_2,Myosin_57,Not_Target
ebra313.t1,Not_Target,Not_Target,Myosin_17
ebra314.t1,Myosin_57,Myosin_57,Myosin_5
ebra315.t1,Not_Target,Not_Target,Not_Target
ebra316.t1,Myosin_23,Myosin_23,Myosin_19
ebra317.t1,Myosin_27,Myosin_27,Not_Target
ebra318.t1,Not_Target,Not_Target,Not_Target
ebra12950.t1,Myosin_15,Myosin_15,Myosin_7
ebra12951.t1,Myosin_31,Not_Target,Not_Target
ebra12952.t1,Not_Target,Not_Target,Myosin_5
ebra12953.t1,Not_Target,Not_Target,Not_Target
ebra12954.t1,Not_Target,Not_Target,Not_Target
ebra12955.t1,Myosin_19,Myosin_17,Myosin_8
ebra12956.t1,Not_Target,Not_Target,Not_Target
ebra13938.t1,Not_Target,Not_Target,Not_Target
ebra13939.t1,Not_Target,Not_Target,Not_Target
ebra13940.t1,Not_Target,Not_Target,Not_Target
ebra13941.t1,Not_Target,Myosin_28,Not_Target
ebra13942.t1,Not_Target,Not_Target,Not_Target
ebra13943.t1,Not_Target,Not_Target,Not_Target
ebra13944.t1,Not_Target,Not_Target,Not_Target
ebra13945.t1,Not_Target,Not_Target,Not_Target
ebra13946.t1,Myosin_3,Not_Target,Not_Target
ebra13947.t1,Myosin_2,Not_Target,Not_Target
ebra13948.t1,Not_Target,Not_Target,Not_Target
ebra13949.t1,Not_Target,Not_Target,Not_Target
ebra13950.t1,Not_Target,Not_Target,Not_Target
ebra13951.t1,Not_Target,Not_Target,Not_Target
ebra5517.t1,Not_Target,Not_Target,Not_Target
ebra5518.t1,Myosin_15,Myosin_15,Myosin_15
ebra5519.t1,Myosin_45,Myosin_17,Not_Target
ebra5520.t1,Not_Target,Not_Target,Not_Target
ebra5521.t1,Not_Target,Not_Target,Not_Target
ebra5522.t1,Myosin_37,Myosin_37,Not_Target
ebra5523.t1,Myosin_45,Myosin_45,Not_Target
ebra5524.t1,Not_Target,Not_Target,Not_Target
ebra14201.t1,Not_Target,Myosin_17,Not_Target
ebra14202.t1,Not_Target,Not_Target,Not_Target
ebra14203.t1,Not_Target,Not_Target,Not_Target
ebra14204.t1,Myosin_20,Myosin_16,Not_Target
ebra14205.t1,Not_Target,Not_Target,Not_Target
ebra14206.t1,Not_Target,Not_Target,Not_Target
ebra14207.t1,Not_Target,Myosin_5,Myosin_2
ebra14208.t1,Myosin_57,Not_Target,Not_Target
ebra14209.t1,Not_Target,Not_Target,Not_Target
ebra14210.t1,Myosin_45,Not_Target,Not_Target
ebra14211.t1,Not_Target,Not_Target,Not_Target
ebra14212.t1,Not_Target,Myosin_1,Not_Target
ebra97.t1,Not_Target,Not_Target,Not_Target
ebra98.t1,Not_Target,Not_Target,Not_Target
ebra99.t1,Myosin_26,Not_Target,Myosin_5
ebra100.t1,Not_Target,Myosin_18,Not_Target
ebra101.t1,Not_Target,Not_Target,Not_Target
ebra102.t1,Not_Target,Not_Target,Not_Target
ebra103.t1,Not_Target,Myosin_19,Not_Target
ebra104.t1,Not_Target,Myosin_1,Not_Target
ebra105.t1,Not_Target,Not_Target,Not_Target
ebra106.t1,Not_Target,Not_Target,Not_Target
ebra107.t1,Myosin_53,Myosin_17,Myosin_5
ebra108.t1,Myosin_2,Not_Target,Not_Target
ebra21033.t1,Not_Target,Not_Target,Not_Target
ebra21034.t1,Not_Target,Myosin_4,Not_Target
ebra21035.t1,Not_Target,Not_Target,Not_Target
ebra21036.t1,Not_Target,Not_Target,Not_Target
ebra21037.t1,Not_Target,Myosin_18,Myosin_64
ebra21038.t1,Not_Target,Not_Target,Not_Target
ebra21039.t1,Not_Target,Not_Target,Myosin_20
ebra21040.t1,Not_Target,Not_Target,Not_Target
ebra21041.t1,Not_Target,Not_Target,Not_Target
ebra21042.t1,Not_Target,Myosin_5,Not_Target
ebra21043.t1,Not_Target,Not_Target,Myosin_1
ebra21044.t1,Not_Target,Not_Target,Not_Target
ebra21045.t1,Not_Target,Not_Target,Not_Target
ebra21046.t1,Not_Target,Not_Target,Not_Target
ebra21047.t1,Not_Target,Myosin_11,Not_Target
ebra15752.t1,Not_Target,Not_Target,Not_Target
ebra15753.t1,Myosin_19,Not_Target,Not_Target
ebra15754.t1,Not_Target,Not_Target,Not_Target
ebra15755.t1,Not_Target,Not_Target,Not_Target
ebra15756.t1,Not_Target,Not_Target,Not_Target
ebra15757.t1,Not_Target,Not_Target,Not_Target
ebra15758.t1,Myosin_17,Myosin_17,Myosin_50
ebra15759.t1,Not_Target,Not_Target,Not_Target
ebra15760.t1,Not_Target,Myosin_57,Myosin_19
ebra15761.t1,Not_Target,Not_Target,Not_Target
ebra15762.t1,Not_Target,Not_Target,Not_Target
ebra15763.t1,Not_Target,Not_Target,Not_Target
ebra15764.t1,Myosin_30,Not_Target,Not_Target
ebra13018.t1,Not_Target,Not_Target,Not_Target
ebra13019.t1,Not_Target,Not_Target,Not_Target
ebra13020.t1,Not_Target,Not_Target,Not_Target
ebra13021.t1,Not_Target,Not_Target,Not_Target
ebra13022.t1,Not_Target,Not_Target,Not_Target
ebra13023.t1,Not_Target,Not_Target,Not_Target
ebra13024.t1,Not_Target,Not_Target,Not_Target
ebra13025.t1,Not_Target,Not_Target,Not_Target
ebra13026.t1,Not_Target,Not_Target,Not_Target
ebra13027.t1,Not_Target,Myosin_7,Not_Target
ebra4430.t1,Myosin_45,Myosin_18,Not_Target
ebra4431.t1,Not_Target,Not_Target,Not_Target
ebra4432.t1,Not_Target,Not_Target,Not_Target
ebra4433.t1,Not_Target,Not_Target,Not_Target
ebra4434.t1,Not_Target,Myosin_17,Myosin_28
ebra4435.t1,Not_Target,Myosin_1,Not_Target
ebra4436.t1,Myosin_26,Not_Target,Myosin_16
ebra4437.t1,Not_Target,Not_Target,Not_Target
ebra4438.t1,Not_Target,Not_Target,Not_Target
ebra4439.t1,Not_Target,Not_Target,Not_Target
ebra8004.t1,Not_Target,Not_Target,Not_Target
ebra8005.t1,Not_Target,Not_Target,Not_Target
ebra8006.t1,Not_Target,Not_Target,Not_Target
ebra8007.t1,Not_Target,Myosin_19,Myosin_68
ebra8008.t1,Not_Target,Myosin_2,Not_Target
ebra8009.t1,Myosin_37,Not_Target,Myosin_27
ebra8010.t1,Myosin_19,Myosin_19,Myosin_16
ebra9664.t1,Not_Target,Not_Target,Not_Target
ebra9665.t1,Not_Target,Not_Target,Myosin_1
ebra9666.t1,Not_Target,Not_Target,Not_Target
ebra9667.t1,Myosin_18,Not_Target,Not_Target
ebra9668.t1,Not_Target,Not_Target,Not_Target
ebra9669.t1,Not_Target,Not_Target,Not_Target
ebra9670.t1,Not_Target,Not_Target,Not_Target
ebra9671.t1,Not_Target,Myosin_5,Not_Target
ebra9672.t1,Not_Target,Not_Target,Not_Target
ebra9673.t1,Not_Target,Not_Target,Not_Target
ebra9674.t1,Not_Target,Not_Target,Myosin_5
ebra9675.t1,Not_Target,Not_Target,Not_Target
ebra9676.t1,Not_Target,Not_Target,Not_Target
ebra9677.t1,Not_Target,Not_Target,Not_Target
ebra7514.t1,Not_Target,Myosin_74,Not_Target
ebra7515.t1,Not_Target,Not_Target,Not_Target
ebra7516.t1,Not_Target,Not_Target,Myosin_2
ebra7517.t1,Not_Target,Not_Target,Not_Target
ebra7518.t1,Myosin_57,Not_Target,Myosin_10
ebra7519.t1,Not_Target,Not_Target,Not_Target
ebra7520.t1,Not_Target,Myosin_19,Myosin_19
ebra7521.t1,Not_Target,Not_Target,Not_Target
ebra7522.t1,Myosin_1,Not_Target,Not_Target
ebra7523.t1,Not_Target,Not_Target,Not_Target
ebra7524.t1,Not_Target,Not_Target,Not_Target
ebra7525.t1,Not_Target,Not_Target,Not_Target
ebra7526.t1,Not_Target,Not_Target,Myosin_19
ebra7527.t1,Not_Target,Not_Target,Not_Target
ebra7528.t1,Not_Target,Not_Target,Not_Target
ebra7529.t1,Not_Target,Not_Target,Myosin_81
ebra7530.t1,Not_Target,Not_Target,Not_Target
ebra7531.t1,Not_Target,Not_Target,Not_Target
ebra14253.t1,Myosin_18,Myosin_18,Myosin_3
ebra14254.t1,Myosin_17,Not_Target,Myosin_22
ebra14255.t1,Not_Target,Not_Target,Not_Target
ebra14256.t1,Myosin_74,Not_Target,Myosin_2
ebra14257.t1,Not_Target,Not_Target,Not_Target
ebra4087.t1,Myosin_17,Not_Target,Myosin_19
ebra4088.t1,Not_Target,Not_Target,Not_Target
ebra4089.t1,Myosin_45,Myosin_71,Not_Target
ebra4090.t1,Myosin_17,Not_Target,Myosin_36
ebra4091.t1,Not_Target,Not_Target,Not_Target
ebra4092.t1,Not_Target,Myosin_2,Not_Target
ebra4093.t1,Myosin_45,Not_Target,Myosin_3
ebra4094.t1,Not_Target,Not_Target,Not_Target
ebra4095.t1,Not_Target,Not_Target,Myosin_64
ebra4096.t1,Not_Target,Not_Target,Not_Target
ebra20322.t1,Myosin_82,Not_Target,Myosin_82
ebra20323.t1,Myosin_17,Myosin_17,Not_Target
ebra20324.t1,Not_Target,Myosin_80,Not_Target
ebra20325.t1,Not_Target,Not_Target,Not_Target
ebra20326.t1,Myosin_16,Not_Target,Myosin_18
ebra20327.t1,Not_Target,Not_Target,Not_Target
ebra20328.t1,Myosin_6,Not_Target,Not_Target
ebra11386.t1,Not_Target,Myosin_19,Not_Target
ebra11387.t1,Not_Target,Not_Target,Not_Target
ebra11388.t1,Not_Target,Not_Target,Not_Target
ebra11389.t1,Not_Target,Not_Target,Not_Target
ebra11390.t1,Not_Target,Not_Target,Not_Target
ebra11391.t1,Myosin_19,Myosin_18,Not_Target
ebra11392.t1,Not_Target,Not_Target,Not_Target
ebra11393.t1,Not_Target,Not_Target,Not_Target
ebra11394.t1,Not_Target,Not_Target,Not_Target
ebra11395.t1,Not_Target,Not_Target,Not_Target
ebra11396.t1,Not_Target,Not_Target,Not_Target
ebra11397.t1,Not_Target,Not_Target,Not_Target
ebra11398.t1,Not_Target,Not_Target,Not_Target
ebra11399.t1,Not_Target,Not_Target,Not_Target
ebra11400.t1,Not_Target,Not_Target,Not_Target
ebra11401.t1,Not_Target,Myosin_27,Not_Target
ebra11402.t1,Not_Target,Not_Target,Not_Target
ebra11403.t1,Not_Target,Myosin_57,Not_Target
ebra11404.t1,Not_Target,Not_Target,Not_Target
ebra11405.t1,Not_Target,Not_Target,Not_Target
ebra11406.t1,Not_Target,Not_Target,Not_Target
ebra5478.t1,Not_Target,Myosin_17,Not_Target
ebra5479.t1,Not_Target,Not_Target,Not_Target
ebra5480.t1,Myosin_26,Myosin_26,Myosin_30
ebra5481.t1,Myosin_45,Not_Target,Not_Target
ebra5482.t1,Not_Target,Not_Target,Not_Target
ebra17681.t1,Not_Target,Not_Target,Not_Target
ebra17682.t1,Not_Target,Not_Target,Not_Target
ebra17683.t1,Not_Target,Not_Target,Myosin_20
ebra17684.t1,Not_Target,Not_Target,Not_Target
ebra17685.t1,Not_Target,Not_Target,Not_Target
ebra17686.t1,Not_Target,Not_Target,Not_Target
ebra17687.t1,Not_Target,Not_Target,Not_Target
ebra17688.t1,Not_Target,Not_Target,Not_Target
ebra17689.t1,Not_Target,Not_Target,Not_Target
ebra17690.t1,Not_Target,Myosin_18,Not_Target
ebra15939.t1,Not_Target,Not_Target,Not_Target
ebra15940.t1,Not_Target,Myosin_1,Myosin_1
ebra15941.t1,Myosin_20,Myosin_28,Not_Target
ebra15942.t1,Not_Target,Not_Target,Not_Target
ebra15943.t1,Myosin_45,Myosin_45,Myosin_26
ebra15944.t1,Not_Target,Not_Target,Not_Target
ebra15945.t1,Myosin_1,Myosin_5,Not_Target
ebra15946.t1,Not_Target,Myosin_18,Not_Target
ebra15947.t1,Not_Target,Myosin_5,Not_Target
ebra14423.t1,Myosin_1,Not_Target,Not_Target
ebra14424.t1,Not_Target,Not_Target,Not_Target
ebra14425.t1,Not_Target,Not_Target,Not_Target
ebra14426.t1,Not_Target,Not_Target,Not_Target
ebra14427.t1,Myosin_37,Myosin_66,Not_Target
ebra14428.t1,Not_Target,Myosin_5,Not_Target
ebra14429.t1,Myosin_23,Myosin_66,Myosin_22
ebra5346.t1,Not_Target,Not_Target,Not_Target
ebra5347.t1,Myosin_17,Myosin_17,Myosin_57
ebra5348.t1,Not_Target,Not_Target,Not_Target
ebra5349.t1,Myosin_15,Myosin_66,Myosin_27
ebra5350.t1,Myosin_37,Myosin_66,Myosin_81
ebra5351.t1,Myosin_37,Myosin_66,Myosin_81
ebra5352.t1,Not_Target,Not_Target,Not_Target
ebra20531.t1,Not_Target,Not_Target,Not_Target
ebra20532.t1,Myosin_16,Myosin_16,Not_Target
ebra20533.t1,Not_Target,Not_Target,Not_Target
ebra20534.t1,Not_Target,Not_Target,Not_Target
ebra20535.t1,Not_Target,Not_Target,Myosin_2
ebra20536.t1,Myosin_1,Not_Target,Not_Target
ebra20537.t1,Not_Target,Not_Target,Not_Target
ebra20538.t1,Not_Target,Not_Target,Not_Target
ebra20539.t1,Not_Target,Not_Target,Not_Target
ebra20540.t1,Not_Target,Not_Target,Not_Target
ebra20541.t1,Not_Target,Not_Target,Not_Target
ebra4103.t1,Not_Target,Not_Target,Not_Target
ebra4104.t1,Not_Target,Not_Target,Not_Target
ebra4105.t1,Not_Target,Not_Target,Not_Target
ebra4106.t1,Not_Target,Myosin_51,Myosin_51
ebra4107.t1,Not_Target,Not_Target,Not_Target
ebra4108.t1,Not_Target,Not_Target,Not_Target
ebra4109.t1,Not_Target,Not_Target,Not_Target
ebra4110.t1,Myosin_18,Myosin_18,Myosin_8
ebra4111.t1,Not_Target,Not_Target,Not_Target
ebra4112.t1,Not_Target,Myosin_10,Not_Target
ebra4113.t1,Not_Target,Not_Target,Myosin_20
ebra4114.t1,Not_Target,Myosin_57,Myosin_19
ebra4115.t1,Not_Target,Myosin_17,Myosin_8
ebra4116.t1,Not_Target,Myosin_57,Not_Target
ebra4117.t1,Not_Target,Not_Target,Not_Target
ebra4118.t1,Not_Target,Not_Target,Not_Target
ebra4119.t1,Not_Target,Not_Target,Not_Target
ebra4120.t1,Not_Target,Not_Target,Not_Target
ebra4121.t1,Not_Target,Myosin_1,Not_Target
ebra4122.t1,Not_Target,Myosin_28,Not_Target
ebra10358.t1,Not_Target,Not_Target,Not_Target
ebra10359.t1,Not_Target,Not_Target,Not_Target
ebra10360.t1,Not_Target,Not_Target,Not_Target
ebra10361.t1,Not_Target,Myosin_17,Not_Target
ebra10362.t1,Not_Target,Not_Target,Myosin_51
ebra10363.t1,Not_Target,Not_Target,Not_Target
ebra10364.t1,Myosin_53,Myosin_53,Myosin_5
ebra10365.t1,Not_Target,Not_Target,Not_Target
ebra10366.t1,Not_Target,Not_Target,Not_Target
ebra10367.t1,Not_Target,Myosin_57,Not_Target
ebra10368.t1,Not_Target,Not_Target,Not_Target
ebra10369.t1,Not_Target,Not_Target,Not_Target
ebra10370.t1,Not_Target,Not_Target,Not_Target
ebra10371.t1,Not_Target,Not_Target,Not_Target
ebra8543.t1,Myosin_36,Myosin_17,Myosin_36
ebra8544.t1,Not_Target,Myosin_6,Myosin_2
ebra8545.t1,Not_Target,Not_Target,Myosin_20
ebra8546.t1,Not_Target,Not_Target,Not_Target
ebra8547.t1,Not_Target,Not_Target,Not_Target
ebra8548.t1,Myosin_19,Myosin_19,Not_Target
ebra13691.t1,Not_Target,Not_Target,Myosin_20
ebra13692.t1,Not_Target,Not_Target,Myosin_40
ebra13693.t1,Not_Target,Not_Target,Not_Target
ebra13694.t1,Not_Target,Not_Target,Not_Target
ebra13695.t1,Not_Target,Myosin_28,Myosin_57
ebra13696.t1,Not_Target,Not_Target,Not_Target
ebra13697.t1,Myosin_19,Myosin_19,Myosin_5
ebra13698.t1,Not_Target,Not_Target,Myosin_36
ebra13699.t1,Not_Target,Myosin_6,Not_Target
ebra13700.t1,Not_Target,Myosin_27,Myosin_1
ebra13701.t1,Not_Target,Myosin_26,Not_Target
ebra13702.t1,Not_Target,Not_Target,Not_Target
ebra13703.t1,Not_Target,Not_Target,Not_Target
ebra13704.t1,Not_Target,Not_Target,Not_Target
ebra1731.t1,Not_Target,Myosin_16,Myosin_20
ebra1732.t1,Not_Target,Not_Target,Not_Target
ebra1733.t1,Myosin_45,Not_Target,Myosin_20
ebra1734.t1,Myosin_1,Not_Target,Myosin_1
ebra1735.t1,Not_Target,Not_Target,Myosin_1
ebra1736.t1,Myosin_45,Myosin_45,Myosin_45
ebra14590.t1,Not_Target,Not_Target,Not_Target
ebra14591.t1,Not_Target,Not_Target,Not_Target
ebra14592.t1,Not_Target,Not_Target,Not_Target
ebra14593.t1,Myosin_6,Not_Target,Not_Target
ebra14594.t1,Not_Target,Not_Target,Not_Target
ebra14595.t1,Myosin_26,Not_Target,Myosin_11
ebra14596.t1,Not_Target,Not_Target,Not_Target
ebra14597.t1,Not_Target,Myosin_18,Not_Target
ebra14598.t1,Not_Target,Myosin_17,Not_Target
ebra14599.t1,Not_Target,Not_Target,Not_Target
ebra14600.t1,Not_Target,Not_Target,Not_Target
ebra14601.t1,Not_Target,Myosin_57,Not_Target
ebra14602.t1,Myosin_57,Myosin_18,Not_Target
ebra14603.t1,Myosin_57,Myosin_18,Not_Target
ebra14604.t1,Not_Target,Myosin_57,Not_Target
ebra14605.t1,Not_Target,Not_Target,Not_Target
ebra8612.t1,Myosin_51,Myosin_51,Myosin_20
ebra8613.t1,Myosin_24,Myosin_24,Myosin_3
ebra8614.t1,Not_Target,Not_Target,Not_Target
ebra8615.t1,Not_Target,Not_Target,Not_Target
ebra8616.t1,Myosin_24,Myosin_24,Myosin_5
ebra8617.t1,Not_Target,Not_Target,Myosin_20
ebra8618.t1,Not_Target,Not_Target,Not_Target
ebra8619.t1,Myosin_2,Myosin_2,Not_Target
ebra8620.t1,Not_Target,Not_Target,Not_Target
ebra8621.t1,Not_Target,Not_Target,Not_Target
ebra8622.t1,Not_Target,Not_Target,Not_Target
ebra8623.t1,Not_Target,Not_Target,Not_Target
ebra8624.t1,Not_Target,Not_Target,Not_Target
ebra1381.t1,Not_Target,Myosin_5,Myosin_8
ebra1382.t1,Not_Target,Myosin_17,Myosin_8
ebra1383.t1,Not_Target,Not_Target,Myosin_28
ebra1384.t1,Not_Target,Not_Target,Not_Target
ebra1385.t1,Myosin_45,Not_Target,Not_Target
ebra1386.t1,Not_Target,Not_Target,Not_Target
ebra1387.t1,Myosin_45,Myosin_16,Myosin_3
ebra1388.t1,Myosin_27,Not_Target,Myosin_2
ebra1282.t1,Not_Target,Not_Target,Not_Target
ebra1283.t1,Not_Target,Not_Target,Myosin_19
ebra1284.t1,Myosin_18,Myosin_29,Myosin_2
ebra1285.t1,Not_Target,Myosin_18,Not_Target
ebra1286.t1,Not_Target,Not_Target,Not_Target
ebra1287.t1,Not_Target,Not_Target,Not_Target
ebra1288.t1,Not_Target,Not_Target,Not_Target
ebra1289.t1,Myosin_51,Myosin_18,Myosin_3
ebra1290.t1,Not_Target,Myosin_22,Not_Target
ebra1291.t1,Not_Target,Not_Target,Not_Target
ebra1292.t1,Not_Target,Not_Target,Not_Target
ebra1293.t1,Myosin_1,Not_Target,Not_Target
ebra1294.t1,Not_Target,Not_Target,Not_Target
ebra11542.t1,Myosin_1,Myosin_4,Myosin_1
ebra11543.t1,Not_Target,Not_Target,Not_Target
ebra11544.t1,Not_Target,Not_Target,Not_Target
ebra11545.t1,Not_Target,Not_Target,Not_Target
ebra11546.t1,Not_Target,Not_Target,Not_Target
ebra11547.t1,Not_Target,Myosin_5,Not_Target
ebra11548.t1,Not_Target,Not_Target,Not_Target
ebra11549.t1,Not_Target,Not_Target,Not_Target
ebra11550.t1,Not_Target,Not_Target,Not_Target
ebra11551.t1,Not_Target,Myosin_57,Myosin_24
ebra11552.t1,Not_Target,Not_Target,Not_Target
ebra11553.t1,Myosin_26,Not_Target,Not_Target
ebra11554.t1,Not_Target,Not_Target,Myosin_4
ebra11555.t1,Myosin_6,Myosin_22,Not_Target
ebra11556.t1,Myosin_1,Myosin_25,Myosin_5
ebra11557.t1,Not_Target,Not_Target,Not_Target
ebra11558.t1,Not_Target,Not_Target,Not_Target
ebra385.t1,Not_Target,Not_Target,Not_Target
ebra386.t1,Not_Target,Not_Target,Not_Target
ebra387.t1,Not_Target,Myosin_81,Myosin_2
ebra388.t1,Not_Target,Not_Target,Not_Target
ebra389.t1,Myosin_17,Not_Target,Not_Target
ebra390.t1,Not_Target,Not_Target,Myosin_1
ebra391.t1,Not_Target,Myosin_17,Not_Target
ebra392.t1,Not_Target,Not_Target,Not_Target
ebra393.t1,Myosin_18,Myosin_57,Myosin_43
ebra394.t1,Not_Target,Not_Target,Not_Target
ebra395.t1,Not_Target,Not_Target,Not_Target
ebra10988.t1,Not_Target,Not_Target,Not_Target
ebra10989.t1,Not_Target,Not_Target,Not_Target
ebra10990.t1,Not_Target,Not_Target,Not_Target
ebra10991.t1,Myosin_17,Myosin_17,Myosin_3
ebra10992.t1,Not_Target,Myosin_17,Not_Target
ebra10993.t1,Not_Target,Not_Target,Not_Target
ebra10994.t1,Not_Target,Myosin_17,Not_Target
ebra10995.t1,Not_Target,Not_Target,Not_Target
ebra4965.t1,Not_Target,Not_Target,Not_Target
ebra4966.t1,Myosin_44,Myosin_44,Myosin_3
ebra4967.t1,Myosin_45,Myosin_45,Not_Target
ebra4968.t1,Not_Target,Not_Target,Not_Target
ebra4969.t1,Not_Target,Not_Target,Not_Target
ebra4970.t1,Not_Target,Not_Target,Not_Target
ebra4971.t1,Not_Target,Not_Target,Not_Target
ebra2624.t1,Myosin_31,Not_Target,Not_Target
ebra2625.t1,Not_Target,Not_Target,Not_Target
ebra2626.t1,Not_Target,Not_Target,Not_Target
ebra2627.t1,Myosin_37,Myosin_6,Not_Target
ebra2628.t1,Not_Target,Not_Target,Not_Target
ebra2629.t1,Not_Target,Not_Target,Not_Target
ebra2630.t1,Not_Target,Not_Target,Myosin_4
ebra2631.t1,Not_Target,Not_Target,Not_Target
ebra2632.t1,Not_Target,Not_Target,Not_Target
ebra2633.t1,Not_Target,Not_Target,Not_Target
ebra2634.t1,Not_Target,Myosin_17,Not_Target
ebra2635.t1,Not_Target,Not_Target,Not_Target
ebra2636.t1,Not_Target,Not_Target,Not_Target
ebra2637.t1,Not_Target,Myosin_17,Not_Target
ebra7240.t1,Not_Target,Not_Target,Not_Target
ebra7241.t1,Not_Target,Not_Target,Not_Target
ebra7242.t1,Not_Target,Not_Target,Not_Target
ebra7243.t1,Not_Target,Not_Target,Not_Target
ebra7244.t1,Not_Target,Not_Target,Not_Target
ebra7245.t1,Not_Target,Not_Target,Not_Target
ebra7246.t1,Myosin_24,Myosin_74,Not_Target
ebra7247.t1,Myosin_6,Myosin_6,Not_Target
ebra7248.t1,Not_Target,Not_Target,Not_Target
ebra7249.t1,Not_Target,Not_Target,Not_Target
ebra7250.t1,Not_Target,Not_Target,Not_Target
ebra7251.t1,Not_Target,Not_Target,Not_Target
ebra7252.t1,Not_Target,Not_Target,Not_Target
ebra7253.t1,Not_Target,Not_Target,Not_Target
ebra7036.t1,Not_Target,Myosin_1,Not_Target
ebra7037.t1,Not_Target,Myosin_15,Not_Target
ebra7038.t1,Not_Target,Not_Target,Myosin_6
ebra7039.t1,Not_Target,Myosin_1,Not_Target
ebra7040.t1,Myosin_8,Myosin_1,Myosin_6
ebra7041.t1,Myosin_24,Myosin_5,Myosin_24
ebra7042.t1,Not_Target,Not_Target,Not_Target
ebra7043.t1,Not_Target,Not_Target,Not_Target
ebra7044.t1,Myosin_30,Myosin_5,Myosin_13
ebra7045.t1,Not_Target,Not_Target,Not_Target
ebra7046.t1,Not_Target,Not_Target,Not_Target
ebra7047.t1,Not_Target,Myosin_19,Not_Target
ebra7048.t1,Not_Target,Not_Target,Not_Target
ebra7049.t1,Not_Target,Not_Target,Not_Target
ebra7050.t1,Not_Target,Not_Target,Not_Target
ebra14123.t1,Myosin_45,Not_Target,Myosin_45
ebra14124.t1,Not_Target,Myosin_5,Not_Target
ebra14125.t1,Not_Target,Not_Target,Not_Target
ebra14126.t1,Not_Target,Myosin_11,Myosin_8
ebra14127.t1,Myosin_23,Myosin_22,Myosin_5
ebra14128.t1,Not_Target,Not_Target,Not_Target
ebra14129.t1,Not_Target,Not_Target,Not_Target
ebra14130.t1,Myosin_18,Myosin_45,Myosin_18
ebra14131.t1,Not_Target,Not_Target,Not_Target
ebra14132.t1,Not_Target,Not_Target,Myosin_5
ebra3438.t1,Myosin_19,Myosin_19,Myosin_37
ebra3439.t1,Myosin_19,Myosin_19,Not_Target
ebra3440.t1,Not_Target,Myosin_17,Myosin_5
ebra3441.t1,Not_Target,Not_Target,Not_Target
ebra3442.t1,Not_Target,Not_Target,Not_Target
ebra3443.t1,Not_Target,Myosin_16,Myosin_64
ebra3444.t1,Not_Target,Not_Target,Not_Target
ebra3445.t1,Myosin_2,Not_Target,Not_Target
ebra3446.t1,Not_Target,Not_Target,Not_Target
ebra3447.t1,Myosin_17,Myosin_16,Myosin_30
ebra3448.t1,Not_Target,Not_Target,Not_Target
ebra1436.t1,Not_Target,Not_Target,Not_Target
ebra1437.t1,Not_Target,Not_Target,Not_Target
ebra1438.t1,Not_Target,Not_Target,Not_Target
ebra1439.t1,Not_Target,Not_Target,Not_Target
ebra1440.t1,Not_Target,Myosin_11,Myosin_2
ebra1441.t1,Not_Target,Myosin_26,Not_Target
ebra1442.t1,Not_Target,Not_Target,Not_Target
ebra1443.t1,Not_Target,Not_Target,Not_Target
ebra1444.t1,Not_Target,Not_Target,Not_Target
ebra1445.t1,Not_Target,Not_Target,Not_Target
ebra1446.t1,Myosin_3,Myosin_3,Myosin_27
ebra1447.t1,Not_Target,Not_Target,Not_Target
ebra401.t1,Not_Target,Not_Target,Not_Target
ebra402.t1,Not_Target,Not_Target,Not_Target
ebra403.t1,Not_Target,Myosin_19,Not_Target
ebra404.t1,Not_Target,Not_Target,Not_Target
ebra405.t1,Not_Target,Not_Target,Not_Target
ebra406.t1,Not_Target,Not_Target,Not_Target
ebra407.t1,Not_Target,Myosin_17,Not_Target
ebra408.t1,Not_Target,Not_Target,Not_Target
ebra409.t1,Not_Target,Not_Target,Not_Target
ebra410.t1,Not_Target,Not_Target,Not_Target
ebra2509.t1,Not_Target,Not_Target,Not_Target
ebra2510.t1,Not_Target,Not_Target,Not_Target
ebra2511.t1,Not_Target,Not_Target,Not_Target
ebra2512.t1,Not_Target,Myosin_19,Myosin_37
ebra2513.t1,Myosin_20,Myosin_50,Not_Target
ebra2514.t1,Not_Target,Not_Target,Not_Target
ebra2515.t1,Not_Target,Not_Target,Myosin_3
ebra2516.t1,Myosin_18,Myosin_18,Myosin_19
ebra2517.t1,Not_Target,Myosin_18,Myosin_5
ebra2518.t1,Myosin_5,Myosin_5,Not_Target
ebra2519.t1,Not_Target,Myosin_57,Myosin_19
ebra2520.t1,Myosin_26,Not_Target,Not_Target
ebra2521.t1,Not_Target,Not_Target,Not_Target
ebra10372.t1,Not_Target,Not_Target,Not_Target
ebra10373.t1,Not_Target,Myosin_1,Not_Target
ebra10374.t1,Not_Target,Not_Target,Not_Target
ebra10375.t1,Myosin_5,Myosin_5,Not_Target
ebra10376.t1,Not_Target,Not_Target,Not_Target
ebra10377.t1,Not_Target,Not_Target,Not_Target
ebra10378.t1,Not_Target,Not_Target,Myosin_19
ebra10379.t1,Not_Target,Not_Target,Not_Target
ebra10380.t1,Not_Target,Myosin_16,Myosin_60
ebra10381.t1,Myosin_1,Myosin_3,Myosin_6
ebra10382.t1,Myosin_16,Myosin_16,Myosin_1
ebra10383.t1,Not_Target,Myosin_17,Myosin_57
ebra10384.t1,Not_Target,Not_Target,Not_Target
ebra10385.t1,Not_Target,Myosin_18,Not_Target
ebra10386.t1,Myosin_16,Myosin_10,Myosin_1
ebra10387.t1,Not_Target,Not_Target,Not_Target
ebra18205.t1,Not_Target,Not_Target,Not_Target
ebra18206.t1,Not_Target,Not_Target,Not_Target
ebra18207.t1,Myosin_22,Not_Target,Myosin_17
ebra18208.t1,Not_Target,Not_Target,Myosin_20
ebra18209.t1,Myosin_17,Not_Target,Not_Target
ebra18210.t1,Not_Target,Not_Target,Myosin_8
ebra18211.t1,Not_Target,Not_Target,Not_Target
ebra18212.t1,Not_Target,Not_Target,Not_Target
ebra18213.t1,Not_Target,Not_Target,Not_Target
ebra18214.t1,Myosin_57,Myosin_57,Not_Target
ebra18215.t1,Not_Target,Not_Target,Not_Target
ebra18216.t1,Not_Target,Not_Target,Not_Target
ebra18217.t1,Not_Target,Not_Target,Not_Target
ebra17451.t1,Not_Target,Not_Target,Not_Target
ebra17452.t1,Not_Target,Not_Target,Not_Target
ebra17453.t1,Not_Target,Not_Target,Not_Target
ebra17454.t1,Not_Target,Not_Target,Myosin_72
ebra17455.t1,Not_Target,Not_Target,Not_Target
ebra17456.t1,Myosin_51,Myosin_5,Myosin_5
ebra17457.t1,Not_Target,Myosin_5,Not_Target
ebra17458.t1,Not_Target,Not_Target,Not_Target
ebra17459.t1,Not_Target,Not_Target,Not_Target
ebra17460.t1,Not_Target,Not_Target,Not_Target
ebra17461.t1,Not_Target,Not_Target,Not_Target
ebra17462.t1,Myosin_24,Not_Target,Myosin_2
ebra17463.t1,Not_Target,Not_Target,Not_Target
ebra8291.t1,Not_Target,Myosin_4,Not_Target
ebra8292.t1,Myosin_37,Not_Target,Not_Target
ebra8293.t1,Myosin_19,Not_Target,Not_Target
ebra8294.t1,Not_Target,Not_Target,Not_Target
ebra8295.t1,Not_Target,Myosin_23,Not_Target
ebra8296.t1,Not_Target,Myosin_19,Not_Target
ebra8297.t1,Myosin_15,Not_Target,Not_Target
ebra8298.t1,Myosin_31,Myosin_1,Myosin_6
ebra8299.t1,Not_Target,Not_Target,Not_Target
ebra8300.t1,Not_Target,Not_Target,Not_Target
ebra8301.t1,Not_Target,Not_Target,Not_Target
ebra8302.t1,Not_Target,Myosin_17,Not_Target
ebra8303.t1,Not_Target,Not_Target,Not_Target
ebra8304.t1,Myosin_1,Myosin_1,Not_Target
ebra8305.t1,Not_Target,Not_Target,Not_Target
ebra8306.t1,Not_Target,Not_Target,Not_Target
ebra8307.t1,Not_Target,Not_Target,Not_Target
ebra8308.t1,Not_Target,Not_Target,Not_Target
ebra12976.t1,Not_Target,Not_Target,Not_Target
ebra12977.t1,Not_Target,Not_Target,Myosin_1
ebra12978.t1,Not_Target,Not_Target,Not_Target
ebra12979.t1,Myosin_45,Not_Target,Myosin_1
ebra12980.t1,Not_Target,Not_Target,Not_Target
ebra12981.t1,Not_Target,Myosin_2,Not_Target
ebra12982.t1,Not_Target,Myosin_29,Not_Target
ebra12983.t1,Not_Target,Not_Target,Not_Target
ebra12984.t1,Myosin_1,Not_Target,Not_Target
ebra12985.t1,Not_Target,Not_Target,Not_Target
ebra12986.t1,Not_Target,Not_Target,Not_Target
ebra12987.t1,Myosin_1,Myosin_5,Myosin_1
ebra19749.t1,Myosin_17,Not_Target,Myosin_17
ebra19750.t1,Not_Target,Not_Target,Not_Target
ebra19751.t1,Not_Target,Not_Target,Not_Target
ebra19752.t1,Not_Target,Not_Target,Not_Target
ebra19753.t1,Not_Target,Not_Target,Not_Target
ebra19754.t1,Myosin_6,Not_Target,Not_Target
ebra19755.t1,Not_Target,Not_Target,Myosin_4
ebra19756.t1,Not_Target,Not_Target,Not_Target
ebra19757.t1,Not_Target,Not_Target,Not_Target
ebra19758.t1,Not_Target,Myosin_26,Myosin_1
ebra19759.t1,Not_Target,Not_Target,Not_Target
ebra19760.t1,Not_Target,Not_Target,Not_Target
ebra19761.t1,Not_Target,Myosin_37,Not_Target
ebra19762.t1,Myosin_37,Myosin_15,Myosin_7
ebra17939.t1,Not_Target,Not_Target,Myosin_19
ebra17940.t1,Not_Target,Not_Target,Myosin_13
ebra17941.t1,Not_Target,Not_Target,Not_Target
ebra17942.t1,Not_Target,Myosin_2,Myosin_2
ebra17943.t1,Myosin_45,Not_Target,Myosin_24
ebra17944.t1,Not_Target,Not_Target,Not_Target
ebra17945.t1,Not_Target,Not_Target,Not_Target
ebra17946.t1,Not_Target,Not_Target,Not_Target
ebra17947.t1,Not_Target,Not_Target,Not_Target
ebra6976.t1,Not_Target,Not_Target,Not_Target
ebra6977.t1,Not_Target,Not_Target,Not_Target
ebra6978.t1,Myosin_2,Not_Target,Myosin_43
ebra6979.t1,Myosin_2,Not_Target,Myosin_5
ebra6980.t1,Myosin_18,Myosin_18,Myosin_2
ebra6981.t1,Myosin_1,Not_Target,Not_Target
ebra6982.t1,Myosin_1,Myosin_26,Myosin_1
ebra6983.t1,Not_Target,Not_Target,Not_Target
ebra6984.t1,Not_Target,Not_Target,Myosin_1
ebra6985.t1,Not_Target,Not_Target,Not_Target
ebra6986.t1,Not_Target,Not_Target,Myosin_36
ebra10697.t1,Not_Target,Not_Target,Not_Target
ebra10698.t1,Not_Target,Not_Target,Myosin_5
ebra10699.t1,Myosin_1,Not_Target,Myosin_1
ebra10700.t1,Myosin_15,Myosin_15,Myosin_15
ebra10701.t1,Not_Target,Not_Target,Not_Target
ebra10702.t1,Not_Target,Not_Target,Not_Target
ebra10703.t1,Not_Target,Not_Target,Not_Target
ebra10704.t1,Not_Target,Not_Target,Not_Target
ebra10705.t1,Not_Target,Not_Target,Not_Target
ebra17999.t1,Myosin_26,Not_Target,Myosin_24
ebra18000.t1,Not_Target,Not_Target,Not_Target
ebra18001.t1,Not_Target,Not_Target,Myosin_23
ebra18002.t1,Not_Target,Myosin_57,Myosin_36
ebra18003.t1,Not_Target,Not_Target,Not_Target
ebra18004.t1,Not_Target,Not_Target,Not_Target
ebra18005.t1,Not_Target,Not_Target,Not_Target
ebra18006.t1,Not_Target,Not_Target,Myosin_24
ebra18007.t1,Not_Target,Not_Target,Not_Target
ebra18619.t1,Myosin_17,Myosin_25,Myosin_25
ebra18620.t1,Myosin_36,Myosin_17,Myosin_22
ebra18621.t1,Not_Target,Not_Target,Not_Target
ebra18622.t1,Not_Target,Not_Target,Not_Target
ebra18623.t1,Myosin_37,Myosin_37,Not_Target
ebra18624.t1,Not_Target,Myosin_54,Not_Target
ebra18625.t1,Myosin_37,Myosin_37,Not_Target
ebra19408.t1,Not_Target,Not_Target,Not_Target
ebra19409.t1,Not_Target,Not_Target,Myosin_5
ebra19410.t1,Not_Target,Myosin_26,Myosin_3
ebra19411.t1,Not_Target,Not_Target,Not_Target
ebra19412.t1,Not_Target,Not_Target,Not_Target
ebra19413.t1,Not_Target,Not_Target,Myosin_3
ebra19414.t1,Not_Target,Not_Target,Not_Target
ebra6295.t1,Not_Target,Not_Target,Not_Target
ebra6296.t1,Not_Target,Not_Target,Not_Target
ebra6297.t1,Myosin_4,Not_Target,Not_Target
ebra6298.t1,Myosin_2,Not_Target,Not_Target
ebra6299.t1,Not_Target,Not_Target,Not_Target
ebra6300.t1,Not_Target,Not_Target,Not_Target
ebra6301.t1,Not_Target,Not_Target,Not_Target
ebra6302.t1,Not_Target,Not_Target,Not_Target
ebra6303.t1,Not_Target,Not_Target,Not_Target
ebra6304.t1,Myosin_1,Not_Target,Not_Target
ebra6305.t1,Not_Target,Not_Target,Not_Target
ebra6306.t1,Not_Target,Not_Target,Not_Target
ebra6307.t1,Not_Target,Not_Target,Not_Target
ebra6308.t1,Not_Target,Myosin_1,Not_Target
ebra6309.t1,Not_Target,Not_Target,Not_Target
ebra6310.t1,Not_Target,Not_Target,Not_Target
ebra6311.t1,Not_Target,Myosin_18,Not_Target
ebra6312.t1,Not_Target,Not_Target,Not_Target
ebra1760.t1,Not_Target,Not_Target,Not_Target
ebra1761.t1,Myosin_17,Not_Target,Myosin_4
ebra1762.t1,Myosin_15,Myosin_18,Myosin_15
ebra1763.t1,Myosin_6,Myosin_22,Myosin_20
ebra1764.t1,Not_Target,Not_Target,Not_Target
ebra1765.t1,Not_Target,Not_Target,Not_Target
ebra1766.t1,Not_Target,Not_Target,Myosin_20
ebra1767.t1,Myosin_36,Not_Target,Myosin_2
ebra17256.t1,Not_Target,Not_Target,Not_Target
ebra17257.t1,Myosin_57,Myosin_57,Not_Target
ebra17258.t1,Not_Target,Not_Target,Not_Target
ebra17259.t1,Not_Target,Not_Target,Not_Target
ebra17260.t1,Myosin_57,Myosin_57,Not_Target
ebra17261.t1,Not_Target,Not_Target,Not_Target
ebra17262.t1,Not_Target,Myosin_57,Myosin_57
ebra17263.t1,Not_Target,Not_Target,Myosin_1
ebra17264.t1,Myosin_22,Myosin_22,Myosin_22
ebra17265.t1,Myosin_20,Not_Target,Myosin_19
ebra17266.t1,Not_Target,Not_Target,Not_Target
ebra17267.t1,Not_Target,Myosin_26,Not_Target
ebra17268.t1,Not_Target,Not_Target,Not_Target
ebra17269.t1,Not_Target,Not_Target,Not_Target
ebra629.t1,Myosin_18,Myosin_18,Not_Target
ebra630.t1,Not_Target,Not_Target,Myosin_23
ebra631.t1,Myosin_53,Not_Target,Myosin_8
ebra632.t1,Not_Target,Not_Target,Myosin_5
ebra633.t1,Not_Target,Not_Target,Not_Target
ebra634.t1,Not_Target,Not_Target,Not_Target
ebra635.t1,Myosin_23,Myosin_16,Not_Target
ebra636.t1,Not_Target,Myosin_5,Not_Target
ebra637.t1,Not_Target,Not_Target,Not_Target
ebra638.t1,Not_Target,Not_Target,Not_Target
ebra12294.t1,Myosin_77,Not_Target,Not_Target
ebra12295.t1,Not_Target,Not_Target,Myosin_8
ebra12296.t1,Not_Target,Not_Target,Not_Target
ebra12297.t1,Not_Target,Not_Target,Not_Target
ebra12298.t1,Not_Target,Not_Target,Not_Target
ebra12299.t1,Not_Target,Myosin_5,Myosin_8
ebra12300.t1,Myosin_34,Not_Target,Not_Target
ebra12301.t1,Not_Target,Not_Target,Myosin_19
ebra12302.t1,Not_Target,Not_Target,Not_Target
ebra12303.t1,Not_Target,Myosin_5,Not_Target
ebra784.t1,Not_Target,Not_Target,Not_Target
ebra785.t1,Not_Target,Not_Target,Not_Target
ebra786.t1,Not_Target,Not_Target,Not_Target
ebra787.t1,Not_Target,Not_Target,Not_Target
ebra788.t1,Not_Target,Not_Target,Not_Target
ebra789.t1,Myosin_36,Not_Target,Myosin_19
ebra790.t1,Not_Target,Myosin_1,Not_Target
ebra791.t1,Not_Target,Not_Target,Myosin_51
ebra792.t1,Not_Target,Not_Target,Not_Target
ebra793.t1,Not_Target,Not_Target,Not_Target
ebra794.t1,Myosin_57,Not_Target,Myosin_57
ebra795.t1,Not_Target,Not_Target,Myosin_5
ebra796.t1,Myosin_1,Not_Target,Myosin_1
ebra797.t1,Not_Target,Not_Target,Not_Target
ebra798.t1,Not_Target,Myosin_19,Not_Target
ebra799.t1,Not_Target,Not_Target,Not_Target
ebra20206.t1,Not_Target,Not_Target,Not_Target
ebra20207.t1,Not_Target,Not_Target,Not_Target
ebra20208.t1,Myosin_2,Myosin_2,Myosin_2
ebra20209.t1,Not_Target,Not_Target,Not_Target
ebra20210.t1,Not_Target,Not_Target,Not_Target
ebra20211.t1,Not_Target,Not_Target,Not_Target
ebra20212.t1,Not_Target,Myosin_23,Not_Target
ebra20213.t1,Myosin_36,Not_Target,Myosin_30
ebra20214.t1,Not_Target,Myosin_1,Not_Target
ebra20215.t1,Not_Target,Not_Target,Not_Target
ebra20216.t1,Myosin_64,Not_Target,Not_Target
ebra20217.t1,Myosin_24,Not_Target,Not_Target
ebra20218.t1,Not_Target,Not_Target,Not_Target
ebra20219.t1,Not_Target,Not_Target,Not_Target
ebra20220.t1,Myosin_6,Myosin_6,Not_Target
ebra7824.t1,Not_Target,Myosin_29,Not_Target
ebra7825.t1,Myosin_37,Myosin_37,Myosin_37
ebra7826.t1,Not_Target,Not_Target,Not_Target
ebra7827.t1,Not_Target,Not_Target,Not_Target
ebra7828.t1,Not_Target,Not_Target,Not_Target
ebra7829.t1,Myosin_37,Myosin_1,Not_Target
ebra7830.t1,Not_Target,Not_Target,Not_Target
ebra7831.t1,Not_Target,Not_Target,Not_Target
ebra7832.t1,Myosin_6,Myosin_6,Not_Target
ebra7833.t1,Not_Target,Not_Target,Not_Target
ebra7834.t1,Not_Target,Not_Target,Not_Target
ebra7835.t1,Not_Target,Not_Target,Not_Target
ebra7836.t1,Not_Target,Not_Target,Not_Target
ebra7837.t1,Not_Target,Not_Target,Not_Target
ebra7838.t1,Not_Target,Not_Target,Not_Target
ebra7055.t1,Not_Target,Not_Target,Not_Target
ebra7056.t1,Not_Target,Not_Target,Not_Target
ebra7057.t1,Not_Target,Not_Target,Myosin_14
ebra7058.t1,Myosin_36,Myosin_36,Myosin_17
ebra7059.t1,Not_Target,Not_Target,Not_Target
ebra7060.t1,Not_Target,Myosin_3,Not_Target
ebra20314.t1,Not_Target,Not_Target,Not_Target
ebra20315.t1,Not_Target,Not_Target,Not_Target
ebra20316.t1,Myosin_2,Not_Target,Not_Target
ebra20317.t1,Myosin_17,Myosin_17,Myosin_17
ebra20318.t1,Not_Target,Not_Target,Myosin_5
ebra20319.t1,Not_Target,Not_Target,Not_Target
ebra20320.t1,Not_Target,Not_Target,Not_Target
ebra20321.t1,Not_Target,Not_Target,Not_Target
ebra8980.t1,Not_Target,Myosin_23,Not_Target
ebra8981.t1,Not_Target,Not_Target,Not_Target
ebra8982.t1,Not_Target,Not_Target,Not_Target
ebra8983.t1,Myosin_17,Myosin_17,Not_Target
ebra8984.t1,Myosin_3,Not_Target,Myosin_57
ebra8985.t1,Not_Target,Not_Target,Not_Target
ebra8986.t1,Myosin_2,Not_Target,Not_Target
ebra8987.t1,Not_Target,Not_Target,Not_Target
ebra8988.t1,Not_Target,Not_Target,Not_Target
ebra8989.t1,Myosin_2,Not_Target,Not_Target
ebra19433.t1,Not_Target,Not_Target,Not_Target
ebra19434.t1,Not_Target,Not_Target,Not_Target
ebra19435.t1,Not_Target,Not_Target,Myosin_28
ebra19436.t1,Not_Target,Not_Target,Not_Target
ebra19437.t1,Not_Target,Not_Target,Not_Target
ebra19438.t1,Not_Target,Not_Target,Not_Target
ebra19439.t1,Myosin_17,Myosin_17,Not_Target
ebra19440.t1,Not_Target,Not_Target,Myosin_37
ebra19441.t1,Not_Target,Not_Target,Myosin_37
ebra7633.t1,Not_Target,Not_Target,Not_Target
ebra7634.t1,Not_Target,Not_Target,Not_Target
ebra7635.t1,Not_Target,Not_Target,Not_Target
ebra7636.t1,Not_Target,Myosin_17,Myosin_8
ebra7637.t1,Not_Target,Myosin_11,Not_Target
ebra7638.t1,Not_Target,Not_Target,Not_Target
ebra7639.t1,Myosin_31,Not_Target,Not_Target
ebra7640.t1,Myosin_26,Not_Target,Not_Target
ebra7641.t1,Not_Target,Myosin_28,Not_Target
ebra14746.t1,Not_Target,Not_Target,Not_Target
ebra14747.t1,Not_Target,Not_Target,Myosin_51
ebra14748.t1,Myosin_15,Myosin_15,Myosin_7
ebra14749.t1,Myosin_36,Not_Target,Not_Target
ebra14750.t1,Myosin_17,Not_Target,Myosin_6
ebra14751.t1,Not_Target,Not_Target,Not_Target
ebra14752.t1,Not_Target,Not_Target,Not_Target
ebra14753.t1,Not_Target,Not_Target,Not_Target
ebra14754.t1,Not_Target,Not_Target,Not_Target
ebra14755.t1,Not_Target,Not_Target,Not_Target
ebra14756.t1,Not_Target,Not_Target,Not_Target
ebra14757.t1,Not_Target,Not_Target,Not_Target
ebra14758.t1,Not_Target,Not_Target,Not_Target
ebra14759.t1,Not_Target,Not_Target,Not_Target
ebra7591.t1,Actin,Actin,Actin
ebra7592.t1,Actin,Actin,Actin
ebra7593.t1,Not_Target,Not_Target,Not_Target
ebra7594.t1,Not_Target,Myosin_9,Not_Target
ebra7595.t1,Not_Target,Not_Target,Myosin_4
ebra7596.t1,Not_Target,Not_Target,Not_Target
ebra7597.t1,Not_Target,Not_Target,Myosin_4
ebra7598.t1,Myosin_19,Myosin_19,Not_Target
ebra7599.t1,Not_Target,Not_Target,Not_Target
ebra7600.t1,Not_Target,Not_Target,Not_Target
ebra7601.t1,Not_Target,Not_Target,Not_Target
ebra7602.t1,Not_Target,Not_Target,Not_Target
ebra7603.t1,Not_Target,Not_Target,Not_Target
ebra7604.t1,Not_Target,Myosin_28,Not_Target
ebra7605.t1,Not_Target,Not_Target,Not_Target
ebra7606.t1,Not_Target,Not_Target,Myosin_23
ebra7607.t1,Not_Target,Not_Target,Not_Target
ebra3221.t1,Not_Target,Myosin_16,Not_Target
ebra3222.t1,Not_Target,Not_Target,Not_Target
ebra3223.t1,Not_Target,Not_Target,Not_Target
ebra3224.t1,Not_Target,Myosin_1,Myosin_81
ebra3225.t1,Not_Target,Not_Target,Not_Target
ebra3226.t1,Myosin_37,Not_Target,Not_Target
ebra3227.t1,Myosin_3,Not_Target,Myosin_3
ebra3228.t1,Not_Target,Myosin_5,Not_Target
ebra3229.t1,Not_Target,Not_Target,Not_Target
ebra3230.t1,Not_Target,Not_Target,Not_Target
ebra1269.t1,Myosin_45,Not_Target,Myosin_64
ebra1270.t1,Not_Target,Not_Target,Myosin_11
ebra1271.t1,Not_Target,Not_Target,Myosin_31
ebra1272.t1,Not_Target,Not_Target,Not_Target
ebra1273.t1,Myosin_4,Myosin_4,Myosin_81
ebra1274.t1,Myosin_9,Myosin_9,Myosin_5
ebra1275.t1,Not_Target,Not_Target,Myosin_39
ebra1276.t1,Not_Target,Not_Target,Myosin_39
ebra1277.t1,Myosin_1,Myosin_1,Not_Target
ebra1600.t1,Not_Target,Not_Target,Myosin_1
ebra1601.t1,Not_Target,Not_Target,Not_Target
ebra1602.t1,Not_Target,Not_Target,Not_Target
ebra1603.t1,Not_Target,Myosin_1,Not_Target
ebra1604.t1,Not_Target,Not_Target,Not_Target
ebra1605.t1,Myosin_30,Not_Target,Myosin_8
ebra1606.t1,Myosin_9,Myosin_1,Myosin_6
ebra1607.t1,Not_Target,Not_Target,Not_Target
ebra1608.t1,Not_Target,Not_Target,Not_Target
ebra1609.t1,Not_Target,Myosin_1,Not_Target
ebra1610.t1,Not_Target,Not_Target,Not_Target
ebra1611.t1,Not_Target,Myosin_55,Not_Target
ebra1612.t1,Not_Target,Not_Target,Not_Target
ebra1613.t1,Not_Target,Myosin_2,Not_Target
ebra1614.t1,Not_Target,Not_Target,Not_Target
ebra1615.t1,Not_Target,Not_Target,Not_Target
ebra1616.t1,Not_Target,Myosin_1,Not_Target
ebra11235.t1,Not_Target,Myosin_19,Not_Target
ebra11236.t1,Not_Target,Not_Target,Not_Target
ebra11237.t1,Myosin_22,Not_Target,Myosin_22
ebra11238.t1,Myosin_15,Myosin_15,Myosin_68
ebra11239.t1,Not_Target,Not_Target,Not_Target
ebra11240.t1,Not_Target,Not_Target,Not_Target
ebra11241.t1,Myosin_3,Myosin_16,Myosin_9
ebra15609.t1,Myosin_19,Myosin_19,Not_Target
ebra15610.t1,Not_Target,Not_Target,Not_Target
ebra15611.t1,Not_Target,Myosin_57,Myosin_1
ebra15612.t1,Not_Target,Not_Target,Myosin_73
ebra15613.t1,Not_Target,Not_Target,Not_Target
ebra15614.t1,Not_Target,Not_Target,Not_Target
ebra15615.t1,Myosin_45,Myosin_45,Not_Target
ebra15616.t1,Not_Target,Not_Target,Not_Target
ebra15617.t1,Not_Target,Not_Target,Myosin_2
ebra15618.t1,Not_Target,Not_Target,Not_Target
ebra4697.t1,Myosin_26,Myosin_2,Myosin_54
ebra4698.t1,Myosin_15,Myosin_15,Myosin_15
ebra4699.t1,Myosin_57,Myosin_57,Not_Target
ebra4700.t1,Not_Target,Not_Target,Not_Target
ebra4701.t1,Not_Target,Not_Target,Not_Target
ebra4702.t1,Myosin_36,Not_Target,Myosin_36
ebra4703.t1,Not_Target,Not_Target,Not_Target
ebra4704.t1,Not_Target,Not_Target,Not_Target
ebra4705.t1,Not_Target,Not_Target,Not_Target
ebra8582.t1,Not_Target,Not_Target,Not_Target
ebra8583.t1,Not_Target,Not_Target,Myosin_3
ebra8584.t1,Not_Target,Not_Target,Not_Target
ebra8585.t1,Myosin_18,Not_Target,Myosin_64
ebra8586.t1,Myosin_19,Not_Target,Not_Target
ebra8587.t1,Not_Target,Myosin_1,Not_Target
ebra8588.t1,Not_Target,Not_Target,Not_Target
ebra8589.t1,Not_Target,Not_Target,Not_Target
ebra8590.t1,Not_Target,Not_Target,Not_Target
ebra5063.t1,Not_Target,Myosin_1,Myosin_1
ebra5064.t1,Not_Target,Not_Target,Not_Target
ebra5065.t1,Not_Target,Not_Target,Not_Target
ebra5066.t1,Myosin_17,Not_Target,Myosin_17
ebra5067.t1,Not_Target,Not_Target,Not_Target
ebra5068.t1,Not_Target,Not_Target,Myosin_20
ebra5069.t1,Not_Target,Not_Target,Not_Target
ebra5070.t1,Myosin_15,Myosin_15,Myosin_7
ebra5071.t1,Not_Target,Not_Target,Not_Target
ebra5072.t1,Not_Target,Not_Target,Myosin_4
ebra14900.t1,Not_Target,Not_Target,Not_Target
ebra14901.t1,Not_Target,Not_Target,Not_Target
ebra14902.t1,Not_Target,Not_Target,Myosin_11
ebra14903.t1,Myosin_45,Not_Target,Not_Target
ebra14904.t1,Not_Target,Not_Target,Not_Target
ebra14905.t1,Not_Target,Not_Target,Myosin_3
ebra14906.t1,Not_Target,Not_Target,Not_Target
ebra14907.t1,Myosin_18,Myosin_19,Not_Target
ebra14908.t1,Myosin_18,Myosin_19,Not_Target
ebra14909.t1,Not_Target,Not_Target,Not_Target
ebra13780.t1,Myosin_20,Myosin_16,Myosin_17
ebra13781.t1,Not_Target,Not_Target,Not_Target
ebra13782.t1,Myosin_31,Not_Target,Not_Target
ebra13783.t1,Not_Target,Not_Target,Not_Target
ebra13784.t1,Not_Target,Not_Target,Not_Target
ebra13785.t1,Not_Target,Myosin_57,Not_Target
ebra13786.t1,Myosin_26,Myosin_5,Myosin_31
ebra13787.t1,Myosin_24,Not_Target,Myosin_24
ebra13788.t1,Not_Target,Not_Target,Not_Target
ebra13789.t1,Myosin_69,Not_Target,Myosin_20
ebra13790.t1,Not_Target,Not_Target,Not_Target
ebra17065.t1,Myosin_8,Myosin_51,Not_Target
ebra17066.t1,Not_Target,Not_Target,Not_Target
ebra17067.t1,Not_Target,Not_Target,Not_Target
ebra17068.t1,Not_Target,Not_Target,Myosin_7
ebra17069.t1,Myosin_3,Myosin_3,Myosin_3
ebra17070.t1,Myosin_18,Myosin_28,Myosin_18
ebra17071.t1,Not_Target,Myosin_5,Not_Target
ebra17072.t1,Not_Target,Not_Target,Myosin_23
ebra8900.t1,Not_Target,Not_Target,Not_Target
ebra8901.t1,Not_Target,Not_Target,Not_Target
ebra8902.t1,Myosin_18,Myosin_16,Myosin_3
ebra8903.t1,Myosin_36,Not_Target,Myosin_36
ebra4411.t1,Not_Target,Not_Target,Myosin_5
ebra4412.t1,Myosin_18,Not_Target,Myosin_11
ebra4413.t1,Not_Target,Not_Target,Not_Target
ebra4414.t1,Not_Target,Not_Target,Not_Target
ebra4415.t1,Myosin_26,Not_Target,Myosin_22
ebra4416.t1,Myosin_2,Not_Target,Myosin_2
ebra4417.t1,Myosin_6,Myosin_11,Myosin_14
ebra5763.t1,Not_Target,Not_Target,Not_Target
ebra5764.t1,Not_Target,Not_Target,Myosin_81
ebra5765.t1,Not_Target,Not_Target,Not_Target
ebra5766.t1,Not_Target,Myosin_4,Not_Target
ebra5767.t1,Myosin_45,Myosin_57,Not_Target
ebra5768.t1,Not_Target,Not_Target,Not_Target
ebra5769.t1,Not_Target,Not_Target,Not_Target
ebra5770.t1,Not_Target,Not_Target,Not_Target
ebra5771.t1,Not_Target,Not_Target,Not_Target
ebra5772.t1,Not_Target,Not_Target,Not_Target
ebra5773.t1,Not_Target,Not_Target,Myosin_36
ebra5774.t1,Not_Target,Not_Target,Not_Target
ebra5775.t1,Not_Target,Not_Target,Not_Target
ebra5776.t1,Not_Target,Not_Target,Not_Target
ebra5777.t1,Not_Target,Not_Target,Not_Target
ebra5778.t1,Not_Target,Not_Target,Not_Target
ebra5779.t1,Not_Target,Not_Target,Not_Target
ebra5780.t1,Not_Target,Not_Target,Myosin_36
ebra5781.t1,Not_Target,Not_Target,Not_Target
ebra19197.t1,Not_Target,Not_Target,Not_Target
ebra19198.t1,Myosin_5,Myosin_17,Myosin_5
ebra19199.t1,Not_Target,Not_Target,Not_Target
ebra19200.t1,Not_Target,Not_Target,Not_Target
ebra19201.t1,Myosin_17,Myosin_17,Myosin_37
ebra19202.t1,Not_Target,Not_Target,Not_Target
ebra19203.t1,Not_Target,Not_Target,Not_Target
ebra19204.t1,Not_Target,Not_Target,Not_Target
ebra19205.t1,Not_Target,Not_Target,Not_Target
ebra19206.t1,Not_Target,Not_Target,Not_Target
ebra19207.t1,Myosin_23,Not_Target,Not_Target
ebra2437.t1,Not_Target,Not_Target,Not_Target
ebra2438.t1,Not_Target,Not_Target,Not_Target
ebra2439.t1,Not_Target,Not_Target,Not_Target
ebra2440.t1,Not_Target,Not_Target,Not_Target
ebra2441.t1,Not_Target,Not_Target,Not_Target
ebra2442.t1,Not_Target,Not_Target,Not_Target
ebra2443.t1,Myosin_19,Myosin_57,Myosin_57
ebra2444.t1,Myosin_24,Myosin_16,Myosin_1
ebra2445.t1,Not_Target,Not_Target,Not_Target
ebra2446.t1,Not_Target,Not_Target,Not_Target
ebra4320.t1,Not_Target,Not_Target,Not_Target
ebra4321.t1,Not_Target,Myosin_6,Not_Target
ebra4322.t1,Not_Target,Not_Target,Not_Target
ebra4323.t1,Not_Target,Not_Target,Not_Target
ebra4324.t1,Not_Target,Not_Target,Not_Target
ebra4325.t1,Not_Target,Not_Target,Not_Target
ebra4326.t1,Not_Target,Myosin_6,Not_Target
ebra4327.t1,Not_Target,Not_Target,Not_Target
ebra4328.t1,Not_Target,Myosin_6,Not_Target
ebra4329.t1,Not_Target,Not_Target,Myosin_20
ebra4330.t1,Not_Target,Not_Target,Not_Target
ebra4331.t1,Not_Target,Not_Target,Myosin_1
ebra4332.t1,Not_Target,Not_Target,Not_Target
ebra4333.t1,Not_Target,Not_Target,Not_Target
ebra4334.t1,Not_Target,Not_Target,Not_Target
ebra4335.t1,Not_Target,Not_Target,Not_Target
ebra4336.t1,Not_Target,Not_Target,Myosin_1
ebra5586.t1,Not_Target,Not_Target,Not_Target
ebra5587.t1,Myosin_36,Not_Target,Not_Target
ebra5588.t1,Myosin_19,Not_Target,Myosin_3
ebra5589.t1,Myosin_3,Myosin_6,Not_Target
ebra5590.t1,Not_Target,Not_Target,Not_Target
ebra5591.t1,Not_Target,Not_Target,Myosin_30
ebra5592.t1,Not_Target,Myosin_1,Myosin_8
ebra5593.t1,Not_Target,Not_Target,Not_Target
ebra5594.t1,Myosin_57,Myosin_57,Myosin_19
ebra5595.t1,Myosin_1,Myosin_1,Not_Target
ebra4739.t1,Not_Target,Not_Target,Not_Target
ebra4740.t1,Not_Target,Not_Target,Not_Target
ebra4741.t1,Not_Target,Not_Target,Not_Target
ebra4742.t1,Not_Target,Not_Target,Not_Target
ebra4743.t1,Not_Target,Not_Target,Not_Target
ebra4744.t1,Myosin_9,Myosin_22,Myosin_46
ebra4745.t1,Not_Target,Myosin_22,Myosin_22
ebra4746.t1,Myosin_18,Not_Target,Myosin_24
ebra4747.t1,Myosin_45,Myosin_16,Myosin_3
ebra4748.t1,Not_Target,Not_Target,Myosin_20
ebra4749.t1,Not_Target,Not_Target,Not_Target
ebra4750.t1,Not_Target,Not_Target,Not_Target
ebra4862.t1,Myosin_26,Myosin_64,Not_Target
ebra4863.t1,Not_Target,Myosin_1,Not_Target
ebra4864.t1,Not_Target,Not_Target,Not_Target
ebra4865.t1,Not_Target,Not_Target,Myosin_1
ebra4866.t1,Not_Target,Myosin_8,Myosin_53
ebra4867.t1,Myosin_3,Myosin_3,Not_Target
ebra4868.t1,Not_Target,Not_Target,Myosin_20
ebra4869.t1,Not_Target,Not_Target,Myosin_20
ebra4870.t1,Not_Target,Not_Target,Not_Target
ebra4871.t1,Not_Target,Not_Target,Not_Target
ebra4872.t1,Not_Target,Not_Target,Not_Target
ebra21010.t1,Not_Target,Not_Target,Not_Target
ebra21011.t1,Myosin_18,Myosin_18,Myosin_18
ebra21012.t1,Not_Target,Not_Target,Not_Target
ebra21013.t1,Not_Target,Not_Target,Not_Target
ebra21014.t1,Not_Target,Not_Target,Not_Target
ebra21015.t1,Myosin_1,Myosin_57,Myosin_5
ebra21016.t1,Not_Target,Not_Target,Not_Target
ebra21017.t1,Not_Target,Not_Target,Not_Target
ebra21018.t1,Not_Target,Not_Target,Not_Target
ebra21019.t1,Not_Target,Not_Target,Not_Target
ebra21020.t1,Not_Target,Not_Target,Not_Target
ebra21021.t1,Not_Target,Not_Target,Not_Target
ebra21022.t1,Not_Target,Not_Target,Not_Target
ebra6330.t1,Myosin_17,Myosin_26,Myosin_17
ebra6331.t1,Myosin_26,Not_Target,Not_Target
ebra6332.t1,Not_Target,Myosin_1,Myosin_19
ebra6333.t1,Not_Target,Myosin_10,Myosin_5
ebra6334.t1,Myosin_45,Not_Target,Not_Target
ebra6335.t1,Not_Target,Not_Target,Not_Target
ebra6336.t1,Not_Target,Not_Target,Not_Target
ebra6337.t1,Not_Target,Myosin_57,Not_Target
ebra3868.t1,Not_Target,Not_Target,Not_Target
ebra3869.t1,Myosin_74,Myosin_74,Not_Target
ebra3870.t1,Myosin_1,Myosin_1,Not_Target
ebra3871.t1,Not_Target,Not_Target,Not_Target
ebra3872.t1,Not_Target,Not_Target,Not_Target
ebra3873.t1,Not_Target,Not_Target,Not_Target
ebra3874.t1,Not_Target,Not_Target,Not_Target
ebra3875.t1,Myosin_26,Myosin_1,Not_Target
ebra3876.t1,Not_Target,Not_Target,Not_Target
ebra3877.t1,Not_Target,Myosin_4,Not_Target
ebra3878.t1,Myosin_57,Myosin_81,Myosin_2
ebra3879.t1,Not_Target,Not_Target,Not_Target
ebra3880.t1,Not_Target,Not_Target,Not_Target
ebra9536.t1,Not_Target,Myosin_4,Myosin_4
ebra9537.t1,Myosin_19,Myosin_1,Not_Target
ebra9538.t1,Not_Target,Not_Target,Not_Target
ebra9539.t1,Myosin_18,Myosin_5,Myosin_16
ebra9540.t1,Not_Target,Myosin_43,Not_Target
ebra9541.t1,Not_Target,Not_Target,Myosin_23
ebra9542.t1,Not_Target,Not_Target,Not_Target
ebra9543.t1,Myosin_17,Myosin_17,Myosin_22
ebra9544.t1,Myosin_2,Myosin_2,Not_Target
ebra9545.t1,Not_Target,Not_Target,Myosin_8
ebra9546.t1,Not_Target,Myosin_17,Not_Target
ebra9547.t1,Not_Target,Not_Target,Myosin_57
ebra9548.t1,Not_Target,Not_Target,Not_Target
ebra6098.t1,Not_Target,Not_Target,Not_Target
ebra6099.t1,Not_Target,Not_Target,Not_Target
ebra6100.t1,Not_Target,Myosin_6,Myosin_25
ebra6101.t1,Not_Target,Not_Target,Not_Target
ebra6102.t1,Not_Target,Not_Target,Not_Target
ebra6103.t1,Myosin_18,Myosin_18,Myosin_30
ebra6104.t1,Not_Target,Not_Target,Not_Target
ebra6105.t1,Not_Target,Not_Target,Not_Target
ebra6106.t1,Not_Target,Not_Target,Not_Target
ebra6107.t1,Not_Target,Not_Target,Myosin_2
ebra9551.t1,Myosin_45,Not_Target,Not_Target
ebra9552.t1,Myosin_45,Not_Target,Myosin_3
ebra9553.t1,Not_Target,Not_Target,Myosin_5
ebra9554.t1,Myosin_1,Myosin_26,Not_Target
ebra9555.t1,Not_Target,Not_Target,Not_Target
ebra9556.t1,Not_Target,Myosin_18,Not_Target
ebra9557.t1,Not_Target,Not_Target,Not_Target
ebra9558.t1,Not_Target,Not_Target,Myosin_37
ebra9559.t1,Not_Target,Not_Target,Not_Target
ebra9560.t1,Not_Target,Not_Target,Not_Target
ebra9561.t1,Not_Target,Not_Target,Not_Target
ebra9562.t1,Not_Target,Not_Target,Not_Target
ebra1691.t1,Not_Target,Not_Target,Not_Target
ebra1692.t1,Not_Target,Not_Target,Not_Target
ebra1693.t1,Myosin_23,Myosin_22,Myosin_7
ebra1694.t1,Myosin_18,Myosin_18,Not_Target
ebra1695.t1,Not_Target,Not_Target,Not_Target
ebra1696.t1,Not_Target,Not_Target,Not_Target
ebra1697.t1,Not_Target,Not_Target,Myosin_1
ebra1698.t1,Not_Target,Not_Target,Not_Target
ebra1699.t1,Not_Target,Not_Target,Myosin_2
ebra1700.t1,Not_Target,Myosin_18,Not_Target
ebra1701.t1,Not_Target,Not_Target,Not_Target
ebra10557.t1,Not_Target,Not_Target,Not_Target
ebra10558.t1,Not_Target,Not_Target,Not_Target
ebra10559.t1,Not_Target,Not_Target,Myosin_8
ebra10560.t1,Not_Target,Not_Target,Myosin_1
ebra10561.t1,Not_Target,Not_Target,Not_Target
ebra10562.t1,Myosin_18,Not_Target,Not_Target
ebra10563.t1,Not_Target,Not_Target,Not_Target
ebra10564.t1,Not_Target,Not_Target,Myosin_8
ebra17145.t1,Not_Target,Not_Target,Not_Target
ebra17146.t1,Not_Target,Not_Target,Myosin_19
ebra17147.t1,Not_Target,Not_Target,Not_Target
ebra17148.t1,Not_Target,Not_Target,Not_Target
ebra17149.t1,Not_Target,Not_Target,Not_Target
ebra17150.t1,Not_Target,Not_Target,Not_Target
ebra17151.t1,Not_Target,Not_Target,Not_Target
ebra17152.t1,Not_Target,Not_Target,Not_Target
ebra17153.t1,Not_Target,Not_Target,Not_Target
ebra17154.t1,Not_Target,Myosin_22,Myosin_1
ebra17155.t1,Not_Target,Not_Target,Myosin_1
ebra17156.t1,Not_Target,Not_Target,Not_Target
ebra17157.t1,Not_Target,Not_Target,Not_Target
ebra17158.t1,Not_Target,Not_Target,Myosin_3
ebra17159.t1,Not_Target,Myosin_7,Not_Target
ebra15904.t1,Not_Target,Myosin_5,Not_Target
ebra15905.t1,Myosin_45,Myosin_45,Myosin_3
ebra15906.t1,Not_Target,Not_Target,Myosin_4
ebra15907.t1,Not_Target,Not_Target,Not_Target
ebra15908.t1,Not_Target,Not_Target,Not_Target
ebra15909.t1,Not_Target,Myosin_57,Not_Target
ebra15910.t1,Not_Target,Not_Target,Not_Target
ebra16063.t1,Myosin_6,Not_Target,Not_Target
ebra16064.t1,Myosin_15,Myosin_15,Myosin_15
ebra16065.t1,Not_Target,Not_Target,Not_Target
ebra16066.t1,Myosin_1,Myosin_27,Myosin_19
ebra16067.t1,Not_Target,Not_Target,Not_Target
ebra16068.t1,Not_Target,Not_Target,Not_Target
ebra7182.t1,Not_Target,Not_Target,Myosin_24
ebra7183.t1,Not_Target,Myosin_18,Not_Target
ebra7184.t1,Not_Target,Not_Target,Not_Target
ebra7185.t1,Not_Target,Not_Target,Myosin_19
ebra7186.t1,Myosin_1,Myosin_1,Not_Target
ebra7187.t1,Not_Target,Not_Target,Not_Target
ebra9250.t1,Not_Target,Myosin_27,Not_Target
ebra9251.t1,Myosin_1,Not_Target,Not_Target
ebra9252.t1,Not_Target,Not_Target,Not_Target
ebra9253.t1,Not_Target,Not_Target,Not_Target
ebra9254.t1,Not_Target,Not_Target,Not_Target
ebra9255.t1,Not_Target,Not_Target,Not_Target
ebra9256.t1,Not_Target,Not_Target,Not_Target
ebra9257.t1,Not_Target,Not_Target,Not_Target
ebra9258.t1,Not_Target,Not_Target,Not_Target
ebra9259.t1,Not_Target,Not_Target,Not_Target
ebra9260.t1,Not_Target,Not_Target,Not_Target
ebra9261.t1,Not_Target,Not_Target,Not_Target
ebra14283.t1,Not_Target,Not_Target,Myosin_1
ebra14284.t1,Not_Target,Not_Target,Not_Target
ebra14285.t1,Not_Target,Not_Target,Myosin_50
ebra14286.t1,Not_Target,Myosin_28,Not_Target
ebra14287.t1,Not_Target,Not_Target,Not_Target
ebra14288.t1,Not_Target,Not_Target,Not_Target
ebra14289.t1,Myosin_45,Myosin_29,Myosin_26
ebra14290.t1,Myosin_74,Myosin_74,Not_Target
ebra14291.t1,Not_Target,Not_Target,Not_Target
ebra14292.t1,Not_Target,Myosin_11,Not_Target
ebra14293.t1,Myosin_74,Myosin_74,Not_Target
ebra19924.t1,Myosin_45,Myosin_45,Not_Target
ebra19925.t1,Not_Target,Myosin_5,Not_Target
ebra19926.t1,Not_Target,Not_Target,Not_Target
ebra19927.t1,Not_Target,Not_Target,Myosin_19
ebra19928.t1,Myosin_2,Myosin_2,Myosin_2
ebra19929.t1,Myosin_18,Myosin_31,Not_Target
ebra19930.t1,Not_Target,Not_Target,Not_Target
ebra19931.t1,Not_Target,Not_Target,Myosin_6
ebra19932.t1,Myosin_37,Myosin_4,Myosin_37
ebra19933.t1,Not_Target,Not_Target,Not_Target
ebra19655.t1,Not_Target,Not_Target,Myosin_2
ebra19656.t1,Myosin_17,Myosin_17,Myosin_5
ebra19657.t1,Not_Target,Myosin_25,Not_Target
ebra19658.t1,Not_Target,Myosin_5,Not_Target
ebra19659.t1,Myosin_17,Myosin_38,Myosin_25
ebra19660.t1,Myosin_5,Not_Target,Myosin_5
ebra19661.t1,Not_Target,Myosin_57,Not_Target
ebra19662.t1,Myosin_2,Myosin_2,Myosin_2
ebra19663.t1,Not_Target,Not_Target,Not_Target
ebra19664.t1,Myosin_2,Myosin_2,Myosin_2
ebra21314.t1,Not_Target,Not_Target,Not_Target
ebra21315.t1,Myosin_5,Myosin_5,Not_Target
ebra21316.t1,Not_Target,Not_Target,Not_Target
ebra21317.t1,Not_Target,Not_Target,Not_Target
ebra21318.t1,Not_Target,Not_Target,Not_Target
ebra21319.t1,Not_Target,Not_Target,Not_Target
ebra21320.t1,Myosin_10,Not_Target,Myosin_10
ebra21321.t1,Not_Target,Not_Target,Not_Target
ebra21322.t1,Not_Target,Not_Target,Not_Target
ebra21323.t1,Not_Target,Not_Target,Not_Target
ebra21324.t1,Not_Target,Not_Target,Not_Target
ebra15480.t1,Not_Target,Myosin_17,Not_Target
ebra15481.t1,Myosin_22,Not_Target,Not_Target
ebra15482.t1,Not_Target,Not_Target,Not_Target
ebra15483.t1,Not_Target,Myosin_5,Not_Target
ebra15484.t1,Not_Target,Not_Target,Not_Target
ebra15485.t1,Not_Target,Not_Target,Not_Target
ebra15486.t1,Not_Target,Myosin_15,Myosin_15
ebra15487.t1,Not_Target,Not_Target,Not_Target
ebra15488.t1,Not_Target,Not_Target,Not_Target
ebra15489.t1,Not_Target,Not_Target,Not_Target
ebra15490.t1,Not_Target,Not_Target,Not_Target
ebra15491.t1,Not_Target,Not_Target,Not_Target
ebra13228.t1,Not_Target,Not_Target,Not_Target
ebra13229.t1,Myosin_18,Myosin_28,Not_Target
ebra13230.t1,Not_Target,Myosin_4,Not_Target
ebra13231.t1,Myosin_45,Not_Target,Not_Target
ebra13232.t1,Not_Target,Not_Target,Not_Target
ebra13233.t1,Not_Target,Not_Target,Not_Target
ebra13234.t1,Myosin_18,Not_Target,Myosin_3
ebra13235.t1,Not_Target,Not_Target,Myosin_4
ebra13236.t1,Myosin_45,Myosin_16,Not_Target
ebra13237.t1,Not_Target,Not_Target,Not_Target
ebra4057.t1,Not_Target,Not_Target,Not_Target
ebra4058.t1,Not_Target,Not_Target,Not_Target
ebra4059.t1,Not_Target,Not_Target,Myosin_20
ebra4060.t1,Not_Target,Not_Target,Not_Target
ebra4061.t1,Not_Target,Not_Target,Not_Target
ebra4062.t1,Not_Target,Not_Target,Myosin_61
ebra4063.t1,Not_Target,Not_Target,Not_Target
ebra4064.t1,Not_Target,Myosin_20,Not_Target
ebra4065.t1,Not_Target,Myosin_19,Myosin_27
ebra6364.t1,Not_Target,Not_Target,Not_Target
ebra6365.t1,Myosin_57,Not_Target,Myosin_8
ebra6366.t1,Not_Target,Not_Target,Not_Target
ebra6367.t1,Not_Target,Not_Target,Not_Target
ebra6368.t1,Myosin_18,Myosin_18,Myosin_2
ebra6369.t1,Not_Target,Not_Target,Not_Target
ebra6370.t1,Not_Target,Myosin_18,Myosin_18
ebra6371.t1,Not_Target,Not_Target,Not_Target
ebra6372.t1,Not_Target,Not_Target,Not_Target
ebra6373.t1,Myosin_24,Myosin_57,Myosin_24
ebra6374.t1,Not_Target,Not_Target,Not_Target
ebra8729.t1,Not_Target,Not_Target,Not_Target
ebra8730.t1,Not_Target,Not_Target,Myosin_57
ebra8731.t1,Not_Target,Not_Target,Not_Target
ebra8732.t1,Not_Target,Not_Target,Not_Target
ebra8733.t1,Not_Target,Not_Target,Not_Target
ebra8734.t1,Not_Target,Myosin_19,Not_Target
ebra8735.t1,Myosin_2,Myosin_18,Myosin_2
ebra8736.t1,Not_Target,Myosin_17,Not_Target
ebra13009.t1,Not_Target,Not_Target,Not_Target
ebra13010.t1,Not_Target,Not_Target,Not_Target
ebra13011.t1,Myosin_17,Myosin_17,Not_Target
ebra13012.t1,Not_Target,Not_Target,Not_Target
ebra13013.t1,Myosin_53,Not_Target,Myosin_57
ebra20897.t1,Not_Target,Myosin_1,Not_Target
ebra20898.t1,Not_Target,Myosin_1,Not_Target
ebra20899.t1,Myosin_18,Myosin_18,Myosin_20
ebra20900.t1,Not_Target,Not_Target,Not_Target
ebra20901.t1,Not_Target,Not_Target,Not_Target
ebra20902.t1,Not_Target,Not_Target,Not_Target
ebra20903.t1,Not_Target,Myosin_6,Not_Target
ebra20904.t1,Not_Target,Not_Target,Not_Target
ebra20905.t1,Not_Target,Not_Target,Not_Target
ebra13797.t1,Not_Target,Not_Target,Not_Target
ebra13798.t1,Not_Target,Not_Target,Not_Target
ebra13799.t1,Not_Target,Not_Target,Not_Target
ebra13800.t1,Not_Target,Not_Target,Not_Target
ebra13801.t1,Not_Target,Not_Target,Not_Target
ebra13802.t1,Not_Target,Not_Target,Not_Target
ebra13803.t1,Not_Target,Not_Target,Not_Target
ebra13804.t1,Not_Target,Not_Target,Not_Target
ebra13805.t1,Not_Target,Not_Target,Not_Target
ebra13806.t1,Not_Target,Not_Target,Not_Target
ebra13807.t1,Not_Target,Not_Target,Not_Target
ebra13808.t1,Not_Target,Myosin_22,Not_Target
ebra13809.t1,Not_Target,Not_Target,Not_Target
ebra13810.t1,Not_Target,Not_Target,Not_Target
ebra19559.t1,Not_Target,Not_Target,Not_Target
ebra19560.t1,Not_Target,Not_Target,Myosin_14
ebra19561.t1,Not_Target,Not_Target,Not_Target
ebra19562.t1,Not_Target,Not_Target,Not_Target
ebra19563.t1,Not_Target,Not_Target,Myosin_30
ebra19564.t1,Not_Target,Not_Target,Not_Target
ebra19565.t1,Not_Target,Not_Target,Myosin_42
ebra19566.t1,Not_Target,Myosin_1,Not_Target
ebra19567.t1,Not_Target,Not_Target,Myosin_20
ebra19568.t1,Not_Target,Not_Target,Not_Target
ebra19569.t1,Not_Target,Not_Target,Not_Target
ebra19570.t1,Myosin_57,Myosin_70,Myosin_1
ebra19571.t1,Myosin_2,Not_Target,Not_Target
ebra19572.t1,Myosin_45,Myosin_5,Myosin_18
ebra19573.t1,Myosin_2,Myosin_2,Myosin_53
ebra13040.t1,Not_Target,Not_Target,Not_Target
ebra13041.t1,Myosin_19,Myosin_19,Myosin_19
ebra13042.t1,Not_Target,Not_Target,Myosin_81
ebra13043.t1,Not_Target,Not_Target,Myosin_5
ebra13044.t1,Not_Target,Not_Target,Not_Target
ebra13045.t1,Not_Target,Not_Target,Not_Target
ebra13046.t1,Not_Target,Myosin_18,Not_Target
ebra13047.t1,Not_Target,Not_Target,Not_Target
ebra13048.t1,Myosin_8,Not_Target,Not_Target
ebra13049.t1,Not_Target,Myosin_17,Not_Target
ebra13050.t1,Myosin_26,Myosin_5,Myosin_51
ebra13051.t1,Not_Target,Not_Target,Not_Target
ebra13052.t1,Not_Target,Not_Target,Not_Target
ebra13053.t1,Not_Target,Not_Target,Not_Target
ebra13054.t1,Not_Target,Not_Target,Not_Target
ebra11568.t1,Not_Target,Myosin_30,Not_Target
ebra11569.t1,Not_Target,Myosin_30,Not_Target
ebra11570.t1,Not_Target,Myosin_81,Not_Target
ebra11571.t1,Not_Target,Not_Target,Not_Target
ebra11572.t1,Not_Target,Myosin_1,Not_Target
ebra11573.t1,Not_Target,Not_Target,Not_Target
ebra11574.t1,Not_Target,Not_Target,Not_Target
ebra11575.t1,Not_Target,Not_Target,Not_Target
ebra11576.t1,Not_Target,Not_Target,Not_Target
ebra13896.t1,Not_Target,Not_Target,Myosin_1
ebra13897.t1,Not_Target,Not_Target,Not_Target
ebra13898.t1,Myosin_9,Myosin_5,Not_Target
ebra13899.t1,Not_Target,Myosin_1,Not_Target
ebra13900.t1,Myosin_17,Myosin_17,Myosin_8
ebra13901.t1,Not_Target,Not_Target,Not_Target
ebra13902.t1,Not_Target,Not_Target,Not_Target
ebra13903.t1,Not_Target,Not_Target,Not_Target
ebra13904.t1,Not_Target,Myosin_28,Not_Target
ebra13905.t1,Myosin_19,Myosin_19,Myosin_7
ebra5164.t1,Not_Target,Not_Target,Not_Target
ebra5165.t1,Not_Target,Not_Target,Not_Target
ebra5166.t1,Not_Target,Not_Target,Not_Target
ebra5167.t1,Not_Target,Not_Target,Not_Target
ebra5168.t1,Not_Target,Not_Target,Not_Target
ebra5169.t1,Not_Target,Not_Target,Not_Target
ebra5170.t1,Not_Target,Not_Target,Myosin_36
ebra5171.t1,Myosin_16,Not_Target,Myosin_15
ebra5172.t1,Not_Target,Not_Target,Not_Target
ebra5173.t1,Not_Target,Myosin_1,Not_Target
ebra5174.t1,Not_Target,Not_Target,Not_Target
ebra5175.t1,Myosin_5,Myosin_5,Not_Target
ebra8263.t1,Not_Target,Not_Target,Myosin_20
ebra8264.t1,Not_Target,Not_Target,Not_Target
ebra8265.t1,Myosin_45,Myosin_45,Myosin_16
ebra8266.t1,Not_Target,Not_Target,Not_Target
ebra8267.t1,Not_Target,Myosin_1,Not_Target
ebra8268.t1,Not_Target,Not_Target,Not_Target
ebra10877.t1,Not_Target,Not_Target,Not_Target
ebra10878.t1,Not_Target,Not_Target,Not_Target
ebra10879.t1,Myosin_45,Myosin_45,Myosin_15
ebra10880.t1,Not_Target,Not_Target,Not_Target
ebra10881.t1,Not_Target,Not_Target,Myosin_64
ebra10882.t1,Not_Target,Not_Target,Not_Target
ebra10883.t1,Not_Target,Not_Target,Not_Target
ebra10884.t1,Not_Target,Not_Target,Not_Target
ebra10885.t1,Not_Target,Not_Target,Not_Target
ebra10886.t1,Not_Target,Not_Target,Not_Target
ebra10887.t1,Not_Target,Not_Target,Not_Target
ebra9168.t1,Not_Target,Not_Target,Not_Target
ebra9169.t1,Not_Target,Not_Target,Not_Target
ebra9170.t1,Myosin_31,Myosin_8,Not_Target
ebra9171.t1,Not_Target,Not_Target,Not_Target
ebra9172.t1,Not_Target,Not_Target,Not_Target
ebra9173.t1,Not_Target,Myosin_17,Not_Target
ebra9174.t1,Not_Target,Myosin_26,Not_Target
ebra9175.t1,Not_Target,Not_Target,Not_Target
ebra9176.t1,Not_Target,Myosin_1,Not_Target
ebra16324.t1,Not_Target,Not_Target,Myosin_1
ebra16325.t1,Myosin_17,Myosin_17,Not_Target
ebra16326.t1,Not_Target,Not_Target,Not_Target
ebra16327.t1,Not_Target,Myosin_5,Not_Target
ebra16328.t1,Myosin_36,Myosin_1,Not_Target
ebra16329.t1,Myosin_16,Not_Target,Myosin_36
ebra16330.t1,Myosin_16,Not_Target,Myosin_16
ebra16331.t1,Myosin_16,Not_Target,Myosin_16
ebra16332.t1,Not_Target,Myosin_1,Not_Target
ebra12123.t1,Not_Target,Not_Target,Not_Target
ebra12124.t1,Not_Target,Not_Target,Not_Target
ebra12125.t1,Not_Target,Not_Target,Not_Target
ebra12126.t1,Not_Target,Not_Target,Not_Target
ebra12127.t1,Not_Target,Not_Target,Myosin_27
ebra12128.t1,Not_Target,Not_Target,Myosin_8
ebra12129.t1,Not_Target,Not_Target,Not_Target
ebra12130.t1,Not_Target,Myosin_18,Not_Target
ebra12131.t1,Not_Target,Not_Target,Not_Target
ebra12132.t1,Myosin_1,Myosin_2,Myosin_1
ebra12133.t1,Myosin_37,Myosin_22,Not_Target
ebra12134.t1,Not_Target,Not_Target,Not_Target
ebra12135.t1,Not_Target,Not_Target,Not_Target
ebra12136.t1,Myosin_37,Myosin_57,Not_Target
ebra12137.t1,Not_Target,Not_Target,Not_Target
ebra14681.t1,Not_Target,Myosin_47,Not_Target
ebra14682.t1,Not_Target,Not_Target,Not_Target
ebra14683.t1,Not_Target,Not_Target,Not_Target
ebra14684.t1,Not_Target,Not_Target,Not_Target
ebra14685.t1,Not_Target,Not_Target,Not_Target
ebra14686.t1,Not_Target,Not_Target,Not_Target
ebra14687.t1,Not_Target,Not_Target,Not_Target
ebra14688.t1,Not_Target,Not_Target,Not_Target
ebra14689.t1,Not_Target,Myosin_30,Not_Target
ebra9493.t1,Myosin_71,Myosin_57,Not_Target
ebra9494.t1,Not_Target,Myosin_6,Not_Target
ebra9495.t1,Not_Target,Not_Target,Not_Target
ebra9496.t1,Myosin_57,Myosin_57,Not_Target
ebra9497.t1,Not_Target,Not_Target,Not_Target
ebra9498.t1,Not_Target,Not_Target,Not_Target
ebra9499.t1,Not_Target,Myosin_19,Not_Target
ebra9500.t1,Not_Target,Not_Target,Not_Target
ebra9501.t1,Not_Target,Not_Target,Not_Target
ebra9502.t1,Not_Target,Not_Target,Not_Target
ebra9503.t1,Not_Target,Myosin_25,Not_Target
ebra9504.t1,Not_Target,Not_Target,Myosin_1
ebra9505.t1,Myosin_19,Not_Target,Not_Target
ebra18404.t1,Not_Target,Not_Target,Myosin_19
ebra18405.t1,Myosin_17,Myosin_17,Not_Target
ebra18406.t1,Myosin_51,Not_Target,Not_Target
ebra18407.t1,Not_Target,Not_Target,Not_Target
ebra18408.t1,Not_Target,Not_Target,Not_Target
ebra18409.t1,Not_Target,Not_Target,Not_Target
ebra18410.t1,Myosin_17,Not_Target,Myosin_36
ebra18411.t1,Not_Target,Not_Target,Not_Target
ebra18412.t1,Not_Target,Not_Target,Not_Target
ebra16450.t1,Not_Target,Not_Target,Not_Target
ebra16451.t1,Myosin_15,Not_Target,Myosin_31
ebra16452.t1,Myosin_1,Not_Target,Myosin_1
ebra16453.t1,Not_Target,Not_Target,Not_Target
ebra16454.t1,Not_Target,Not_Target,Not_Target
ebra16455.t1,Not_Target,Myosin_17,Myosin_23
ebra16456.t1,Myosin_45,Myosin_45,Not_Target
ebra16457.t1,Myosin_45,Myosin_45,Not_Target
ebra20498.t1,Not_Target,Not_Target,Not_Target
ebra20499.t1,Not_Target,Not_Target,Not_Target
ebra20500.t1,Not_Target,Not_Target,Not_Target
ebra20501.t1,Not_Target,Not_Target,Not_Target
ebra20502.t1,Myosin_57,Myosin_19,Myosin_62
ebra20503.t1,Myosin_17,Myosin_22,Myosin_19
ebra11987.t1,Not_Target,Myosin_16,Not_Target
ebra11988.t1,Not_Target,Myosin_16,Not_Target
ebra11989.t1,Not_Target,Not_Target,Not_Target
ebra11990.t1,Not_Target,Not_Target,Not_Target
ebra11991.t1,Not_Target,Not_Target,Not_Target
ebra11992.t1,Not_Target,Not_Target,Not_Target
ebra11993.t1,Not_Target,Not_Target,Not_Target
ebra11994.t1,Not_Target,Not_Target,Not_Target
ebra11995.t1,Not_Target,Not_Target,Not_Target
ebra15498.t1,Not_Target,Not_Target,Not_Target
ebra15499.t1,Not_Target,Not_Target,Not_Target
ebra15500.t1,Not_Target,Not_Target,Not_Target
ebra15501.t1,Not_Target,Not_Target,Not_Target
ebra15502.t1,Not_Target,Myosin_1,Not_Target
ebra15503.t1,Not_Target,Not_Target,Not_Target
ebra15504.t1,Not_Target,Not_Target,Not_Target
ebra15505.t1,Myosin_2,Myosin_2,Not_Target
ebra15506.t1,Not_Target,Not_Target,Not_Target
ebra15507.t1,Myosin_15,Myosin_15,Myosin_15
ebra7700.t1,Not_Target,Myosin_57,Not_Target
ebra7701.t1,Not_Target,Not_Target,Not_Target
ebra7702.t1,Not_Target,Not_Target,Not_Target
ebra7703.t1,Myosin_26,Not_Target,Myosin_15
ebra7704.t1,Myosin_26,Not_Target,Not_Target
ebra5356.t1,Myosin_44,Not_Target,Myosin_9
ebra5357.t1,Not_Target,Myosin_1,Myosin_2
ebra5358.t1,Not_Target,Not_Target,Not_Target
ebra5359.t1,Not_Target,Not_Target,Not_Target
ebra5360.t1,Not_Target,Not_Target,Not_Target
ebra5361.t1,Not_Target,Myosin_3,Myosin_8
ebra5362.t1,Not_Target,Not_Target,Myosin_1
ebra5363.t1,Not_Target,Not_Target,Not_Target
ebra5364.t1,Not_Target,Not_Target,Myosin_1
ebra5365.t1,Not_Target,Not_Target,Not_Target
ebra5366.t1,Myosin_24,Not_Target,Myosin_54
ebra5367.t1,Not_Target,Not_Target,Myosin_30
ebra12970.t1,Myosin_44,Myosin_22,Myosin_15
ebra12971.t1,Not_Target,Myosin_19,Not_Target
ebra12972.t1,Not_Target,Not_Target,Not_Target
ebra15998.t1,Myosin_19,Not_Target,Myosin_37
ebra15999.t1,Not_Target,Not_Target,Not_Target
ebra16000.t1,Not_Target,Not_Target,Not_Target
ebra16001.t1,Myosin_19,Myosin_57,Myosin_57
ebra16002.t1,Not_Target,Not_Target,Not_Target
ebra16003.t1,Not_Target,Not_Target,Not_Target
ebra16004.t1,Not_Target,Not_Target,Not_Target
ebra16005.t1,Not_Target,Not_Target,Not_Target
ebra16006.t1,Not_Target,Myosin_1,Not_Target
ebra16007.t1,Not_Target,Not_Target,Not_Target
ebra16008.t1,Not_Target,Not_Target,Not_Target
ebra16009.t1,Not_Target,Not_Target,Not_Target
ebra16010.t1,Not_Target,Not_Target,Not_Target
ebra16121.t1,Myosin_1,Myosin_6,Not_Target
ebra16122.t1,Myosin_1,Myosin_6,Not_Target
ebra16123.t1,Not_Target,Not_Target,Not_Target
ebra16124.t1,Not_Target,Not_Target,Myosin_24
ebra16125.t1,Not_Target,Not_Target,Not_Target
ebra16126.t1,Not_Target,Not_Target,Myosin_43
ebra16127.t1,Not_Target,Not_Target,Not_Target
ebra16128.t1,Not_Target,Not_Target,Not_Target
ebra16129.t1,Not_Target,Not_Target,Not_Target
ebra16130.t1,Myosin_37,Myosin_66,Myosin_5
ebra16131.t1,Not_Target,Not_Target,Not_Target
ebra16132.t1,Not_Target,Not_Target,Not_Target
ebra16133.t1,Myosin_18,Not_Target,Not_Target
ebra4706.t1,Myosin_53,Myosin_64,Myosin_20
ebra4707.t1,Not_Target,Not_Target,Myosin_2
ebra4708.t1,Not_Target,Not_Target,Not_Target
ebra4709.t1,Not_Target,Not_Target,Not_Target
ebra4710.t1,Not_Target,Not_Target,Not_Target
ebra4711.t1,Not_Target,Not_Target,Not_Target
ebra4712.t1,Not_Target,Not_Target,Myosin_1
ebra4713.t1,Not_Target,Not_Target,Myosin_1
ebra19361.t1,Not_Target,Not_Target,Not_Target
ebra19362.t1,Not_Target,Not_Target,Not_Target
ebra19363.t1,Myosin_73,Myosin_5,Not_Target
ebra19364.t1,Not_Target,Not_Target,Not_Target
ebra19365.t1,Not_Target,Not_Target,Not_Target
ebra19366.t1,Myosin_5,Not_Target,Myosin_19
ebra19367.t1,Myosin_5,Myosin_5,Not_Target
ebra19368.t1,Not_Target,Not_Target,Not_Target
ebra19369.t1,Not_Target,Not_Target,Not_Target
ebra19370.t1,Not_Target,Not_Target,Not_Target
ebra19371.t1,Not_Target,Not_Target,Not_Target
ebra19372.t1,Not_Target,Not_Target,Not_Target
ebra19373.t1,Not_Target,Not_Target,Not_Target
ebra19374.t1,Myosin_5,Myosin_5,Not_Target
ebra19375.t1,Myosin_5,Myosin_18,Not_Target
ebra9758.t1,Not_Target,Myosin_2,Not_Target
ebra9759.t1,Not_Target,Not_Target,Not_Target
ebra9760.t1,Not_Target,Not_Target,Not_Target
ebra9761.t1,Not_Target,Not_Target,Not_Target
ebra9762.t1,Not_Target,Not_Target,Not_Target
ebra9763.t1,Not_Target,Not_Target,Not_Target
ebra9764.t1,Myosin_15,Not_Target,Myosin_40
ebra9765.t1,Not_Target,Myosin_57,Not_Target
ebra9766.t1,Myosin_24,Not_Target,Myosin_31
ebra18228.t1,Not_Target,Not_Target,Not_Target
ebra18229.t1,Myosin_45,Not_Target,Not_Target
ebra18230.t1,Not_Target,Not_Target,Not_Target
ebra18231.t1,Not_Target,Myosin_26,Not_Target
ebra18232.t1,Not_Target,Not_Target,Not_Target
ebra18233.t1,Not_Target,Not_Target,Not_Target
ebra18234.t1,Myosin_51,Not_Target,Myosin_20
ebra16830.t1,Myosin_45,Not_Target,Myosin_8
ebra16831.t1,Not_Target,Not_Target,Not_Target
ebra16832.t1,Not_Target,Not_Target,Myosin_72
ebra16833.t1,Not_Target,Not_Target,Myosin_5
ebra16834.t1,Not_Target,Not_Target,Not_Target
ebra16835.t1,Myosin_31,Not_Target,Myosin_8
ebra16836.t1,Not_Target,Not_Target,Not_Target
ebra16837.t1,Not_Target,Myosin_22,Not_Target
ebra16838.t1,Not_Target,Not_Target,Not_Target
ebra16839.t1,Myosin_18,Not_Target,Not_Target
ebra16840.t1,Not_Target,Not_Target,Not_Target
ebra16841.t1,Not_Target,Not_Target,Not_Target
ebra16842.t1,Myosin_18,Not_Target,Not_Target
ebra16843.t1,Not_Target,Not_Target,Not_Target
ebra9618.t1,Myosin_37,Myosin_37,Not_Target
ebra9619.t1,Not_Target,Not_Target,Not_Target
ebra9620.t1,Myosin_4,Myosin_4,Myosin_61
ebra9621.t1,Not_Target,Not_Target,Not_Target
ebra9622.t1,Not_Target,Not_Target,Not_Target
ebra9623.t1,Not_Target,Not_Target,Not_Target
ebra9624.t1,Not_Target,Not_Target,Not_Target
ebra9625.t1,Not_Target,Myosin_1,Not_Target
ebra9626.t1,Not_Target,Not_Target,Not_Target
ebra9627.t1,Not_Target,Not_Target,Myosin_8
ebra9628.t1,Not_Target,Not_Target,Myosin_3
ebra9629.t1,Not_Target,Not_Target,Not_Target
ebra9630.t1,Myosin_1,Not_Target,Myosin_1
ebra9631.t1,Myosin_45,Not_Target,Not_Target
ebra16414.t1,Myosin_30,Myosin_57,Myosin_1
ebra16415.t1,Myosin_18,Myosin_19,Myosin_67
ebra16416.t1,Myosin_31,Not_Target,Not_Target
ebra16417.t1,Myosin_1,Not_Target,Myosin_6
ebra16418.t1,Not_Target,Not_Target,Myosin_6
ebra16419.t1,Myosin_2,Not_Target,Not_Target
ebra16420.t1,Not_Target,Not_Target,Not_Target
ebra16421.t1,Not_Target,Not_Target,Myosin_1
ebra4721.t1,Myosin_45,Myosin_44,Not_Target
ebra4722.t1,Not_Target,Not_Target,Not_Target
ebra4723.t1,Not_Target,Myosin_17,Not_Target
ebra4724.t1,Myosin_18,Myosin_18,Myosin_5
ebra4725.t1,Not_Target,Myosin_16,Not_Target
ebra4726.t1,Not_Target,Not_Target,Not_Target
ebra4727.t1,Myosin_3,Myosin_3,Myosin_7
ebra4728.t1,Myosin_19,Myosin_37,Myosin_14
ebra4729.t1,Myosin_45,Myosin_5,Not_Target
ebra4730.t1,Myosin_37,Not_Target,Not_Target
ebra14563.t1,Myosin_19,Myosin_19,Not_Target
ebra14564.t1,Not_Target,Not_Target,Not_Target
ebra14565.t1,Myosin_5,Not_Target,Not_Target
ebra14566.t1,Not_Target,Not_Target,Not_Target
ebra14567.t1,Not_Target,Not_Target,Not_Target
ebra14568.t1,Not_Target,Not_Target,Myosin_3
ebra14569.t1,Not_Target,Not_Target,Not_Target
ebra14570.t1,Not_Target,Not_Target,Not_Target
ebra14571.t1,Not_Target,Not_Target,Not_Target
ebra14572.t1,Not_Target,Not_Target,Not_Target
ebra8745.t1,Myosin_45,Myosin_28,Myosin_20
ebra8746.t1,Not_Target,Not_Target,Not_Target
ebra8747.t1,Not_Target,Not_Target,Myosin_64
ebra8748.t1,Not_Target,Not_Target,Myosin_20
ebra8749.t1,Not_Target,Myosin_23,Not_Target
ebra8750.t1,Not_Target,Not_Target,Not_Target
ebra8751.t1,Not_Target,Not_Target,Myosin_4
ebra8752.t1,Myosin_45,Myosin_11,Not_Target
ebra8753.t1,Myosin_45,Not_Target,Not_Target
ebra8754.t1,Myosin_17,Myosin_1,Myosin_7
ebra3402.t1,Not_Target,Not_Target,Not_Target
ebra3403.t1,Not_Target,Not_Target,Not_Target
ebra3404.t1,Myosin_36,Not_Target,Myosin_34
ebra3405.t1,Myosin_45,Myosin_45,Not_Target
ebra3108.t1,Myosin_1,Not_Target,Not_Target
ebra3109.t1,Myosin_26,Myosin_26,Not_Target
ebra3110.t1,Not_Target,Not_Target,Not_Target
ebra3111.t1,Not_Target,Not_Target,Not_Target
ebra3112.t1,Actin,Actin,Actin
ebra3113.t1,Not_Target,Myosin_2,Myosin_4
ebra3114.t1,Actin,Actin,Actin
ebra3115.t1,Not_Target,Not_Target,Not_Target
ebra3116.t1,Not_Target,Not_Target,Not_Target
ebra3117.t1,Myosin_73,Not_Target,Not_Target
ebra3118.t1,Not_Target,Not_Target,Not_Target
ebra3119.t1,Not_Target,Not_Target,Not_Target
ebra3120.t1,Myosin_18,Myosin_18,Myosin_20
ebra3121.t1,Not_Target,Not_Target,Not_Target
ebra3122.t1,Not_Target,Not_Target,Not_Target
ebra6313.t1,Myosin_81,Not_Target,Not_Target
ebra6314.t1,Not_Target,Myosin_18,Not_Target
ebra6315.t1,Not_Target,Not_Target,Not_Target
ebra6316.t1,Myosin_30,Not_Target,Myosin_1
ebra6317.t1,Not_Target,Not_Target,Not_Target
ebra6318.t1,Not_Target,Not_Target,Not_Target
ebra6319.t1,Myosin_57,Not_Target,Not_Target
ebra6320.t1,Myosin_3,Myosin_3,Myosin_1
ebra6321.t1,Myosin_1,Not_Target,Not_Target
ebra6322.t1,Not_Target,Not_Target,Myosin_8
ebra6323.t1,Not_Target,Not_Target,Not_Target
ebra6324.t1,Myosin_26,Not_Target,Not_Target
ebra6325.t1,Myosin_19,Myosin_19,Not_Target
ebra12140.t1,Not_Target,Not_Target,Not_Target
ebra12141.t1,Not_Target,Not_Target,Not_Target
ebra12142.t1,Not_Target,Not_Target,Not_Target
ebra12143.t1,Not_Target,Not_Target,Not_Target
ebra12144.t1,Not_Target,Myosin_1,Not_Target
ebra12145.t1,Not_Target,Not_Target,Not_Target
ebra12146.t1,Not_Target,Not_Target,Not_Target
ebra12147.t1,Not_Target,Not_Target,Not_Target
ebra12148.t1,Not_Target,Not_Target,Not_Target
ebra12149.t1,Not_Target,Not_Target,Not_Target
ebra12150.t1,Not_Target,Myosin_19,Not_Target
ebra12151.t1,Not_Target,Not_Target,Not_Target
ebra12152.t1,Not_Target,Myosin_74,Not_Target
ebra12153.t1,Not_Target,Not_Target,Not_Target
ebra12154.t1,Myosin_45,Not_Target,Not_Target
ebra12155.t1,Not_Target,Not_Target,Not_Target
ebra7677.t1,Not_Target,Not_Target,Not_Target
ebra7678.t1,Not_Target,Myosin_26,Not_Target
ebra7679.t1,Not_Target,Not_Target,Not_Target
ebra7680.t1,Not_Target,Not_Target,Not_Target
ebra7681.t1,Not_Target,Not_Target,Not_Target
ebra7682.t1,Not_Target,Not_Target,Not_Target
ebra20055.t1,Myosin_36,Not_Target,Myosin_36
ebra20056.t1,Not_Target,Not_Target,Myosin_3
ebra20057.t1,Not_Target,Myosin_15,Not_Target
ebra20058.t1,Not_Target,Not_Target,Not_Target
ebra20059.t1,Not_Target,Not_Target,Not_Target
ebra20060.t1,Not_Target,Not_Target,Myosin_19
ebra20061.t1,Myosin_45,Not_Target,Myosin_3
ebra20062.t1,Myosin_51,Not_Target,Not_Target
ebra13056.t1,Not_Target,Myosin_19,Myosin_1
ebra13057.t1,Myosin_26,Myosin_26,Not_Target
ebra13058.t1,Not_Target,Not_Target,Not_Target
ebra13059.t1,Not_Target,Not_Target,Not_Target
ebra13060.t1,Not_Target,Not_Target,Not_Target
ebra13061.t1,Not_Target,Myosin_1,Myosin_8
ebra13062.t1,Not_Target,Not_Target,Not_Target
ebra13063.t1,Not_Target,Not_Target,Not_Target
ebra13683.t1,Not_Target,Not_Target,Myosin_49
ebra13684.t1,Myosin_37,Myosin_37,Not_Target
ebra13685.t1,Not_Target,Not_Target,Not_Target
ebra13686.t1,Myosin_22,Myosin_22,Not_Target
ebra13687.t1,Not_Target,Not_Target,Myosin_5
ebra13688.t1,Myosin_26,Myosin_74,Not_Target
ebra13689.t1,Myosin_74,Myosin_74,Not_Target
ebra13690.t1,Not_Target,Not_Target,Not_Target
ebra1296.t1,Myosin_1,Myosin_1,Myosin_1
ebra1297.t1,Not_Target,Not_Target,Not_Target
ebra1298.t1,Myosin_1,Myosin_1,Myosin_1
ebra1299.t1,Not_Target,Not_Target,Not_Target
ebra1300.t1,Not_Target,Not_Target,Not_Target
ebra1301.t1,Myosin_19,Myosin_1,Not_Target
ebra1302.t1,Not_Target,Not_Target,Not_Target
ebra1303.t1,Not_Target,Myosin_57,Myosin_2
ebra1304.t1,Not_Target,Not_Target,Myosin_4
ebra1305.t1,Not_Target,Myosin_57,Not_Target
ebra4038.t1,Not_Target,Not_Target,Not_Target
ebra4039.t1,Myosin_1,Myosin_1,Myosin_1
ebra4040.t1,Not_Target,Not_Target,Myosin_1
ebra4041.t1,Myosin_1,Myosin_26,Myosin_1
ebra4042.t1,Not_Target,Not_Target,Not_Target
ebra4043.t1,Not_Target,Not_Target,Myosin_8
ebra4044.t1,Not_Target,Not_Target,Not_Target
ebra4045.t1,Not_Target,Not_Target,Myosin_1
ebra949.t1,Not_Target,Not_Target,Not_Target
ebra950.t1,Myosin_3,Myosin_3,Myosin_2
ebra951.t1,Not_Target,Myosin_51,Not_Target
ebra952.t1,Not_Target,Not_Target,Not_Target
ebra953.t1,Not_Target,Not_Target,Not_Target
ebra954.t1,Not_Target,Not_Target,Not_Target
ebra15839.t1,Not_Target,Not_Target,Myosin_3
ebra15840.t1,Myosin_2,Not_Target,Not_Target
ebra15841.t1,Not_Target,Not_Target,Not_Target
ebra15842.t1,Not_Target,Not_Target,Not_Target
ebra15843.t1,Myosin_18,Myosin_6,Not_Target
ebra15844.t1,Not_Target,Not_Target,Not_Target
ebra15845.t1,Not_Target,Not_Target,Not_Target
ebra15846.t1,Myosin_71,Myosin_1,Not_Target
ebra15847.t1,Not_Target,Not_Target,Not_Target
ebra15848.t1,Not_Target,Not_Target,Not_Target
ebra14811.t1,Myosin_17,Myosin_17,Myosin_7
ebra14812.t1,Not_Target,Not_Target,Not_Target
ebra14813.t1,Not_Target,Not_Target,Not_Target
ebra14814.t1,Not_Target,Not_Target,Not_Target
ebra14815.t1,Not_Target,Not_Target,Not_Target
ebra14816.t1,Not_Target,Not_Target,Not_Target
ebra14817.t1,Not_Target,Myosin_5,Not_Target
ebra14818.t1,Not_Target,Not_Target,Not_Target
ebra14819.t1,Not_Target,Not_Target,Not_Target
ebra21603.t1,Not_Target,Myosin_18,Not_Target
ebra21604.t1,Not_Target,Not_Target,Not_Target
ebra21605.t1,Not_Target,Not_Target,Not_Target
ebra21606.t1,Myosin_17,Myosin_17,Myosin_5
ebra21607.t1,Not_Target,Myosin_3,Not_Target
ebra21608.t1,Not_Target,Myosin_3,Not_Target
ebra21609.t1,Not_Target,Not_Target,Not_Target
ebra7190.t1,Myosin_6,Not_Target,Not_Target
ebra7191.t1,Not_Target,Not_Target,Not_Target
ebra7192.t1,Myosin_45,Not_Target,Myosin_10
ebra7193.t1,Not_Target,Not_Target,Not_Target
ebra7194.t1,Not_Target,Not_Target,Not_Target
ebra7195.t1,Not_Target,Not_Target,Not_Target
ebra7196.t1,Not_Target,Not_Target,Not_Target
ebra7197.t1,Myosin_3,Myosin_1,Myosin_64
ebra7198.t1,Not_Target,Not_Target,Not_Target
ebra7199.t1,Not_Target,Myosin_18,Not_Target
ebra7200.t1,Not_Target,Myosin_18,Not_Target
ebra7201.t1,Not_Target,Not_Target,Not_Target
ebra7202.t1,Not_Target,Not_Target,Myosin_2
ebra13317.t1,Not_Target,Not_Target,Not_Target
ebra13318.t1,Not_Target,Myosin_5,Not_Target
ebra13319.t1,Not_Target,Not_Target,Not_Target
ebra13320.t1,Myosin_1,Myosin_1,Myosin_1
ebra13321.t1,Not_Target,Not_Target,Myosin_22
ebra9706.t1,Myosin_22,Myosin_22,Myosin_3
ebra9707.t1,Myosin_74,Myosin_74,Myosin_20
ebra9708.t1,Myosin_30,Myosin_11,Not_Target
ebra9709.t1,Not_Target,Not_Target,Not_Target
ebra9710.t1,Not_Target,Myosin_6,Not_Target
ebra9711.t1,Myosin_45,Myosin_11,Not_Target
ebra9712.t1,Myosin_45,Not_Target,Not_Target
ebra9713.t1,Not_Target,Myosin_6,Not_Target
ebra9714.t1,Not_Target,Not_Target,Not_Target
ebra9715.t1,Myosin_30,Myosin_11,Not_Target
ebra9716.t1,Myosin_74,Myosin_74,Myosin_20
ebra9717.t1,Not_Target,Not_Target,Not_Target
ebra5963.t1,Not_Target,Not_Target,Not_Target
ebra5964.t1,Not_Target,Not_Target,Myosin_48
ebra5965.t1,Myosin_16,Myosin_22,Myosin_45
ebra5966.t1,Not_Target,Not_Target,Not_Target
ebra5967.t1,Not_Target,Not_Target,Not_Target
ebra5968.t1,Not_Target,Not_Target,Not_Target
ebra5969.t1,Not_Target,Myosin_19,Not_Target
ebra5970.t1,Not_Target,Myosin_19,Not_Target
ebra5971.t1,Not_Target,Not_Target,Not_Target
ebra5972.t1,Not_Target,Not_Target,Not_Target
ebra5652.t1,Not_Target,Not_Target,Not_Target
ebra5653.t1,Not_Target,Not_Target,Not_Target
ebra5654.t1,Myosin_17,Myosin_17,Not_Target
ebra5655.t1,Myosin_17,Myosin_17,Not_Target
ebra5656.t1,Not_Target,Not_Target,Not_Target
ebra5657.t1,Not_Target,Not_Target,Not_Target
ebra5658.t1,Not_Target,Not_Target,Not_Target
ebra5659.t1,Not_Target,Not_Target,Not_Target
ebra5660.t1,Not_Target,Not_Target,Not_Target
ebra5661.t1,Not_Target,Myosin_24,Not_Target
ebra5662.t1,Not_Target,Not_Target,Not_Target
ebra1138.t1,Not_Target,Myosin_73,Not_Target
ebra1139.t1,Not_Target,Not_Target,Not_Target
ebra1140.t1,Myosin_15,Myosin_15,Myosin_15
ebra1121.t1,Not_Target,Not_Target,Not_Target
ebra1122.t1,Myosin_1,Not_Target,Myosin_1
ebra1123.t1,Not_Target,Myosin_20,Myosin_20
ebra1124.t1,Myosin_5,Myosin_19,Myosin_64
ebra1125.t1,Myosin_5,Myosin_19,Myosin_64
ebra15074.t1,Not_Target,Not_Target,Not_Target
ebra15075.t1,Not_Target,Not_Target,Not_Target
ebra15076.t1,Not_Target,Not_Target,Not_Target
ebra15077.t1,Not_Target,Not_Target,Not_Target
ebra15078.t1,Not_Target,Not_Target,Myosin_18
ebra15079.t1,Not_Target,Not_Target,Not_Target
ebra15080.t1,Not_Target,Not_Target,Not_Target
ebra15081.t1,Not_Target,Not_Target,Not_Target
ebra15082.t1,Not_Target,Not_Target,Not_Target
ebra15083.t1,Not_Target,Not_Target,Not_Target
ebra15084.t1,Myosin_2,Myosin_2,Not_Target
ebra15085.t1,Myosin_2,Myosin_2,Not_Target
ebra15086.t1,Myosin_2,Not_Target,Not_Target
ebra11146.t1,Myosin_1,Myosin_1,Myosin_1
ebra11147.t1,Not_Target,Myosin_22,Myosin_1
ebra11148.t1,Not_Target,Not_Target,Myosin_20
ebra11149.t1,Not_Target,Not_Target,Not_Target
ebra11150.t1,Myosin_3,Myosin_3,Myosin_9
ebra11151.t1,Not_Target,Not_Target,Myosin_4
ebra11152.t1,Myosin_37,Not_Target,Not_Target
ebra11153.t1,Not_Target,Not_Target,Not_Target
ebra11154.t1,Myosin_6,Not_Target,Not_Target
ebra20718.t1,Not_Target,Not_Target,Not_Target
ebra20719.t1,Not_Target,Not_Target,Not_Target
ebra20720.t1,Not_Target,Not_Target,Not_Target
ebra20721.t1,Not_Target,Not_Target,Not_Target
ebra20722.t1,Myosin_20,Myosin_17,Myosin_16
ebra20723.t1,Not_Target,Not_Target,Myosin_30
ebra20724.t1,Not_Target,Not_Target,Not_Target
ebra20725.t1,Not_Target,Not_Target,Not_Target
ebra5298.t1,Not_Target,Not_Target,Not_Target
ebra5299.t1,Not_Target,Not_Target,Myosin_8
ebra5300.t1,Not_Target,Not_Target,Not_Target
ebra5302.t1,Not_Target,Myosin_55,Not_Target
ebra5303.t1,Not_Target,Myosin_1,Not_Target
ebra5304.t1,Not_Target,Not_Target,Not_Target
ebra5305.t1,Not_Target,Not_Target,Not_Target
ebra5306.t1,Not_Target,Not_Target,Not_Target
ebra5307.t1,Not_Target,Not_Target,Not_Target
ebra5308.t1,Not_Target,Not_Target,Not_Target
ebra5309.t1,Not_Target,Not_Target,Not_Target
ebra5310.t1,Myosin_23,Myosin_23,Not_Target
ebra5311.t1,Not_Target,Not_Target,Not_Target
ebra5312.t1,Not_Target,Not_Target,Not_Target
ebra5313.t1,Not_Target,Not_Target,Not_Target
ebra13840.t1,Not_Target,Not_Target,Not_Target
ebra13841.t1,Not_Target,Not_Target,Not_Target
ebra13842.t1,Not_Target,Not_Target,Not_Target
ebra13843.t1,Not_Target,Myosin_15,Not_Target
ebra13844.t1,Not_Target,Myosin_3,Myosin_51
ebra13845.t1,Not_Target,Myosin_19,Not_Target
ebra13846.t1,Not_Target,Not_Target,Not_Target
ebra13847.t1,Not_Target,Not_Target,Not_Target
ebra13848.t1,Myosin_1,Myosin_1,Myosin_1
ebra13849.t1,Not_Target,Not_Target,Not_Target
ebra13850.t1,Not_Target,Not_Target,Not_Target
ebra7551.t1,Not_Target,Not_Target,Not_Target
ebra7552.t1,Not_Target,Myosin_1,Myosin_57
ebra7553.t1,Not_Target,Not_Target,Not_Target
ebra7554.t1,Not_Target,Not_Target,Myosin_37
ebra7555.t1,Not_Target,Not_Target,Not_Target
ebra7556.t1,Not_Target,Not_Target,Not_Target
ebra7557.t1,Not_Target,Not_Target,Not_Target
ebra7558.t1,Myosin_18,Myosin_2,Myosin_8
ebra7559.t1,Not_Target,Myosin_1,Myosin_64
ebra7560.t1,Not_Target,Not_Target,Not_Target
ebra1593.t1,Myosin_19,Not_Target,Myosin_3
ebra1594.t1,Myosin_5,Myosin_26,Not_Target
ebra1595.t1,Not_Target,Not_Target,Not_Target
ebra1596.t1,Not_Target,Not_Target,Myosin_17
ebra1597.t1,Not_Target,Myosin_17,Myosin_8
ebra1598.t1,Not_Target,Not_Target,Not_Target
ebra1599.t1,Not_Target,Not_Target,Not_Target
ebra10177.t1,Not_Target,Not_Target,Not_Target
ebra10178.t1,Myosin_19,Myosin_11,Not_Target
ebra10179.t1,Myosin_19,Myosin_19,Not_Target
ebra10180.t1,Myosin_4,Myosin_7,Myosin_68
ebra10181.t1,Not_Target,Not_Target,Not_Target
ebra10182.t1,Not_Target,Not_Target,Not_Target
ebra10183.t1,Myosin_73,Not_Target,Myosin_57
ebra10184.t1,Myosin_4,Myosin_1,Myosin_1
ebra10185.t1,Myosin_1,Not_Target,Not_Target
ebra10186.t1,Myosin_14,Not_Target,Not_Target
ebra4372.t1,Myosin_45,Myosin_18,Myosin_36
ebra4373.t1,Not_Target,Not_Target,Not_Target
ebra4374.t1,Myosin_15,Myosin_15,Myosin_15
ebra4375.t1,Not_Target,Not_Target,Not_Target
ebra4376.t1,Not_Target,Not_Target,Not_Target
ebra20575.t1,Not_Target,Not_Target,Not_Target
ebra20576.t1,Not_Target,Not_Target,Not_Target
ebra20577.t1,Not_Target,Not_Target,Not_Target
ebra20578.t1,Not_Target,Not_Target,Not_Target
ebra20579.t1,Not_Target,Not_Target,Not_Target
ebra20580.t1,Not_Target,Not_Target,Not_Target
ebra20581.t1,Myosin_64,Myosin_64,Not_Target
ebra20582.t1,Not_Target,Not_Target,Not_Target
ebra20583.t1,Not_Target,Not_Target,Not_Target
ebra20584.t1,Not_Target,Not_Target,Not_Target
ebra20585.t1,Not_Target,Not_Target,Not_Target
ebra20586.t1,Not_Target,Not_Target,Not_Target
ebra20587.t1,Not_Target,Not_Target,Not_Target
ebra20588.t1,Not_Target,Not_Target,Myosin_8
ebra20589.t1,Not_Target,Not_Target,Not_Target
ebra20590.t1,Not_Target,Not_Target,Not_Target
ebra7000.t1,Not_Target,Not_Target,Not_Target
ebra7001.t1,Myosin_51,Not_Target,Myosin_51
ebra7002.t1,Not_Target,Not_Target,Not_Target
ebra7003.t1,Not_Target,Not_Target,Myosin_16
ebra7004.t1,Not_Target,Not_Target,Not_Target
ebra7005.t1,Myosin_5,Myosin_5,Myosin_7
ebra7006.t1,Not_Target,Not_Target,Not_Target
ebra7007.t1,Myosin_30,Not_Target,Not_Target
ebra11808.t1,Myosin_23,Myosin_1,Myosin_23
ebra11809.t1,Not_Target,Not_Target,Not_Target
ebra11810.t1,Not_Target,Not_Target,Not_Target
ebra11811.t1,Not_Target,Not_Target,Not_Target
ebra11812.t1,Not_Target,Not_Target,Not_Target
ebra11813.t1,Not_Target,Not_Target,Not_Target
ebra11814.t1,Not_Target,Myosin_3,Myosin_3
ebra11815.t1,Not_Target,Not_Target,Not_Target
ebra11816.t1,Not_Target,Not_Target,Myosin_53
ebra11817.t1,Not_Target,Not_Target,Not_Target
ebra11818.t1,Not_Target,Not_Target,Not_Target
ebra11819.t1,Not_Target,Not_Target,Not_Target
ebra11820.t1,Myosin_17,Myosin_7,Myosin_40
ebra2209.t1,Myosin_19,Myosin_19,Myosin_11
ebra2210.t1,Not_Target,Not_Target,Myosin_51
ebra2211.t1,Not_Target,Myosin_57,Myosin_20
ebra2212.t1,Myosin_37,Myosin_22,Myosin_37
ebra2213.t1,Myosin_37,Not_Target,Not_Target
ebra2214.t1,Not_Target,Not_Target,Not_Target
ebra2215.t1,Myosin_71,Myosin_16,Myosin_71
ebra2216.t1,Not_Target,Myosin_19,Myosin_1
ebra2217.t1,Not_Target,Not_Target,Not_Target
ebra2218.t1,Not_Target,Myosin_7,Not_Target
ebra18106.t1,Not_Target,Myosin_19,Not_Target
ebra18107.t1,Not_Target,Not_Target,Not_Target
ebra18108.t1,Myosin_37,Not_Target,Myosin_2
ebra18109.t1,Not_Target,Not_Target,Not_Target
ebra18110.t1,Not_Target,Not_Target,Not_Target
ebra18111.t1,Not_Target,Myosin_57,Not_Target
ebra18112.t1,Not_Target,Not_Target,Not_Target
ebra18113.t1,Not_Target,Not_Target,Myosin_15
ebra19351.t1,Myosin_17,Myosin_17,Not_Target
ebra19352.t1,Not_Target,Not_Target,Not_Target
ebra19353.t1,Not_Target,Not_Target,Not_Target
ebra19354.t1,Not_Target,Not_Target,Not_Target
ebra19355.t1,Not_Target,Not_Target,Myosin_36
ebra19356.t1,Not_Target,Not_Target,Myosin_42
ebra19357.t1,Myosin_30,Myosin_17,Myosin_20
ebra19358.t1,Not_Target,Myosin_17,Myosin_28
ebra19359.t1,Not_Target,Not_Target,Not_Target
ebra19360.t1,Not_Target,Not_Target,Not_Target
ebra7.t1,Not_Target,Not_Target,Myosin_8
ebra8.t1,Not_Target,Not_Target,Not_Target
ebra9.t1,Myosin_17,Not_Target,Not_Target
ebra10.t1,Not_Target,Not_Target,Myosin_19
ebra11.t1,Not_Target,Myosin_19,Not_Target
ebra12.t1,Not_Target,Not_Target,Not_Target
ebra13.t1,Not_Target,Not_Target,Not_Target
ebra14.t1,Not_Target,Not_Target,Not_Target
ebra15.t1,Myosin_17,Not_Target,Not_Target
ebra13154.t1,Not_Target,Myosin_11,Myosin_57
ebra13155.t1,Not_Target,Not_Target,Not_Target
ebra13156.t1,Not_Target,Not_Target,Not_Target
ebra13157.t1,Not_Target,Not_Target,Not_Target
ebra13158.t1,Myosin_2,Not_Target,Myosin_2
ebra13159.t1,Not_Target,Not_Target,Not_Target
ebra13160.t1,Not_Target,Not_Target,Myosin_2
ebra13161.t1,Not_Target,Not_Target,Not_Target
ebra13162.t1,Myosin_45,Myosin_18,Myosin_16
ebra13163.t1,Not_Target,Not_Target,Not_Target
ebra13164.t1,Not_Target,Not_Target,Not_Target
ebra19489.t1,Myosin_19,Myosin_19,Not_Target
ebra19490.t1,Not_Target,Not_Target,Not_Target
ebra19491.t1,Not_Target,Not_Target,Myosin_53
ebra19492.t1,Not_Target,Not_Target,Not_Target
ebra19493.t1,Not_Target,Not_Target,Myosin_18
ebra19494.t1,Not_Target,Not_Target,Not_Target
ebra19495.t1,Not_Target,Not_Target,Not_Target
ebra5227.t1,Not_Target,Not_Target,Not_Target
ebra5228.t1,Not_Target,Not_Target,Not_Target
ebra5229.t1,Not_Target,Not_Target,Not_Target
ebra5230.t1,Not_Target,Not_Target,Not_Target
ebra5231.t1,Not_Target,Not_Target,Not_Target
ebra5232.t1,Not_Target,Myosin_19,Not_Target
ebra5233.t1,Not_Target,Not_Target,Not_Target
ebra5234.t1,Not_Target,Not_Target,Not_Target
ebra5235.t1,Myosin_57,Myosin_18,Myosin_57
ebra5236.t1,Myosin_2,Myosin_2,Myosin_2
ebra5237.t1,Not_Target,Not_Target,Not_Target
ebra5238.t1,Myosin_45,Not_Target,Not_Target
ebra5239.t1,Not_Target,Not_Target,Not_Target
ebra5240.t1,Not_Target,Not_Target,Not_Target
ebra5241.t1,Myosin_19,Myosin_22,Myosin_17
ebra5242.t1,Myosin_5,Myosin_1,Not_Target
ebra11173.t1,Not_Target,Not_Target,Not_Target
ebra11174.t1,Not_Target,Not_Target,Not_Target
ebra11175.t1,Not_Target,Not_Target,Not_Target
ebra11176.t1,Not_Target,Not_Target,Not_Target
ebra11177.t1,Not_Target,Not_Target,Not_Target
ebra11178.t1,Myosin_18,Not_Target,Not_Target
ebra11179.t1,Not_Target,Not_Target,Not_Target
ebra11180.t1,Myosin_19,Myosin_1,Myosin_28
ebra14011.t1,Not_Target,Not_Target,Not_Target
ebra14012.t1,Not_Target,Not_Target,Not_Target
ebra14013.t1,Not_Target,Not_Target,Not_Target
ebra14014.t1,Not_Target,Not_Target,Not_Target
ebra14015.t1,Not_Target,Not_Target,Not_Target
ebra14016.t1,Not_Target,Not_Target,Not_Target
ebra14017.t1,Not_Target,Not_Target,Not_Target
ebra14018.t1,Not_Target,Not_Target,Not_Target
ebra14019.t1,Not_Target,Not_Target,Not_Target
ebra14020.t1,Not_Target,Not_Target,Not_Target
ebra14021.t1,Not_Target,Not_Target,Not_Target
ebra14022.t1,Not_Target,Not_Target,Not_Target
ebra14023.t1,Not_Target,Not_Target,Not_Target
ebra14024.t1,Not_Target,Not_Target,Not_Target
ebra11655.t1,Not_Target,Not_Target,Not_Target
ebra11656.t1,Myosin_9,Myosin_9,Myosin_3
ebra11657.t1,Not_Target,Not_Target,Not_Target
ebra11658.t1,Myosin_9,Myosin_9,Myosin_16
ebra11659.t1,Not_Target,Myosin_5,Not_Target
ebra11660.t1,Not_Target,Myosin_37,Not_Target
ebra10296.t1,Not_Target,Myosin_19,Not_Target
ebra10297.t1,Not_Target,Not_Target,Not_Target
ebra10298.t1,Not_Target,Not_Target,Not_Target
ebra10299.t1,Myosin_18,Myosin_5,Not_Target
ebra10300.t1,Not_Target,Not_Target,Not_Target
ebra10301.t1,Not_Target,Not_Target,Not_Target
ebra10302.t1,Myosin_31,Myosin_57,Not_Target
ebra10303.t1,Not_Target,Not_Target,Not_Target
ebra10304.t1,Not_Target,Not_Target,Not_Target
ebra6936.t1,Not_Target,Not_Target,Not_Target
ebra6937.t1,Not_Target,Not_Target,Not_Target
ebra6938.t1,Myosin_3,Myosin_11,Not_Target
ebra6939.t1,Not_Target,Not_Target,Not_Target
ebra6940.t1,Not_Target,Myosin_19,Not_Target
ebra6941.t1,Not_Target,Not_Target,Not_Target
ebra6942.t1,Myosin_2,Not_Target,Not_Target
ebra6943.t1,Not_Target,Not_Target,Not_Target
ebra6944.t1,Not_Target,Myosin_19,Not_Target
ebra6945.t1,Not_Target,Myosin_19,Not_Target
ebra6946.t1,Not_Target,Not_Target,Myosin_57
ebra6947.t1,Not_Target,Not_Target,Not_Target
ebra6948.t1,Not_Target,Not_Target,Not_Target
ebra6949.t1,Not_Target,Myosin_57,Not_Target
ebra6950.t1,Not_Target,Not_Target,Not_Target
ebra18793.t1,Myosin_31,Myosin_23,Not_Target
ebra18794.t1,Not_Target,Not_Target,Not_Target
ebra18795.t1,Not_Target,Not_Target,Not_Target
ebra18796.t1,Not_Target,Not_Target,Not_Target
ebra18797.t1,Not_Target,Not_Target,Not_Target
ebra18798.t1,Not_Target,Not_Target,Not_Target
ebra18799.t1,Myosin_57,Myosin_18,Not_Target
ebra18800.t1,Not_Target,Not_Target,Not_Target
ebra18801.t1,Not_Target,Not_Target,Not_Target
ebra18802.t1,Not_Target,Not_Target,Not_Target
ebra4576.t1,Not_Target,Not_Target,Not_Target
ebra4577.t1,Myosin_30,Myosin_26,Myosin_36
ebra4578.t1,Myosin_1,Myosin_1,Myosin_1
ebra4579.t1,Not_Target,Not_Target,Not_Target
ebra4580.t1,Myosin_45,Not_Target,Myosin_9
ebra4581.t1,Not_Target,Not_Target,Not_Target
ebra10227.t1,Not_Target,Not_Target,Not_Target
ebra10228.t1,Not_Target,Not_Target,Myosin_2
ebra10229.t1,Not_Target,Myosin_1,Not_Target
ebra10230.t1,Not_Target,Not_Target,Not_Target
ebra10231.t1,Myosin_17,Myosin_17,Myosin_9
ebra10232.t1,Myosin_37,Not_Target,Myosin_5
ebra10233.t1,Not_Target,Myosin_17,Not_Target
ebra10234.t1,Not_Target,Not_Target,Not_Target
ebra2065.t1,Not_Target,Not_Target,Not_Target
ebra2066.t1,Not_Target,Not_Target,Not_Target
ebra2067.t1,Not_Target,Myosin_28,Myosin_2
ebra2068.t1,Not_Target,Not_Target,Not_Target
ebra2069.t1,Not_Target,Not_Target,Not_Target
ebra5506.t1,Not_Target,Not_Target,Not_Target
ebra5507.t1,Not_Target,Not_Target,Not_Target
ebra5508.t1,Myosin_57,Not_Target,Not_Target
ebra5509.t1,Not_Target,Not_Target,Not_Target
ebra5510.t1,Not_Target,Not_Target,Not_Target
ebra5511.t1,Not_Target,Not_Target,Not_Target
ebra5512.t1,Myosin_3,Not_Target,Not_Target
ebra5513.t1,Not_Target,Not_Target,Not_Target
ebra5514.t1,Not_Target,Not_Target,Myosin_20
ebra5515.t1,Not_Target,Not_Target,Not_Target
ebra5516.t1,Not_Target,Not_Target,Not_Target
ebra3583.t1,Not_Target,Myosin_57,Not_Target
ebra3584.t1,Myosin_18,Myosin_57,Myosin_73
ebra3585.t1,Myosin_7,Myosin_5,Not_Target
ebra3586.t1,Myosin_45,Not_Target,Not_Target
ebra3587.t1,Not_Target,Not_Target,Not_Target
ebra3588.t1,Not_Target,Not_Target,Not_Target
ebra3589.t1,Not_Target,Not_Target,Not_Target
ebra3590.t1,Not_Target,Not_Target,Not_Target
ebra3591.t1,Not_Target,Myosin_1,Not_Target
ebra3592.t1,Not_Target,Not_Target,Not_Target
ebra3593.t1,Not_Target,Not_Target,Not_Target
ebra3594.t1,Myosin_45,Not_Target,Not_Target
ebra3595.t1,Myosin_45,Not_Target,Not_Target
ebra3596.t1,Not_Target,Not_Target,Not_Target
ebra3597.t1,Not_Target,Myosin_11,Not_Target
ebra21104.t1,Myosin_45,Myosin_26,Myosin_3
ebra21105.t1,Not_Target,Not_Target,Not_Target
ebra21106.t1,Not_Target,Not_Target,Not_Target
ebra21107.t1,Not_Target,Not_Target,Not_Target
ebra21108.t1,Not_Target,Not_Target,Not_Target
ebra10607.t1,Not_Target,Not_Target,Not_Target
ebra10608.t1,Not_Target,Not_Target,Not_Target
ebra10609.t1,Not_Target,Not_Target,Not_Target
ebra10610.t1,Myosin_1,Not_Target,Not_Target
ebra10611.t1,Not_Target,Not_Target,Not_Target
ebra10612.t1,Not_Target,Not_Target,Not_Target
ebra10613.t1,Not_Target,Not_Target,Not_Target
ebra10614.t1,Not_Target,Not_Target,Not_Target
ebra10615.t1,Myosin_16,Not_Target,Myosin_1
ebra10616.t1,Not_Target,Not_Target,Not_Target
ebra10617.t1,Not_Target,Not_Target,Not_Target
ebra10618.t1,Not_Target,Not_Target,Not_Target
ebra10619.t1,Not_Target,Not_Target,Not_Target
ebra16359.t1,Not_Target,Not_Target,Not_Target
ebra16360.t1,Not_Target,Not_Target,Not_Target
ebra16361.t1,Not_Target,Not_Target,Not_Target
ebra16362.t1,Not_Target,Myosin_22,Myosin_2
ebra16363.t1,Myosin_3,Myosin_6,Myosin_28
ebra16364.t1,Not_Target,Not_Target,Not_Target
ebra16365.t1,Not_Target,Not_Target,Not_Target
ebra16366.t1,Not_Target,Not_Target,Not_Target
ebra16367.t1,Not_Target,Not_Target,Not_Target
ebra19318.t1,Not_Target,Myosin_5,Not_Target
ebra19319.t1,Not_Target,Myosin_19,Myosin_8
ebra19320.t1,Not_Target,Not_Target,Myosin_7
ebra19321.t1,Not_Target,Not_Target,Not_Target
ebra19322.t1,Myosin_19,Not_Target,Myosin_57
ebra19323.t1,Not_Target,Not_Target,Not_Target
ebra19324.t1,Not_Target,Not_Target,Not_Target
ebra19325.t1,Not_Target,Not_Target,Not_Target
ebra9819.t1,Not_Target,Not_Target,Not_Target
ebra9820.t1,Not_Target,Not_Target,Not_Target
ebra9821.t1,Not_Target,Not_Target,Not_Target
ebra9822.t1,Myosin_45,Not_Target,Myosin_20
ebra9823.t1,Not_Target,Not_Target,Not_Target
ebra9824.t1,Not_Target,Not_Target,Not_Target
ebra9825.t1,Not_Target,Not_Target,Not_Target
ebra9826.t1,Not_Target,Not_Target,Not_Target
ebra15028.t1,Myosin_27,Myosin_1,Myosin_27
ebra15029.t1,Not_Target,Not_Target,Myosin_51
ebra15030.t1,Not_Target,Not_Target,Not_Target
ebra15031.t1,Not_Target,Not_Target,Not_Target
ebra15032.t1,Not_Target,Not_Target,Not_Target
ebra15033.t1,Myosin_57,Not_Target,Myosin_27
ebra15034.t1,Not_Target,Not_Target,Not_Target
ebra17028.t1,Not_Target,Not_Target,Not_Target
ebra17029.t1,Myosin_1,Not_Target,Not_Target
ebra17030.t1,Not_Target,Not_Target,Not_Target
ebra17031.t1,Not_Target,Myosin_17,Myosin_17
ebra17032.t1,Not_Target,Not_Target,Not_Target
ebra17033.t1,Not_Target,Not_Target,Not_Target
ebra17034.t1,Myosin_45,Not_Target,Not_Target
ebra11798.t1,Myosin_45,Myosin_44,Myosin_16
ebra11799.t1,Myosin_2,Myosin_22,Myosin_2
ebra11800.t1,Myosin_2,Not_Target,Not_Target
ebra11801.t1,Not_Target,Not_Target,Not_Target
ebra11802.t1,Not_Target,Not_Target,Not_Target
ebra11803.t1,Not_Target,Not_Target,Not_Target
ebra11804.t1,Not_Target,Not_Target,Not_Target
ebra5247.t1,Not_Target,Not_Target,Myosin_2
ebra5248.t1,Not_Target,Not_Target,Myosin_1
ebra5249.t1,Not_Target,Not_Target,Myosin_20
ebra5250.t1,Not_Target,Not_Target,Not_Target
ebra5251.t1,Not_Target,Not_Target,Not_Target
ebra5252.t1,Not_Target,Not_Target,Myosin_24
ebra5253.t1,Myosin_26,Myosin_26,Not_Target
ebra5254.t1,Not_Target,Myosin_19,Not_Target
ebra5255.t1,Not_Target,Not_Target,Not_Target
ebra5256.t1,Not_Target,Not_Target,Not_Target
ebra1714.t1,Not_Target,Not_Target,Not_Target
ebra1715.t1,Not_Target,Not_Target,Not_Target
ebra1716.t1,Not_Target,Not_Target,Not_Target
ebra1717.t1,Myosin_45,Myosin_16,Myosin_18
ebra1718.t1,Not_Target,Not_Target,Myosin_16
ebra1719.t1,Not_Target,Not_Target,Not_Target
ebra1720.t1,Not_Target,Not_Target,Not_Target
ebra1721.t1,Not_Target,Not_Target,Not_Target
ebra1722.t1,Myosin_18,Myosin_18,Myosin_36
ebra1723.t1,Not_Target,Not_Target,Not_Target
ebra1724.t1,Not_Target,Not_Target,Myosin_2
ebra1725.t1,Not_Target,Myosin_2,Not_Target
ebra7012.t1,Not_Target,Not_Target,Not_Target
ebra7013.t1,Not_Target,Not_Target,Not_Target
ebra7014.t1,Not_Target,Myosin_28,Not_Target
ebra7015.t1,Myosin_45,Myosin_26,Not_Target
ebra7016.t1,Not_Target,Myosin_5,Not_Target
ebra7017.t1,Not_Target,Myosin_19,Not_Target
ebra7018.t1,Not_Target,Myosin_24,Not_Target
ebra7019.t1,Myosin_57,Myosin_57,Myosin_5
ebra7020.t1,Not_Target,Not_Target,Not_Target
ebra7021.t1,Myosin_19,Not_Target,Not_Target
ebra7022.t1,Myosin_19,Myosin_19,Not_Target
ebra11457.t1,Not_Target,Myosin_1,Not_Target
ebra11458.t1,Not_Target,Not_Target,Not_Target
ebra11459.t1,Not_Target,Not_Target,Myosin_2
ebra11460.t1,Myosin_5,Not_Target,Not_Target
ebra11461.t1,Not_Target,Not_Target,Not_Target
ebra11462.t1,Myosin_45,Not_Target,Myosin_3
ebra11463.t1,Myosin_17,Myosin_17,Not_Target
ebra11464.t1,Myosin_19,Myosin_19,Not_Target
ebra2970.t1,Not_Target,Not_Target,Not_Target
ebra2971.t1,Not_Target,Not_Target,Not_Target
ebra2972.t1,Not_Target,Not_Target,Not_Target
ebra2973.t1,Not_Target,Not_Target,Not_Target
ebra2974.t1,Not_Target,Myosin_66,Myosin_25
ebra2975.t1,Not_Target,Not_Target,Not_Target
ebra2976.t1,Not_Target,Not_Target,Not_Target
ebra2977.t1,Not_Target,Not_Target,Not_Target
ebra13996.t1,Not_Target,Not_Target,Myosin_11
ebra13997.t1,Not_Target,Not_Target,Myosin_4
ebra13998.t1,Not_Target,Not_Target,Myosin_1
ebra13999.t1,Myosin_19,Myosin_57,Myosin_57
ebra14000.t1,Not_Target,Not_Target,Not_Target
ebra14001.t1,Not_Target,Not_Target,Not_Target
ebra14002.t1,Not_Target,Not_Target,Not_Target
ebra14003.t1,Not_Target,Not_Target,Myosin_6
ebra8239.t1,Myosin_2,Myosin_2,Not_Target
ebra8240.t1,Myosin_2,Not_Target,Not_Target
ebra8241.t1,Not_Target,Not_Target,Not_Target
ebra8242.t1,Not_Target,Not_Target,Not_Target
ebra8243.t1,Not_Target,Myosin_3,Myosin_3
ebra8244.t1,Not_Target,Not_Target,Myosin_19
ebra8245.t1,Not_Target,Not_Target,Not_Target
ebra15818.t1,Not_Target,Not_Target,Not_Target
ebra15819.t1,Not_Target,Myosin_17,Not_Target
ebra15820.t1,Not_Target,Not_Target,Not_Target
ebra15821.t1,Not_Target,Myosin_18,Myosin_2
ebra15822.t1,Not_Target,Not_Target,Not_Target
ebra15823.t1,Not_Target,Not_Target,Not_Target
ebra15824.t1,Not_Target,Not_Target,Not_Target
ebra15825.t1,Not_Target,Not_Target,Myosin_5
ebra15826.t1,Not_Target,Not_Target,Not_Target
ebra15827.t1,Not_Target,Not_Target,Not_Target
ebra15828.t1,Not_Target,Not_Target,Not_Target
ebra15829.t1,Not_Target,Not_Target,Not_Target
ebra15830.t1,Not_Target,Not_Target,Not_Target
ebra15831.t1,Not_Target,Not_Target,Not_Target
ebra15832.t1,Not_Target,Myosin_5,Not_Target
ebra15833.t1,Not_Target,Myosin_2,Not_Target
ebra15834.t1,Not_Target,Not_Target,Not_Target
ebra10114.t1,Not_Target,Not_Target,Not_Target
ebra10115.t1,Not_Target,Not_Target,Not_Target
ebra10116.t1,Not_Target,Not_Target,Not_Target
ebra10117.t1,Not_Target,Not_Target,Not_Target
ebra10118.t1,Myosin_17,Myosin_17,Myosin_22
ebra10119.t1,Not_Target,Not_Target,Not_Target
ebra10120.t1,Myosin_37,Myosin_25,Myosin_37
ebra1238.t1,Not_Target,Not_Target,Myosin_1
ebra1239.t1,Not_Target,Not_Target,Myosin_17
ebra1240.t1,Not_Target,Not_Target,Not_Target
ebra1241.t1,Myosin_2,Myosin_51,Not_Target
ebra1242.t1,Myosin_2,Myosin_51,Not_Target
ebra1243.t1,Not_Target,Not_Target,Myosin_57
ebra11745.t1,Not_Target,Not_Target,Not_Target
ebra11746.t1,Not_Target,Not_Target,Not_Target
ebra11747.t1,Not_Target,Myosin_5,Not_Target
ebra11748.t1,Myosin_1,Myosin_1,Myosin_1
ebra11749.t1,Not_Target,Not_Target,Not_Target
ebra11750.t1,Not_Target,Not_Target,Not_Target
ebra11751.t1,Myosin_37,Myosin_57,Myosin_5
ebra11752.t1,Myosin_37,Myosin_57,Myosin_5
ebra11753.t1,Not_Target,Not_Target,Not_Target
ebra14431.t1,Not_Target,Not_Target,Not_Target
ebra14432.t1,Not_Target,Myosin_2,Not_Target
ebra14433.t1,Myosin_16,Myosin_16,Not_Target
ebra14434.t1,Not_Target,Not_Target,Not_Target
ebra14435.t1,Myosin_18,Myosin_57,Not_Target
ebra13887.t1,Not_Target,Not_Target,Not_Target
ebra13888.t1,Myosin_45,Myosin_18,Not_Target
ebra13889.t1,Myosin_45,Not_Target,Not_Target
ebra13890.t1,Not_Target,Not_Target,Not_Target
ebra13891.t1,Not_Target,Myosin_11,Not_Target
ebra13892.t1,Not_Target,Myosin_8,Myosin_9
ebra13893.t1,Not_Target,Myosin_16,Not_Target
ebra10726.t1,Not_Target,Not_Target,Not_Target
ebra10727.t1,Not_Target,Myosin_26,Not_Target
ebra10728.t1,Not_Target,Not_Target,Not_Target
ebra10729.t1,Not_Target,Not_Target,Not_Target
ebra10730.t1,Not_Target,Not_Target,Not_Target
ebra10731.t1,Not_Target,Not_Target,Not_Target
ebra10732.t1,Not_Target,Myosin_23,Not_Target
ebra10733.t1,Not_Target,Not_Target,Not_Target
ebra10734.t1,Not_Target,Myosin_51,Not_Target
ebra17366.t1,Not_Target,Not_Target,Not_Target
ebra17367.t1,Myosin_19,Not_Target,Myosin_9
ebra17368.t1,Myosin_2,Not_Target,Myosin_43
ebra17369.t1,Not_Target,Not_Target,Not_Target
ebra17370.t1,Not_Target,Not_Target,Not_Target
ebra17371.t1,Not_Target,Not_Target,Not_Target
ebra17372.t1,Not_Target,Not_Target,Not_Target
ebra17373.t1,Not_Target,Myosin_5,Not_Target
ebra17374.t1,Not_Target,Myosin_19,Not_Target
ebra17375.t1,Not_Target,Myosin_37,Not_Target
ebra17376.t1,Myosin_1,Myosin_1,Not_Target
ebra17377.t1,Not_Target,Not_Target,Not_Target
ebra18365.t1,Not_Target,Not_Target,Not_Target
ebra18366.t1,Not_Target,Myosin_5,Not_Target
ebra18367.t1,Not_Target,Not_Target,Not_Target
ebra18368.t1,Not_Target,Myosin_57,Myosin_73
ebra18369.t1,Not_Target,Not_Target,Not_Target
ebra18370.t1,Not_Target,Not_Target,Myosin_62
ebra18371.t1,Myosin_17,Myosin_17,Myosin_20
ebra18372.t1,Not_Target,Myosin_5,Myosin_5
ebra18373.t1,Not_Target,Not_Target,Not_Target
ebra17811.t1,Not_Target,Not_Target,Not_Target
ebra17812.t1,Myosin_17,Not_Target,Myosin_3
ebra17813.t1,Not_Target,Not_Target,Not_Target
ebra17814.t1,Myosin_45,Myosin_24,Myosin_71
ebra17815.t1,Not_Target,Not_Target,Myosin_57
ebra17816.t1,Not_Target,Not_Target,Not_Target
ebra14856.t1,Not_Target,Not_Target,Myosin_4
ebra14857.t1,Myosin_2,Myosin_6,Not_Target
ebra14858.t1,Not_Target,Not_Target,Not_Target
ebra14859.t1,Not_Target,Not_Target,Not_Target
ebra14860.t1,Not_Target,Not_Target,Not_Target
ebra14861.t1,Not_Target,Not_Target,Not_Target
ebra14862.t1,Not_Target,Not_Target,Not_Target
ebra14863.t1,Myosin_73,Actin,Myosin_73
ebra14864.t1,Myosin_22,Not_Target,Myosin_1
ebra14865.t1,Not_Target,Not_Target,Not_Target
ebra14866.t1,Not_Target,Not_Target,Not_Target
ebra14867.t1,Not_Target,Not_Target,Not_Target
ebra14868.t1,Not_Target,Myosin_5,Not_Target
ebra14869.t1,Not_Target,Not_Target,Not_Target
ebra14870.t1,Myosin_19,Not_Target,Myosin_28
ebra5436.t1,Not_Target,Not_Target,Not_Target
ebra5437.t1,Not_Target,Not_Target,Not_Target
ebra5438.t1,Not_Target,Myosin_5,Myosin_1
ebra5439.t1,Not_Target,Not_Target,Not_Target
ebra5440.t1,Not_Target,Myosin_6,Not_Target
ebra5441.t1,Not_Target,Myosin_4,Not_Target
ebra5442.t1,Not_Target,Not_Target,Not_Target
ebra5443.t1,Not_Target,Not_Target,Not_Target
ebra5444.t1,Myosin_37,Myosin_37,Not_Target
ebra5445.t1,Not_Target,Not_Target,Not_Target
ebra5446.t1,Not_Target,Not_Target,Not_Target
ebra5447.t1,Not_Target,Not_Target,Not_Target
ebra21641.t1,Myosin_69,Not_Target,Myosin_20
ebra21642.t1,Not_Target,Not_Target,Not_Target
ebra21643.t1,Not_Target,Not_Target,Myosin_20
ebra21644.t1,Myosin_15,Myosin_15,Myosin_15
ebra21645.t1,Not_Target,Not_Target,Not_Target
ebra18.t1,Not_Target,Myosin_17,Not_Target
ebra19.t1,Myosin_17,Myosin_17,Myosin_17
ebra20.t1,Myosin_1,Not_Target,Myosin_1
ebra21.t1,Not_Target,Not_Target,Not_Target
ebra22.t1,Myosin_51,Not_Target,Not_Target
ebra12659.t1,Not_Target,Not_Target,Not_Target
ebra12660.t1,Not_Target,Not_Target,Not_Target
ebra12661.t1,Not_Target,Not_Target,Myosin_2
ebra12662.t1,Not_Target,Not_Target,Myosin_19
ebra12663.t1,Not_Target,Not_Target,Not_Target
ebra12664.t1,Myosin_15,Myosin_15,Myosin_17
ebra12665.t1,Myosin_30,Not_Target,Myosin_4
ebra15665.t1,Not_Target,Not_Target,Myosin_5
ebra15666.t1,Myosin_2,Not_Target,Not_Target
ebra15667.t1,Not_Target,Not_Target,Not_Target
ebra15668.t1,Not_Target,Not_Target,Not_Target
ebra15669.t1,Not_Target,Not_Target,Not_Target
ebra15670.t1,Myosin_17,Not_Target,Myosin_3
ebra15671.t1,Myosin_45,Myosin_45,Myosin_3
ebra3464.t1,Not_Target,Not_Target,Not_Target
ebra3465.t1,Not_Target,Not_Target,Myosin_20
ebra3466.t1,Not_Target,Not_Target,Not_Target
ebra3467.t1,Myosin_37,Myosin_57,Myosin_5
ebra3468.t1,Myosin_44,Myosin_17,Myosin_5
ebra3469.t1,Myosin_31,Myosin_31,Myosin_31
ebra3470.t1,Not_Target,Not_Target,Not_Target
ebra14449.t1,Myosin_17,Not_Target,Myosin_23
ebra14450.t1,Not_Target,Not_Target,Not_Target
ebra14451.t1,Not_Target,Not_Target,Not_Target
ebra14452.t1,Not_Target,Not_Target,Myosin_19
ebra14453.t1,Not_Target,Myosin_5,Myosin_20
ebra14454.t1,Not_Target,Not_Target,Myosin_20
ebra3574.t1,Not_Target,Not_Target,Not_Target
ebra3575.t1,Not_Target,Not_Target,Not_Target
ebra3576.t1,Not_Target,Not_Target,Not_Target
ebra3577.t1,Not_Target,Not_Target,Not_Target
ebra3578.t1,Not_Target,Not_Target,Not_Target
ebra3579.t1,Myosin_57,Not_Target,Myosin_57
ebra2433.t1,Not_Target,Not_Target,Not_Target
ebra1189.t1,Not_Target,Not_Target,Not_Target
ebra1190.t1,Not_Target,Not_Target,Not_Target
ebra1191.t1,Myosin_26,Not_Target,Not_Target
ebra1192.t1,Not_Target,Not_Target,Not_Target
ebra1193.t1,Not_Target,Not_Target,Myosin_1
ebra1194.t1,Not_Target,Not_Target,Not_Target
ebra1195.t1,Not_Target,Myosin_5,Not_Target
ebra1196.t1,Not_Target,Not_Target,Not_Target
ebra1197.t1,Not_Target,Not_Target,Myosin_4
ebra1198.t1,Not_Target,Not_Target,Not_Target
ebra20672.t1,Myosin_26,Not_Target,Not_Target
ebra20673.t1,Not_Target,Not_Target,Myosin_36
ebra20674.t1,Not_Target,Not_Target,Not_Target
ebra20675.t1,Not_Target,Not_Target,Not_Target
ebra20676.t1,Not_Target,Not_Target,Not_Target
ebra20677.t1,Myosin_30,Not_Target,Not_Target
ebra20678.t1,Not_Target,Not_Target,Not_Target
ebra20679.t1,Not_Target,Not_Target,Not_Target
ebra20680.t1,Not_Target,Myosin_1,Myosin_1
ebra20681.t1,Not_Target,Not_Target,Not_Target
ebra20682.t1,Not_Target,Not_Target,Not_Target
ebra20358.t1,Myosin_45,Not_Target,Not_Target
ebra20359.t1,Not_Target,Not_Target,Not_Target
ebra20360.t1,Not_Target,Not_Target,Not_Target
ebra20361.t1,Not_Target,Not_Target,Not_Target
ebra20362.t1,Not_Target,Not_Target,Not_Target
ebra20363.t1,Myosin_45,Myosin_45,Not_Target
ebra20364.t1,Not_Target,Not_Target,Not_Target
ebra20365.t1,Myosin_45,Not_Target,Myosin_3
ebra20366.t1,Not_Target,Not_Target,Not_Target
ebra20367.t1,Not_Target,Not_Target,Not_Target
ebra20368.t1,Not_Target,Not_Target,Myosin_1
ebra19153.t1,Not_Target,Not_Target,Not_Target
ebra19154.t1,Not_Target,Not_Target,Not_Target
ebra19155.t1,Not_Target,Not_Target,Not_Target
ebra19156.t1,Not_Target,Not_Target,Not_Target
ebra19157.t1,Not_Target,Not_Target,Not_Target
ebra19158.t1,Not_Target,Not_Target,Myosin_25
ebra19159.t1,Not_Target,Not_Target,Not_Target
ebra19160.t1,Not_Target,Myosin_5,Not_Target
ebra19161.t1,Not_Target,Not_Target,Not_Target
ebra19162.t1,Not_Target,Myosin_19,Not_Target
ebra19163.t1,Not_Target,Not_Target,Not_Target
ebra19164.t1,Not_Target,Not_Target,Not_Target
ebra19165.t1,Myosin_26,Myosin_3,Not_Target
ebra19482.t1,Myosin_1,Not_Target,Myosin_51
ebra19483.t1,Not_Target,Not_Target,Not_Target
ebra19484.t1,Not_Target,Not_Target,Not_Target
ebra19485.t1,Not_Target,Not_Target,Myosin_1
ebra19486.t1,Myosin_2,Myosin_2,Myosin_2
ebra19487.t1,Not_Target,Not_Target,Not_Target
ebra19488.t1,Not_Target,Not_Target,Not_Target
ebra1946.t1,Myosin_45,Not_Target,Myosin_3
ebra1947.t1,Not_Target,Myosin_10,Not_Target
ebra1948.t1,Myosin_24,Not_Target,Myosin_1
ebra1949.t1,Not_Target,Not_Target,Myosin_1
ebra1950.t1,Not_Target,Not_Target,Not_Target
ebra1951.t1,Not_Target,Not_Target,Not_Target
ebra1952.t1,Not_Target,Myosin_5,Myosin_5
ebra1953.t1,Not_Target,Myosin_5,Myosin_5
ebra20254.t1,Not_Target,Myosin_2,Not_Target
ebra20255.t1,Not_Target,Not_Target,Not_Target
ebra20256.t1,Not_Target,Myosin_19,Myosin_1
ebra20257.t1,Not_Target,Not_Target,Not_Target
ebra20258.t1,Not_Target,Not_Target,Not_Target
ebra20259.t1,Not_Target,Not_Target,Not_Target
ebra20260.t1,Not_Target,Not_Target,Not_Target
ebra20261.t1,Not_Target,Not_Target,Not_Target
ebra20262.t1,Not_Target,Not_Target,Not_Target
ebra12473.t1,Not_Target,Not_Target,Not_Target
ebra12474.t1,Not_Target,Not_Target,Myosin_72
ebra12475.t1,Myosin_57,Myosin_57,Myosin_2
ebra12476.t1,Not_Target,Not_Target,Not_Target
ebra12477.t1,Myosin_45,Not_Target,Myosin_5
ebra12478.t1,Not_Target,Not_Target,Not_Target
ebra12479.t1,Not_Target,Not_Target,Not_Target
ebra12480.t1,Not_Target,Myosin_26,Not_Target
ebra12481.t1,Not_Target,Myosin_18,Not_Target
ebra12482.t1,Not_Target,Not_Target,Not_Target
ebra12483.t1,Myosin_27,Not_Target,Not_Target
ebra12484.t1,Not_Target,Not_Target,Not_Target
ebra12485.t1,Not_Target,Not_Target,Not_Target
ebra12486.t1,Not_Target,Not_Target,Not_Target
ebra12487.t1,Not_Target,Not_Target,Not_Target
ebra3476.t1,Not_Target,Not_Target,Not_Target
ebra3477.t1,Not_Target,Myosin_5,Myosin_71
ebra3478.t1,Not_Target,Not_Target,Not_Target
ebra3479.t1,Not_Target,Not_Target,Not_Target
ebra3480.t1,Not_Target,Not_Target,Not_Target
ebra3481.t1,Not_Target,Not_Target,Not_Target
ebra3482.t1,Not_Target,Not_Target,Not_Target
ebra3483.t1,Not_Target,Not_Target,Not_Target
ebra17619.t1,Not_Target,Not_Target,Not_Target
ebra17620.t1,Myosin_4,Myosin_15,Myosin_15
ebra17621.t1,Not_Target,Not_Target,Not_Target
ebra17622.t1,Myosin_17,Myosin_17,Myosin_81
ebra2352.t1,Not_Target,Not_Target,Myosin_5
ebra2353.t1,Not_Target,Myosin_51,Not_Target
ebra2354.t1,Not_Target,Not_Target,Not_Target
ebra2355.t1,Not_Target,Not_Target,Not_Target
ebra2356.t1,Not_Target,Not_Target,Not_Target
ebra2357.t1,Not_Target,Not_Target,Not_Target
ebra2358.t1,Not_Target,Not_Target,Not_Target
ebra2359.t1,Not_Target,Not_Target,Not_Target
ebra2360.t1,Not_Target,Not_Target,Not_Target
ebra2361.t1,Not_Target,Not_Target,Not_Target
ebra8533.t1,Not_Target,Not_Target,Not_Target
ebra8534.t1,Myosin_45,Not_Target,Myosin_16
ebra19795.t1,Not_Target,Not_Target,Myosin_15
ebra19796.t1,Not_Target,Myosin_15,Not_Target
ebra19797.t1,Myosin_18,Not_Target,Myosin_30
ebra19798.t1,Not_Target,Myosin_2,Myosin_20
ebra19799.t1,Not_Target,Not_Target,Myosin_20
ebra19800.t1,Not_Target,Not_Target,Not_Target
ebra15808.t1,Not_Target,Not_Target,Not_Target
ebra15809.t1,Myosin_15,Myosin_5,Myosin_14
ebra15810.t1,Not_Target,Not_Target,Not_Target
ebra15811.t1,Myosin_4,Myosin_7,Myosin_22
ebra15812.t1,Myosin_18,Not_Target,Not_Target
ebra15813.t1,Not_Target,Not_Target,Not_Target
ebra15814.t1,Not_Target,Not_Target,Not_Target
ebra15815.t1,Not_Target,Not_Target,Not_Target
ebra15816.t1,Not_Target,Not_Target,Not_Target
ebra9735.t1,Myosin_19,Not_Target,Not_Target
ebra16908.t1,Not_Target,Not_Target,Not_Target
ebra16909.t1,Not_Target,Not_Target,Not_Target
ebra16910.t1,Myosin_17,Myosin_17,Myosin_17
ebra16911.t1,Myosin_36,Myosin_17,Myosin_17
ebra16912.t1,Myosin_17,Myosin_17,Myosin_17
ebra16913.t1,Not_Target,Not_Target,Not_Target
ebra16914.t1,Not_Target,Not_Target,Not_Target
ebra16915.t1,Not_Target,Not_Target,Not_Target
ebra2325.t1,Not_Target,Not_Target,Not_Target
ebra2326.t1,Not_Target,Myosin_1,Not_Target
ebra2327.t1,Myosin_15,Myosin_15,Myosin_15
ebra2328.t1,Myosin_20,Myosin_3,Myosin_18
ebra2329.t1,Not_Target,Not_Target,Not_Target
ebra2330.t1,Myosin_9,Myosin_9,Myosin_68
ebra18700.t1,Not_Target,Not_Target,Not_Target
ebra18701.t1,Not_Target,Not_Target,Not_Target
ebra18702.t1,Not_Target,Myosin_57,Not_Target
ebra18703.t1,Not_Target,Not_Target,Not_Target
ebra18704.t1,Not_Target,Not_Target,Not_Target
ebra18705.t1,Not_Target,Myosin_24,Not_Target
ebra18706.t1,Not_Target,Myosin_19,Not_Target
ebra18707.t1,Not_Target,Not_Target,Not_Target
ebra18708.t1,Not_Target,Not_Target,Not_Target
ebra21439.t1,Not_Target,Not_Target,Not_Target
ebra21440.t1,Not_Target,Not_Target,Not_Target
ebra21441.t1,Not_Target,Not_Target,Not_Target
ebra21442.t1,Not_Target,Not_Target,Not_Target
ebra21443.t1,Not_Target,Myosin_17,Not_Target
ebra21444.t1,Myosin_19,Not_Target,Myosin_4
ebra21445.t1,Not_Target,Not_Target,Not_Target
ebra21446.t1,Not_Target,Not_Target,Not_Target
ebra21447.t1,Not_Target,Not_Target,Not_Target
ebra17805.t1,Not_Target,Not_Target,Not_Target
ebra17806.t1,Not_Target,Not_Target,Not_Target
ebra17807.t1,Not_Target,Not_Target,Myosin_5
ebra17808.t1,Myosin_45,Not_Target,Myosin_26
ebra5285.t1,Not_Target,Not_Target,Not_Target
ebra5286.t1,Not_Target,Not_Target,Not_Target
ebra5287.t1,Not_Target,Myosin_19,Myosin_57
ebra5288.t1,Myosin_31,Myosin_18,Myosin_8
ebra5289.t1,Not_Target,Not_Target,Not_Target
ebra18441.t1,Not_Target,Not_Target,Not_Target
ebra18442.t1,Not_Target,Not_Target,Myosin_51
ebra18443.t1,Not_Target,Not_Target,Not_Target
ebra18444.t1,Not_Target,Not_Target,Myosin_8
ebra18445.t1,Not_Target,Not_Target,Myosin_2
ebra14361.t1,Not_Target,Not_Target,Not_Target
ebra14362.t1,Not_Target,Not_Target,Not_Target
ebra14363.t1,Not_Target,Not_Target,Not_Target
ebra14364.t1,Not_Target,Not_Target,Not_Target
ebra14365.t1,Not_Target,Not_Target,Not_Target
ebra14366.t1,Not_Target,Not_Target,Not_Target
ebra14367.t1,Not_Target,Not_Target,Not_Target
ebra14368.t1,Myosin_3,Myosin_3,Myosin_3
ebra5917.t1,Not_Target,Not_Target,Not_Target
ebra5918.t1,Not_Target,Not_Target,Myosin_24
ebra5919.t1,Not_Target,Not_Target,Not_Target
ebra5920.t1,Not_Target,Myosin_6,Myosin_30
ebra5921.t1,Not_Target,Not_Target,Myosin_51
ebra5922.t1,Not_Target,Not_Target,Not_Target
ebra17270.t1,Not_Target,Not_Target,Not_Target
ebra17271.t1,Not_Target,Not_Target,Not_Target
ebra17272.t1,Not_Target,Not_Target,Not_Target
ebra17273.t1,Not_Target,Not_Target,Not_Target
ebra17274.t1,Not_Target,Not_Target,Not_Target
ebra17275.t1,Not_Target,Not_Target,Not_Target
ebra17276.t1,Myosin_19,Not_Target,Myosin_17
ebra17277.t1,Myosin_19,Myosin_19,Not_Target
ebra16658.t1,Not_Target,Not_Target,Not_Target
ebra16659.t1,Not_Target,Not_Target,Not_Target
ebra16660.t1,Myosin_37,Not_Target,Myosin_5
ebra16661.t1,Myosin_1,Myosin_1,Not_Target
ebra16662.t1,Myosin_45,Not_Target,Not_Target
ebra16663.t1,Not_Target,Not_Target,Not_Target
ebra16664.t1,Myosin_26,Not_Target,Myosin_1
ebra16665.t1,Not_Target,Myosin_28,Myosin_36
ebra20597.t1,Myosin_3,Myosin_6,Not_Target
ebra20598.t1,Myosin_3,Not_Target,Not_Target
ebra20599.t1,Not_Target,Not_Target,Myosin_8
ebra20600.t1,Not_Target,Not_Target,Not_Target
ebra20601.t1,Not_Target,Myosin_17,Myosin_2
ebra20602.t1,Not_Target,Not_Target,Not_Target
ebra20603.t1,Myosin_22,Not_Target,Not_Target
ebra20604.t1,Not_Target,Not_Target,Not_Target
ebra2073.t1,Not_Target,Myosin_19,Not_Target
ebra2074.t1,Not_Target,Myosin_19,Not_Target
ebra2075.t1,Not_Target,Not_Target,Myosin_6
ebra2076.t1,Myosin_45,Myosin_16,Myosin_64
ebra2077.t1,Not_Target,Not_Target,Myosin_20
ebra2078.t1,Myosin_45,Myosin_16,Myosin_3
ebra2079.t1,Not_Target,Myosin_1,Not_Target
ebra2080.t1,Not_Target,Not_Target,Not_Target
ebra21627.t1,Not_Target,Not_Target,Not_Target
ebra21628.t1,Not_Target,Not_Target,Not_Target
ebra14036.t1,Myosin_51,Not_Target,Not_Target
ebra14037.t1,Not_Target,Not_Target,Not_Target
ebra14038.t1,Not_Target,Not_Target,Not_Target
ebra14039.t1,Myosin_5,Not_Target,Not_Target
ebra14040.t1,Not_Target,Not_Target,Myosin_16
ebra1675.t1,Not_Target,Myosin_11,Not_Target
ebra1676.t1,Myosin_51,Myosin_26,Not_Target
ebra1677.t1,Myosin_5,Myosin_5,Not_Target
ebra1678.t1,Not_Target,Not_Target,Not_Target
ebra1679.t1,Not_Target,Not_Target,Not_Target
ebra1680.t1,Not_Target,Not_Target,Not_Target
ebra1681.t1,Not_Target,Not_Target,Myosin_1
ebra1682.t1,Not_Target,Not_Target,Not_Target
ebra1683.t1,Not_Target,Not_Target,Not_Target
ebra19187.t1,Not_Target,Not_Target,Myosin_23
ebra19188.t1,Not_Target,Not_Target,Not_Target
ebra19189.t1,Myosin_15,Myosin_15,Myosin_15
ebra19190.t1,Not_Target,Not_Target,Myosin_20
ebra20762.t1,Myosin_45,Not_Target,Myosin_8
ebra20763.t1,Not_Target,Myosin_28,Not_Target
ebra20764.t1,Not_Target,Not_Target,Not_Target
ebra20765.t1,Myosin_18,Not_Target,Not_Target
ebra20766.t1,Not_Target,Not_Target,Not_Target
ebra20767.t1,Not_Target,Not_Target,Not_Target
ebra20768.t1,Not_Target,Myosin_6,Not_Target
ebra10212.t1,Not_Target,Not_Target,Not_Target
ebra10213.t1,Not_Target,Not_Target,Not_Target
ebra10214.t1,Myosin_19,Myosin_28,Not_Target
ebra10215.t1,Myosin_57,Myosin_8,Not_Target
ebra10216.t1,Myosin_45,Myosin_18,Not_Target
ebra10217.t1,Myosin_36,Myosin_27,Not_Target
ebra348.t1,Not_Target,Not_Target,Not_Target
ebra349.t1,Myosin_2,Myosin_2,Not_Target
ebra350.t1,Not_Target,Not_Target,Not_Target
ebra351.t1,Not_Target,Not_Target,Not_Target
ebra352.t1,Not_Target,Not_Target,Not_Target
ebra353.t1,Not_Target,Not_Target,Not_Target
ebra354.t1,Not_Target,Not_Target,Not_Target
ebra355.t1,Not_Target,Not_Target,Not_Target
ebra356.t1,Not_Target,Not_Target,Myosin_4
ebra357.t1,Not_Target,Not_Target,Not_Target
ebra358.t1,Myosin_19,Myosin_19,Myosin_13
ebra12570.t1,Not_Target,Not_Target,Not_Target
ebra12571.t1,Not_Target,Not_Target,Myosin_14
ebra12572.t1,Myosin_37,Myosin_7,Not_Target
ebra12573.t1,Not_Target,Myosin_57,Not_Target
ebra12574.t1,Not_Target,Not_Target,Not_Target
ebra12575.t1,Myosin_45,Myosin_18,Myosin_5
ebra12576.t1,Not_Target,Not_Target,Not_Target
ebra12577.t1,Myosin_57,Not_Target,Myosin_1
ebra12578.t1,Not_Target,Not_Target,Not_Target
ebra6871.t1,Not_Target,Not_Target,Not_Target
ebra6872.t1,Myosin_18,Myosin_57,Myosin_5
ebra6873.t1,Myosin_5,Myosin_5,Not_Target
ebra6874.t1,Not_Target,Not_Target,Not_Target
ebra6875.t1,Not_Target,Not_Target,Not_Target
ebra6876.t1,Not_Target,Myosin_19,Myosin_2
ebra13758.t1,Not_Target,Not_Target,Myosin_1
ebra13759.t1,Myosin_6,Not_Target,Myosin_19
ebra13760.t1,Not_Target,Not_Target,Not_Target
ebra13761.t1,Not_Target,Not_Target,Not_Target
ebra13762.t1,Not_Target,Not_Target,Not_Target
ebra13763.t1,Not_Target,Not_Target,Not_Target
ebra13764.t1,Not_Target,Not_Target,Myosin_5
ebra13765.t1,Not_Target,Myosin_19,Not_Target
ebra13766.t1,Not_Target,Not_Target,Not_Target
ebra17421.t1,Not_Target,Myosin_6,Not_Target
ebra17422.t1,Not_Target,Not_Target,Not_Target
ebra17423.t1,Not_Target,Not_Target,Not_Target
ebra17424.t1,Not_Target,Not_Target,Not_Target
ebra17425.t1,Not_Target,Not_Target,Not_Target
ebra17426.t1,Not_Target,Not_Target,Not_Target
ebra17427.t1,Not_Target,Not_Target,Not_Target
ebra12158.t1,Not_Target,Not_Target,Not_Target
ebra12159.t1,Not_Target,Not_Target,Not_Target
ebra12160.t1,Not_Target,Not_Target,Not_Target
ebra12161.t1,Not_Target,Myosin_22,Not_Target
ebra12162.t1,Not_Target,Not_Target,Not_Target
ebra12163.t1,Not_Target,Not_Target,Not_Target
ebra12164.t1,Not_Target,Not_Target,Not_Target
ebra12165.t1,Myosin_4,Myosin_4,Not_Target
ebra12166.t1,Not_Target,Not_Target,Not_Target
ebra12167.t1,Not_Target,Not_Target,Not_Target
ebra12168.t1,Not_Target,Myosin_6,Not_Target
ebra12169.t1,Not_Target,Not_Target,Not_Target
ebra12170.t1,Not_Target,Not_Target,Not_Target
ebra16853.t1,Not_Target,Not_Target,Not_Target
ebra16854.t1,Not_Target,Myosin_16,Not_Target
ebra16855.t1,Myosin_18,Not_Target,Not_Target
ebra16856.t1,Not_Target,Not_Target,Myosin_13
ebra16857.t1,Not_Target,Not_Target,Myosin_4
ebra12993.t1,Not_Target,Not_Target,Myosin_1
ebra12994.t1,Not_Target,Not_Target,Not_Target
ebra12995.t1,Myosin_57,Myosin_6,Myosin_2
ebra12996.t1,Not_Target,Not_Target,Not_Target
ebra12997.t1,Not_Target,Not_Target,Not_Target
ebra10822.t1,Not_Target,Not_Target,Not_Target
ebra10823.t1,Myosin_37,Myosin_37,Myosin_2
ebra10824.t1,Not_Target,Not_Target,Not_Target
ebra10825.t1,Not_Target,Myosin_55,Not_Target
ebra10826.t1,Not_Target,Not_Target,Myosin_4
ebra10827.t1,Not_Target,Myosin_5,Not_Target
ebra10828.t1,Myosin_1,Not_Target,Not_Target
ebra10829.t1,Not_Target,Not_Target,Not_Target
ebra10830.t1,Not_Target,Not_Target,Not_Target
ebra10831.t1,Not_Target,Myosin_27,Not_Target
ebra10832.t1,Myosin_26,Not_Target,Myosin_8
ebra15594.t1,Myosin_1,Myosin_26,Not_Target
ebra15595.t1,Myosin_1,Myosin_1,Not_Target
ebra15596.t1,Not_Target,Not_Target,Not_Target
ebra15597.t1,Not_Target,Myosin_11,Not_Target
ebra15598.t1,Not_Target,Not_Target,Myosin_1
ebra15599.t1,Not_Target,Not_Target,Not_Target
ebra15600.t1,Myosin_17,Not_Target,Myosin_3
ebra15601.t1,Not_Target,Not_Target,Myosin_2
ebra15602.t1,Myosin_2,Myosin_26,Not_Target
ebra15603.t1,Not_Target,Not_Target,Not_Target
ebra17881.t1,Myosin_15,Myosin_15,Myosin_14
ebra17882.t1,Not_Target,Not_Target,Not_Target
ebra17883.t1,Myosin_18,Not_Target,Not_Target
ebra17884.t1,Myosin_45,Not_Target,Not_Target
ebra17885.t1,Not_Target,Not_Target,Not_Target
ebra17886.t1,Not_Target,Not_Target,Not_Target
ebra17887.t1,Not_Target,Not_Target,Not_Target
ebra17888.t1,Not_Target,Not_Target,Not_Target
ebra21305.t1,Not_Target,Not_Target,Myosin_1
ebra21306.t1,Not_Target,Not_Target,Not_Target
ebra21307.t1,Myosin_1,Not_Target,Myosin_1
ebra21308.t1,Not_Target,Myosin_2,Not_Target
ebra21309.t1,Not_Target,Not_Target,Not_Target
ebra21310.t1,Not_Target,Myosin_19,Not_Target
ebra21311.t1,Not_Target,Myosin_26,Not_Target
ebra21312.t1,Myosin_45,Myosin_18,Not_Target
ebra4073.t1,Not_Target,Myosin_1,Myosin_2
ebra4074.t1,Myosin_18,Myosin_57,Myosin_54
ebra4075.t1,Not_Target,Myosin_25,Not_Target
ebra4076.t1,Not_Target,Myosin_19,Not_Target
ebra4077.t1,Not_Target,Not_Target,Not_Target
ebra2201.t1,Not_Target,Not_Target,Not_Target
ebra2202.t1,Not_Target,Not_Target,Not_Target
ebra2203.t1,Not_Target,Not_Target,Not_Target
ebra2204.t1,Not_Target,Not_Target,Not_Target
ebra2205.t1,Not_Target,Not_Target,Not_Target
ebra2206.t1,Not_Target,Not_Target,Not_Target
ebra2207.t1,Not_Target,Not_Target,Myosin_5
ebra2208.t1,Not_Target,Not_Target,Myosin_4
ebra21526.t1,Not_Target,Not_Target,Myosin_20
ebra21527.t1,Not_Target,Not_Target,Not_Target
ebra21528.t1,Myosin_45,Myosin_16,Myosin_26
ebra21529.t1,Myosin_45,Myosin_16,Myosin_26
ebra7375.t1,Myosin_15,Myosin_22,Myosin_47
ebra7376.t1,Not_Target,Not_Target,Not_Target
ebra7377.t1,Myosin_19,Myosin_19,Not_Target
ebra7378.t1,Myosin_19,Myosin_19,Myosin_1
ebra7379.t1,Not_Target,Not_Target,Not_Target
ebra7380.t1,Not_Target,Not_Target,Not_Target
ebra15322.t1,Not_Target,Not_Target,Not_Target
ebra15323.t1,Not_Target,Not_Target,Not_Target
ebra15324.t1,Not_Target,Not_Target,Not_Target
ebra15325.t1,Not_Target,Not_Target,Myosin_4
ebra15326.t1,Not_Target,Not_Target,Myosin_1
ebra15327.t1,Not_Target,Not_Target,Not_Target
ebra15328.t1,Myosin_36,Myosin_18,Myosin_36
ebra14974.t1,Not_Target,Not_Target,Not_Target
ebra14975.t1,Not_Target,Not_Target,Not_Target
ebra14976.t1,Not_Target,Not_Target,Not_Target
ebra14977.t1,Not_Target,Not_Target,Not_Target
ebra14978.t1,Not_Target,Not_Target,Not_Target
ebra14979.t1,Not_Target,Not_Target,Not_Target
ebra14980.t1,Myosin_45,Myosin_26,Myosin_5
ebra14981.t1,Not_Target,Myosin_19,Myosin_11
ebra14982.t1,Not_Target,Not_Target,Not_Target
ebra14983.t1,Not_Target,Not_Target,Myosin_2
ebra14984.t1,Not_Target,Not_Target,Myosin_2
ebra14985.t1,Not_Target,Myosin_51,Myosin_22
ebra8629.t1,Not_Target,Not_Target,Myosin_36
ebra8630.t1,Myosin_2,Not_Target,Myosin_2
ebra8631.t1,Not_Target,Not_Target,Not_Target
ebra8632.t1,Myosin_15,Myosin_15,Myosin_44
ebra8633.t1,Myosin_17,Myosin_17,Myosin_51
ebra1015.t1,Not_Target,Not_Target,Not_Target
ebra1016.t1,Not_Target,Not_Target,Not_Target
ebra1017.t1,Myosin_26,Not_Target,Myosin_18
ebra1018.t1,Not_Target,Not_Target,Myosin_1
ebra1019.t1,Not_Target,Not_Target,Not_Target
ebra1020.t1,Not_Target,Not_Target,Myosin_1
ebra1021.t1,Myosin_26,Not_Target,Myosin_8
ebra5644.t1,Not_Target,Not_Target,Not_Target
ebra5645.t1,Not_Target,Not_Target,Myosin_53
ebra5646.t1,Not_Target,Not_Target,Myosin_1
ebra5647.t1,Not_Target,Not_Target,Myosin_8
ebra5648.t1,Not_Target,Myosin_17,Not_Target
ebra5649.t1,Not_Target,Not_Target,Not_Target
ebra15391.t1,Not_Target,Not_Target,Not_Target
ebra15392.t1,Not_Target,Not_Target,Not_Target
ebra15393.t1,Myosin_18,Myosin_18,Myosin_34
ebra15394.t1,Not_Target,Not_Target,Not_Target
ebra15395.t1,Not_Target,Not_Target,Myosin_20
ebra15396.t1,Not_Target,Not_Target,Not_Target
ebra15397.t1,Not_Target,Not_Target,Not_Target
ebra15398.t1,Not_Target,Myosin_14,Myosin_58
ebra15399.t1,Not_Target,Not_Target,Myosin_34
ebra15400.t1,Not_Target,Myosin_11,Not_Target
ebra15401.t1,Not_Target,Myosin_1,Myosin_13
ebra5714.t1,Not_Target,Myosin_5,Not_Target
ebra5715.t1,Not_Target,Not_Target,Myosin_23
ebra5716.t1,Not_Target,Not_Target,Not_Target
ebra5717.t1,Not_Target,Not_Target,Not_Target
ebra5718.t1,Not_Target,Not_Target,Not_Target
ebra5719.t1,Not_Target,Not_Target,Not_Target
ebra5720.t1,Not_Target,Not_Target,Not_Target
ebra5721.t1,Not_Target,Not_Target,Not_Target
ebra4162.t1,Not_Target,Myosin_1,Not_Target
ebra4163.t1,Not_Target,Not_Target,Not_Target
ebra4164.t1,Myosin_45,Not_Target,Not_Target
ebra4165.t1,Myosin_37,Myosin_57,Myosin_37
ebra4166.t1,Not_Target,Not_Target,Myosin_1
ebra4167.t1,Myosin_26,Myosin_74,Not_Target
ebra4168.t1,Myosin_26,Not_Target,Myosin_10
ebra4169.t1,Myosin_36,Myosin_17,Myosin_17
ebra4170.t1,Not_Target,Not_Target,Not_Target
ebra4171.t1,Not_Target,Not_Target,Not_Target
ebra4172.t1,Not_Target,Not_Target,Not_Target
ebra4173.t1,Not_Target,Not_Target,Myosin_4
ebra9474.t1,Not_Target,Not_Target,Not_Target
ebra9475.t1,Not_Target,Myosin_5,Not_Target
ebra9476.t1,Not_Target,Not_Target,Not_Target
ebra9477.t1,Myosin_37,Not_Target,Not_Target
ebra9478.t1,Not_Target,Not_Target,Not_Target
ebra9479.t1,Not_Target,Not_Target,Not_Target
ebra9480.t1,Not_Target,Not_Target,Not_Target
ebra9481.t1,Myosin_71,Myosin_24,Not_Target
ebra9482.t1,Not_Target,Myosin_30,Not_Target
ebra9483.t1,Not_Target,Not_Target,Not_Target
ebra10198.t1,Myosin_45,Not_Target,Not_Target
ebra10199.t1,Myosin_36,Myosin_26,Myosin_3
ebra10200.t1,Not_Target,Not_Target,Not_Target
ebra10201.t1,Not_Target,Not_Target,Not_Target
ebra8344.t1,Not_Target,Not_Target,Not_Target
ebra8345.t1,Myosin_45,Not_Target,Myosin_9
ebra8346.t1,Not_Target,Not_Target,Not_Target
ebra8347.t1,Not_Target,Myosin_8,Not_Target
ebra8348.t1,Not_Target,Not_Target,Not_Target
ebra17410.t1,Myosin_18,Not_Target,Not_Target
ebra17411.t1,Not_Target,Not_Target,Not_Target
ebra17412.t1,Not_Target,Not_Target,Not_Target
ebra17413.t1,Not_Target,Not_Target,Not_Target
ebra17414.t1,Myosin_26,Not_Target,Not_Target
ebra17415.t1,Not_Target,Myosin_26,Not_Target
ebra17416.t1,Not_Target,Myosin_57,Not_Target
ebra17417.t1,Not_Target,Myosin_28,Not_Target
ebra17418.t1,Not_Target,Not_Target,Not_Target
ebra17419.t1,Not_Target,Myosin_1,Not_Target
ebra13858.t1,Not_Target,Not_Target,Not_Target
ebra13859.t1,Myosin_1,Myosin_19,Myosin_5
ebra13860.t1,Myosin_1,Not_Target,Myosin_14
ebra13861.t1,Not_Target,Not_Target,Not_Target
ebra13862.t1,Not_Target,Myosin_11,Not_Target
ebra13863.t1,Myosin_1,Not_Target,Myosin_14
ebra13864.t1,Myosin_19,Myosin_19,Not_Target
ebra18911.t1,Not_Target,Not_Target,Not_Target
ebra18912.t1,Not_Target,Not_Target,Not_Target
ebra18913.t1,Not_Target,Not_Target,Myosin_53
ebra18914.t1,Not_Target,Not_Target,Myosin_24
ebra18915.t1,Not_Target,Not_Target,Not_Target
ebra18916.t1,Not_Target,Not_Target,Not_Target
ebra18917.t1,Not_Target,Not_Target,Not_Target
ebra18918.t1,Not_Target,Not_Target,Not_Target
ebra18919.t1,Not_Target,Not_Target,Not_Target
ebra12606.t1,Not_Target,Not_Target,Not_Target
ebra12607.t1,Not_Target,Myosin_16,Not_Target
ebra12608.t1,Not_Target,Not_Target,Not_Target
ebra12609.t1,Not_Target,Not_Target,Not_Target
ebra12610.t1,Not_Target,Not_Target,Not_Target
ebra12611.t1,Not_Target,Not_Target,Not_Target
ebra12612.t1,Not_Target,Not_Target,Myosin_19
ebra12613.t1,Not_Target,Not_Target,Not_Target
ebra12614.t1,Not_Target,Not_Target,Not_Target
ebra12615.t1,Not_Target,Not_Target,Not_Target
ebra12616.t1,Not_Target,Not_Target,Not_Target
ebra12617.t1,Not_Target,Not_Target,Not_Target
ebra15216.t1,Myosin_1,Myosin_1,Not_Target
ebra15217.t1,Not_Target,Not_Target,Not_Target
ebra15218.t1,Myosin_15,Myosin_3,Myosin_68
ebra15219.t1,Not_Target,Not_Target,Not_Target
ebra15220.t1,Not_Target,Not_Target,Not_Target
ebra15221.t1,Not_Target,Not_Target,Not_Target
ebra15222.t1,Not_Target,Not_Target,Not_Target
ebra15223.t1,Not_Target,Not_Target,Not_Target
ebra19943.t1,Not_Target,Not_Target,Not_Target
ebra19944.t1,Not_Target,Not_Target,Not_Target
ebra19945.t1,Not_Target,Not_Target,Not_Target
ebra19946.t1,Not_Target,Myosin_27,Not_Target
ebra19947.t1,Not_Target,Not_Target,Not_Target
ebra19948.t1,Myosin_11,Myosin_11,Myosin_11
ebra19949.t1,Not_Target,Not_Target,Not_Target
ebra19950.t1,Myosin_26,Myosin_26,Myosin_18
ebra19951.t1,Myosin_1,Not_Target,Myosin_2
ebra19952.t1,Not_Target,Not_Target,Not_Target
ebra19953.t1,Not_Target,Not_Target,Not_Target
ebra1871.t1,Not_Target,Myosin_1,Not_Target
ebra1872.t1,Myosin_15,Myosin_15,Myosin_15
ebra1873.t1,Myosin_18,Not_Target,Not_Target
ebra1874.t1,Myosin_16,Myosin_16,Myosin_16
ebra7906.t1,Myosin_45,Not_Target,Not_Target
ebra7907.t1,Not_Target,Not_Target,Not_Target
ebra7908.t1,Not_Target,Myosin_4,Not_Target
ebra7909.t1,Not_Target,Not_Target,Not_Target
ebra7910.t1,Myosin_5,Not_Target,Not_Target
ebra7911.t1,Not_Target,Not_Target,Not_Target
ebra7912.t1,Not_Target,Myosin_5,Myosin_4
ebra7913.t1,Myosin_26,Myosin_26,Not_Target
ebra7914.t1,Not_Target,Not_Target,Not_Target
ebra7915.t1,Not_Target,Not_Target,Not_Target
ebra7916.t1,Not_Target,Not_Target,Not_Target
ebra17597.t1,Not_Target,Myosin_5,Not_Target
ebra17598.t1,Myosin_57,Not_Target,Myosin_16
ebra17599.t1,Myosin_45,Not_Target,Not_Target
ebra17600.t1,Not_Target,Not_Target,Not_Target
ebra17601.t1,Not_Target,Not_Target,Not_Target
ebra17602.t1,Not_Target,Not_Target,Not_Target
ebra17603.t1,Not_Target,Not_Target,Not_Target
ebra13180.t1,Not_Target,Not_Target,Not_Target
ebra13181.t1,Not_Target,Not_Target,Not_Target
ebra13182.t1,Not_Target,Myosin_19,Not_Target
ebra13183.t1,Not_Target,Not_Target,Not_Target
ebra6753.t1,Not_Target,Not_Target,Not_Target
ebra6754.t1,Myosin_26,Myosin_14,Not_Target
ebra6755.t1,Myosin_15,Myosin_15,Myosin_9
ebra6756.t1,Not_Target,Not_Target,Not_Target
ebra6757.t1,Myosin_5,Not_Target,Myosin_5
ebra14163.t1,Not_Target,Not_Target,Not_Target
ebra14164.t1,Not_Target,Myosin_2,Not_Target
ebra14165.t1,Not_Target,Not_Target,Myosin_11
ebra14166.t1,Myosin_2,Not_Target,Not_Target
ebra14167.t1,Not_Target,Not_Target,Not_Target
ebra14168.t1,Not_Target,Not_Target,Not_Target
ebra14169.t1,Myosin_45,Not_Target,Myosin_16
ebra14170.t1,Not_Target,Not_Target,Not_Target
ebra14171.t1,Not_Target,Myosin_18,Not_Target
ebra14172.t1,Not_Target,Actin,Myosin_8
ebra13200.t1,Not_Target,Not_Target,Myosin_23
ebra13201.t1,Myosin_37,Myosin_37,Myosin_2
ebra13202.t1,Myosin_18,Myosin_18,Not_Target
ebra13203.t1,Not_Target,Myosin_8,Not_Target
ebra13204.t1,Not_Target,Not_Target,Not_Target
ebra13205.t1,Not_Target,Not_Target,Not_Target
ebra13206.t1,Not_Target,Myosin_18,Not_Target
ebra13207.t1,Not_Target,Myosin_57,Myosin_24
ebra10888.t1,Not_Target,Not_Target,Not_Target
ebra10889.t1,Myosin_57,Myosin_57,Not_Target
ebra10890.t1,Myosin_37,Myosin_37,Not_Target
ebra10891.t1,Not_Target,Not_Target,Not_Target
ebra10892.t1,Myosin_15,Myosin_15,Myosin_17
ebra10893.t1,Not_Target,Not_Target,Not_Target
ebra9781.t1,Myosin_26,Myosin_17,Not_Target
ebra9782.t1,Myosin_26,Not_Target,Not_Target
ebra9783.t1,Myosin_37,Myosin_1,Myosin_5
ebra9784.t1,Not_Target,Not_Target,Myosin_24
ebra9785.t1,Not_Target,Not_Target,Not_Target
ebra9786.t1,Not_Target,Not_Target,Not_Target
ebra9787.t1,Not_Target,Not_Target,Myosin_14
ebra8759.t1,Not_Target,Not_Target,Not_Target
ebra8760.t1,Not_Target,Not_Target,Not_Target
ebra8761.t1,Not_Target,Not_Target,Not_Target
ebra8762.t1,Not_Target,Not_Target,Not_Target
ebra12587.t1,Not_Target,Not_Target,Myosin_19
ebra12588.t1,Not_Target,Not_Target,Not_Target
ebra12589.t1,Not_Target,Myosin_5,Not_Target
ebra12590.t1,Not_Target,Myosin_51,Not_Target
ebra12591.t1,Not_Target,Not_Target,Not_Target
ebra12592.t1,Not_Target,Not_Target,Not_Target
ebra12593.t1,Not_Target,Myosin_51,Myosin_2
ebra12643.t1,Not_Target,Not_Target,Myosin_1
ebra12644.t1,Not_Target,Not_Target,Myosin_1
ebra12645.t1,Myosin_6,Myosin_6,Myosin_1
ebra12646.t1,Not_Target,Not_Target,Not_Target
ebra12647.t1,Not_Target,Not_Target,Not_Target
ebra7162.t1,Myosin_5,Myosin_6,Myosin_5
ebra7163.t1,Not_Target,Not_Target,Not_Target
ebra7164.t1,Not_Target,Not_Target,Not_Target
ebra3953.t1,Not_Target,Myosin_10,Not_Target
ebra3954.t1,Not_Target,Not_Target,Not_Target
ebra3955.t1,Not_Target,Not_Target,Not_Target
ebra3956.t1,Myosin_26,Not_Target,Myosin_1
ebra3957.t1,Not_Target,Not_Target,Not_Target
ebra3958.t1,Not_Target,Not_Target,Not_Target
ebra3959.t1,Myosin_1,Myosin_1,Not_Target
ebra3960.t1,Not_Target,Not_Target,Not_Target
ebra3961.t1,Not_Target,Not_Target,Myosin_57
ebra3962.t1,Myosin_3,Myosin_19,Not_Target
ebra3963.t1,Not_Target,Not_Target,Not_Target
ebra3964.t1,Myosin_26,Not_Target,Not_Target
ebra14657.t1,Not_Target,Myosin_31,Not_Target
ebra14658.t1,Not_Target,Not_Target,Not_Target
ebra14659.t1,Not_Target,Not_Target,Not_Target
ebra14661.t1,Not_Target,Not_Target,Not_Target
ebra14662.t1,Not_Target,Not_Target,Not_Target
ebra14663.t1,Not_Target,Not_Target,Not_Target
ebra14664.t1,Not_Target,Not_Target,Not_Target
ebra9432.t1,Myosin_2,Not_Target,Myosin_2
ebra9433.t1,Not_Target,Not_Target,Not_Target
ebra9434.t1,Myosin_23,Myosin_54,Myosin_37
ebra9435.t1,Myosin_37,Myosin_37,Not_Target
ebra9436.t1,Not_Target,Not_Target,Not_Target
ebra7358.t1,Not_Target,Not_Target,Not_Target
ebra7359.t1,Not_Target,Myosin_19,Not_Target
ebra7360.t1,Myosin_2,Not_Target,Not_Target
ebra7361.t1,Not_Target,Myosin_19,Not_Target
ebra7362.t1,Not_Target,Not_Target,Not_Target
ebra7363.t1,Not_Target,Not_Target,Not_Target
ebra7364.t1,Not_Target,Not_Target,Not_Target
ebra7365.t1,Not_Target,Not_Target,Myosin_1
ebra7366.t1,Myosin_37,Not_Target,Not_Target
ebra7367.t1,Not_Target,Myosin_57,Not_Target
ebra7368.t1,Not_Target,Not_Target,Myosin_36
ebra7369.t1,Not_Target,Not_Target,Not_Target
ebra9720.t1,Not_Target,Not_Target,Not_Target
ebra9721.t1,Not_Target,Not_Target,Not_Target
ebra9722.t1,Not_Target,Not_Target,Not_Target
ebra9723.t1,Not_Target,Myosin_6,Not_Target
ebra9724.t1,Myosin_45,Myosin_18,Myosin_3
ebra9725.t1,Not_Target,Not_Target,Not_Target
ebra9726.t1,Not_Target,Not_Target,Not_Target
ebra15543.t1,Not_Target,Not_Target,Not_Target
ebra15544.t1,Not_Target,Not_Target,Not_Target
ebra15545.t1,Myosin_37,Myosin_37,Myosin_37
ebra15546.t1,Not_Target,Not_Target,Not_Target
ebra15547.t1,Not_Target,Not_Target,Not_Target
ebra15548.t1,Not_Target,Not_Target,Not_Target
ebra15549.t1,Myosin_17,Myosin_17,Myosin_17
ebra15550.t1,Myosin_17,Myosin_17,Myosin_17
ebra15551.t1,Not_Target,Not_Target,Not_Target
ebra14442.t1,Myosin_15,Myosin_5,Myosin_71
ebra14443.t1,Myosin_5,Myosin_5,Myosin_5
ebra14444.t1,Not_Target,Not_Target,Not_Target
ebra14445.t1,Not_Target,Not_Target,Not_Target
ebra14446.t1,Not_Target,Not_Target,Not_Target
ebra14447.t1,Not_Target,Not_Target,Not_Target
ebra17379.t1,Myosin_17,Not_Target,Myosin_31
ebra17380.t1,Myosin_4,Myosin_4,Not_Target
ebra17381.t1,Myosin_4,Myosin_4,Not_Target
ebra6643.t1,Not_Target,Not_Target,Not_Target
ebra6644.t1,Not_Target,Myosin_1,Myosin_1
ebra6645.t1,Myosin_6,Myosin_57,Myosin_37
ebra6646.t1,Not_Target,Not_Target,Not_Target
ebra6647.t1,Myosin_19,Myosin_19,Myosin_2
ebra6648.t1,Not_Target,Not_Target,Not_Target
ebra6649.t1,Not_Target,Not_Target,Myosin_2
ebra6650.t1,Not_Target,Not_Target,Myosin_2
ebra9772.t1,Myosin_25,Myosin_1,Myosin_4
ebra9773.t1,Myosin_25,Myosin_1,Myosin_4
ebra9774.t1,Not_Target,Myosin_5,Not_Target
ebra9775.t1,Not_Target,Not_Target,Not_Target
ebra9776.t1,Not_Target,Not_Target,Not_Target
ebra9777.t1,Not_Target,Not_Target,Not_Target
ebra9778.t1,Not_Target,Not_Target,Not_Target
ebra9779.t1,Not_Target,Myosin_1,Not_Target
ebra8047.t1,Not_Target,Myosin_18,Not_Target
ebra8048.t1,Myosin_16,Myosin_6,Myosin_9
ebra8049.t1,Not_Target,Not_Target,Not_Target
ebra8050.t1,Not_Target,Not_Target,Not_Target
ebra360.t1,Not_Target,Not_Target,Myosin_1
ebra361.t1,Myosin_1,Myosin_1,Myosin_57
ebra362.t1,Not_Target,Not_Target,Not_Target
ebra363.t1,Not_Target,Myosin_57,Myosin_3
ebra364.t1,Not_Target,Not_Target,Not_Target
ebra365.t1,Not_Target,Not_Target,Not_Target
ebra366.t1,Not_Target,Not_Target,Not_Target
ebra11422.t1,Myosin_1,Myosin_1,Myosin_2
ebra11423.t1,Myosin_1,Myosin_1,Myosin_14
ebra11424.t1,Myosin_1,Myosin_1,Not_Target
ebra11425.t1,Not_Target,Not_Target,Not_Target
ebra11426.t1,Not_Target,Myosin_19,Not_Target
ebra11427.t1,Not_Target,Not_Target,Not_Target
ebra11428.t1,Not_Target,Not_Target,Not_Target
ebra11429.t1,Not_Target,Not_Target,Not_Target
ebra11430.t1,Not_Target,Not_Target,Not_Target
ebra11431.t1,Not_Target,Not_Target,Not_Target
ebra11432.t1,Not_Target,Not_Target,Not_Target
ebra11433.t1,Not_Target,Not_Target,Not_Target
ebra11434.t1,Not_Target,Not_Target,Not_Target
ebra11435.t1,Not_Target,Not_Target,Not_Target
ebra6784.t1,Not_Target,Not_Target,Not_Target
ebra6785.t1,Not_Target,Not_Target,Not_Target
ebra6786.t1,Not_Target,Not_Target,Not_Target
ebra6787.t1,Not_Target,Not_Target,Myosin_20
ebra6788.t1,Not_Target,Not_Target,Not_Target
ebra6789.t1,Not_Target,Not_Target,Not_Target
ebra6790.t1,Not_Target,Not_Target,Not_Target
ebra639.t1,Not_Target,Not_Target,Not_Target
ebra640.t1,Not_Target,Not_Target,Myosin_2
ebra641.t1,Not_Target,Not_Target,Not_Target
ebra642.t1,Myosin_18,Not_Target,Not_Target
ebra643.t1,Not_Target,Not_Target,Not_Target
ebra644.t1,Not_Target,Not_Target,Not_Target
ebra645.t1,Not_Target,Not_Target,Not_Target
ebra21024.t1,Not_Target,Not_Target,Not_Target
ebra21025.t1,Not_Target,Not_Target,Not_Target
ebra21026.t1,Not_Target,Not_Target,Not_Target
ebra21027.t1,Not_Target,Myosin_5,Not_Target
ebra21028.t1,Not_Target,Not_Target,Not_Target
ebra21029.t1,Not_Target,Not_Target,Not_Target
ebra21030.t1,Myosin_1,Myosin_1,Myosin_18
ebra21031.t1,Not_Target,Not_Target,Not_Target
ebra21032.t1,Not_Target,Not_Target,Not_Target
ebra2587.t1,Myosin_18,Myosin_18,Myosin_18
ebra2588.t1,Myosin_4,Myosin_4,Myosin_15
ebra2589.t1,Not_Target,Not_Target,Not_Target
ebra2590.t1,Not_Target,Not_Target,Not_Target
ebra2591.t1,Not_Target,Not_Target,Not_Target
ebra12216.t1,Myosin_1,Not_Target,Not_Target
ebra12217.t1,Not_Target,Not_Target,Not_Target
ebra12218.t1,Not_Target,Not_Target,Not_Target
ebra12219.t1,Not_Target,Not_Target,Not_Target
ebra12220.t1,Not_Target,Not_Target,Not_Target
ebra12221.t1,Not_Target,Not_Target,Not_Target
ebra12222.t1,Myosin_45,Myosin_45,Myosin_45
ebra16715.t1,Not_Target,Not_Target,Not_Target
ebra16716.t1,Not_Target,Not_Target,Not_Target
ebra16717.t1,Not_Target,Not_Target,Not_Target
ebra16718.t1,Not_Target,Not_Target,Not_Target
ebra16719.t1,Not_Target,Not_Target,Not_Target
ebra16720.t1,Not_Target,Myosin_19,Not_Target
ebra16721.t1,Not_Target,Not_Target,Myosin_71
ebra18061.t1,Not_Target,Not_Target,Not_Target
ebra18062.t1,Myosin_3,Myosin_3,Myosin_57
ebra18063.t1,Not_Target,Not_Target,Not_Target
ebra18064.t1,Not_Target,Not_Target,Not_Target
ebra8887.t1,Not_Target,Not_Target,Myosin_19
ebra8888.t1,Not_Target,Not_Target,Not_Target
ebra8889.t1,Not_Target,Not_Target,Not_Target
ebra8890.t1,Not_Target,Not_Target,Not_Target
ebra8891.t1,Not_Target,Myosin_5,Not_Target
ebra8892.t1,Not_Target,Not_Target,Not_Target
ebra8893.t1,Not_Target,Not_Target,Not_Target
ebra8894.t1,Not_Target,Not_Target,Not_Target
ebra8895.t1,Not_Target,Not_Target,Not_Target
ebra8896.t1,Not_Target,Not_Target,Not_Target
ebra3653.t1,Not_Target,Not_Target,Not_Target
ebra3654.t1,Not_Target,Not_Target,Not_Target
ebra3655.t1,Not_Target,Myosin_1,Not_Target
ebra3656.t1,Not_Target,Not_Target,Not_Target
ebra3657.t1,Not_Target,Myosin_3,Myosin_4
ebra3658.t1,Not_Target,Myosin_22,Myosin_57
ebra3659.t1,Not_Target,Myosin_5,Not_Target
ebra3660.t1,Myosin_18,Myosin_1,Myosin_27
ebra13308.t1,Not_Target,Not_Target,Not_Target
ebra13309.t1,Myosin_57,Myosin_57,Myosin_57
ebra13310.t1,Myosin_18,Myosin_57,Not_Target
ebra13311.t1,Not_Target,Not_Target,Not_Target
ebra13312.t1,Myosin_2,Myosin_5,Myosin_2
ebra13313.t1,Not_Target,Not_Target,Myosin_13
ebra13314.t1,Not_Target,Not_Target,Not_Target
ebra13315.t1,Not_Target,Not_Target,Not_Target
ebra6957.t1,Not_Target,Not_Target,Not_Target
ebra6958.t1,Not_Target,Not_Target,Not_Target
ebra6959.t1,Not_Target,Not_Target,Not_Target
ebra6960.t1,Not_Target,Not_Target,Not_Target
ebra6961.t1,Not_Target,Not_Target,Not_Target
ebra17430.t1,Not_Target,Not_Target,Not_Target
ebra17431.t1,Not_Target,Not_Target,Not_Target
ebra17432.t1,Not_Target,Not_Target,Not_Target
ebra17433.t1,Not_Target,Not_Target,Not_Target
ebra17434.t1,Not_Target,Not_Target,Not_Target
ebra17435.t1,Not_Target,Not_Target,Not_Target
ebra17436.t1,Not_Target,Not_Target,Myosin_22
ebra17437.t1,Myosin_17,Not_Target,Myosin_17
ebra17438.t1,Not_Target,Not_Target,Not_Target
ebra17439.t1,Not_Target,Not_Target,Not_Target
ebra17440.t1,Myosin_24,Not_Target,Not_Target
ebra17441.t1,Myosin_19,Not_Target,Myosin_19
ebra16477.t1,Not_Target,Not_Target,Not_Target
ebra16478.t1,Not_Target,Not_Target,Not_Target
ebra16479.t1,Myosin_1,Myosin_1,Myosin_1
ebra16480.t1,Not_Target,Not_Target,Not_Target
ebra16481.t1,Myosin_57,Myosin_18,Myosin_57
ebra16482.t1,Myosin_2,Myosin_2,Myosin_2
ebra17734.t1,Not_Target,Not_Target,Not_Target
ebra17735.t1,Not_Target,Not_Target,Not_Target
ebra17736.t1,Myosin_36,Myosin_36,Myosin_22
ebra17737.t1,Not_Target,Not_Target,Not_Target
ebra17738.t1,Not_Target,Not_Target,Not_Target
ebra17739.t1,Not_Target,Not_Target,Not_Target
ebra17740.t1,Not_Target,Not_Target,Myosin_19
ebra2531.t1,Not_Target,Not_Target,Not_Target
ebra2532.t1,Myosin_30,Not_Target,Myosin_43
ebra2533.t1,Not_Target,Not_Target,Not_Target
ebra2534.t1,Myosin_15,Myosin_5,Myosin_5
ebra15241.t1,Not_Target,Not_Target,Not_Target
ebra15242.t1,Not_Target,Not_Target,Not_Target
ebra9972.t1,Not_Target,Not_Target,Not_Target
ebra9973.t1,Not_Target,Not_Target,Not_Target
ebra9974.t1,Not_Target,Not_Target,Not_Target
ebra9975.t1,Myosin_15,Myosin_15,Myosin_7
ebra9976.t1,Not_Target,Not_Target,Myosin_27
ebra21110.t1,Not_Target,Not_Target,Not_Target
ebra21111.t1,Myosin_31,Not_Target,Myosin_8
ebra21112.t1,Myosin_37,Not_Target,Myosin_1
ebra21113.t1,Not_Target,Not_Target,Not_Target
ebra21114.t1,Not_Target,Not_Target,Myosin_2
ebra21115.t1,Not_Target,Not_Target,Not_Target
ebra21116.t1,Myosin_36,Myosin_5,Myosin_1
ebra21117.t1,Not_Target,Not_Target,Not_Target
ebra21118.t1,Not_Target,Not_Target,Not_Target
ebra21119.t1,Not_Target,Not_Target,Myosin_1
ebra21120.t1,Not_Target,Not_Target,Not_Target
ebra17128.t1,Myosin_19,Not_Target,Not_Target
ebra17129.t1,Not_Target,Not_Target,Myosin_19
ebra17130.t1,Not_Target,Not_Target,Not_Target
ebra17131.t1,Not_Target,Not_Target,Myosin_4
ebra17132.t1,Myosin_2,Myosin_6,Not_Target
ebra17133.t1,Myosin_1,Not_Target,Not_Target
ebra17134.t1,Not_Target,Not_Target,Not_Target
ebra17135.t1,Not_Target,Not_Target,Not_Target
ebra17136.t1,Not_Target,Not_Target,Not_Target
ebra2721.t1,Not_Target,Myosin_47,Not_Target
ebra2722.t1,Not_Target,Not_Target,Myosin_16
ebra2723.t1,Not_Target,Not_Target,Myosin_19
ebra2724.t1,Not_Target,Not_Target,Not_Target
ebra2725.t1,Not_Target,Not_Target,Not_Target
ebra2726.t1,Not_Target,Myosin_19,Myosin_14
ebra2727.t1,Not_Target,Not_Target,Not_Target
ebra20481.t1,Not_Target,Not_Target,Not_Target
ebra20482.t1,Not_Target,Not_Target,Not_Target
ebra20483.t1,Myosin_45,Not_Target,Myosin_10
ebra20484.t1,Myosin_45,Myosin_64,Not_Target
ebra20485.t1,Not_Target,Not_Target,Not_Target
ebra20486.t1,Not_Target,Not_Target,Not_Target
ebra6742.t1,Not_Target,Not_Target,Not_Target
ebra6743.t1,Not_Target,Not_Target,Not_Target
ebra6744.t1,Not_Target,Not_Target,Not_Target
ebra6745.t1,Not_Target,Not_Target,Not_Target
ebra6746.t1,Myosin_19,Not_Target,Myosin_19
ebra6747.t1,Not_Target,Myosin_57,Not_Target
ebra2678.t1,Not_Target,Not_Target,Not_Target
ebra2679.t1,Myosin_31,Not_Target,Not_Target
ebra2680.t1,Not_Target,Not_Target,Not_Target
ebra2681.t1,Not_Target,Not_Target,Not_Target
ebra2682.t1,Not_Target,Not_Target,Not_Target
ebra2683.t1,Myosin_31,Not_Target,Not_Target
ebra2684.t1,Not_Target,Not_Target,Not_Target
ebra2685.t1,Myosin_18,Myosin_3,Myosin_14
ebra2686.t1,Myosin_45,Not_Target,Myosin_26
ebra1423.t1,Not_Target,Not_Target,Not_Target
ebra1424.t1,Not_Target,Not_Target,Not_Target
ebra1425.t1,Myosin_22,Myosin_22,Myosin_1
ebra1426.t1,Not_Target,Myosin_1,Not_Target
ebra1427.t1,Myosin_19,Not_Target,Myosin_2
ebra1428.t1,Not_Target,Not_Target,Not_Target
ebra1429.t1,Not_Target,Not_Target,Not_Target
ebra1430.t1,Not_Target,Not_Target,Not_Target
ebra1431.t1,Not_Target,Not_Target,Not_Target
ebra1432.t1,Not_Target,Not_Target,Not_Target
ebra7066.t1,Not_Target,Not_Target,Not_Target
ebra7067.t1,Not_Target,Myosin_55,Not_Target
ebra7068.t1,Not_Target,Not_Target,Myosin_24
ebra7069.t1,Not_Target,Not_Target,Not_Target
ebra7070.t1,Not_Target,Not_Target,Not_Target
ebra7071.t1,Not_Target,Not_Target,Not_Target
ebra7072.t1,Not_Target,Not_Target,Not_Target
ebra7073.t1,Myosin_24,Not_Target,Myosin_3
ebra15452.t1,Myosin_45,Myosin_18,Myosin_18
ebra15453.t1,Myosin_45,Not_Target,Not_Target
ebra14677.t1,Not_Target,Not_Target,Not_Target
ebra14678.t1,Myosin_15,Myosin_15,Myosin_3
ebra10416.t1,Not_Target,Myosin_5,Not_Target
ebra10417.t1,Not_Target,Not_Target,Not_Target
ebra10418.t1,Not_Target,Not_Target,Not_Target
ebra10419.t1,Not_Target,Not_Target,Not_Target
ebra10420.t1,Myosin_8,Not_Target,Not_Target
ebra10421.t1,Not_Target,Myosin_57,Myosin_62
ebra10422.t1,Not_Target,Not_Target,Not_Target
ebra10423.t1,Myosin_5,Myosin_28,Not_Target
ebra10424.t1,Myosin_1,Not_Target,Myosin_1
ebra10425.t1,Not_Target,Not_Target,Not_Target
ebra10426.t1,Not_Target,Not_Target,Not_Target
ebra10427.t1,Not_Target,Not_Target,Not_Target
ebra10428.t1,Not_Target,Not_Target,Not_Target
ebra21092.t1,Not_Target,Not_Target,Not_Target
ebra21093.t1,Not_Target,Not_Target,Not_Target
ebra21094.t1,Not_Target,Myosin_5,Myosin_5
ebra21095.t1,Not_Target,Not_Target,Not_Target
ebra8407.t1,Myosin_18,Myosin_18,Myosin_5
ebra8408.t1,Not_Target,Myosin_18,Not_Target
ebra8409.t1,Not_Target,Not_Target,Not_Target
ebra8410.t1,Not_Target,Not_Target,Myosin_36
ebra8411.t1,Not_Target,Not_Target,Not_Target
ebra8412.t1,Myosin_36,Myosin_17,Not_Target
ebra8413.t1,Not_Target,Not_Target,Not_Target
ebra9936.t1,Not_Target,Not_Target,Not_Target
ebra9937.t1,Not_Target,Not_Target,Not_Target
ebra9938.t1,Not_Target,Not_Target,Not_Target
ebra9939.t1,Not_Target,Myosin_19,Not_Target
ebra9940.t1,Not_Target,Not_Target,Not_Target
ebra9941.t1,Not_Target,Myosin_11,Not_Target
ebra9942.t1,Not_Target,Myosin_18,Not_Target
ebra9943.t1,Not_Target,Myosin_18,Not_Target
ebra9944.t1,Myosin_19,Myosin_19,Not_Target
ebra14260.t1,Not_Target,Not_Target,Not_Target
ebra14261.t1,Not_Target,Not_Target,Not_Target
ebra14262.t1,Myosin_2,Myosin_1,Myosin_2
ebra14263.t1,Not_Target,Not_Target,Not_Target
ebra14264.t1,Myosin_19,Myosin_57,Not_Target
ebra14265.t1,Not_Target,Not_Target,Not_Target
ebra14266.t1,Not_Target,Myosin_16,Not_Target
ebra14267.t1,Not_Target,Not_Target,Not_Target
ebra2522.t1,Not_Target,Not_Target,Not_Target
ebra2523.t1,Myosin_45,Not_Target,Myosin_18
ebra2524.t1,Not_Target,Not_Target,Not_Target
ebra2525.t1,Not_Target,Not_Target,Not_Target
ebra2526.t1,Not_Target,Not_Target,Not_Target
ebra2527.t1,Not_Target,Not_Target,Not_Target
ebra2528.t1,Not_Target,Not_Target,Not_Target
ebra8271.t1,Not_Target,Not_Target,Not_Target
ebra8272.t1,Myosin_2,Not_Target,Not_Target
ebra8273.t1,Not_Target,Not_Target,Not_Target
ebra8274.t1,Not_Target,Not_Target,Not_Target
ebra8275.t1,Myosin_17,Not_Target,Not_Target
ebra8276.t1,Not_Target,Not_Target,Not_Target
ebra8277.t1,Not_Target,Not_Target,Not_Target
ebra8278.t1,Not_Target,Not_Target,Not_Target
ebra19144.t1,Not_Target,Not_Target,Not_Target
ebra19145.t1,Myosin_24,Not_Target,Myosin_57
ebra19146.t1,Not_Target,Not_Target,Not_Target
ebra19147.t1,Not_Target,Not_Target,Not_Target
ebra19148.t1,Myosin_31,Myosin_8,Myosin_8
ebra19149.t1,Myosin_30,Myosin_1,Not_Target
ebra4066.t1,Myosin_19,Myosin_19,Not_Target
ebra4067.t1,Not_Target,Not_Target,Not_Target
ebra4068.t1,Not_Target,Not_Target,Not_Target
ebra4069.t1,Not_Target,Not_Target,Myosin_51
ebra4070.t1,Myosin_36,Myosin_17,Myosin_17
ebra4071.t1,Not_Target,Not_Target,Not_Target
ebra4072.t1,Not_Target,Myosin_6,Not_Target
ebra14005.t1,Not_Target,Not_Target,Not_Target
ebra14006.t1,Not_Target,Myosin_19,Not_Target
ebra14007.t1,Not_Target,Not_Target,Not_Target
ebra14008.t1,Not_Target,Not_Target,Not_Target
ebra7990.t1,Myosin_17,Myosin_17,Myosin_17
ebra7991.t1,Not_Target,Not_Target,Myosin_17
ebra7992.t1,Not_Target,Myosin_22,Not_Target
ebra7993.t1,Not_Target,Not_Target,Myosin_8
ebra7994.t1,Not_Target,Myosin_19,Not_Target
ebra19522.t1,Not_Target,Not_Target,Not_Target
ebra19523.t1,Not_Target,Myosin_19,Not_Target
ebra19524.t1,Not_Target,Not_Target,Myosin_5
ebra19525.t1,Myosin_45,Not_Target,Not_Target
ebra17521.t1,Not_Target,Not_Target,Not_Target
ebra17522.t1,Not_Target,Not_Target,Not_Target
ebra17523.t1,Not_Target,Not_Target,Not_Target
ebra17524.t1,Not_Target,Myosin_19,Myosin_51
ebra17525.t1,Myosin_71,Not_Target,Not_Target
ebra17526.t1,Not_Target,Myosin_19,Not_Target
ebra17527.t1,Myosin_1,Myosin_1,Myosin_43
ebra13670.t1,Not_Target,Not_Target,Not_Target
ebra13671.t1,Not_Target,Not_Target,Not_Target
ebra13672.t1,Not_Target,Not_Target,Not_Target
ebra13673.t1,Not_Target,Not_Target,Not_Target
ebra13674.t1,Not_Target,Not_Target,Not_Target
ebra13675.t1,Not_Target,Not_Target,Myosin_19
ebra13676.t1,Myosin_45,Myosin_74,Myosin_53
ebra13677.t1,Not_Target,Not_Target,Not_Target
ebra13678.t1,Not_Target,Not_Target,Myosin_22
ebra13679.t1,Not_Target,Not_Target,Myosin_2
ebra8175.t1,Not_Target,Not_Target,Myosin_1
ebra8176.t1,Not_Target,Not_Target,Not_Target
ebra8177.t1,Not_Target,Not_Target,Not_Target
ebra8178.t1,Not_Target,Not_Target,Not_Target
ebra8179.t1,Myosin_4,Not_Target,Myosin_2
ebra8180.t1,Myosin_19,Not_Target,Myosin_19
ebra8181.t1,Myosin_19,Not_Target,Myosin_57
ebra12540.t1,Myosin_20,Myosin_57,Not_Target
ebra12541.t1,Myosin_20,Myosin_57,Not_Target
ebra12542.t1,Not_Target,Not_Target,Myosin_5
ebra12543.t1,Not_Target,Not_Target,Not_Target
ebra12544.t1,Not_Target,Myosin_22,Not_Target
ebra12545.t1,Not_Target,Not_Target,Not_Target
ebra19304.t1,Not_Target,Not_Target,Myosin_1
ebra19305.t1,Not_Target,Not_Target,Myosin_5
ebra19306.t1,Not_Target,Not_Target,Myosin_1
ebra19307.t1,Not_Target,Not_Target,Not_Target
ebra19308.t1,Not_Target,Not_Target,Myosin_11
ebra19309.t1,Not_Target,Not_Target,Myosin_57
ebra19310.t1,Myosin_19,Myosin_19,Myosin_16
ebra3946.t1,Myosin_15,Not_Target,Myosin_4
ebra3947.t1,Myosin_1,Myosin_1,Not_Target
ebra3948.t1,Not_Target,Not_Target,Myosin_13
ebra3949.t1,Not_Target,Not_Target,Not_Target
ebra3950.t1,Not_Target,Not_Target,Myosin_2
ebra3951.t1,Not_Target,Not_Target,Myosin_1
ebra17870.t1,Myosin_15,Myosin_15,Myosin_18
ebra17871.t1,Not_Target,Not_Target,Not_Target
ebra14148.t1,Myosin_30,Not_Target,Myosin_2
ebra14149.t1,Not_Target,Not_Target,Not_Target
ebra14150.t1,Not_Target,Not_Target,Not_Target
ebra14151.t1,Not_Target,Not_Target,Not_Target
ebra14152.t1,Myosin_71,Not_Target,Not_Target
ebra14153.t1,Not_Target,Myosin_5,Not_Target
ebra14154.t1,Not_Target,Not_Target,Not_Target
ebra14155.t1,Not_Target,Myosin_5,Myosin_36
ebra14156.t1,Not_Target,Not_Target,Not_Target
ebra3708.t1,Not_Target,Not_Target,Not_Target
ebra3709.t1,Not_Target,Not_Target,Not_Target
ebra3710.t1,Not_Target,Not_Target,Not_Target
ebra3711.t1,Not_Target,Not_Target,Not_Target
ebra3712.t1,Not_Target,Not_Target,Not_Target
ebra3713.t1,Not_Target,Not_Target,Not_Target
ebra3714.t1,Not_Target,Not_Target,Not_Target
ebra3715.t1,Not_Target,Not_Target,Not_Target
ebra3716.t1,Not_Target,Not_Target,Not_Target
ebra3717.t1,Not_Target,Not_Target,Not_Target
ebra3718.t1,Not_Target,Not_Target,Not_Target
ebra12394.t1,Myosin_2,Myosin_51,Not_Target
ebra12395.t1,Not_Target,Not_Target,Not_Target
ebra12396.t1,Not_Target,Myosin_16,Myosin_16
ebra12397.t1,Myosin_51,Myosin_17,Myosin_18
ebra12398.t1,Myosin_81,Myosin_6,Myosin_2
ebra12399.t1,Not_Target,Not_Target,Not_Target
ebra12400.t1,Not_Target,Not_Target,Not_Target
ebra12401.t1,Myosin_81,Myosin_37,Not_Target
ebra12402.t1,Not_Target,Not_Target,Not_Target
ebra12403.t1,Not_Target,Not_Target,Not_Target
ebra12404.t1,Not_Target,Not_Target,Not_Target
ebra12405.t1,Not_Target,Not_Target,Not_Target
ebra613.t1,Not_Target,Not_Target,Not_Target
ebra614.t1,Not_Target,Myosin_28,Myosin_2
ebra615.t1,Not_Target,Not_Target,Not_Target
ebra616.t1,Not_Target,Not_Target,Myosin_1
ebra617.t1,Myosin_2,Not_Target,Myosin_2
ebra618.t1,Not_Target,Myosin_16,Myosin_15
ebra619.t1,Not_Target,Not_Target,Not_Target
ebra620.t1,Not_Target,Not_Target,Not_Target
ebra621.t1,Not_Target,Not_Target,Not_Target
ebra622.t1,Not_Target,Myosin_9,Not_Target
ebra6485.t1,Not_Target,Not_Target,Not_Target
ebra6486.t1,Myosin_15,Myosin_22,Myosin_22
ebra6487.t1,Myosin_15,Not_Target,Myosin_37
ebra1632.t1,Myosin_6,Myosin_2,Not_Target
ebra1633.t1,Not_Target,Not_Target,Not_Target
ebra1634.t1,Not_Target,Not_Target,Myosin_3
ebra1635.t1,Not_Target,Not_Target,Not_Target
ebra1636.t1,Not_Target,Not_Target,Myosin_20
ebra1637.t1,Myosin_37,Not_Target,Not_Target
ebra1638.t1,Not_Target,Not_Target,Not_Target
ebra7665.t1,Not_Target,Not_Target,Not_Target
ebra7666.t1,Not_Target,Not_Target,Not_Target
ebra7667.t1,Not_Target,Not_Target,Not_Target
ebra7668.t1,Not_Target,Not_Target,Not_Target
ebra7669.t1,Not_Target,Not_Target,Not_Target
ebra7670.t1,Not_Target,Myosin_5,Not_Target
ebra7671.t1,Not_Target,Not_Target,Not_Target
ebra7672.t1,Not_Target,Myosin_20,Not_Target
ebra7673.t1,Not_Target,Myosin_1,Not_Target
ebra7674.t1,Not_Target,Not_Target,Not_Target
ebra7675.t1,Not_Target,Myosin_5,Not_Target
ebra6355.t1,Not_Target,Myosin_1,Not_Target
ebra6356.t1,Not_Target,Not_Target,Not_Target
ebra6357.t1,Myosin_17,Not_Target,Not_Target
ebra6358.t1,Not_Target,Not_Target,Not_Target
ebra6359.t1,Not_Target,Not_Target,Not_Target
ebra6360.t1,Myosin_17,Myosin_26,Myosin_51
ebra11599.t1,Not_Target,Not_Target,Not_Target
ebra11600.t1,Not_Target,Not_Target,Not_Target
ebra11601.t1,Myosin_45,Myosin_57,Myosin_18
ebra11602.t1,Not_Target,Not_Target,Not_Target
ebra11603.t1,Not_Target,Not_Target,Not_Target
ebra11604.t1,Not_Target,Not_Target,Myosin_23
ebra11605.t1,Myosin_2,Not_Target,Not_Target
ebra11606.t1,Not_Target,Not_Target,Not_Target
ebra11607.t1,Not_Target,Not_Target,Not_Target
ebra11608.t1,Myosin_2,Not_Target,Not_Target
ebra11609.t1,Myosin_19,Not_Target,Not_Target
ebra8210.t1,Myosin_15,Myosin_15,Myosin_15
ebra9949.t1,Not_Target,Myosin_1,Myosin_1
ebra9950.t1,Not_Target,Myosin_5,Not_Target
ebra9951.t1,Not_Target,Not_Target,Not_Target
ebra10063.t1,Not_Target,Not_Target,Not_Target
ebra10064.t1,Not_Target,Not_Target,Not_Target
ebra10065.t1,Not_Target,Not_Target,Not_Target
ebra10066.t1,Not_Target,Not_Target,Myosin_19
ebra10067.t1,Not_Target,Not_Target,Not_Target
ebra10068.t1,Not_Target,Not_Target,Not_Target
ebra10069.t1,Not_Target,Myosin_16,Not_Target
ebra10070.t1,Not_Target,Not_Target,Not_Target
ebra18635.t1,Not_Target,Not_Target,Myosin_34
ebra18636.t1,Not_Target,Not_Target,Not_Target
ebra18637.t1,Not_Target,Not_Target,Not_Target
ebra18638.t1,Not_Target,Not_Target,Not_Target
ebra18639.t1,Not_Target,Not_Target,Not_Target
ebra18640.t1,Myosin_5,Not_Target,Not_Target
ebra18641.t1,Not_Target,Not_Target,Not_Target
ebra18642.t1,Not_Target,Not_Target,Not_Target
ebra5740.t1,Myosin_45,Not_Target,Myosin_16
ebra5741.t1,Not_Target,Not_Target,Not_Target
ebra5742.t1,Myosin_45,Myosin_28,Not_Target
ebra5743.t1,Not_Target,Myosin_5,Not_Target
ebra8666.t1,Not_Target,Not_Target,Not_Target
ebra8667.t1,Not_Target,Not_Target,Not_Target
ebra8668.t1,Myosin_1,Myosin_1,Not_Target
ebra8669.t1,Not_Target,Myosin_57,Not_Target
ebra8670.t1,Not_Target,Not_Target,Not_Target
ebra8671.t1,Not_Target,Not_Target,Not_Target
ebra8672.t1,Myosin_57,Not_Target,Not_Target
ebra8673.t1,Not_Target,Not_Target,Not_Target
ebra8674.t1,Not_Target,Not_Target,Not_Target
ebra8675.t1,Not_Target,Not_Target,Not_Target
ebra8676.t1,Not_Target,Not_Target,Not_Target
ebra15950.t1,Myosin_5,Myosin_5,Not_Target
ebra15951.t1,Not_Target,Not_Target,Not_Target
ebra15952.t1,Not_Target,Not_Target,Not_Target
ebra15953.t1,Myosin_37,Myosin_22,Not_Target
ebra15954.t1,Not_Target,Not_Target,Not_Target
ebra15955.t1,Myosin_45,Not_Target,Not_Target
ebra15956.t1,Not_Target,Not_Target,Not_Target
ebra15957.t1,Not_Target,Myosin_57,Myosin_61
ebra8038.t1,Not_Target,Myosin_5,Not_Target
ebra8039.t1,Not_Target,Not_Target,Myosin_2
ebra8040.t1,Not_Target,Not_Target,Myosin_2
ebra8041.t1,Not_Target,Myosin_5,Not_Target
ebra10790.t1,Not_Target,Not_Target,Not_Target
ebra10791.t1,Not_Target,Not_Target,Not_Target
ebra10792.t1,Not_Target,Not_Target,Not_Target
ebra10793.t1,Not_Target,Not_Target,Not_Target
ebra10794.t1,Not_Target,Not_Target,Not_Target
ebra10795.t1,Not_Target,Not_Target,Not_Target
ebra10796.t1,Not_Target,Not_Target,Not_Target
ebra10797.t1,Not_Target,Not_Target,Not_Target
ebra10798.t1,Myosin_45,Myosin_8,Myosin_8
ebra19955.t1,Myosin_36,Myosin_17,Myosin_40
ebra19956.t1,Not_Target,Myosin_6,Not_Target
ebra19957.t1,Myosin_36,Myosin_17,Myosin_14
ebra19958.t1,Not_Target,Not_Target,Myosin_17
ebra19959.t1,Not_Target,Not_Target,Myosin_17
ebra19960.t1,Myosin_36,Myosin_17,Myosin_14
ebra10999.t1,Not_Target,Myosin_5,Myosin_5
ebra11000.t1,Not_Target,Not_Target,Not_Target
ebra11001.t1,Myosin_6,Myosin_1,Not_Target
ebra11002.t1,Not_Target,Not_Target,Myosin_20
ebra11003.t1,Not_Target,Myosin_15,Not_Target
ebra11004.t1,Myosin_6,Myosin_2,Not_Target
ebra11005.t1,Not_Target,Not_Target,Not_Target
ebra11006.t1,Not_Target,Myosin_1,Myosin_1
ebra11007.t1,Not_Target,Not_Target,Not_Target
ebra11008.t1,Not_Target,Not_Target,Myosin_1
ebra18648.t1,Not_Target,Not_Target,Not_Target
ebra18649.t1,Not_Target,Not_Target,Not_Target
ebra18650.t1,Not_Target,Not_Target,Not_Target
ebra18651.t1,Not_Target,Not_Target,Not_Target
ebra18652.t1,Not_Target,Not_Target,Not_Target
ebra21353.t1,Not_Target,Myosin_1,Not_Target
ebra21354.t1,Not_Target,Myosin_1,Not_Target
ebra21355.t1,Not_Target,Not_Target,Not_Target
ebra21356.t1,Not_Target,Not_Target,Not_Target
ebra21357.t1,Not_Target,Not_Target,Not_Target
ebra21358.t1,Not_Target,Not_Target,Not_Target
ebra21359.t1,Not_Target,Myosin_17,Not_Target
ebra21360.t1,Not_Target,Not_Target,Not_Target
ebra21361.t1,Not_Target,Not_Target,Not_Target
ebra21362.t1,Not_Target,Not_Target,Not_Target
ebra21363.t1,Not_Target,Not_Target,Not_Target
ebra7420.t1,Not_Target,Myosin_1,Not_Target
ebra7421.t1,Not_Target,Myosin_1,Not_Target
ebra7422.t1,Not_Target,Not_Target,Not_Target
ebra7423.t1,Myosin_18,Myosin_11,Not_Target
ebra7424.t1,Myosin_15,Myosin_1,Myosin_5
ebra7425.t1,Not_Target,Not_Target,Not_Target
ebra7426.t1,Not_Target,Not_Target,Not_Target
ebra2752.t1,Not_Target,Not_Target,Not_Target
ebra2753.t1,Not_Target,Not_Target,Not_Target
ebra2754.t1,Myosin_45,Not_Target,Myosin_18
ebra2755.t1,Myosin_45,Not_Target,Not_Target
ebra2756.t1,Not_Target,Not_Target,Not_Target
ebra2757.t1,Not_Target,Not_Target,Not_Target
ebra5906.t1,Not_Target,Not_Target,Not_Target
ebra5907.t1,Not_Target,Myosin_27,Not_Target
ebra5908.t1,Myosin_3,Myosin_6,Not_Target
ebra5909.t1,Not_Target,Not_Target,Not_Target
ebra5910.t1,Not_Target,Not_Target,Not_Target
ebra5911.t1,Not_Target,Myosin_41,Not_Target
ebra5912.t1,Not_Target,Not_Target,Not_Target
ebra5913.t1,Not_Target,Not_Target,Not_Target
ebra5914.t1,Not_Target,Not_Target,Not_Target
ebra6791.t1,Myosin_17,Myosin_5,Myosin_5
ebra6792.t1,Myosin_36,Not_Target,Not_Target
ebra6793.t1,Myosin_31,Myosin_31,Not_Target
ebra6794.t1,Not_Target,Not_Target,Not_Target
ebra6795.t1,Not_Target,Not_Target,Not_Target
ebra6796.t1,Not_Target,Myosin_5,Not_Target
ebra6797.t1,Not_Target,Not_Target,Not_Target
ebra6798.t1,Myosin_19,Myosin_15,Myosin_51
ebra6799.t1,Not_Target,Not_Target,Not_Target
ebra6800.t1,Not_Target,Myosin_23,Not_Target
ebra6801.t1,Not_Target,Not_Target,Not_Target
ebra21512.t1,Not_Target,Not_Target,Myosin_22
ebra21513.t1,Myosin_18,Not_Target,Not_Target
ebra21514.t1,Not_Target,Not_Target,Not_Target
ebra21515.t1,Not_Target,Myosin_1,Not_Target
ebra21516.t1,Not_Target,Not_Target,Not_Target
ebra21517.t1,Not_Target,Not_Target,Myosin_2
ebra21518.t1,Not_Target,Not_Target,Not_Target
ebra21519.t1,Not_Target,Not_Target,Not_Target
ebra21520.t1,Not_Target,Myosin_19,Not_Target
ebra21521.t1,Not_Target,Not_Target,Myosin_1
ebra6716.t1,Not_Target,Not_Target,Not_Target
ebra6717.t1,Not_Target,Not_Target,Not_Target
ebra6718.t1,Not_Target,Not_Target,Not_Target
ebra6719.t1,Myosin_23,Not_Target,Not_Target
ebra6720.t1,Not_Target,Not_Target,Not_Target
ebra6721.t1,Not_Target,Myosin_57,Not_Target
ebra6722.t1,Not_Target,Not_Target,Not_Target
ebra6723.t1,Not_Target,Not_Target,Not_Target
ebra6724.t1,Myosin_22,Myosin_1,Myosin_22
ebra6725.t1,Not_Target,Not_Target,Not_Target
ebra6726.t1,Not_Target,Not_Target,Not_Target
ebra6727.t1,Not_Target,Not_Target,Not_Target
ebra12423.t1,Myosin_57,Not_Target,Myosin_18
ebra12424.t1,Not_Target,Not_Target,Not_Target
ebra12425.t1,Not_Target,Not_Target,Myosin_36
ebra12426.t1,Not_Target,Not_Target,Not_Target
ebra12427.t1,Not_Target,Myosin_30,Not_Target
ebra12428.t1,Not_Target,Not_Target,Not_Target
ebra12429.t1,Not_Target,Not_Target,Not_Target
ebra12430.t1,Not_Target,Not_Target,Not_Target
ebra12431.t1,Not_Target,Not_Target,Not_Target
ebra12432.t1,Myosin_26,Myosin_74,Not_Target
ebra12433.t1,Not_Target,Not_Target,Not_Target
ebra12434.t1,Not_Target,Not_Target,Myosin_20
ebra12435.t1,Not_Target,Not_Target,Not_Target
ebra12436.t1,Myosin_5,Myosin_5,Myosin_5
ebra12437.t1,Not_Target,Not_Target,Not_Target
ebra16083.t1,Myosin_37,Myosin_37,Not_Target
ebra16084.t1,Not_Target,Myosin_16,Myosin_3
ebra16085.t1,Not_Target,Not_Target,Not_Target
ebra16086.t1,Not_Target,Myosin_1,Not_Target
ebra16087.t1,Not_Target,Not_Target,Not_Target
ebra16088.t1,Not_Target,Not_Target,Not_Target
ebra16089.t1,Not_Target,Not_Target,Myosin_18
ebra16090.t1,Not_Target,Not_Target,Not_Target
ebra16091.t1,Not_Target,Myosin_17,Not_Target
ebra223.t1,Not_Target,Not_Target,Not_Target
ebra224.t1,Not_Target,Not_Target,Not_Target
ebra225.t1,Myosin_19,Myosin_19,Myosin_1
ebra226.t1,Not_Target,Not_Target,Not_Target
ebra227.t1,Not_Target,Not_Target,Not_Target
ebra228.t1,Not_Target,Myosin_11,Not_Target
ebra229.t1,Not_Target,Not_Target,Not_Target
ebra230.t1,Not_Target,Not_Target,Not_Target
ebra231.t1,Myosin_19,Myosin_57,Not_Target
ebra232.t1,Not_Target,Myosin_57,Not_Target
ebra12383.t1,Myosin_64,Myosin_5,Not_Target
ebra12384.t1,Not_Target,Not_Target,Not_Target
ebra12385.t1,Not_Target,Not_Target,Not_Target
ebra12386.t1,Myosin_19,Myosin_19,Not_Target
ebra12387.t1,Not_Target,Not_Target,Not_Target
ebra12388.t1,Not_Target,Myosin_28,Not_Target
ebra12389.t1,Not_Target,Myosin_57,Not_Target
ebra12390.t1,Not_Target,Not_Target,Not_Target
ebra12391.t1,Not_Target,Myosin_17,Not_Target
ebra12392.t1,Myosin_37,Myosin_37,Myosin_57
ebra12393.t1,Not_Target,Not_Target,Not_Target
ebra1684.t1,Not_Target,Not_Target,Not_Target
ebra1685.t1,Not_Target,Not_Target,Not_Target
ebra1686.t1,Myosin_5,Myosin_7,Myosin_16
ebra1687.t1,Not_Target,Not_Target,Myosin_4
ebra1688.t1,Not_Target,Not_Target,Not_Target
ebra1689.t1,Not_Target,Myosin_5,Not_Target
ebra1690.t1,Not_Target,Not_Target,Not_Target
ebra13830.t1,Not_Target,Not_Target,Myosin_1
ebra13831.t1,Myosin_15,Not_Target,Not_Target
ebra13832.t1,Myosin_15,Not_Target,Myosin_30
ebra13833.t1,Not_Target,Not_Target,Not_Target
ebra13834.t1,Not_Target,Myosin_18,Not_Target
ebra13835.t1,Not_Target,Not_Target,Not_Target
ebra13836.t1,Not_Target,Not_Target,Myosin_80
ebra13837.t1,Not_Target,Not_Target,Not_Target
ebra13838.t1,Not_Target,Not_Target,Not_Target
ebra2504.t1,Not_Target,Not_Target,Not_Target
ebra2505.t1,Myosin_16,Not_Target,Myosin_6
ebra2506.t1,Not_Target,Not_Target,Not_Target
ebra2507.t1,Not_Target,Not_Target,Myosin_19
ebra2508.t1,Not_Target,Not_Target,Myosin_19
ebra21121.t1,Not_Target,Not_Target,Myosin_51
ebra21122.t1,Not_Target,Not_Target,Not_Target
ebra21123.t1,Not_Target,Not_Target,Not_Target
ebra21124.t1,Not_Target,Not_Target,Not_Target
ebra21125.t1,Myosin_15,Not_Target,Not_Target
ebra21126.t1,Not_Target,Not_Target,Not_Target
ebra21127.t1,Not_Target,Not_Target,Not_Target
ebra21128.t1,Not_Target,Not_Target,Not_Target
ebra21129.t1,Not_Target,Not_Target,Not_Target
ebra16339.t1,Not_Target,Not_Target,Not_Target
ebra16340.t1,Not_Target,Myosin_36,Not_Target
ebra16341.t1,Not_Target,Not_Target,Not_Target
ebra16342.t1,Not_Target,Not_Target,Not_Target
ebra16343.t1,Myosin_15,Myosin_1,Not_Target
ebra16344.t1,Not_Target,Not_Target,Not_Target
ebra16345.t1,Not_Target,Not_Target,Myosin_2
ebra16346.t1,Not_Target,Myosin_27,Myosin_8
ebra16347.t1,Myosin_17,Not_Target,Not_Target
ebra16348.t1,Not_Target,Not_Target,Not_Target
ebra16349.t1,Not_Target,Not_Target,Not_Target
ebra323.t1,Not_Target,Not_Target,Not_Target
ebra324.t1,Not_Target,Myosin_17,Myosin_22
ebra325.t1,Not_Target,Not_Target,Not_Target
ebra326.t1,Not_Target,Not_Target,Not_Target
ebra327.t1,Myosin_5,Myosin_5,Myosin_5
ebra328.t1,Not_Target,Not_Target,Not_Target
ebra329.t1,Not_Target,Myosin_57,Not_Target
ebra7089.t1,Myosin_26,Myosin_15,Myosin_53
ebra7090.t1,Not_Target,Not_Target,Not_Target
ebra7091.t1,Not_Target,Not_Target,Not_Target
ebra7092.t1,Not_Target,Not_Target,Not_Target
ebra7093.t1,Not_Target,Not_Target,Not_Target
ebra7094.t1,Myosin_17,Not_Target,Myosin_57
ebra12966.t1,Not_Target,Not_Target,Myosin_17
ebra12967.t1,Myosin_9,Myosin_6,Myosin_57
ebra12968.t1,Myosin_45,Not_Target,Not_Target
ebra12969.t1,Myosin_16,Not_Target,Myosin_16
ebra8596.t1,Not_Target,Myosin_22,Myosin_1
ebra8597.t1,Not_Target,Not_Target,Not_Target
ebra8598.t1,Not_Target,Not_Target,Not_Target
ebra8599.t1,Myosin_17,Not_Target,Not_Target
ebra8600.t1,Myosin_31,Not_Target,Not_Target
ebra8601.t1,Not_Target,Not_Target,Not_Target
ebra8602.t1,Not_Target,Not_Target,Myosin_20
ebra1863.t1,Not_Target,Not_Target,Myosin_19
ebra1864.t1,Myosin_51,Myosin_51,Not_Target
ebra1865.t1,Not_Target,Myosin_1,Not_Target
ebra1866.t1,Not_Target,Not_Target,Myosin_23
ebra1867.t1,Not_Target,Myosin_19,Myosin_16
ebra1868.t1,Not_Target,Myosin_19,Not_Target
ebra1869.t1,Not_Target,Not_Target,Myosin_23
ebra11245.t1,Not_Target,Not_Target,Not_Target
ebra11246.t1,Not_Target,Not_Target,Myosin_57
ebra11247.t1,Myosin_45,Myosin_2,Not_Target
ebra11248.t1,Not_Target,Not_Target,Not_Target
ebra11249.t1,Not_Target,Not_Target,Not_Target
ebra11250.t1,Not_Target,Not_Target,Not_Target
ebra11251.t1,Not_Target,Not_Target,Not_Target
ebra11252.t1,Not_Target,Not_Target,Not_Target
ebra11253.t1,Myosin_64,Myosin_5,Not_Target
ebra10709.t1,Not_Target,Not_Target,Not_Target
ebra10710.t1,Myosin_57,Not_Target,Not_Target
ebra10711.t1,Not_Target,Not_Target,Myosin_5
ebra10712.t1,Not_Target,Not_Target,Not_Target
ebra10713.t1,Not_Target,Myosin_17,Not_Target
ebra10714.t1,Not_Target,Myosin_17,Not_Target
ebra10715.t1,Not_Target,Not_Target,Not_Target
ebra10716.t1,Not_Target,Not_Target,Not_Target
ebra10717.t1,Not_Target,Not_Target,Not_Target
ebra8813.t1,Not_Target,Not_Target,Myosin_1
ebra8814.t1,Myosin_45,Myosin_6,Not_Target
ebra8815.t1,Not_Target,Not_Target,Not_Target
ebra8816.t1,Myosin_45,Not_Target,Not_Target
ebra8817.t1,Not_Target,Myosin_19,Not_Target
ebra8818.t1,Not_Target,Not_Target,Not_Target
ebra15285.t1,Not_Target,Not_Target,Not_Target
ebra15286.t1,Myosin_64,Myosin_24,Not_Target
ebra15287.t1,Not_Target,Myosin_57,Not_Target
ebra15288.t1,Not_Target,Not_Target,Not_Target
ebra15289.t1,Not_Target,Not_Target,Not_Target
ebra15290.t1,Myosin_15,Myosin_27,Not_Target
ebra15291.t1,Not_Target,Not_Target,Not_Target
ebra15292.t1,Not_Target,Not_Target,Not_Target
ebra15293.t1,Myosin_20,Not_Target,Not_Target
ebra16978.t1,Not_Target,Not_Target,Not_Target
ebra16979.t1,Not_Target,Not_Target,Not_Target
ebra16980.t1,Not_Target,Not_Target,Not_Target
ebra16981.t1,Not_Target,Not_Target,Not_Target
ebra16982.t1,Not_Target,Not_Target,Not_Target
ebra16983.t1,Not_Target,Not_Target,Myosin_1
ebra16984.t1,Myosin_15,Myosin_22,Myosin_15
ebra16985.t1,Not_Target,Not_Target,Myosin_5
ebra16986.t1,Not_Target,Not_Target,Not_Target
ebra9805.t1,Myosin_2,Myosin_5,Myosin_2
ebra9806.t1,Myosin_45,Not_Target,Not_Target
ebra9807.t1,Not_Target,Not_Target,Myosin_28
ebra4902.t1,Not_Target,Not_Target,Not_Target
ebra4903.t1,Not_Target,Not_Target,Not_Target
ebra4904.t1,Not_Target,Not_Target,Not_Target
ebra4905.t1,Not_Target,Not_Target,Myosin_2
ebra4906.t1,Not_Target,Not_Target,Not_Target
ebra4907.t1,Not_Target,Not_Target,Not_Target
ebra4908.t1,Not_Target,Not_Target,Not_Target
ebra19701.t1,Not_Target,Not_Target,Not_Target
ebra19702.t1,Myosin_46,Not_Target,Not_Target
ebra19703.t1,Not_Target,Not_Target,Not_Target
ebra19704.t1,Not_Target,Not_Target,Not_Target
ebra19705.t1,Not_Target,Myosin_6,Not_Target
ebra19706.t1,Not_Target,Not_Target,Not_Target
ebra19707.t1,Not_Target,Not_Target,Not_Target
ebra19708.t1,Not_Target,Not_Target,Not_Target
ebra19709.t1,Not_Target,Not_Target,Not_Target
ebra19710.t1,Not_Target,Not_Target,Not_Target
ebra19711.t1,Not_Target,Not_Target,Not_Target
ebra19712.t1,Not_Target,Not_Target,Not_Target
ebra19713.t1,Not_Target,Not_Target,Not_Target
ebra19714.t1,Not_Target,Myosin_5,Not_Target
ebra19888.t1,Not_Target,Myosin_3,Myosin_20
ebra19889.t1,Not_Target,Not_Target,Not_Target
ebra19890.t1,Not_Target,Myosin_2,Not_Target
ebra19891.t1,Not_Target,Not_Target,Not_Target
ebra5150.t1,Not_Target,Not_Target,Not_Target
ebra5151.t1,Not_Target,Not_Target,Not_Target
ebra5152.t1,Not_Target,Not_Target,Not_Target
ebra5153.t1,Not_Target,Not_Target,Not_Target
ebra5154.t1,Not_Target,Not_Target,Not_Target
ebra5155.t1,Not_Target,Not_Target,Not_Target
ebra5156.t1,Not_Target,Myosin_19,Not_Target
ebra12723.t1,Myosin_3,Not_Target,Not_Target
ebra12724.t1,Not_Target,Not_Target,Not_Target
ebra12725.t1,Not_Target,Not_Target,Not_Target
ebra12726.t1,Not_Target,Not_Target,Not_Target
ebra12727.t1,Not_Target,Not_Target,Not_Target
ebra12728.t1,Not_Target,Not_Target,Not_Target
ebra12729.t1,Not_Target,Not_Target,Not_Target
ebra12730.t1,Not_Target,Not_Target,Not_Target
ebra13109.t1,Myosin_6,Not_Target,Myosin_20
ebra13110.t1,Not_Target,Not_Target,Not_Target
ebra13111.t1,Not_Target,Not_Target,Not_Target
ebra13112.t1,Not_Target,Not_Target,Not_Target
ebra2552.t1,Not_Target,Myosin_36,Not_Target
ebra2553.t1,Not_Target,Not_Target,Myosin_2
ebra2554.t1,Not_Target,Not_Target,Not_Target
ebra2555.t1,Myosin_45,Myosin_18,Myosin_45
ebra2556.t1,Not_Target,Not_Target,Not_Target
ebra21619.t1,Not_Target,Not_Target,Not_Target
ebra21620.t1,Not_Target,Not_Target,Not_Target
ebra21621.t1,Not_Target,Not_Target,Not_Target
ebra21622.t1,Not_Target,Not_Target,Not_Target
ebra21623.t1,Not_Target,Myosin_57,Not_Target
ebra21624.t1,Not_Target,Not_Target,Not_Target
ebra21625.t1,Myosin_30,Not_Target,Myosin_14
ebra21626.t1,Not_Target,Not_Target,Not_Target
ebra18337.t1,Myosin_15,Myosin_15,Myosin_15
ebra5333.t1,Myosin_53,Not_Target,Not_Target
ebra5334.t1,Not_Target,Not_Target,Not_Target
ebra5335.t1,Not_Target,Not_Target,Not_Target
ebra5336.t1,Not_Target,Not_Target,Not_Target
ebra5337.t1,Not_Target,Not_Target,Myosin_20
ebra566.t1,Myosin_15,Not_Target,Myosin_34
ebra567.t1,Not_Target,Not_Target,Myosin_57
ebra568.t1,Not_Target,Not_Target,Not_Target
ebra569.t1,Myosin_1,Myosin_1,Myosin_1
ebra570.t1,Myosin_45,Not_Target,Myosin_71
ebra571.t1,Myosin_37,Myosin_7,Not_Target
ebra572.t1,Not_Target,Not_Target,Not_Target
ebra15509.t1,Not_Target,Not_Target,Not_Target
ebra15510.t1,Not_Target,Not_Target,Not_Target
ebra15511.t1,Myosin_45,Not_Target,Myosin_3
ebra15512.t1,Not_Target,Myosin_19,Not_Target
ebra15513.t1,Not_Target,Myosin_26,Not_Target
ebra15514.t1,Not_Target,Myosin_57,Not_Target
ebra15515.t1,Not_Target,Myosin_5,Not_Target
ebra9071.t1,Not_Target,Not_Target,Not_Target
ebra9072.t1,Not_Target,Not_Target,Not_Target
ebra9073.t1,Myosin_18,Not_Target,Myosin_3
ebra9074.t1,Not_Target,Not_Target,Not_Target
ebra20859.t1,Not_Target,Myosin_51,Not_Target
ebra20860.t1,Not_Target,Not_Target,Myosin_45
ebra20861.t1,Not_Target,Not_Target,Not_Target
ebra20862.t1,Not_Target,Not_Target,Not_Target
ebra20863.t1,Not_Target,Not_Target,Not_Target
ebra20864.t1,Not_Target,Not_Target,Not_Target
ebra20865.t1,Not_Target,Not_Target,Not_Target
ebra20866.t1,Not_Target,Not_Target,Not_Target
ebra20867.t1,Not_Target,Myosin_19,Not_Target
ebra20868.t1,Myosin_22,Myosin_22,Myosin_37
ebra15774.t1,Not_Target,Not_Target,Not_Target
ebra15775.t1,Not_Target,Not_Target,Not_Target
ebra15776.t1,Not_Target,Not_Target,Not_Target
ebra15777.t1,Not_Target,Not_Target,Not_Target
ebra15778.t1,Not_Target,Not_Target,Not_Target
ebra15779.t1,Not_Target,Not_Target,Not_Target
ebra15780.t1,Not_Target,Not_Target,Not_Target
ebra15781.t1,Not_Target,Not_Target,Not_Target
ebra15782.t1,Myosin_1,Myosin_1,Not_Target
ebra15783.t1,Not_Target,Not_Target,Not_Target
ebra15784.t1,Not_Target,Not_Target,Not_Target
ebra16647.t1,Not_Target,Not_Target,Not_Target
ebra16648.t1,Not_Target,Not_Target,Not_Target
ebra16649.t1,Not_Target,Myosin_5,Myosin_5
ebra16650.t1,Myosin_36,Myosin_1,Myosin_57
ebra16651.t1,Not_Target,Not_Target,Not_Target
ebra16652.t1,Not_Target,Not_Target,Not_Target
ebra16653.t1,Not_Target,Not_Target,Not_Target
ebra13245.t1,Not_Target,Not_Target,Not_Target
ebra13246.t1,Not_Target,Not_Target,Not_Target
ebra13247.t1,Not_Target,Not_Target,Not_Target
ebra13248.t1,Not_Target,Not_Target,Not_Target
ebra13249.t1,Not_Target,Not_Target,Not_Target
ebra13250.t1,Not_Target,Not_Target,Not_Target
ebra13251.t1,Not_Target,Myosin_22,Not_Target
ebra13252.t1,Not_Target,Not_Target,Not_Target
ebra21655.t1,Not_Target,Myosin_17,Not_Target
ebra21656.t1,Myosin_45,Myosin_18,Myosin_5
ebra21657.t1,Not_Target,Not_Target,Not_Target
ebra21658.t1,Not_Target,Not_Target,Not_Target
ebra21659.t1,Myosin_18,Myosin_18,Myosin_1
ebra21660.t1,Myosin_18,Myosin_57,Myosin_57
ebra396.t1,Not_Target,Not_Target,Not_Target
ebra397.t1,Not_Target,Not_Target,Not_Target
ebra398.t1,Myosin_20,Myosin_16,Not_Target
ebra399.t1,Not_Target,Myosin_17,Myosin_2
ebra400.t1,Not_Target,Not_Target,Not_Target
ebra11488.t1,Not_Target,Not_Target,Not_Target
ebra11489.t1,Not_Target,Not_Target,Not_Target
ebra11490.t1,Not_Target,Not_Target,Not_Target
ebra11491.t1,Not_Target,Not_Target,Not_Target
ebra11492.t1,Not_Target,Not_Target,Not_Target
ebra11493.t1,Not_Target,Not_Target,Not_Target
ebra10480.t1,Myosin_6,Myosin_37,Myosin_8
ebra10481.t1,Myosin_22,Myosin_22,Myosin_81
ebra10482.t1,Not_Target,Not_Target,Not_Target
ebra10483.t1,Not_Target,Not_Target,Not_Target
ebra10484.t1,Myosin_23,Myosin_2,Not_Target
ebra10485.t1,Not_Target,Not_Target,Not_Target
ebra10486.t1,Myosin_24,Not_Target,Not_Target
ebra10487.t1,Actin,Actin,Actin
ebra10488.t1,Actin,Actin,Actin
ebra11728.t1,Not_Target,Not_Target,Not_Target
ebra11729.t1,Not_Target,Not_Target,Myosin_19
ebra11730.t1,Not_Target,Not_Target,Myosin_68
ebra11731.t1,Not_Target,Myosin_19,Not_Target
ebra11732.t1,Myosin_15,Not_Target,Not_Target
ebra11733.t1,Myosin_15,Not_Target,Not_Target
ebra20892.t1,Myosin_4,Myosin_15,Myosin_15
ebra20893.t1,Not_Target,Not_Target,Not_Target
ebra20894.t1,Not_Target,Not_Target,Not_Target
ebra20895.t1,Not_Target,Not_Target,Not_Target
ebra285.t1,Not_Target,Not_Target,Not_Target
ebra286.t1,Myosin_37,Myosin_22,Not_Target
ebra287.t1,Myosin_26,Myosin_5,Not_Target
ebra288.t1,Not_Target,Not_Target,Myosin_3
ebra289.t1,Not_Target,Not_Target,Not_Target
ebra290.t1,Not_Target,Myosin_1,Not_Target
ebra291.t1,Not_Target,Not_Target,Not_Target
ebra292.t1,Not_Target,Myosin_17,Not_Target
ebra5343.t1,Myosin_45,Myosin_74,Myosin_18
ebra5344.t1,Not_Target,Myosin_17,Not_Target
ebra5345.t1,Not_Target,Myosin_17,Not_Target
ebra10005.t1,Not_Target,Not_Target,Myosin_71
ebra10006.t1,Not_Target,Not_Target,Not_Target
ebra10007.t1,Not_Target,Not_Target,Not_Target
ebra10008.t1,Not_Target,Not_Target,Not_Target
ebra10009.t1,Not_Target,Not_Target,Not_Target
ebra10010.t1,Not_Target,Not_Target,Not_Target
ebra10011.t1,Not_Target,Not_Target,Myosin_36
ebra10012.t1,Not_Target,Not_Target,Not_Target
ebra18118.t1,Not_Target,Not_Target,Not_Target
ebra18119.t1,Not_Target,Not_Target,Not_Target
ebra18120.t1,Not_Target,Not_Target,Not_Target
ebra18121.t1,Not_Target,Not_Target,Not_Target
ebra18122.t1,Not_Target,Not_Target,Not_Target
ebra18123.t1,Not_Target,Myosin_55,Myosin_20
ebra18124.t1,Not_Target,Not_Target,Not_Target
ebra18125.t1,Not_Target,Myosin_22,Not_Target
ebra18126.t1,Not_Target,Not_Target,Not_Target
ebra18127.t1,Not_Target,Not_Target,Not_Target
ebra15714.t1,Not_Target,Myosin_11,Not_Target
ebra15715.t1,Myosin_24,Not_Target,Myosin_14
ebra15716.t1,Not_Target,Myosin_8,Not_Target
ebra15717.t1,Not_Target,Not_Target,Not_Target
ebra15718.t1,Not_Target,Myosin_26,Myosin_20
ebra15719.t1,Not_Target,Not_Target,Myosin_20
ebra20709.t1,Not_Target,Not_Target,Not_Target
ebra20710.t1,Myosin_18,Myosin_18,Myosin_2
ebra20711.t1,Not_Target,Not_Target,Not_Target
ebra20712.t1,Not_Target,Not_Target,Not_Target
ebra20713.t1,Myosin_4,Myosin_3,Myosin_4
ebra20714.t1,Not_Target,Not_Target,Not_Target
ebra20715.t1,Not_Target,Not_Target,Not_Target
ebra17864.t1,Myosin_2,Myosin_23,Not_Target
ebra17865.t1,Myosin_15,Myosin_15,Myosin_15
ebra17866.t1,Myosin_30,Myosin_22,Myosin_57
ebra16821.t1,Not_Target,Myosin_7,Not_Target
ebra16822.t1,Not_Target,Not_Target,Myosin_64
ebra16823.t1,Not_Target,Myosin_57,Not_Target
ebra16824.t1,Not_Target,Not_Target,Not_Target
ebra16825.t1,Myosin_22,Myosin_7,Myosin_22
ebra16826.t1,Not_Target,Not_Target,Not_Target
ebra12250.t1,Myosin_22,Myosin_19,Myosin_5
ebra12251.t1,Not_Target,Not_Target,Myosin_2
ebra12252.t1,Not_Target,Not_Target,Not_Target
ebra12253.t1,Not_Target,Not_Target,Not_Target
ebra12254.t1,Not_Target,Not_Target,Myosin_42
ebra12255.t1,Myosin_2,Myosin_2,Not_Target
ebra12256.t1,Not_Target,Myosin_11,Not_Target
ebra6280.t1,Not_Target,Not_Target,Not_Target
ebra6281.t1,Not_Target,Not_Target,Myosin_43
ebra6282.t1,Not_Target,Not_Target,Myosin_1
ebra6283.t1,Not_Target,Not_Target,Not_Target
ebra6284.t1,Not_Target,Not_Target,Not_Target
ebra6285.t1,Not_Target,Not_Target,Not_Target
ebra6286.t1,Not_Target,Not_Target,Myosin_1
ebra6287.t1,Not_Target,Not_Target,Myosin_43
ebra6288.t1,Not_Target,Myosin_17,Myosin_20
ebra6289.t1,Not_Target,Not_Target,Myosin_1
ebra21331.t1,Not_Target,Not_Target,Myosin_5
ebra21332.t1,Not_Target,Not_Target,Not_Target
ebra21333.t1,Not_Target,Not_Target,Not_Target
ebra21334.t1,Myosin_17,Myosin_17,Not_Target
ebra21335.t1,Myosin_31,Myosin_31,Not_Target
ebra21336.t1,Not_Target,Not_Target,Not_Target
ebra21337.t1,Not_Target,Not_Target,Not_Target
ebra21338.t1,Not_Target,Not_Target,Not_Target
ebra21339.t1,Not_Target,Not_Target,Not_Target
ebra3886.t1,Myosin_19,Myosin_19,Not_Target
ebra3887.t1,Not_Target,Myosin_5,Not_Target
ebra3888.t1,Not_Target,Myosin_1,Myosin_1
ebra3889.t1,Not_Target,Myosin_1,Myosin_1
ebra3890.t1,Not_Target,Myosin_5,Not_Target
ebra3891.t1,Not_Target,Myosin_57,Not_Target
ebra3892.t1,Not_Target,Myosin_14,Not_Target
ebra3893.t1,Not_Target,Not_Target,Not_Target
ebra7303.t1,Myosin_1,Myosin_1,Not_Target
ebra7304.t1,Not_Target,Not_Target,Myosin_45
ebra7305.t1,Not_Target,Not_Target,Not_Target
ebra7306.t1,Not_Target,Not_Target,Not_Target
ebra7307.t1,Not_Target,Myosin_18,Myosin_64
ebra7308.t1,Myosin_18,Myosin_18,Myosin_8
ebra7309.t1,Not_Target,Not_Target,Not_Target
ebra5384.t1,Not_Target,Not_Target,Not_Target
ebra5385.t1,Not_Target,Not_Target,Not_Target
ebra5386.t1,Not_Target,Not_Target,Not_Target
ebra5387.t1,Not_Target,Not_Target,Not_Target
ebra5388.t1,Not_Target,Myosin_3,Myosin_43
ebra10836.t1,Myosin_5,Myosin_5,Myosin_11
ebra10837.t1,Myosin_18,Not_Target,Not_Target
ebra10838.t1,Not_Target,Not_Target,Myosin_20
ebra10839.t1,Myosin_20,Myosin_1,Not_Target
ebra10840.t1,Myosin_18,Myosin_18,Not_Target
ebra10841.t1,Not_Target,Not_Target,Myosin_2
ebra10842.t1,Not_Target,Not_Target,Myosin_2
ebra8119.t1,Not_Target,Not_Target,Not_Target
ebra8120.t1,Myosin_2,Not_Target,Not_Target
ebra8121.t1,Not_Target,Not_Target,Not_Target
ebra8122.t1,Myosin_29,Myosin_11,Myosin_19
ebra8123.t1,Not_Target,Not_Target,Not_Target
ebra8124.t1,Not_Target,Not_Target,Not_Target
ebra8125.t1,Not_Target,Not_Target,Not_Target
ebra7101.t1,Not_Target,Myosin_1,Myosin_2
ebra7102.t1,Not_Target,Not_Target,Not_Target
ebra7103.t1,Not_Target,Not_Target,Not_Target
ebra7104.t1,Not_Target,Not_Target,Myosin_6
ebra7105.t1,Not_Target,Not_Target,Not_Target
ebra7106.t1,Not_Target,Not_Target,Myosin_27
ebra7107.t1,Not_Target,Not_Target,Myosin_27
ebra7108.t1,Not_Target,Myosin_51,Not_Target
ebra7109.t1,Not_Target,Not_Target,Not_Target
ebra10218.t1,Not_Target,Not_Target,Not_Target
ebra10219.t1,Not_Target,Not_Target,Not_Target
ebra10220.t1,Not_Target,Not_Target,Not_Target
ebra10221.t1,Not_Target,Not_Target,Not_Target
ebra10222.t1,Not_Target,Not_Target,Myosin_51
ebra10223.t1,Not_Target,Not_Target,Myosin_1
ebra10224.t1,Not_Target,Myosin_18,Not_Target
ebra10225.t1,Myosin_1,Myosin_1,Myosin_1
ebra15185.t1,Not_Target,Not_Target,Myosin_45
ebra15186.t1,Myosin_11,Myosin_11,Not_Target
ebra15187.t1,Myosin_1,Not_Target,Not_Target
ebra15188.t1,Myosin_45,Not_Target,Myosin_8
ebra15189.t1,Not_Target,Not_Target,Not_Target
ebra15190.t1,Not_Target,Not_Target,Not_Target
ebra15191.t1,Myosin_51,Not_Target,Not_Target
ebra15176.t1,Not_Target,Not_Target,Not_Target
ebra15177.t1,Not_Target,Not_Target,Myosin_3
ebra15178.t1,Not_Target,Not_Target,Not_Target
ebra15179.t1,Not_Target,Not_Target,Not_Target
ebra15180.t1,Not_Target,Not_Target,Myosin_5
ebra240.t1,Myosin_15,Myosin_28,Myosin_1
ebra241.t1,Not_Target,Not_Target,Myosin_2
ebra242.t1,Not_Target,Not_Target,Not_Target
ebra243.t1,Not_Target,Not_Target,Myosin_73
ebra244.t1,Not_Target,Myosin_2,Not_Target
ebra245.t1,Not_Target,Myosin_57,Not_Target
ebra246.t1,Myosin_45,Myosin_5,Not_Target
ebra14788.t1,Myosin_57,Not_Target,Not_Target
ebra14789.t1,Not_Target,Myosin_1,Not_Target
ebra14790.t1,Not_Target,Myosin_7,Not_Target
ebra14791.t1,Not_Target,Myosin_5,Not_Target
ebra14792.t1,Not_Target,Not_Target,Not_Target
ebra753.t1,Not_Target,Not_Target,Not_Target
ebra754.t1,Not_Target,Not_Target,Not_Target
ebra755.t1,Not_Target,Not_Target,Not_Target
ebra756.t1,Not_Target,Not_Target,Not_Target
ebra757.t1,Not_Target,Not_Target,Not_Target
ebra758.t1,Not_Target,Not_Target,Not_Target
ebra15160.t1,Myosin_45,Not_Target,Not_Target
ebra15161.t1,Not_Target,Not_Target,Myosin_19
ebra15162.t1,Not_Target,Not_Target,Not_Target
ebra15163.t1,Not_Target,Not_Target,Not_Target
ebra15164.t1,Myosin_17,Myosin_17,Myosin_17
ebra15165.t1,Myosin_2,Myosin_57,Not_Target
ebra15166.t1,Not_Target,Myosin_13,Not_Target
ebra15167.t1,Not_Target,Not_Target,Not_Target
ebra15168.t1,Not_Target,Not_Target,Not_Target
ebra15169.t1,Not_Target,Not_Target,Not_Target
ebra15170.t1,Not_Target,Not_Target,Not_Target
ebra14301.t1,Myosin_19,Not_Target,Not_Target
ebra14302.t1,Not_Target,Myosin_19,Not_Target
ebra14303.t1,Not_Target,Not_Target,Not_Target
ebra14304.t1,Not_Target,Not_Target,Not_Target
ebra14305.t1,Not_Target,Not_Target,Not_Target
ebra19011.t1,Not_Target,Not_Target,Myosin_57
ebra19012.t1,Not_Target,Not_Target,Not_Target
ebra19013.t1,Myosin_3,Myosin_3,Myosin_20
ebra19014.t1,Myosin_1,Myosin_1,Myosin_51
ebra19015.t1,Not_Target,Myosin_3,Myosin_1
ebra19016.t1,Not_Target,Not_Target,Myosin_51
ebra16796.t1,Myosin_4,Myosin_4,Myosin_5
ebra16797.t1,Myosin_1,Not_Target,Myosin_22
ebra16798.t1,Not_Target,Not_Target,Not_Target
ebra16799.t1,Not_Target,Myosin_74,Not_Target
ebra16800.t1,Not_Target,Not_Target,Myosin_4
ebra16801.t1,Not_Target,Not_Target,Not_Target
ebra3723.t1,Not_Target,Not_Target,Not_Target
ebra3724.t1,Myosin_26,Myosin_26,Not_Target
ebra3725.t1,Not_Target,Not_Target,Not_Target
ebra3726.t1,Not_Target,Not_Target,Not_Target
ebra3727.t1,Myosin_26,Myosin_51,Not_Target
ebra3728.t1,Not_Target,Not_Target,Not_Target
ebra3729.t1,Not_Target,Not_Target,Not_Target
ebra3730.t1,Not_Target,Not_Target,Myosin_1
ebra3731.t1,Not_Target,Not_Target,Not_Target
ebra15153.t1,Not_Target,Myosin_51,Not_Target
ebra15154.t1,Not_Target,Not_Target,Not_Target
ebra15155.t1,Myosin_6,Myosin_6,Not_Target
ebra15156.t1,Not_Target,Not_Target,Not_Target
ebra15157.t1,Not_Target,Not_Target,Not_Target
ebra15158.t1,Not_Target,Myosin_25,Not_Target
ebra15159.t1,Not_Target,Not_Target,Not_Target
ebra9050.t1,Not_Target,Not_Target,Not_Target
ebra9051.t1,Not_Target,Myosin_5,Myosin_18
ebra9052.t1,Not_Target,Not_Target,Not_Target
ebra9053.t1,Not_Target,Myosin_17,Not_Target
ebra9054.t1,Not_Target,Not_Target,Not_Target
ebra9055.t1,Not_Target,Not_Target,Not_Target
ebra9056.t1,Not_Target,Myosin_17,Not_Target
ebra18815.t1,Myosin_46,Not_Target,Myosin_1
ebra18816.t1,Myosin_19,Not_Target,Not_Target
ebra18817.t1,Not_Target,Not_Target,Not_Target
ebra18818.t1,Myosin_26,Myosin_74,Myosin_8
ebra18819.t1,Not_Target,Not_Target,Not_Target
ebra18820.t1,Not_Target,Not_Target,Not_Target
ebra18821.t1,Not_Target,Not_Target,Myosin_51
ebra6657.t1,Myosin_19,Not_Target,Myosin_19
ebra6658.t1,Not_Target,Not_Target,Myosin_57
ebra6659.t1,Not_Target,Not_Target,Not_Target
ebra6660.t1,Not_Target,Not_Target,Myosin_64
ebra6661.t1,Myosin_11,Myosin_11,Not_Target
ebra6662.t1,Not_Target,Not_Target,Not_Target
ebra6663.t1,Not_Target,Myosin_19,Not_Target
ebra19463.t1,Myosin_81,Myosin_81,Myosin_14
ebra19464.t1,Myosin_7,Myosin_7,Myosin_4
ebra19465.t1,Not_Target,Not_Target,Not_Target
ebra7855.t1,Myosin_15,Myosin_15,Myosin_3
ebra7856.t1,Not_Target,Not_Target,Not_Target
ebra7857.t1,Myosin_2,Myosin_2,Myosin_2
ebra7858.t1,Not_Target,Not_Target,Not_Target
ebra7859.t1,Not_Target,Not_Target,Not_Target
ebra7860.t1,Myosin_2,Myosin_2,Myosin_2
ebra15005.t1,Myosin_19,Myosin_19,Myosin_19
ebra15006.t1,Not_Target,Not_Target,Not_Target
ebra15007.t1,Not_Target,Not_Target,Myosin_5
ebra15008.t1,Not_Target,Myosin_19,Not_Target
ebra15009.t1,Not_Target,Not_Target,Not_Target
ebra15010.t1,Myosin_18,Not_Target,Not_Target
ebra15011.t1,Not_Target,Not_Target,Not_Target
ebra15012.t1,Not_Target,Myosin_6,Not_Target
ebra15013.t1,Not_Target,Myosin_6,Not_Target
ebra15014.t1,Not_Target,Myosin_1,Myosin_1
ebra5051.t1,Not_Target,Not_Target,Myosin_1
ebra5052.t1,Not_Target,Not_Target,Not_Target
ebra5053.t1,Myosin_10,Not_Target,Not_Target
ebra5054.t1,Not_Target,Not_Target,Not_Target
ebra5055.t1,Not_Target,Myosin_19,Not_Target
ebra5056.t1,Myosin_45,Not_Target,Not_Target
ebra5057.t1,Myosin_37,Myosin_37,Myosin_5
ebra3646.t1,Myosin_1,Not_Target,Not_Target
ebra3647.t1,Not_Target,Not_Target,Not_Target
ebra3648.t1,Not_Target,Not_Target,Not_Target
ebra3649.t1,Not_Target,Not_Target,Not_Target
ebra3650.t1,Not_Target,Not_Target,Not_Target
ebra3651.t1,Not_Target,Not_Target,Not_Target
ebra15732.t1,Not_Target,Not_Target,Not_Target
ebra15733.t1,Not_Target,Not_Target,Not_Target
ebra15734.t1,Not_Target,Not_Target,Not_Target
ebra15735.t1,Myosin_6,Myosin_1,Not_Target
ebra15736.t1,Not_Target,Not_Target,Not_Target
ebra15737.t1,Not_Target,Not_Target,Not_Target
ebra15738.t1,Not_Target,Not_Target,Not_Target
ebra15739.t1,Not_Target,Not_Target,Not_Target
ebra15740.t1,Not_Target,Not_Target,Not_Target
ebra14242.t1,Myosin_19,Not_Target,Myosin_22
ebra14243.t1,Not_Target,Myosin_51,Not_Target
ebra14244.t1,Not_Target,Not_Target,Not_Target
ebra14245.t1,Not_Target,Not_Target,Not_Target
ebra14246.t1,Not_Target,Not_Target,Not_Target
ebra14247.t1,Not_Target,Myosin_4,Not_Target
ebra14248.t1,Myosin_37,Myosin_37,Not_Target
ebra14249.t1,Not_Target,Not_Target,Not_Target
ebra14250.t1,Not_Target,Not_Target,Not_Target
ebra8315.t1,Not_Target,Myosin_81,Not_Target
ebra8316.t1,Not_Target,Not_Target,Not_Target
ebra8317.t1,Myosin_1,Myosin_1,Myosin_1
ebra8318.t1,Not_Target,Not_Target,Not_Target
ebra8319.t1,Not_Target,Not_Target,Not_Target
ebra8320.t1,Not_Target,Myosin_16,Not_Target
ebra8321.t1,Not_Target,Not_Target,Not_Target
ebra11759.t1,Not_Target,Not_Target,Not_Target
ebra11760.t1,Not_Target,Myosin_19,Not_Target
ebra11761.t1,Myosin_15,Not_Target,Myosin_22
ebra11762.t1,Myosin_31,Not_Target,Myosin_3
ebra11763.t1,Not_Target,Myosin_8,Not_Target
ebra10254.t1,Not_Target,Not_Target,Not_Target
ebra10255.t1,Myosin_45,Myosin_17,Not_Target
ebra10256.t1,Not_Target,Not_Target,Not_Target
ebra10257.t1,Not_Target,Not_Target,Not_Target
ebra18238.t1,Not_Target,Not_Target,Myosin_20
ebra18239.t1,Not_Target,Not_Target,Myosin_20
ebra18240.t1,Not_Target,Not_Target,Not_Target
ebra18241.t1,Not_Target,Not_Target,Not_Target
ebra18242.t1,Not_Target,Not_Target,Not_Target
ebra18243.t1,Not_Target,Not_Target,Myosin_8
ebra18244.t1,Myosin_45,Myosin_16,Not_Target
ebra18245.t1,Not_Target,Not_Target,Not_Target
ebra6474.t1,Myosin_19,Not_Target,Myosin_37
ebra6475.t1,Not_Target,Not_Target,Not_Target
ebra6476.t1,Not_Target,Not_Target,Not_Target
ebra6477.t1,Not_Target,Myosin_5,Not_Target
ebra6478.t1,Not_Target,Not_Target,Not_Target
ebra16280.t1,Not_Target,Myosin_17,Not_Target
ebra16281.t1,Myosin_1,Not_Target,Myosin_3
ebra16282.t1,Not_Target,Not_Target,Not_Target
ebra16283.t1,Not_Target,Not_Target,Not_Target
ebra16284.t1,Not_Target,Not_Target,Not_Target
ebra16285.t1,Not_Target,Not_Target,Not_Target
ebra9792.t1,Myosin_6,Myosin_6,Not_Target
ebra9793.t1,Myosin_45,Myosin_44,Myosin_26
ebra9794.t1,Not_Target,Not_Target,Not_Target
ebra9795.t1,Not_Target,Not_Target,Not_Target
ebra9796.t1,Not_Target,Not_Target,Myosin_20
ebra16802.t1,Myosin_19,Myosin_19,Myosin_11
ebra16803.t1,Myosin_18,Myosin_57,Not_Target
ebra16804.t1,Not_Target,Not_Target,Not_Target
ebra16805.t1,Not_Target,Not_Target,Not_Target
ebra16806.t1,Not_Target,Not_Target,Not_Target
ebra16807.t1,Not_Target,Not_Target,Not_Target
ebra10747.t1,Not_Target,Myosin_1,Not_Target
ebra10748.t1,Not_Target,Not_Target,Not_Target
ebra10749.t1,Myosin_3,Myosin_22,Myosin_4
ebra10750.t1,Myosin_37,Myosin_37,Not_Target
ebra10751.t1,Myosin_18,Not_Target,Not_Target
ebra10752.t1,Not_Target,Not_Target,Not_Target
ebra10753.t1,Not_Target,Not_Target,Not_Target
ebra10754.t1,Myosin_18,Not_Target,Not_Target
ebra10755.t1,Myosin_37,Myosin_37,Not_Target
ebra11016.t1,Not_Target,Not_Target,Not_Target
ebra11017.t1,Not_Target,Not_Target,Not_Target
ebra11018.t1,Myosin_19,Myosin_19,Myosin_23
ebra17674.t1,Not_Target,Not_Target,Not_Target
ebra17675.t1,Not_Target,Not_Target,Not_Target
ebra17676.t1,Not_Target,Not_Target,Not_Target
ebra17677.t1,Myosin_17,Myosin_51,Myosin_8
ebra922.t1,Not_Target,Not_Target,Not_Target
ebra923.t1,Not_Target,Not_Target,Not_Target
ebra924.t1,Not_Target,Not_Target,Not_Target
ebra925.t1,Myosin_8,Myosin_8,Not_Target
ebra926.t1,Myosin_45,Myosin_3,Myosin_3
ebra927.t1,Myosin_45,Myosin_16,Not_Target
ebra928.t1,Myosin_19,Myosin_19,Not_Target
ebra21080.t1,Myosin_30,Myosin_8,Myosin_51
ebra21081.t1,Not_Target,Myosin_19,Not_Target
ebra21082.t1,Myosin_26,Not_Target,Myosin_3
ebra21083.t1,Not_Target,Not_Target,Not_Target
ebra21084.t1,Not_Target,Not_Target,Myosin_19
ebra21085.t1,Not_Target,Not_Target,Not_Target
ebra4845.t1,Not_Target,Not_Target,Not_Target
ebra4846.t1,Not_Target,Not_Target,Not_Target
ebra4847.t1,Not_Target,Not_Target,Not_Target
ebra4848.t1,Not_Target,Not_Target,Not_Target
ebra4849.t1,Not_Target,Not_Target,Not_Target
ebra4850.t1,Not_Target,Not_Target,Not_Target
ebra4851.t1,Not_Target,Not_Target,Not_Target
ebra4852.t1,Not_Target,Myosin_66,Not_Target
ebra4853.t1,Not_Target,Not_Target,Not_Target
ebra8904.t1,Myosin_11,Myosin_11,Not_Target
ebra8905.t1,Not_Target,Not_Target,Not_Target
ebra8906.t1,Not_Target,Not_Target,Myosin_1
ebra8907.t1,Not_Target,Not_Target,Myosin_1
ebra8908.t1,Not_Target,Not_Target,Not_Target
ebra8909.t1,Not_Target,Not_Target,Not_Target
ebra8910.t1,Not_Target,Myosin_30,Myosin_27
ebra8911.t1,Not_Target,Not_Target,Not_Target
ebra8912.t1,Not_Target,Not_Target,Not_Target
ebra8913.t1,Not_Target,Myosin_17,Not_Target
ebra8914.t1,Not_Target,Not_Target,Not_Target
ebra8915.t1,Not_Target,Not_Target,Not_Target
ebra7842.t1,Not_Target,Myosin_29,Not_Target
ebra7843.t1,Not_Target,Not_Target,Not_Target
ebra7844.t1,Not_Target,Not_Target,Not_Target
ebra7845.t1,Myosin_18,Not_Target,Myosin_5
ebra7846.t1,Not_Target,Not_Target,Not_Target
ebra7847.t1,Myosin_45,Not_Target,Myosin_3
ebra5663.t1,Myosin_17,Myosin_1,Myosin_8
ebra5664.t1,Not_Target,Myosin_1,Not_Target
ebra5665.t1,Not_Target,Not_Target,Not_Target
ebra5666.t1,Not_Target,Not_Target,Not_Target
ebra5667.t1,Myosin_30,Myosin_30,Myosin_30
ebra5668.t1,Not_Target,Not_Target,Not_Target
ebra5669.t1,Not_Target,Not_Target,Myosin_11
ebra5670.t1,Not_Target,Not_Target,Not_Target
ebra4046.t1,Not_Target,Not_Target,Not_Target
ebra4047.t1,Not_Target,Not_Target,Not_Target
ebra4048.t1,Not_Target,Not_Target,Not_Target
ebra4049.t1,Not_Target,Not_Target,Not_Target
ebra4050.t1,Not_Target,Not_Target,Not_Target
ebra4051.t1,Not_Target,Not_Target,Not_Target
ebra4052.t1,Not_Target,Not_Target,Not_Target
ebra4053.t1,Not_Target,Not_Target,Not_Target
ebra8396.t1,Not_Target,Myosin_1,Not_Target
ebra8397.t1,Not_Target,Myosin_20,Myosin_18
ebra8398.t1,Myosin_51,Not_Target,Not_Target
ebra8399.t1,Not_Target,Not_Target,Not_Target
ebra8400.t1,Not_Target,Not_Target,Myosin_1
ebra8401.t1,Myosin_15,Myosin_15,Myosin_5
ebra9183.t1,Not_Target,Not_Target,Not_Target
ebra9184.t1,Not_Target,Not_Target,Myosin_3
ebra9185.t1,Not_Target,Not_Target,Not_Target
ebra9186.t1,Not_Target,Not_Target,Not_Target
ebra9187.t1,Not_Target,Not_Target,Not_Target
ebra9188.t1,Not_Target,Not_Target,Not_Target
ebra9189.t1,Myosin_1,Not_Target,Myosin_1
ebra11503.t1,Not_Target,Not_Target,Not_Target
ebra11504.t1,Not_Target,Not_Target,Not_Target
ebra11505.t1,Not_Target,Not_Target,Not_Target
ebra11506.t1,Not_Target,Not_Target,Not_Target
ebra11507.t1,Not_Target,Not_Target,Not_Target
ebra11508.t1,Not_Target,Myosin_10,Not_Target
ebra11509.t1,Not_Target,Not_Target,Not_Target
ebra16333.t1,Not_Target,Not_Target,Not_Target
ebra16334.t1,Not_Target,Not_Target,Not_Target
ebra16335.t1,Not_Target,Not_Target,Not_Target
ebra16336.t1,Not_Target,Not_Target,Myosin_5
ebra16337.t1,Myosin_2,Not_Target,Myosin_51
ebra16338.t1,Myosin_2,Not_Target,Myosin_4
ebra17817.t1,Not_Target,Not_Target,Not_Target
ebra17818.t1,Not_Target,Not_Target,Not_Target
ebra17819.t1,Not_Target,Not_Target,Myosin_5
ebra17820.t1,Not_Target,Not_Target,Not_Target
ebra17821.t1,Not_Target,Not_Target,Not_Target
ebra17822.t1,Not_Target,Not_Target,Not_Target
ebra21131.t1,Not_Target,Not_Target,Not_Target
ebra21132.t1,Not_Target,Not_Target,Not_Target
ebra21133.t1,Myosin_16,Myosin_16,Myosin_57
ebra21134.t1,Not_Target,Myosin_19,Not_Target
ebra21135.t1,Not_Target,Not_Target,Not_Target
ebra21136.t1,Not_Target,Not_Target,Not_Target
ebra21137.t1,Not_Target,Not_Target,Not_Target
ebra21138.t1,Not_Target,Not_Target,Not_Target
ebra11510.t1,Not_Target,Myosin_6,Not_Target
ebra11511.t1,Not_Target,Myosin_19,Not_Target
ebra11512.t1,Not_Target,Not_Target,Not_Target
ebra11513.t1,Not_Target,Not_Target,Not_Target
ebra11514.t1,Not_Target,Not_Target,Not_Target
ebra11515.t1,Not_Target,Not_Target,Not_Target
ebra11516.t1,Not_Target,Not_Target,Not_Target
ebra11517.t1,Not_Target,Not_Target,Not_Target
ebra2937.t1,Myosin_15,Myosin_15,Myosin_15
ebra2938.t1,Not_Target,Not_Target,Not_Target
ebra2939.t1,Not_Target,Not_Target,Not_Target
ebra11166.t1,Myosin_18,Myosin_18,Myosin_1
ebra11167.t1,Myosin_15,Myosin_22,Myosin_22
ebra11168.t1,Myosin_45,Myosin_8,Myosin_9
ebra4606.t1,Myosin_27,Myosin_29,Myosin_15
ebra4607.t1,Not_Target,Not_Target,Not_Target
ebra4608.t1,Not_Target,Not_Target,Not_Target
ebra15835.t1,Not_Target,Not_Target,Not_Target
ebra15836.t1,Not_Target,Not_Target,Myosin_3
ebra15837.t1,Not_Target,Not_Target,Not_Target
ebra18782.t1,Not_Target,Myosin_11,Not_Target
ebra18783.t1,Not_Target,Not_Target,Not_Target
ebra18784.t1,Myosin_53,Not_Target,Myosin_64
ebra18785.t1,Not_Target,Not_Target,Not_Target
ebra18786.t1,Myosin_64,Not_Target,Not_Target
ebra4616.t1,Myosin_2,Myosin_1,Not_Target
ebra4617.t1,Not_Target,Not_Target,Not_Target
ebra4618.t1,Not_Target,Not_Target,Not_Target
ebra4619.t1,Not_Target,Not_Target,Not_Target
ebra4620.t1,Not_Target,Not_Target,Not_Target
ebra12284.t1,Not_Target,Myosin_50,Not_Target
ebra12285.t1,Myosin_51,Not_Target,Not_Target
ebra12286.t1,Not_Target,Not_Target,Not_Target
ebra12287.t1,Not_Target,Not_Target,Myosin_2
ebra12288.t1,Not_Target,Not_Target,Not_Target
ebra2801.t1,Not_Target,Not_Target,Not_Target
ebra2802.t1,Myosin_3,Not_Target,Myosin_28
ebra2803.t1,Not_Target,Not_Target,Myosin_3
ebra2804.t1,Not_Target,Not_Target,Not_Target
ebra2805.t1,Not_Target,Not_Target,Not_Target
ebra2806.t1,Not_Target,Not_Target,Not_Target
ebra2807.t1,Not_Target,Not_Target,Not_Target
ebra11141.t1,Not_Target,Not_Target,Not_Target
ebra11142.t1,Not_Target,Not_Target,Not_Target
ebra11143.t1,Myosin_19,Myosin_57,Myosin_57
ebra11144.t1,Not_Target,Not_Target,Not_Target
ebra11145.t1,Not_Target,Not_Target,Not_Target
ebra7321.t1,Not_Target,Not_Target,Myosin_5
ebra7322.t1,Not_Target,Not_Target,Not_Target
ebra7323.t1,Not_Target,Not_Target,Not_Target
ebra7324.t1,Myosin_71,Not_Target,Myosin_16
ebra7325.t1,Myosin_26,Not_Target,Myosin_8
ebra7326.t1,Not_Target,Not_Target,Myosin_5
ebra7327.t1,Not_Target,Not_Target,Not_Target
ebra20609.t1,Not_Target,Not_Target,Not_Target
ebra20610.t1,Not_Target,Not_Target,Not_Target
ebra20611.t1,Myosin_18,Myosin_18,Myosin_16
ebra20612.t1,Not_Target,Not_Target,Not_Target
ebra13583.t1,Not_Target,Not_Target,Not_Target
ebra13584.t1,Not_Target,Not_Target,Not_Target
ebra13585.t1,Not_Target,Myosin_1,Not_Target
ebra13586.t1,Not_Target,Not_Target,Not_Target
ebra13587.t1,Not_Target,Myosin_1,Not_Target
ebra13588.t1,Myosin_18,Not_Target,Myosin_3
ebra19548.t1,Myosin_19,Myosin_19,Not_Target
ebra19549.t1,Not_Target,Not_Target,Not_Target
ebra19550.t1,Myosin_7,Not_Target,Not_Target
ebra19551.t1,Not_Target,Not_Target,Not_Target
ebra19552.t1,Not_Target,Not_Target,Not_Target
ebra19553.t1,Myosin_22,Myosin_22,Myosin_14
ebra19554.t1,Not_Target,Myosin_1,Not_Target
ebra19555.t1,Not_Target,Not_Target,Not_Target
ebra19556.t1,Not_Target,Not_Target,Not_Target
ebra19557.t1,Not_Target,Not_Target,Myosin_7
ebra17288.t1,Not_Target,Not_Target,Not_Target
ebra17289.t1,Not_Target,Not_Target,Not_Target
ebra17290.t1,Not_Target,Not_Target,Not_Target
ebra17291.t1,Not_Target,Not_Target,Not_Target
ebra17292.t1,Not_Target,Not_Target,Not_Target
ebra17293.t1,Not_Target,Not_Target,Not_Target
ebra17294.t1,Not_Target,Not_Target,Not_Target
ebra17295.t1,Not_Target,Not_Target,Not_Target
ebra2792.t1,Not_Target,Myosin_5,Not_Target
ebra2793.t1,Not_Target,Not_Target,Not_Target
ebra2794.t1,Not_Target,Not_Target,Not_Target
ebra2795.t1,Not_Target,Not_Target,Not_Target
ebra2796.t1,Myosin_26,Not_Target,Myosin_5
ebra2797.t1,Not_Target,Not_Target,Not_Target
ebra2798.t1,Not_Target,Not_Target,Not_Target
ebra2799.t1,Not_Target,Not_Target,Not_Target
ebra743.t1,Myosin_20,Myosin_18,Myosin_26
ebra744.t1,Not_Target,Not_Target,Not_Target
ebra745.t1,Not_Target,Not_Target,Not_Target
ebra746.t1,Myosin_45,Myosin_3,Myosin_16
ebra16723.t1,Not_Target,Myosin_28,Myosin_8
ebra16724.t1,Myosin_45,Not_Target,Myosin_11
ebra16725.t1,Myosin_23,Myosin_24,Myosin_16
ebra9196.t1,Not_Target,Not_Target,Not_Target
ebra9197.t1,Not_Target,Not_Target,Myosin_1
ebra9198.t1,Not_Target,Not_Target,Not_Target
ebra9199.t1,Not_Target,Not_Target,Not_Target
ebra9200.t1,Not_Target,Myosin_5,Not_Target
ebra9201.t1,Not_Target,Not_Target,Not_Target
ebra9202.t1,Not_Target,Not_Target,Not_Target
ebra9203.t1,Not_Target,Not_Target,Not_Target
ebra12958.t1,Myosin_18,Myosin_18,Myosin_57
ebra12959.t1,Not_Target,Not_Target,Not_Target
ebra12960.t1,Not_Target,Not_Target,Myosin_37
ebra12961.t1,Not_Target,Not_Target,Not_Target
ebra12962.t1,Not_Target,Not_Target,Myosin_1
ebra12963.t1,Not_Target,Not_Target,Myosin_1
ebra12964.t1,Not_Target,Not_Target,Not_Target
ebra1255.t1,Myosin_45,Not_Target,Not_Target
ebra1256.t1,Myosin_1,Myosin_1,Not_Target
ebra1257.t1,Not_Target,Not_Target,Not_Target
ebra1258.t1,Not_Target,Not_Target,Not_Target
ebra1259.t1,Not_Target,Not_Target,Not_Target
ebra1260.t1,Myosin_31,Not_Target,Not_Target
ebra1261.t1,Not_Target,Not_Target,Not_Target
ebra1262.t1,Not_Target,Not_Target,Not_Target
ebra1263.t1,Not_Target,Not_Target,Not_Target
ebra1264.t1,Not_Target,Not_Target,Not_Target
ebra9100.t1,Not_Target,Myosin_17,Not_Target
ebra9101.t1,Not_Target,Not_Target,Not_Target
ebra9102.t1,Not_Target,Myosin_1,Not_Target
ebra9103.t1,Not_Target,Not_Target,Not_Target
ebra9104.t1,Myosin_26,Myosin_26,Not_Target
ebra9105.t1,Not_Target,Not_Target,Not_Target
ebra9106.t1,Not_Target,Not_Target,Not_Target
ebra14347.t1,Not_Target,Not_Target,Not_Target
ebra14348.t1,Not_Target,Not_Target,Not_Target
ebra14349.t1,Not_Target,Myosin_26,Not_Target
ebra14350.t1,Not_Target,Not_Target,Not_Target
ebra14351.t1,Not_Target,Not_Target,Not_Target
ebra14352.t1,Not_Target,Not_Target,Not_Target
ebra14353.t1,Not_Target,Not_Target,Not_Target
ebra8998.t1,Not_Target,Not_Target,Not_Target
ebra8999.t1,Myosin_1,Not_Target,Not_Target
ebra9000.t1,Not_Target,Not_Target,Not_Target
ebra9001.t1,Not_Target,Not_Target,Not_Target
ebra19063.t1,Not_Target,Myosin_16,Not_Target
ebra19064.t1,Not_Target,Not_Target,Not_Target
ebra19065.t1,Not_Target,Not_Target,Not_Target
ebra19066.t1,Not_Target,Myosin_18,Not_Target
ebra19067.t1,Not_Target,Not_Target,Myosin_36
ebra19068.t1,Not_Target,Not_Target,Not_Target
ebra7728.t1,Not_Target,Not_Target,Not_Target
ebra7729.t1,Myosin_23,Myosin_16,Not_Target
ebra7730.t1,Not_Target,Not_Target,Not_Target
ebra7731.t1,Not_Target,Not_Target,Not_Target
ebra7732.t1,Not_Target,Myosin_5,Not_Target
ebra7733.t1,Not_Target,Not_Target,Not_Target
ebra7084.t1,Myosin_45,Myosin_28,Not_Target
ebra7085.t1,Not_Target,Not_Target,Not_Target
ebra7086.t1,Not_Target,Not_Target,Not_Target
ebra7087.t1,Not_Target,Not_Target,Not_Target
ebra7088.t1,Not_Target,Not_Target,Not_Target
ebra15958.t1,Not_Target,Not_Target,Not_Target
ebra15959.t1,Myosin_18,Not_Target,Myosin_53
ebra15960.t1,Not_Target,Not_Target,Not_Target
ebra15961.t1,Not_Target,Not_Target,Not_Target
ebra15962.t1,Not_Target,Not_Target,Not_Target
ebra15963.t1,Not_Target,Not_Target,Not_Target
ebra2576.t1,Not_Target,Not_Target,Not_Target
ebra2577.t1,Not_Target,Not_Target,Myosin_5
ebra2578.t1,Not_Target,Not_Target,Myosin_5
ebra2579.t1,Not_Target,Not_Target,Not_Target
ebra2580.t1,Not_Target,Myosin_19,Not_Target
ebra2581.t1,Myosin_6,Not_Target,Myosin_8
ebra2582.t1,Not_Target,Not_Target,Not_Target
ebra2583.t1,Not_Target,Not_Target,Myosin_20
ebra2584.t1,Myosin_45,Myosin_5,Myosin_5
ebra2585.t1,Myosin_57,Not_Target,Myosin_8
ebra11027.t1,Not_Target,Not_Target,Myosin_5
ebra11028.t1,Not_Target,Not_Target,Not_Target
ebra11029.t1,Not_Target,Not_Target,Not_Target
ebra11030.t1,Not_Target,Not_Target,Myosin_3
ebra11031.t1,Myosin_3,Myosin_3,Myosin_1
ebra11032.t1,Not_Target,Not_Target,Not_Target
ebra11033.t1,Not_Target,Not_Target,Not_Target
ebra11034.t1,Not_Target,Not_Target,Not_Target
ebra11035.t1,Not_Target,Not_Target,Myosin_5
ebra20615.t1,Not_Target,Myosin_40,Not_Target
ebra20616.t1,Not_Target,Not_Target,Not_Target
ebra20617.t1,Not_Target,Myosin_17,Myosin_3
ebra1974.t1,Myosin_24,Myosin_5,Not_Target
ebra1975.t1,Not_Target,Not_Target,Not_Target
ebra1976.t1,Not_Target,Not_Target,Not_Target
ebra1977.t1,Myosin_45,Not_Target,Myosin_9
ebra1978.t1,Not_Target,Not_Target,Not_Target
ebra11895.t1,Not_Target,Not_Target,Not_Target
ebra11896.t1,Not_Target,Not_Target,Not_Target
ebra11897.t1,Not_Target,Not_Target,Not_Target
ebra11898.t1,Myosin_2,Not_Target,Not_Target
ebra11899.t1,Not_Target,Not_Target,Not_Target
ebra11900.t1,Myosin_2,Not_Target,Not_Target
ebra11901.t1,Not_Target,Not_Target,Not_Target
ebra11902.t1,Not_Target,Myosin_17,Not_Target
ebra11903.t1,Not_Target,Myosin_5,Not_Target
ebra11904.t1,Not_Target,Not_Target,Not_Target
ebra2038.t1,Not_Target,Not_Target,Not_Target
ebra2039.t1,Not_Target,Not_Target,Myosin_36
ebra2040.t1,Not_Target,Not_Target,Not_Target
ebra2041.t1,Not_Target,Not_Target,Not_Target
ebra2042.t1,Not_Target,Not_Target,Not_Target
ebra2043.t1,Not_Target,Myosin_26,Not_Target
ebra2044.t1,Not_Target,Not_Target,Not_Target
ebra2045.t1,Not_Target,Not_Target,Not_Target
ebra2046.t1,Not_Target,Not_Target,Myosin_20
ebra2047.t1,Not_Target,Not_Target,Not_Target
ebra4301.t1,Not_Target,Not_Target,Not_Target
ebra4302.t1,Not_Target,Not_Target,Not_Target
ebra4303.t1,Not_Target,Not_Target,Not_Target
ebra4304.t1,Not_Target,Not_Target,Not_Target
ebra4305.t1,Not_Target,Not_Target,Not_Target
ebra4306.t1,Not_Target,Not_Target,Not_Target
ebra12842.t1,Not_Target,Not_Target,Myosin_8
ebra12843.t1,Myosin_34,Not_Target,Not_Target
ebra12844.t1,Not_Target,Not_Target,Myosin_1
ebra12845.t1,Not_Target,Not_Target,Not_Target
ebra12846.t1,Not_Target,Not_Target,Not_Target
ebra15252.t1,Myosin_43,Not_Target,Myosin_3
ebra15253.t1,Not_Target,Not_Target,Myosin_20
ebra15254.t1,Not_Target,Not_Target,Myosin_51
ebra15255.t1,Not_Target,Not_Target,Not_Target
ebra15256.t1,Myosin_19,Myosin_19,Myosin_14
ebra4836.t1,Not_Target,Not_Target,Not_Target
ebra4837.t1,Not_Target,Not_Target,Not_Target
ebra4838.t1,Not_Target,Myosin_57,Myosin_8
ebra4839.t1,Not_Target,Not_Target,Not_Target
ebra4840.t1,Not_Target,Not_Target,Not_Target
ebra4841.t1,Not_Target,Not_Target,Not_Target
ebra4842.t1,Not_Target,Not_Target,Not_Target
ebra4843.t1,Not_Target,Not_Target,Not_Target
ebra298.t1,Not_Target,Not_Target,Myosin_24
ebra299.t1,Not_Target,Not_Target,Myosin_14
ebra300.t1,Not_Target,Not_Target,Not_Target
ebra301.t1,Not_Target,Not_Target,Not_Target
ebra302.t1,Not_Target,Not_Target,Myosin_5
ebra4344.t1,Not_Target,Not_Target,Not_Target
ebra4345.t1,Not_Target,Not_Target,Not_Target
ebra4346.t1,Not_Target,Not_Target,Not_Target
ebra4347.t1,Not_Target,Not_Target,Not_Target
ebra4348.t1,Not_Target,Myosin_19,Not_Target
ebra4349.t1,Not_Target,Not_Target,Not_Target
ebra4350.t1,Not_Target,Not_Target,Not_Target
ebra4351.t1,Myosin_37,Myosin_6,Not_Target
ebra4352.t1,Not_Target,Not_Target,Not_Target
ebra4353.t1,Not_Target,Not_Target,Not_Target
ebra4354.t1,Not_Target,Not_Target,Not_Target
ebra7310.t1,Myosin_15,Myosin_57,Not_Target
ebra7311.t1,Not_Target,Myosin_6,Myosin_1
ebra7312.t1,Not_Target,Not_Target,Not_Target
ebra7313.t1,Myosin_18,Not_Target,Not_Target
ebra7314.t1,Not_Target,Not_Target,Not_Target
ebra9424.t1,Myosin_8,Not_Target,Not_Target
ebra9425.t1,Not_Target,Not_Target,Not_Target
ebra9426.t1,Not_Target,Myosin_55,Myosin_11
ebra9427.t1,Not_Target,Not_Target,Not_Target
ebra9428.t1,Myosin_6,Myosin_6,Not_Target
ebra9429.t1,Not_Target,Not_Target,Not_Target
ebra9430.t1,Myosin_26,Not_Target,Not_Target
ebra9431.t1,Myosin_19,Not_Target,Myosin_4
ebra14837.t1,Not_Target,Myosin_5,Not_Target
ebra14838.t1,Not_Target,Not_Target,Not_Target
ebra14839.t1,Not_Target,Not_Target,Not_Target
ebra14840.t1,Not_Target,Not_Target,Not_Target
ebra14841.t1,Not_Target,Not_Target,Myosin_39
ebra14842.t1,Myosin_2,Myosin_2,Not_Target
ebra14843.t1,Not_Target,Not_Target,Not_Target
ebra18143.t1,Myosin_26,Not_Target,Not_Target
ebra18144.t1,Myosin_2,Myosin_6,Not_Target
ebra18145.t1,Not_Target,Myosin_5,Not_Target
ebra18146.t1,Not_Target,Not_Target,Myosin_19
ebra18147.t1,Myosin_28,Myosin_18,Myosin_3
ebra18148.t1,Not_Target,Not_Target,Myosin_43
ebra18149.t1,Not_Target,Myosin_54,Not_Target
ebra14670.t1,Myosin_2,Myosin_57,Myosin_2
ebra14671.t1,Not_Target,Not_Target,Not_Target
ebra14672.t1,Myosin_26,Myosin_36,Myosin_1
ebra14673.t1,Not_Target,Not_Target,Not_Target
ebra14674.t1,Not_Target,Not_Target,Not_Target
ebra10449.t1,Not_Target,Not_Target,Myosin_1
ebra10450.t1,Myosin_23,Not_Target,Myosin_9
ebra10451.t1,Not_Target,Not_Target,Not_Target
ebra10452.t1,Not_Target,Not_Target,Not_Target
ebra10453.t1,Not_Target,Not_Target,Not_Target
ebra7009.t1,Myosin_45,Not_Target,Not_Target
ebra7010.t1,Myosin_30,Myosin_1,Not_Target
ebra7011.t1,Myosin_15,Myosin_15,Myosin_15
ebra15015.t1,Not_Target,Not_Target,Not_Target
ebra15016.t1,Not_Target,Not_Target,Not_Target
ebra15017.t1,Not_Target,Not_Target,Not_Target
ebra15018.t1,Not_Target,Not_Target,Not_Target
ebra15019.t1,Not_Target,Not_Target,Not_Target
ebra15020.t1,Myosin_19,Myosin_19,Myosin_17
ebra13167.t1,Myosin_15,Myosin_15,Myosin_15
ebra13168.t1,Myosin_24,Myosin_22,Myosin_5
ebra18045.t1,Not_Target,Not_Target,Not_Target
ebra18046.t1,Not_Target,Not_Target,Myosin_22
ebra18047.t1,Myosin_9,Not_Target,Myosin_9
ebra18048.t1,Not_Target,Not_Target,Not_Target
ebra18049.t1,Not_Target,Not_Target,Not_Target
ebra10411.t1,Myosin_19,Myosin_19,Myosin_11
ebra10412.t1,Not_Target,Not_Target,Myosin_17
ebra10413.t1,Not_Target,Not_Target,Not_Target
ebra10414.t1,Not_Target,Not_Target,Myosin_36
ebra10415.t1,Not_Target,Not_Target,Not_Target
ebra18066.t1,Not_Target,Not_Target,Not_Target
ebra18067.t1,Not_Target,Not_Target,Not_Target
ebra18068.t1,Not_Target,Not_Target,Not_Target
ebra18069.t1,Not_Target,Not_Target,Not_Target
ebra18070.t1,Not_Target,Not_Target,Not_Target
ebra18023.t1,Not_Target,Not_Target,Not_Target
ebra18024.t1,Not_Target,Not_Target,Myosin_1
ebra18025.t1,Myosin_19,Myosin_19,Myosin_3
ebra18026.t1,Not_Target,Not_Target,Not_Target
ebra18027.t1,Not_Target,Myosin_19,Not_Target
ebra14338.t1,Myosin_45,Myosin_45,Myosin_26
ebra14339.t1,Not_Target,Not_Target,Not_Target
ebra14340.t1,Myosin_16,Myosin_74,Not_Target
ebra14341.t1,Not_Target,Not_Target,Not_Target
ebra20773.t1,Not_Target,Not_Target,Not_Target
ebra20774.t1,Not_Target,Not_Target,Not_Target
ebra20775.t1,Myosin_2,Myosin_81,Myosin_2
ebra20776.t1,Myosin_19,Not_Target,Not_Target
ebra1831.t1,Myosin_45,Not_Target,Not_Target
ebra1832.t1,Not_Target,Not_Target,Not_Target
ebra1833.t1,Not_Target,Not_Target,Myosin_28
ebra1834.t1,Myosin_5,Not_Target,Myosin_36
ebra1835.t1,Not_Target,Not_Target,Not_Target
ebra1836.t1,Not_Target,Myosin_19,Not_Target
ebra1837.t1,Not_Target,Not_Target,Not_Target
ebra1838.t1,Not_Target,Not_Target,Not_Target
ebra1839.t1,Not_Target,Not_Target,Not_Target
ebra13681.t1,Not_Target,Not_Target,Myosin_20
ebra13682.t1,Not_Target,Not_Target,Not_Target
ebra1186.t1,Myosin_2,Myosin_2,Myosin_2
ebra1187.t1,Myosin_15,Myosin_15,Myosin_15
ebra1188.t1,Myosin_15,Myosin_22,Myosin_22
ebra4759.t1,Myosin_45,Myosin_5,Myosin_51
ebra4760.t1,Myosin_22,Myosin_22,Not_Target
ebra15911.t1,Not_Target,Not_Target,Not_Target
ebra15912.t1,Not_Target,Not_Target,Not_Target
ebra15913.t1,Myosin_17,Myosin_17,Myosin_17
ebra15914.t1,Not_Target,Not_Target,Not_Target
ebra15915.t1,Not_Target,Not_Target,Not_Target
ebra20632.t1,Myosin_2,Not_Target,Not_Target
ebra20633.t1,Not_Target,Not_Target,Not_Target
ebra6907.t1,Myosin_45,Not_Target,Myosin_20
ebra6908.t1,Not_Target,Not_Target,Not_Target
ebra6909.t1,Myosin_45,Not_Target,Not_Target
ebra6910.t1,Not_Target,Not_Target,Not_Target
ebra775.t1,Not_Target,Not_Target,Myosin_5
ebra776.t1,Not_Target,Not_Target,Not_Target
ebra777.t1,Myosin_26,Not_Target,Myosin_18
ebra778.t1,Myosin_26,Not_Target,Myosin_18
ebra779.t1,Not_Target,Not_Target,Not_Target
ebra780.t1,Myosin_6,Myosin_57,Not_Target
ebra14827.t1,Not_Target,Not_Target,Not_Target
ebra14828.t1,Not_Target,Not_Target,Not_Target
ebra14829.t1,Myosin_45,Myosin_17,Not_Target
ebra14830.t1,Myosin_45,Myosin_5,Not_Target
ebra14831.t1,Not_Target,Not_Target,Not_Target
ebra14832.t1,Not_Target,Not_Target,Not_Target
ebra14833.t1,Not_Target,Not_Target,Myosin_19
ebra14834.t1,Not_Target,Not_Target,Myosin_1
ebra14835.t1,Myosin_74,Myosin_74,Not_Target
ebra21189.t1,Myosin_45,Myosin_45,Myosin_45
ebra21190.t1,Not_Target,Not_Target,Myosin_14
ebra21191.t1,Myosin_57,Myosin_57,Not_Target
ebra21192.t1,Not_Target,Myosin_57,Not_Target
ebra21193.t1,Not_Target,Not_Target,Not_Target
ebra21194.t1,Myosin_57,Myosin_57,Not_Target
ebra15568.t1,Not_Target,Not_Target,Not_Target
ebra15569.t1,Not_Target,Not_Target,Not_Target
ebra15570.t1,Not_Target,Myosin_5,Myosin_36
ebra15571.t1,Not_Target,Myosin_57,Not_Target
ebra15572.t1,Myosin_15,Not_Target,Not_Target
ebra15573.t1,Not_Target,Myosin_5,Not_Target
ebra15574.t1,Myosin_18,Myosin_18,Myosin_19
ebra15575.t1,Not_Target,Myosin_5,Myosin_36
ebra15576.t1,Not_Target,Not_Target,Not_Target
ebra15577.t1,Myosin_19,Myosin_19,Myosin_1
ebra5704.t1,Not_Target,Not_Target,Not_Target
ebra5705.t1,Myosin_1,Not_Target,Myosin_14
ebra5706.t1,Not_Target,Not_Target,Not_Target
ebra5707.t1,Myosin_2,Myosin_1,Myosin_2
ebra5708.t1,Myosin_2,Myosin_2,Not_Target
ebra2136.t1,Myosin_73,Myosin_11,Not_Target
ebra2137.t1,Not_Target,Not_Target,Not_Target
ebra2138.t1,Not_Target,Not_Target,Not_Target
ebra2139.t1,Myosin_45,Myosin_5,Not_Target
ebra2140.t1,Not_Target,Myosin_57,Not_Target
ebra2141.t1,Not_Target,Not_Target,Myosin_8
ebra19344.t1,Not_Target,Not_Target,Not_Target
ebra19345.t1,Myosin_18,Myosin_18,Not_Target
ebra19346.t1,Myosin_37,Myosin_57,Not_Target
ebra19347.t1,Not_Target,Myosin_51,Not_Target
ebra19348.t1,Not_Target,Myosin_17,Not_Target
ebra19349.t1,Myosin_18,Not_Target,Not_Target
ebra19350.t1,Myosin_19,Myosin_19,Not_Target
ebra15352.t1,Not_Target,Not_Target,Not_Target
ebra15353.t1,Not_Target,Myosin_16,Myosin_20
ebra15354.t1,Not_Target,Not_Target,Myosin_34
ebra15355.t1,Not_Target,Not_Target,Myosin_42
ebra15330.t1,Myosin_19,Not_Target,Not_Target
ebra15331.t1,Myosin_16,Not_Target,Myosin_31
ebra15332.t1,Not_Target,Not_Target,Not_Target
ebra15333.t1,Not_Target,Not_Target,Not_Target
ebra15334.t1,Not_Target,Not_Target,Not_Target
ebra15335.t1,Not_Target,Not_Target,Not_Target
ebra6888.t1,Not_Target,Not_Target,Not_Target
ebra6889.t1,Not_Target,Not_Target,Not_Target
ebra6890.t1,Myosin_18,Myosin_18,Myosin_17
ebra6891.t1,Not_Target,Not_Target,Myosin_24
ebra6892.t1,Not_Target,Not_Target,Myosin_64
ebra12274.t1,Not_Target,Not_Target,Not_Target
ebra12275.t1,Not_Target,Myosin_26,Not_Target
ebra12276.t1,Not_Target,Not_Target,Not_Target
ebra12277.t1,Myosin_37,Not_Target,Myosin_73
ebra12278.t1,Not_Target,Not_Target,Not_Target
ebra12279.t1,Myosin_45,Myosin_16,Not_Target
ebra5571.t1,Not_Target,Not_Target,Not_Target
ebra5572.t1,Myosin_1,Myosin_10,Not_Target
ebra5573.t1,Myosin_1,Myosin_10,Not_Target
ebra5574.t1,Not_Target,Not_Target,Not_Target
ebra5575.t1,Myosin_3,Not_Target,Myosin_5
ebra5576.t1,Not_Target,Not_Target,Not_Target
ebra4080.t1,Myosin_30,Myosin_3,Myosin_1
ebra4081.t1,Not_Target,Not_Target,Not_Target
ebra4082.t1,Myosin_45,Not_Target,Not_Target
ebra4083.t1,Not_Target,Not_Target,Not_Target
ebra4084.t1,Not_Target,Myosin_5,Myosin_5
ebra4085.t1,Not_Target,Not_Target,Not_Target
ebra11437.t1,Not_Target,Not_Target,Not_Target
ebra11438.t1,Myosin_1,Not_Target,Not_Target
ebra16866.t1,Not_Target,Not_Target,Not_Target
ebra16867.t1,Not_Target,Myosin_2,Not_Target
ebra16868.t1,Myosin_22,Not_Target,Myosin_19
ebra16869.t1,Not_Target,Not_Target,Not_Target
ebra16870.t1,Not_Target,Not_Target,Not_Target
ebra16871.t1,Not_Target,Not_Target,Not_Target
ebra16872.t1,Not_Target,Not_Target,Not_Target
ebra16873.t1,Not_Target,Not_Target,Not_Target
ebra4307.t1,Not_Target,Not_Target,Myosin_20
ebra4308.t1,Not_Target,Not_Target,Myosin_2
ebra4309.t1,Not_Target,Myosin_26,Not_Target
ebra4310.t1,Not_Target,Not_Target,Not_Target
ebra4311.t1,Not_Target,Not_Target,Not_Target
ebra4312.t1,Not_Target,Not_Target,Not_Target
ebra4313.t1,Not_Target,Not_Target,Not_Target
ebra4314.t1,Not_Target,Not_Target,Not_Target
ebra4315.t1,Not_Target,Not_Target,Not_Target
ebra6549.t1,Not_Target,Not_Target,Not_Target
ebra6550.t1,Not_Target,Not_Target,Not_Target
ebra6551.t1,Myosin_19,Myosin_19,Myosin_17
ebra6552.t1,Not_Target,Not_Target,Not_Target
ebra6553.t1,Myosin_36,Myosin_3,Myosin_36
ebra13651.t1,Myosin_36,Myosin_17,Myosin_22
ebra13652.t1,Myosin_22,Myosin_22,Myosin_16
ebra13653.t1,Myosin_22,Myosin_22,Myosin_16
ebra3320.t1,Myosin_45,Not_Target,Not_Target
ebra3321.t1,Not_Target,Not_Target,Not_Target
ebra3322.t1,Not_Target,Not_Target,Not_Target
ebra3323.t1,Myosin_45,Not_Target,Myosin_30
ebra7935.t1,Not_Target,Not_Target,Not_Target
ebra7936.t1,Myosin_4,Myosin_4,Not_Target
ebra7937.t1,Not_Target,Not_Target,Not_Target
ebra7938.t1,Myosin_17,Myosin_17,Myosin_17
ebra7939.t1,Not_Target,Not_Target,Not_Target
ebra9570.t1,Not_Target,Not_Target,Not_Target
ebra9571.t1,Not_Target,Not_Target,Myosin_51
ebra17960.t1,Not_Target,Not_Target,Not_Target
ebra17961.t1,Not_Target,Myosin_4,Not_Target
ebra17962.t1,Not_Target,Not_Target,Myosin_5
ebra17963.t1,Not_Target,Not_Target,Myosin_2
ebra17964.t1,Not_Target,Not_Target,Myosin_8
ebra17965.t1,Not_Target,Myosin_6,Not_Target
ebra17966.t1,Not_Target,Myosin_11,Not_Target
ebra733.t1,Not_Target,Myosin_19,Not_Target
ebra734.t1,Not_Target,Not_Target,Not_Target
ebra735.t1,Not_Target,Not_Target,Not_Target
ebra736.t1,Not_Target,Not_Target,Not_Target
ebra737.t1,Not_Target,Not_Target,Not_Target
ebra738.t1,Not_Target,Not_Target,Not_Target
ebra739.t1,Not_Target,Myosin_1,Not_Target
ebra740.t1,Not_Target,Not_Target,Not_Target
ebra5596.t1,Not_Target,Not_Target,Not_Target
ebra5597.t1,Not_Target,Not_Target,Not_Target
ebra5598.t1,Not_Target,Not_Target,Myosin_20
ebra5599.t1,Myosin_37,Not_Target,Myosin_57
ebra3538.t1,Myosin_1,Myosin_1,Not_Target
ebra3539.t1,Not_Target,Not_Target,Not_Target
ebra3540.t1,Not_Target,Not_Target,Not_Target
ebra3541.t1,Myosin_1,Myosin_1,Not_Target
ebra3542.t1,Not_Target,Not_Target,Myosin_19
ebra3543.t1,Not_Target,Not_Target,Not_Target
ebra3544.t1,Not_Target,Not_Target,Not_Target
ebra3545.t1,Not_Target,Myosin_55,Not_Target
ebra15745.t1,Not_Target,Myosin_19,Not_Target
ebra15746.t1,Myosin_46,Myosin_6,Myosin_14
ebra15747.t1,Not_Target,Not_Target,Not_Target
ebra15748.t1,Not_Target,Myosin_19,Not_Target
ebra15749.t1,Not_Target,Myosin_19,Not_Target
ebra15750.t1,Not_Target,Myosin_4,Not_Target
ebra15751.t1,Not_Target,Not_Target,Not_Target
ebra1665.t1,Not_Target,Not_Target,Not_Target
ebra1666.t1,Myosin_45,Not_Target,Myosin_11
ebra1667.t1,Myosin_18,Myosin_18,Not_Target
ebra16808.t1,Not_Target,Not_Target,Myosin_5
ebra16809.t1,Not_Target,Not_Target,Not_Target
ebra16810.t1,Not_Target,Not_Target,Not_Target
ebra16811.t1,Not_Target,Myosin_3,Not_Target
ebra16812.t1,Not_Target,Not_Target,Myosin_4
ebra16813.t1,Myosin_45,Not_Target,Myosin_5
ebra16814.t1,Not_Target,Not_Target,Not_Target
ebra3413.t1,Not_Target,Myosin_66,Not_Target
ebra3414.t1,Not_Target,Not_Target,Not_Target
ebra3415.t1,Not_Target,Not_Target,Not_Target
ebra3416.t1,Not_Target,Myosin_25,Not_Target
ebra3417.t1,Not_Target,Not_Target,Not_Target
ebra3418.t1,Not_Target,Not_Target,Not_Target
ebra3419.t1,Not_Target,Not_Target,Not_Target
ebra3420.t1,Not_Target,Not_Target,Not_Target
ebra3421.t1,Not_Target,Myosin_9,Not_Target
ebra3422.t1,Not_Target,Not_Target,Not_Target
ebra21258.t1,Not_Target,Myosin_5,Not_Target
ebra21259.t1,Myosin_18,Myosin_3,Myosin_9
ebra21260.t1,Not_Target,Not_Target,Not_Target
ebra21261.t1,Not_Target,Myosin_5,Not_Target
ebra21262.t1,Not_Target,Not_Target,Not_Target
ebra21263.t1,Not_Target,Not_Target,Not_Target
ebra21264.t1,Not_Target,Not_Target,Myosin_51
ebra18311.t1,Not_Target,Not_Target,Not_Target
ebra18312.t1,Not_Target,Not_Target,Not_Target
ebra18313.t1,Not_Target,Not_Target,Not_Target
ebra18314.t1,Myosin_19,Myosin_7,Myosin_8
ebra18315.t1,Not_Target,Myosin_5,Myosin_1
ebra6274.t1,Myosin_45,Not_Target,Not_Target
ebra6275.t1,Not_Target,Not_Target,Not_Target
ebra6276.t1,Myosin_37,Not_Target,Myosin_24
ebra6277.t1,Not_Target,Not_Target,Not_Target
ebra6278.t1,Not_Target,Not_Target,Not_Target
ebra6279.t1,Myosin_37,Not_Target,Myosin_24
ebra375.t1,Not_Target,Not_Target,Not_Target
ebra376.t1,Not_Target,Not_Target,Not_Target
ebra377.t1,Myosin_36,Myosin_36,Myosin_63
ebra378.t1,Not_Target,Not_Target,Not_Target
ebra7573.t1,Not_Target,Not_Target,Not_Target
ebra7574.t1,Not_Target,Myosin_19,Myosin_19
ebra7575.t1,Myosin_27,Not_Target,Myosin_6
ebra7576.t1,Not_Target,Not_Target,Not_Target
ebra12546.t1,Not_Target,Not_Target,Not_Target
ebra12547.t1,Not_Target,Not_Target,Not_Target
ebra12548.t1,Myosin_22,Not_Target,Myosin_53
ebra12549.t1,Not_Target,Myosin_1,Not_Target
ebra12550.t1,Not_Target,Not_Target,Myosin_4
ebra12551.t1,Not_Target,Not_Target,Not_Target
ebra12552.t1,Not_Target,Not_Target,Not_Target
ebra12553.t1,Not_Target,Myosin_2,Not_Target
ebra49.t1,Not_Target,Not_Target,Not_Target
ebra50.t1,Not_Target,Not_Target,Not_Target
ebra51.t1,Myosin_26,Not_Target,Myosin_8
ebra52.t1,Not_Target,Not_Target,Not_Target
ebra53.t1,Myosin_6,Myosin_5,Not_Target
ebra54.t1,Myosin_24,Not_Target,Not_Target
ebra55.t1,Not_Target,Not_Target,Not_Target
ebra56.t1,Not_Target,Not_Target,Not_Target
ebra57.t1,Not_Target,Not_Target,Not_Target
ebra9291.t1,Not_Target,Not_Target,Not_Target
ebra9292.t1,Not_Target,Not_Target,Not_Target
ebra9293.t1,Not_Target,Not_Target,Not_Target
ebra9294.t1,Myosin_6,Not_Target,Not_Target
ebra9295.t1,Myosin_19,Not_Target,Not_Target
ebra5143.t1,Myosin_1,Not_Target,Myosin_3
ebra5144.t1,Myosin_37,Myosin_37,Myosin_37
ebra5145.t1,Not_Target,Not_Target,Not_Target
ebra5146.t1,Not_Target,Not_Target,Myosin_2
ebra5147.t1,Not_Target,Not_Target,Not_Target
ebra5148.t1,Not_Target,Not_Target,Not_Target
ebra17504.t1,Myosin_20,Myosin_1,Not_Target
ebra17505.t1,Not_Target,Not_Target,Not_Target
ebra17506.t1,Not_Target,Not_Target,Not_Target
ebra17507.t1,Not_Target,Not_Target,Not_Target
ebra17508.t1,Not_Target,Not_Target,Not_Target
ebra17509.t1,Not_Target,Myosin_16,Not_Target
ebra17510.t1,Not_Target,Not_Target,Not_Target
ebra7899.t1,Myosin_30,Not_Target,Myosin_54
ebra7900.t1,Not_Target,Not_Target,Not_Target
ebra7901.t1,Myosin_18,Myosin_33,Not_Target
ebra7902.t1,Myosin_18,Myosin_33,Not_Target
ebra7903.t1,Not_Target,Myosin_19,Not_Target
ebra19219.t1,Not_Target,Not_Target,Myosin_20
ebra19220.t1,Not_Target,Myosin_11,Not_Target
ebra19221.t1,Myosin_9,Myosin_19,Myosin_17
ebra19222.t1,Not_Target,Not_Target,Not_Target
ebra19223.t1,Not_Target,Not_Target,Myosin_17
ebra19224.t1,Not_Target,Not_Target,Not_Target
ebra19225.t1,Not_Target,Not_Target,Myosin_27
ebra9514.t1,Not_Target,Not_Target,Not_Target
ebra9515.t1,Not_Target,Not_Target,Myosin_17
ebra21364.t1,Not_Target,Not_Target,Not_Target
ebra21365.t1,Not_Target,Not_Target,Myosin_18
ebra3550.t1,Myosin_19,Myosin_19,Not_Target
ebra3551.t1,Not_Target,Not_Target,Not_Target
ebra3552.t1,Not_Target,Not_Target,Myosin_19
ebra3553.t1,Not_Target,Not_Target,Myosin_2
ebra3554.t1,Myosin_22,Myosin_5,Myosin_25
ebra20339.t1,Not_Target,Not_Target,Myosin_20
ebra20340.t1,Not_Target,Not_Target,Not_Target
ebra20341.t1,Not_Target,Not_Target,Not_Target
ebra20342.t1,Not_Target,Not_Target,Not_Target
ebra20343.t1,Not_Target,Not_Target,Not_Target
ebra20344.t1,Not_Target,Not_Target,Not_Target
ebra20345.t1,Not_Target,Not_Target,Not_Target
ebra20346.t1,Not_Target,Not_Target,Not_Target
ebra20347.t1,Not_Target,Not_Target,Myosin_1
ebra14158.t1,Not_Target,Not_Target,Not_Target
ebra14159.t1,Not_Target,Not_Target,Not_Target
ebra10348.t1,Not_Target,Myosin_18,Not_Target
ebra10349.t1,Not_Target,Not_Target,Not_Target
ebra10350.t1,Not_Target,Not_Target,Not_Target
ebra10351.t1,Not_Target,Myosin_2,Not_Target
ebra10352.t1,Not_Target,Not_Target,Myosin_23
ebra10353.t1,Myosin_19,Myosin_19,Not_Target
ebra10354.t1,Not_Target,Not_Target,Not_Target
ebra10355.t1,Not_Target,Not_Target,Not_Target
ebra10356.t1,Not_Target,Not_Target,Not_Target
ebra12172.t1,Not_Target,Not_Target,Not_Target
ebra12173.t1,Not_Target,Not_Target,Not_Target
ebra12174.t1,Myosin_1,Not_Target,Not_Target
ebra12175.t1,Not_Target,Not_Target,Not_Target
ebra12176.t1,Not_Target,Not_Target,Not_Target
ebra12177.t1,Not_Target,Not_Target,Not_Target
ebra12178.t1,Not_Target,Not_Target,Not_Target
ebra12179.t1,Not_Target,Not_Target,Not_Target
ebra12180.t1,Not_Target,Not_Target,Not_Target
ebra12181.t1,Not_Target,Not_Target,Myosin_1
ebra12182.t1,Not_Target,Not_Target,Not_Target
ebra18632.t1,Myosin_2,Myosin_2,Myosin_2
ebra18633.t1,Not_Target,Myosin_80,Myosin_36
ebra18634.t1,Not_Target,Myosin_43,Not_Target
ebra11586.t1,Myosin_45,Not_Target,Myosin_31
ebra11587.t1,Not_Target,Not_Target,Not_Target
ebra11588.t1,Not_Target,Not_Target,Not_Target
ebra11589.t1,Myosin_1,Not_Target,Myosin_27
ebra11447.t1,Not_Target,Not_Target,Not_Target
ebra11448.t1,Not_Target,Not_Target,Not_Target
ebra11449.t1,Not_Target,Not_Target,Not_Target
ebra11450.t1,Not_Target,Not_Target,Not_Target
ebra11451.t1,Not_Target,Not_Target,Not_Target
ebra10625.t1,Myosin_19,Not_Target,Not_Target
ebra10626.t1,Not_Target,Myosin_5,Not_Target
ebra10627.t1,Not_Target,Not_Target,Myosin_19
ebra10628.t1,Not_Target,Not_Target,Not_Target
ebra10629.t1,Myosin_37,Myosin_37,Myosin_37
ebra10630.t1,Not_Target,Myosin_28,Not_Target
ebra7684.t1,Not_Target,Not_Target,Not_Target
ebra7685.t1,Not_Target,Not_Target,Not_Target
ebra7686.t1,Not_Target,Not_Target,Not_Target
ebra1244.t1,Not_Target,Not_Target,Not_Target
ebra1245.t1,Not_Target,Not_Target,Not_Target
ebra1246.t1,Not_Target,Not_Target,Not_Target
ebra1247.t1,Not_Target,Not_Target,Not_Target
ebra1248.t1,Not_Target,Myosin_18,Myosin_19
ebra1249.t1,Not_Target,Not_Target,Not_Target
ebra1250.t1,Not_Target,Not_Target,Not_Target
ebra1251.t1,Not_Target,Myosin_19,Not_Target
ebra379.t1,Not_Target,Not_Target,Not_Target
ebra380.t1,Not_Target,Myosin_1,Myosin_15
ebra381.t1,Not_Target,Myosin_5,Not_Target
ebra382.t1,Not_Target,Myosin_7,Not_Target
ebra383.t1,Not_Target,Not_Target,Not_Target
ebra384.t1,Not_Target,Myosin_57,Not_Target
ebra1200.t1,Not_Target,Myosin_20,Myosin_53
ebra1201.t1,Not_Target,Not_Target,Not_Target
ebra1202.t1,Not_Target,Not_Target,Not_Target
ebra1203.t1,Not_Target,Myosin_26,Not_Target
ebra1204.t1,Not_Target,Myosin_26,Not_Target
ebra1205.t1,Not_Target,Not_Target,Not_Target
ebra1206.t1,Not_Target,Myosin_17,Myosin_17
ebra12719.t1,Myosin_1,Not_Target,Myosin_63
ebra12720.t1,Not_Target,Not_Target,Not_Target
ebra12721.t1,Myosin_17,Not_Target,Myosin_4
ebra12722.t1,Not_Target,Not_Target,Not_Target
ebra8129.t1,Myosin_30,Myosin_25,Myosin_51
ebra8130.t1,Myosin_2,Myosin_11,Not_Target
ebra8131.t1,Not_Target,Not_Target,Not_Target
ebra8132.t1,Myosin_45,Not_Target,Myosin_5
ebra8133.t1,Myosin_45,Not_Target,Not_Target
ebra8134.t1,Not_Target,Not_Target,Not_Target
ebra8135.t1,Myosin_45,Not_Target,Not_Target
ebra594.t1,Not_Target,Not_Target,Not_Target
ebra595.t1,Not_Target,Not_Target,Not_Target
ebra596.t1,Not_Target,Not_Target,Not_Target
ebra597.t1,Not_Target,Not_Target,Not_Target
ebra598.t1,Not_Target,Not_Target,Not_Target
ebra18254.t1,Not_Target,Not_Target,Not_Target
ebra18255.t1,Not_Target,Not_Target,Not_Target
ebra18256.t1,Myosin_26,Not_Target,Myosin_24
ebra18257.t1,Not_Target,Not_Target,Not_Target
ebra18258.t1,Not_Target,Not_Target,Not_Target
ebra18259.t1,Not_Target,Not_Target,Not_Target
ebra18260.t1,Not_Target,Not_Target,Not_Target
ebra2499.t1,Myosin_26,Not_Target,Not_Target
ebra2500.t1,Not_Target,Not_Target,Not_Target
ebra2501.t1,Not_Target,Not_Target,Not_Target
ebra2502.t1,Myosin_45,Not_Target,Not_Target
ebra2503.t1,Not_Target,Myosin_16,Not_Target
ebra10669.t1,Myosin_5,Myosin_15,Not_Target
ebra10670.t1,Not_Target,Myosin_1,Not_Target
ebra10671.t1,Not_Target,Not_Target,Not_Target
ebra10672.t1,Not_Target,Not_Target,Not_Target
ebra10673.t1,Not_Target,Not_Target,Not_Target
ebra10674.t1,Not_Target,Not_Target,Not_Target
ebra10675.t1,Not_Target,Not_Target,Not_Target
ebra10676.t1,Not_Target,Not_Target,Not_Target
ebra10677.t1,Not_Target,Not_Target,Not_Target
ebra10678.t1,Not_Target,Not_Target,Not_Target
ebra6147.t1,Not_Target,Not_Target,Not_Target
ebra6148.t1,Not_Target,Not_Target,Myosin_20
ebra6149.t1,Myosin_9,Not_Target,Not_Target
ebra18008.t1,Not_Target,Not_Target,Not_Target
ebra18009.t1,Not_Target,Not_Target,Not_Target
ebra18010.t1,Myosin_45,Myosin_5,Not_Target
ebra18011.t1,Myosin_51,Not_Target,Not_Target
ebra18012.t1,Myosin_51,Not_Target,Not_Target
ebra18013.t1,Myosin_45,Myosin_5,Not_Target
ebra10935.t1,Not_Target,Not_Target,Not_Target
ebra10936.t1,Not_Target,Not_Target,Not_Target
ebra10937.t1,Not_Target,Not_Target,Not_Target
ebra10938.t1,Not_Target,Not_Target,Not_Target
ebra10939.t1,Not_Target,Not_Target,Myosin_1
ebra10940.t1,Myosin_5,Myosin_5,Myosin_57
ebra8765.t1,Myosin_2,Not_Target,Not_Target
ebra8766.t1,Not_Target,Not_Target,Not_Target
ebra8767.t1,Myosin_26,Myosin_26,Not_Target
ebra8768.t1,Not_Target,Not_Target,Myosin_15
ebra8769.t1,Not_Target,Myosin_18,Not_Target
ebra8770.t1,Not_Target,Myosin_19,Myosin_6
ebra8771.t1,Not_Target,Myosin_5,Not_Target
ebra20943.t1,Not_Target,Myosin_6,Not_Target
ebra20944.t1,Not_Target,Not_Target,Not_Target
ebra20945.t1,Not_Target,Not_Target,Not_Target
ebra20946.t1,Not_Target,Not_Target,Not_Target
ebra20947.t1,Not_Target,Not_Target,Not_Target
ebra20948.t1,Not_Target,Myosin_75,Not_Target
ebra20949.t1,Not_Target,Not_Target,Not_Target
ebra20950.t1,Myosin_39,Not_Target,Not_Target
ebra20951.t1,Not_Target,Not_Target,Not_Target
ebra20952.t1,Not_Target,Not_Target,Not_Target
ebra20953.t1,Not_Target,Myosin_57,Not_Target
ebra20954.t1,Not_Target,Not_Target,Not_Target
ebra20955.t1,Not_Target,Not_Target,Not_Target
ebra13520.t1,Not_Target,Not_Target,Not_Target
ebra13521.t1,Myosin_71,Not_Target,Myosin_72
ebra13522.t1,Not_Target,Not_Target,Not_Target
ebra13523.t1,Not_Target,Not_Target,Not_Target
ebra13524.t1,Not_Target,Not_Target,Myosin_71
ebra13852.t1,Not_Target,Not_Target,Not_Target
ebra13853.t1,Not_Target,Myosin_2,Myosin_6
ebra13854.t1,Not_Target,Myosin_17,Not_Target
ebra13855.t1,Myosin_17,Myosin_17,Myosin_17
ebra13856.t1,Myosin_15,Myosin_1,Not_Target
ebra10055.t1,Not_Target,Not_Target,Not_Target
ebra10056.t1,Not_Target,Not_Target,Not_Target
ebra10057.t1,Not_Target,Not_Target,Not_Target
ebra10058.t1,Not_Target,Not_Target,Not_Target
ebra10059.t1,Not_Target,Myosin_30,Not_Target
ebra10060.t1,Not_Target,Not_Target,Not_Target
ebra10061.t1,Not_Target,Not_Target,Not_Target
ebra10062.t1,Not_Target,Not_Target,Myosin_14
ebra412.t1,Not_Target,Not_Target,Not_Target
ebra413.t1,Not_Target,Not_Target,Not_Target
ebra414.t1,Myosin_45,Not_Target,Not_Target
ebra9060.t1,Not_Target,Not_Target,Not_Target
ebra9061.t1,Not_Target,Myosin_17,Not_Target
ebra9062.t1,Not_Target,Myosin_17,Not_Target
ebra9063.t1,Not_Target,Not_Target,Not_Target
ebra9064.t1,Not_Target,Not_Target,Not_Target
ebra9065.t1,Myosin_3,Myosin_22,Myosin_3
ebra9066.t1,Myosin_45,Not_Target,Myosin_2
ebra8740.t1,Myosin_20,Myosin_17,Not_Target
ebra8741.t1,Myosin_19,Myosin_19,Not_Target
ebra8742.t1,Not_Target,Not_Target,Not_Target
ebra8743.t1,Myosin_17,Myosin_17,Not_Target
ebra8744.t1,Myosin_17,Myosin_17,Not_Target
ebra8536.t1,Not_Target,Myosin_17,Not_Target
ebra8537.t1,Not_Target,Not_Target,Not_Target
ebra8538.t1,Not_Target,Myosin_73,Not_Target
ebra8539.t1,Not_Target,Myosin_5,Not_Target
ebra8540.t1,Not_Target,Myosin_73,Not_Target
ebra8541.t1,Not_Target,Not_Target,Not_Target
ebra8542.t1,Not_Target,Not_Target,Not_Target
ebra6877.t1,Myosin_45,Not_Target,Not_Target
ebra6878.t1,Not_Target,Not_Target,Not_Target
ebra6879.t1,Not_Target,Not_Target,Not_Target
ebra6880.t1,Not_Target,Not_Target,Not_Target
ebra6881.t1,Not_Target,Myosin_13,Not_Target
ebra6882.t1,Not_Target,Not_Target,Not_Target
ebra6883.t1,Not_Target,Not_Target,Not_Target
ebra6884.t1,Not_Target,Not_Target,Not_Target
ebra11009.t1,Not_Target,Not_Target,Not_Target
ebra11010.t1,Not_Target,Not_Target,Not_Target
ebra11011.t1,Myosin_3,Myosin_4,Myosin_5
ebra11012.t1,Not_Target,Not_Target,Not_Target
ebra11013.t1,Not_Target,Not_Target,Not_Target
ebra11014.t1,Myosin_6,Myosin_1,Myosin_57
ebra17001.t1,Not_Target,Not_Target,Not_Target
ebra17002.t1,Not_Target,Not_Target,Not_Target
ebra17003.t1,Not_Target,Not_Target,Not_Target
ebra17004.t1,Not_Target,Not_Target,Not_Target
ebra17005.t1,Not_Target,Not_Target,Not_Target
ebra17006.t1,Not_Target,Not_Target,Not_Target
ebra12226.t1,Not_Target,Not_Target,Myosin_4
ebra12227.t1,Not_Target,Not_Target,Not_Target
ebra12228.t1,Myosin_15,Myosin_3,Myosin_15
ebra12229.t1,Myosin_1,Not_Target,Myosin_37
ebra5837.t1,Myosin_15,Not_Target,Not_Target
ebra5838.t1,Not_Target,Not_Target,Not_Target
ebra5839.t1,Myosin_15,Myosin_9,Myosin_15
ebra5840.t1,Not_Target,Not_Target,Not_Target
ebra14073.t1,Not_Target,Not_Target,Not_Target
ebra14074.t1,Not_Target,Not_Target,Myosin_1
ebra14075.t1,Not_Target,Not_Target,Not_Target
ebra14076.t1,Myosin_17,Myosin_17,Not_Target
ebra14077.t1,Myosin_1,Myosin_1,Not_Target
ebra4128.t1,Not_Target,Myosin_36,Not_Target
ebra4129.t1,Not_Target,Not_Target,Not_Target
ebra4130.t1,Not_Target,Not_Target,Not_Target
ebra4131.t1,Not_Target,Not_Target,Not_Target
ebra4132.t1,Not_Target,Not_Target,Not_Target
ebra4133.t1,Not_Target,Not_Target,Not_Target
ebra4134.t1,Not_Target,Myosin_5,Not_Target
ebra4135.t1,Not_Target,Myosin_19,Not_Target
ebra4136.t1,Not_Target,Not_Target,Myosin_1
ebra18129.t1,Not_Target,Not_Target,Not_Target
ebra18130.t1,Not_Target,Not_Target,Myosin_57
ebra18131.t1,Not_Target,Not_Target,Not_Target
ebra18132.t1,Not_Target,Not_Target,Not_Target
ebra18133.t1,Not_Target,Not_Target,Not_Target
ebra18134.t1,Not_Target,Not_Target,Not_Target
ebra18135.t1,Not_Target,Not_Target,Not_Target
ebra18136.t1,Not_Target,Not_Target,Not_Target
ebra11096.t1,Myosin_5,Myosin_5,Myosin_37
ebra11097.t1,Not_Target,Not_Target,Not_Target
ebra11098.t1,Not_Target,Myosin_1,Not_Target
ebra11099.t1,Not_Target,Not_Target,Not_Target
ebra11100.t1,Not_Target,Not_Target,Not_Target
ebra11101.t1,Myosin_1,Not_Target,Myosin_1
ebra17542.t1,Not_Target,Not_Target,Not_Target
ebra17543.t1,Myosin_37,Myosin_37,Myosin_5
ebra17544.t1,Not_Target,Not_Target,Not_Target
ebra17545.t1,Not_Target,Not_Target,Not_Target
ebra17546.t1,Not_Target,Not_Target,Not_Target
ebra17547.t1,Not_Target,Not_Target,Myosin_5
ebra9521.t1,Not_Target,Not_Target,Not_Target
ebra9522.t1,Not_Target,Not_Target,Not_Target
ebra9523.t1,Myosin_71,Not_Target,Myosin_11
ebra9524.t1,Not_Target,Not_Target,Not_Target
ebra9525.t1,Not_Target,Not_Target,Not_Target
ebra16056.t1,Myosin_6,Not_Target,Myosin_73
ebra16057.t1,Not_Target,Myosin_26,Myosin_51
ebra19054.t1,Myosin_81,Myosin_4,Not_Target
ebra19055.t1,Not_Target,Not_Target,Myosin_1
ebra19056.t1,Not_Target,Myosin_5,Myosin_57
ebra19057.t1,Not_Target,Not_Target,Not_Target
ebra19058.t1,Not_Target,Not_Target,Not_Target
ebra19059.t1,Not_Target,Not_Target,Myosin_2
ebra19060.t1,Not_Target,Not_Target,Myosin_4
ebra20456.t1,Not_Target,Not_Target,Myosin_5
ebra20457.t1,Not_Target,Not_Target,Not_Target
ebra20458.t1,Myosin_37,Myosin_37,Not_Target
ebra20459.t1,Not_Target,Myosin_1,Not_Target
ebra20460.t1,Not_Target,Not_Target,Not_Target
ebra20461.t1,Not_Target,Not_Target,Not_Target
ebra20462.t1,Not_Target,Not_Target,Not_Target
ebra335.t1,Not_Target,Not_Target,Not_Target
ebra336.t1,Not_Target,Not_Target,Not_Target
ebra337.t1,Not_Target,Not_Target,Not_Target
ebra338.t1,Myosin_37,Myosin_1,Myosin_37
ebra339.t1,Not_Target,Not_Target,Myosin_14
ebra1962.t1,Not_Target,Not_Target,Myosin_2
ebra1963.t1,Not_Target,Not_Target,Not_Target
ebra1964.t1,Not_Target,Not_Target,Not_Target
ebra1965.t1,Not_Target,Not_Target,Not_Target
ebra1966.t1,Myosin_18,Myosin_16,Myosin_27
ebra1967.t1,Not_Target,Not_Target,Not_Target
ebra1968.t1,Not_Target,Not_Target,Not_Target
ebra1969.t1,Not_Target,Not_Target,Myosin_27
ebra16859.t1,Myosin_23,Not_Target,Myosin_2
ebra16860.t1,Not_Target,Not_Target,Not_Target
ebra16861.t1,Not_Target,Not_Target,Not_Target
ebra3974.t1,Myosin_51,Myosin_43,Not_Target
ebra3975.t1,Not_Target,Not_Target,Not_Target
ebra3976.t1,Myosin_2,Myosin_2,Not_Target
ebra1622.t1,Not_Target,Not_Target,Not_Target
ebra1623.t1,Not_Target,Not_Target,Not_Target
ebra1624.t1,Not_Target,Not_Target,Not_Target
ebra1625.t1,Not_Target,Not_Target,Not_Target
ebra1626.t1,Not_Target,Not_Target,Not_Target
ebra18953.t1,Myosin_45,Myosin_18,Not_Target
ebra18954.t1,Not_Target,Not_Target,Not_Target
ebra18955.t1,Not_Target,Not_Target,Not_Target
ebra18956.t1,Not_Target,Not_Target,Not_Target
ebra18957.t1,Not_Target,Not_Target,Not_Target
ebra19696.t1,Myosin_18,Myosin_18,Not_Target
ebra19697.t1,Not_Target,Myosin_1,Myosin_1
ebra19698.t1,Myosin_3,Myosin_3,Not_Target
ebra19699.t1,Not_Target,Myosin_29,Myosin_71
ebra19700.t1,Not_Target,Not_Target,Myosin_3
ebra19804.t1,Not_Target,Myosin_26,Not_Target
ebra19805.t1,Not_Target,Not_Target,Not_Target
ebra19806.t1,Not_Target,Not_Target,Not_Target
ebra19807.t1,Myosin_23,Not_Target,Not_Target
ebra19808.t1,Not_Target,Not_Target,Not_Target
ebra19809.t1,Not_Target,Not_Target,Not_Target
ebra15258.t1,Myosin_30,Myosin_36,Myosin_18
ebra17077.t1,Myosin_2,Myosin_18,Myosin_2
ebra13459.t1,Myosin_57,Not_Target,Not_Target
ebra13460.t1,Myosin_16,Not_Target,Myosin_4
ebra13461.t1,Not_Target,Not_Target,Myosin_4
ebra13037.t1,Not_Target,Not_Target,Not_Target
ebra13038.t1,Not_Target,Not_Target,Not_Target
ebra19209.t1,Myosin_30,Not_Target,Myosin_4
ebra19210.t1,Not_Target,Not_Target,Not_Target
ebra19211.t1,Not_Target,Not_Target,Not_Target
ebra19212.t1,Not_Target,Not_Target,Not_Target
ebra19213.t1,Myosin_23,Myosin_1,Myosin_2
ebra12188.t1,Myosin_4,Myosin_15,Myosin_2
ebra12189.t1,Not_Target,Not_Target,Not_Target
ebra12190.t1,Not_Target,Myosin_57,Myosin_73
ebra18397.t1,Not_Target,Not_Target,Not_Target
ebra18398.t1,Myosin_6,Not_Target,Myosin_3
ebra18399.t1,Not_Target,Not_Target,Not_Target
ebra20098.t1,Myosin_19,Myosin_19,Not_Target
ebra20099.t1,Not_Target,Not_Target,Not_Target
ebra20100.t1,Not_Target,Not_Target,Not_Target
ebra20101.t1,Not_Target,Myosin_6,Not_Target
ebra20102.t1,Not_Target,Myosin_1,Not_Target
ebra20103.t1,Not_Target,Not_Target,Not_Target
ebra11439.t1,Not_Target,Not_Target,Myosin_1
ebra11440.t1,Not_Target,Myosin_19,Myosin_26
ebra11441.t1,Not_Target,Not_Target,Not_Target
ebra11442.t1,Not_Target,Myosin_51,Not_Target
ebra15881.t1,Not_Target,Not_Target,Not_Target
ebra15882.t1,Myosin_1,Myosin_5,Myosin_1
ebra15883.t1,Not_Target,Not_Target,Not_Target
ebra15884.t1,Not_Target,Not_Target,Myosin_6
ebra15885.t1,Myosin_18,Myosin_3,Myosin_24
ebra17230.t1,Not_Target,Myosin_1,Myosin_1
ebra17231.t1,Myosin_2,Not_Target,Not_Target
ebra17232.t1,Not_Target,Not_Target,Not_Target
ebra9161.t1,Myosin_2,Not_Target,Not_Target
ebra9162.t1,Not_Target,Not_Target,Myosin_20
ebra9163.t1,Not_Target,Myosin_18,Myosin_1
ebra9164.t1,Myosin_1,Myosin_1,Not_Target
ebra9165.t1,Not_Target,Not_Target,Not_Target
ebra9166.t1,Not_Target,Not_Target,Not_Target
ebra9167.t1,Myosin_1,Myosin_1,Not_Target
ebra11860.t1,Not_Target,Not_Target,Not_Target
ebra11861.t1,Not_Target,Not_Target,Not_Target
ebra11862.t1,Not_Target,Myosin_22,Not_Target
ebra11863.t1,Myosin_2,Not_Target,Myosin_2
ebra11864.t1,Not_Target,Not_Target,Not_Target
ebra6397.t1,Not_Target,Not_Target,Not_Target
ebra6398.t1,Not_Target,Myosin_11,Myosin_20
ebra6399.t1,Not_Target,Not_Target,Myosin_66
ebra6400.t1,Not_Target,Not_Target,Not_Target
ebra6401.t1,Not_Target,Not_Target,Not_Target
ebra6402.t1,Not_Target,Not_Target,Not_Target
ebra6403.t1,Not_Target,Not_Target,Not_Target
ebra7430.t1,Not_Target,Not_Target,Not_Target
ebra7431.t1,Not_Target,Myosin_6,Myosin_8
ebra7432.t1,Not_Target,Myosin_17,Myosin_17
ebra7433.t1,Not_Target,Not_Target,Not_Target
ebra7434.t1,Not_Target,Not_Target,Not_Target
ebra17235.t1,Not_Target,Not_Target,Not_Target
ebra17236.t1,Myosin_45,Myosin_57,Myosin_8
ebra17237.t1,Not_Target,Not_Target,Not_Target
ebra17238.t1,Not_Target,Myosin_17,Not_Target
ebra17239.t1,Not_Target,Myosin_19,Not_Target
ebra17240.t1,Not_Target,Not_Target,Not_Target
ebra17241.t1,Myosin_37,Myosin_1,Myosin_57
ebra18767.t1,Not_Target,Not_Target,Not_Target
ebra18768.t1,Not_Target,Not_Target,Not_Target
ebra18769.t1,Not_Target,Not_Target,Myosin_19
ebra18770.t1,Not_Target,Not_Target,Not_Target
ebra18771.t1,Not_Target,Not_Target,Not_Target
ebra18772.t1,Not_Target,Not_Target,Not_Target
ebra18773.t1,Not_Target,Myosin_1,Not_Target
ebra18774.t1,Not_Target,Not_Target,Not_Target
ebra15896.t1,Myosin_45,Myosin_45,Myosin_39
ebra15897.t1,Not_Target,Not_Target,Not_Target
ebra15898.t1,Not_Target,Not_Target,Not_Target
ebra15899.t1,Not_Target,Not_Target,Not_Target
ebra557.t1,Not_Target,Not_Target,Not_Target
ebra558.t1,Not_Target,Not_Target,Not_Target
ebra559.t1,Not_Target,Not_Target,Not_Target
ebra560.t1,Not_Target,Not_Target,Myosin_1
ebra561.t1,Not_Target,Not_Target,Not_Target
ebra562.t1,Not_Target,Not_Target,Not_Target
ebra563.t1,Not_Target,Not_Target,Not_Target
ebra564.t1,Not_Target,Not_Target,Not_Target
ebra565.t1,Myosin_1,Not_Target,Not_Target
ebra2689.t1,Not_Target,Not_Target,Not_Target
ebra2690.t1,Not_Target,Not_Target,Not_Target
ebra2691.t1,Not_Target,Not_Target,Not_Target
ebra2692.t1,Myosin_30,Not_Target,Myosin_7
ebra2693.t1,Not_Target,Myosin_19,Not_Target
ebra2694.t1,Not_Target,Not_Target,Not_Target
ebra2695.t1,Myosin_37,Not_Target,Myosin_23
ebra2696.t1,Myosin_19,Myosin_19,Not_Target
ebra12265.t1,Myosin_5,Myosin_4,Myosin_1
ebra12266.t1,Myosin_5,Myosin_1,Myosin_1
ebra12267.t1,Not_Target,Not_Target,Not_Target
ebra12268.t1,Not_Target,Not_Target,Not_Target
ebra21099.t1,Myosin_19,Not_Target,Not_Target
ebra21100.t1,Myosin_22,Myosin_22,Not_Target
ebra21101.t1,Not_Target,Not_Target,Not_Target
ebra21102.t1,Not_Target,Not_Target,Not_Target
ebra21103.t1,Not_Target,Not_Target,Not_Target
ebra15402.t1,Myosin_5,Myosin_5,Myosin_5
ebra15403.t1,Not_Target,Not_Target,Not_Target
ebra15404.t1,Not_Target,Not_Target,Not_Target
ebra15405.t1,Not_Target,Not_Target,Not_Target
ebra15406.t1,Not_Target,Not_Target,Myosin_19
ebra15407.t1,Not_Target,Not_Target,Not_Target
ebra15408.t1,Not_Target,Not_Target,Not_Target
ebra15409.t1,Not_Target,Not_Target,Not_Target
ebra20491.t1,Not_Target,Myosin_57,Not_Target
ebra20492.t1,Not_Target,Not_Target,Not_Target
ebra20493.t1,Not_Target,Not_Target,Not_Target
ebra20494.t1,Myosin_36,Not_Target,Myosin_22
ebra20495.t1,Not_Target,Not_Target,Not_Target
ebra20496.t1,Not_Target,Not_Target,Not_Target
ebra5896.t1,Myosin_31,Myosin_57,Not_Target
ebra5897.t1,Not_Target,Not_Target,Not_Target
ebra5898.t1,Not_Target,Not_Target,Not_Target
ebra5899.t1,Not_Target,Not_Target,Not_Target
ebra19968.t1,Myosin_3,Myosin_16,Myosin_3
ebra19969.t1,Myosin_71,Not_Target,Not_Target
ebra19970.t1,Myosin_3,Myosin_16,Myosin_3
ebra3233.t1,Not_Target,Not_Target,Not_Target
ebra3234.t1,Myosin_2,Myosin_6,Myosin_1
ebra3235.t1,Myosin_2,Myosin_6,Myosin_1
ebra3236.t1,Not_Target,Not_Target,Not_Target
ebra3237.t1,Not_Target,Not_Target,Not_Target
ebra9728.t1,Myosin_27,Myosin_27,Myosin_9
ebra9729.t1,Myosin_22,Not_Target,Not_Target
ebra9730.t1,Not_Target,Not_Target,Not_Target
ebra9731.t1,Not_Target,Not_Target,Myosin_1
ebra9732.t1,Myosin_5,Myosin_5,Myosin_5
ebra9733.t1,Myosin_19,Myosin_19,Not_Target
ebra7507.t1,Not_Target,Not_Target,Not_Target
ebra7508.t1,Not_Target,Not_Target,Not_Target
ebra7509.t1,Not_Target,Myosin_17,Not_Target
ebra7510.t1,Not_Target,Not_Target,Myosin_8
ebra7511.t1,Not_Target,Not_Target,Myosin_14
ebra7512.t1,Not_Target,Not_Target,Not_Target
ebra18941.t1,Not_Target,Not_Target,Not_Target
ebra18942.t1,Myosin_3,Not_Target,Not_Target
ebra18943.t1,Not_Target,Not_Target,Not_Target
ebra18944.t1,Not_Target,Not_Target,Not_Target
ebra18945.t1,Not_Target,Not_Target,Not_Target
ebra18946.t1,Not_Target,Myosin_66,Not_Target
ebra18947.t1,Not_Target,Not_Target,Not_Target
ebra18948.t1,Not_Target,Not_Target,Not_Target
ebra18949.t1,Not_Target,Not_Target,Not_Target
ebra803.t1,Not_Target,Not_Target,Not_Target
ebra804.t1,Not_Target,Not_Target,Not_Target
ebra805.t1,Not_Target,Not_Target,Not_Target
ebra806.t1,Not_Target,Myosin_19,Not_Target
ebra807.t1,Not_Target,Not_Target,Not_Target
ebra808.t1,Not_Target,Not_Target,Not_Target
ebra809.t1,Not_Target,Myosin_1,Myosin_59
ebra12850.t1,Myosin_2,Not_Target,Not_Target
ebra12851.t1,Not_Target,Not_Target,Not_Target
ebra12852.t1,Not_Target,Not_Target,Not_Target
ebra12853.t1,Myosin_37,Myosin_6,Myosin_2
ebra12854.t1,Not_Target,Not_Target,Not_Target
ebra12855.t1,Myosin_37,Myosin_1,Not_Target
ebra12856.t1,Not_Target,Not_Target,Not_Target
ebra20198.t1,Not_Target,Not_Target,Not_Target
ebra20199.t1,Not_Target,Not_Target,Myosin_20
ebra20200.t1,Not_Target,Not_Target,Not_Target
ebra20201.t1,Not_Target,Not_Target,Not_Target
ebra20202.t1,Myosin_45,Not_Target,Myosin_1
ebra20203.t1,Not_Target,Not_Target,Not_Target
ebra20204.t1,Not_Target,Not_Target,Not_Target
ebra20205.t1,Not_Target,Not_Target,Not_Target
ebra4248.t1,Not_Target,Myosin_57,Not_Target
ebra4249.t1,Myosin_45,Not_Target,Not_Target
ebra4250.t1,Myosin_45,Not_Target,Not_Target
ebra4251.t1,Not_Target,Not_Target,Not_Target
ebra5139.t1,Not_Target,Not_Target,Myosin_3
ebra5140.t1,Not_Target,Myosin_5,Not_Target
ebra5141.t1,Not_Target,Not_Target,Not_Target
ebra12411.t1,Not_Target,Not_Target,Not_Target
ebra12412.t1,Myosin_45,Myosin_5,Not_Target
ebra12413.t1,Not_Target,Not_Target,Not_Target
ebra2447.t1,Not_Target,Not_Target,Not_Target
ebra2448.t1,Not_Target,Not_Target,Not_Target
ebra2449.t1,Not_Target,Myosin_17,Myosin_23
ebra2450.t1,Myosin_15,Not_Target,Myosin_22
ebra16375.t1,Myosin_17,Not_Target,Not_Target
ebra16376.t1,Not_Target,Not_Target,Myosin_20
ebra16377.t1,Not_Target,Not_Target,Not_Target
ebra16378.t1,Myosin_1,Not_Target,Not_Target
ebra16379.t1,Myosin_4,Myosin_4,Myosin_4
ebra16380.t1,Not_Target,Not_Target,Not_Target
ebra2252.t1,Not_Target,Not_Target,Not_Target
ebra2253.t1,Not_Target,Not_Target,Myosin_20
ebra2254.t1,Not_Target,Not_Target,Not_Target
ebra8996.t1,Myosin_71,Myosin_16,Not_Target
ebra8997.t1,Myosin_71,Myosin_16,Not_Target
ebra340.t1,Not_Target,Myosin_6,Not_Target
ebra341.t1,Myosin_73,Myosin_5,Not_Target
ebra342.t1,Not_Target,Not_Target,Not_Target
ebra343.t1,Not_Target,Not_Target,Not_Target
ebra344.t1,Not_Target,Not_Target,Not_Target
ebra2468.t1,Not_Target,Not_Target,Not_Target
ebra2469.t1,Not_Target,Myosin_22,Myosin_4
ebra2470.t1,Myosin_22,Not_Target,Myosin_2
ebra2471.t1,Not_Target,Not_Target,Myosin_43
ebra2472.t1,Not_Target,Not_Target,Not_Target
ebra16539.t1,Not_Target,Not_Target,Myosin_8
ebra16540.t1,Not_Target,Not_Target,Not_Target
ebra16541.t1,Myosin_19,Not_Target,Not_Target
ebra16542.t1,Not_Target,Not_Target,Not_Target
ebra13661.t1,Myosin_57,Not_Target,Not_Target
ebra13662.t1,Myosin_2,Myosin_2,Myosin_2
ebra13663.t1,Not_Target,Not_Target,Not_Target
ebra13664.t1,Not_Target,Not_Target,Not_Target
ebra13665.t1,Myosin_2,Myosin_2,Myosin_2
ebra13666.t1,Myosin_27,Not_Target,Not_Target
ebra13667.t1,Not_Target,Not_Target,Not_Target
ebra13668.t1,Not_Target,Not_Target,Myosin_1
ebra19765.t1,Not_Target,Not_Target,Not_Target
ebra19766.t1,Not_Target,Not_Target,Not_Target
ebra19767.t1,Not_Target,Not_Target,Not_Target
ebra19768.t1,Not_Target,Not_Target,Not_Target
ebra19769.t1,Not_Target,Not_Target,Not_Target
ebra19770.t1,Not_Target,Not_Target,Myosin_22
ebra19771.t1,Not_Target,Not_Target,Not_Target
ebra5865.t1,Myosin_45,Myosin_26,Not_Target
ebra5866.t1,Myosin_15,Myosin_15,Myosin_4
ebra16368.t1,Not_Target,Not_Target,Not_Target
ebra16369.t1,Not_Target,Not_Target,Myosin_43
ebra16370.t1,Myosin_45,Not_Target,Not_Target
ebra16371.t1,Myosin_1,Myosin_1,Myosin_1
ebra20780.t1,Not_Target,Not_Target,Not_Target
ebra20781.t1,Myosin_51,Not_Target,Myosin_2
ebra20782.t1,Not_Target,Not_Target,Not_Target
ebra20783.t1,Not_Target,Myosin_1,Not_Target
ebra20784.t1,Not_Target,Not_Target,Not_Target
ebra20785.t1,Not_Target,Not_Target,Not_Target
ebra3625.t1,Not_Target,Not_Target,Not_Target
ebra3626.t1,Myosin_3,Myosin_6,Myosin_2
ebra3627.t1,Not_Target,Not_Target,Not_Target
ebra3628.t1,Myosin_44,Myosin_45,Myosin_9
ebra3629.t1,Not_Target,Not_Target,Not_Target
ebra9208.t1,Not_Target,Not_Target,Not_Target
ebra9209.t1,Not_Target,Not_Target,Not_Target
ebra9210.t1,Not_Target,Not_Target,Myosin_51
ebra9211.t1,Not_Target,Not_Target,Not_Target
ebra9212.t1,Myosin_57,Not_Target,Myosin_57
ebra19873.t1,Not_Target,Myosin_26,Not_Target
ebra19874.t1,Not_Target,Not_Target,Not_Target
ebra19875.t1,Not_Target,Not_Target,Myosin_1
ebra19876.t1,Not_Target,Not_Target,Not_Target
ebra19877.t1,Not_Target,Not_Target,Not_Target
ebra17113.t1,Not_Target,Not_Target,Not_Target
ebra17114.t1,Not_Target,Not_Target,Not_Target
ebra17115.t1,Not_Target,Myosin_57,Not_Target
ebra17116.t1,Not_Target,Myosin_1,Not_Target
ebra17117.t1,Not_Target,Myosin_1,Not_Target
ebra17118.t1,Not_Target,Myosin_57,Not_Target
ebra19811.t1,Not_Target,Not_Target,Not_Target
ebra19812.t1,Myosin_19,Myosin_19,Myosin_9
ebra21300.t1,Not_Target,Not_Target,Not_Target
ebra21301.t1,Not_Target,Not_Target,Not_Target
ebra21302.t1,Not_Target,Not_Target,Myosin_8
ebra21303.t1,Not_Target,Not_Target,Not_Target
ebra21304.t1,Not_Target,Not_Target,Not_Target
ebra15434.t1,Myosin_30,Not_Target,Myosin_31
ebra15435.t1,Not_Target,Myosin_36,Myosin_36
ebra15436.t1,Not_Target,Myosin_36,Myosin_36
ebra15199.t1,Not_Target,Not_Target,Not_Target
ebra15200.t1,Myosin_45,Not_Target,Not_Target
ebra15201.t1,Myosin_45,Not_Target,Not_Target
ebra21563.t1,Myosin_4,Myosin_5,Myosin_68
ebra21564.t1,Not_Target,Not_Target,Not_Target
ebra4487.t1,Not_Target,Not_Target,Not_Target
ebra4488.t1,Not_Target,Not_Target,Not_Target
ebra4489.t1,Not_Target,Not_Target,Myosin_18
ebra4490.t1,Not_Target,Myosin_1,Not_Target
ebra4491.t1,Not_Target,Myosin_1,Myosin_10
ebra4492.t1,Not_Target,Not_Target,Not_Target
ebra4493.t1,Not_Target,Not_Target,Not_Target
ebra20734.t1,Not_Target,Not_Target,Not_Target
ebra20735.t1,Not_Target,Not_Target,Not_Target
ebra20736.t1,Not_Target,Not_Target,Not_Target
ebra20737.t1,Not_Target,Not_Target,Not_Target
ebra20738.t1,Not_Target,Myosin_5,Not_Target
ebra20739.t1,Not_Target,Myosin_5,Not_Target
ebra20740.t1,Not_Target,Not_Target,Not_Target
ebra20741.t1,Not_Target,Not_Target,Not_Target
ebra14025.t1,Not_Target,Not_Target,Not_Target
ebra14026.t1,Not_Target,Myosin_81,Not_Target
ebra14027.t1,Myosin_2,Myosin_5,Myosin_8
ebra14028.t1,Not_Target,Not_Target,Not_Target
ebra14029.t1,Not_Target,Not_Target,Not_Target
ebra14030.t1,Not_Target,Not_Target,Not_Target
ebra14031.t1,Not_Target,Not_Target,Not_Target
ebra15272.t1,Not_Target,Not_Target,Myosin_8
ebra15273.t1,Not_Target,Not_Target,Not_Target
ebra15274.t1,Not_Target,Myosin_4,Not_Target
ebra15275.t1,Not_Target,Not_Target,Not_Target
ebra18280.t1,Not_Target,Not_Target,Myosin_36
ebra18281.t1,Not_Target,Not_Target,Not_Target
ebra18282.t1,Not_Target,Not_Target,Not_Target
ebra7166.t1,Not_Target,Not_Target,Not_Target
ebra7167.t1,Not_Target,Not_Target,Not_Target
ebra7168.t1,Myosin_19,Myosin_19,Myosin_11
ebra11695.t1,Not_Target,Myosin_5,Not_Target
ebra11696.t1,Not_Target,Not_Target,Not_Target
ebra11697.t1,Not_Target,Myosin_14,Not_Target
ebra11698.t1,Not_Target,Not_Target,Not_Target
ebra5629.t1,Not_Target,Not_Target,Not_Target
ebra4627.t1,Not_Target,Not_Target,Not_Target
ebra4628.t1,Not_Target,Not_Target,Not_Target
ebra4629.t1,Not_Target,Not_Target,Not_Target
ebra4630.t1,Not_Target,Not_Target,Not_Target
ebra4631.t1,Myosin_37,Myosin_57,Not_Target
ebra20923.t1,Not_Target,Not_Target,Not_Target
ebra20924.t1,Not_Target,Not_Target,Not_Target
ebra20925.t1,Not_Target,Not_Target,Not_Target
ebra20926.t1,Myosin_45,Not_Target,Myosin_71
ebra20927.t1,Not_Target,Not_Target,Not_Target
ebra20928.t1,Not_Target,Not_Target,Not_Target
ebra20929.t1,Not_Target,Not_Target,Not_Target
ebra10048.t1,Not_Target,Myosin_2,Myosin_2
ebra10049.t1,Myosin_16,Myosin_3,Myosin_18
ebra10050.t1,Not_Target,Not_Target,Not_Target
ebra10051.t1,Not_Target,Not_Target,Not_Target
ebra10052.t1,Myosin_37,Not_Target,Not_Target
ebra10053.t1,Myosin_8,Not_Target,Myosin_8
ebra3570.t1,Not_Target,Myosin_22,Not_Target
ebra3571.t1,Not_Target,Myosin_18,Myosin_36
ebra3572.t1,Myosin_5,Myosin_5,Myosin_8
ebra3573.t1,Not_Target,Not_Target,Myosin_6
ebra14994.t1,Not_Target,Not_Target,Not_Target
ebra14995.t1,Myosin_31,Not_Target,Not_Target
ebra14996.t1,Not_Target,Not_Target,Not_Target
ebra14997.t1,Not_Target,Not_Target,Not_Target
ebra14998.t1,Not_Target,Not_Target,Not_Target
ebra14999.t1,Not_Target,Not_Target,Not_Target
ebra15000.t1,Myosin_18,Myosin_18,Myosin_5
ebra15001.t1,Not_Target,Not_Target,Not_Target
ebra17040.t1,Not_Target,Not_Target,Not_Target
ebra17041.t1,Not_Target,Not_Target,Not_Target
ebra17042.t1,Not_Target,Not_Target,Not_Target
ebra17043.t1,Not_Target,Not_Target,Not_Target
ebra17044.t1,Myosin_2,Not_Target,Myosin_2
ebra2535.t1,Not_Target,Not_Target,Not_Target
ebra2536.t1,Not_Target,Not_Target,Not_Target
ebra2537.t1,Not_Target,Not_Target,Not_Target
ebra2538.t1,Not_Target,Not_Target,Not_Target
ebra2334.t1,Not_Target,Not_Target,Not_Target
ebra2335.t1,Not_Target,Not_Target,Not_Target
ebra2336.t1,Myosin_26,Myosin_57,Not_Target
ebra2337.t1,Not_Target,Not_Target,Not_Target
ebra2338.t1,Not_Target,Not_Target,Not_Target
ebra2339.t1,Not_Target,Not_Target,Not_Target
ebra2340.t1,Not_Target,Not_Target,Not_Target
ebra2341.t1,Myosin_26,Myosin_57,Not_Target
ebra2342.t1,Not_Target,Not_Target,Not_Target
ebra2343.t1,Not_Target,Not_Target,Not_Target
ebra2735.t1,Not_Target,Not_Target,Not_Target
ebra2736.t1,Not_Target,Not_Target,Not_Target
ebra2737.t1,Not_Target,Not_Target,Not_Target
ebra2738.t1,Not_Target,Myosin_2,Not_Target
ebra2739.t1,Not_Target,Not_Target,Not_Target
ebra2740.t1,Not_Target,Not_Target,Not_Target
ebra16548.t1,Not_Target,Not_Target,Not_Target
ebra16549.t1,Not_Target,Not_Target,Not_Target
ebra16550.t1,Not_Target,Myosin_5,Not_Target
ebra16551.t1,Not_Target,Not_Target,Not_Target
ebra16552.t1,Not_Target,Not_Target,Not_Target
ebra16553.t1,Not_Target,Not_Target,Not_Target
ebra4609.t1,Not_Target,Not_Target,Not_Target
ebra4610.t1,Not_Target,Not_Target,Not_Target
ebra4611.t1,Not_Target,Myosin_1,Not_Target
ebra4612.t1,Not_Target,Myosin_22,Not_Target
ebra4613.t1,Not_Target,Not_Target,Not_Target
ebra4614.t1,Not_Target,Myosin_2,Not_Target
ebra4570.t1,Not_Target,Not_Target,Not_Target
ebra4571.t1,Not_Target,Not_Target,Myosin_2
ebra4572.t1,Myosin_15,Myosin_15,Myosin_5
ebra4573.t1,Not_Target,Myosin_45,Not_Target
ebra10718.t1,Not_Target,Not_Target,Not_Target
ebra10719.t1,Not_Target,Not_Target,Not_Target
ebra10720.t1,Not_Target,Not_Target,Not_Target
ebra10721.t1,Not_Target,Not_Target,Not_Target
ebra10722.t1,Not_Target,Not_Target,Not_Target
ebra18893.t1,Not_Target,Not_Target,Not_Target
ebra18894.t1,Myosin_15,Myosin_15,Myosin_15
ebra18895.t1,Not_Target,Myosin_2,Not_Target
ebra18896.t1,Myosin_19,Myosin_7,Myosin_2
ebra3133.t1,Not_Target,Not_Target,Not_Target
ebra3134.t1,Myosin_45,Myosin_24,Myosin_26
ebra3135.t1,Not_Target,Myosin_19,Not_Target
ebra3136.t1,Myosin_57,Myosin_37,Myosin_2
ebra3137.t1,Not_Target,Myosin_1,Not_Target
ebra10506.t1,Not_Target,Not_Target,Not_Target
ebra10507.t1,Not_Target,Not_Target,Not_Target
ebra10508.t1,Not_Target,Not_Target,Not_Target
ebra10509.t1,Not_Target,Myosin_10,Not_Target
ebra10510.t1,Not_Target,Not_Target,Not_Target
ebra10511.t1,Not_Target,Not_Target,Myosin_24
ebra10512.t1,Myosin_81,Myosin_57,Not_Target
ebra10513.t1,Not_Target,Myosin_1,Not_Target
ebra3496.t1,Not_Target,Not_Target,Myosin_2
ebra3497.t1,Not_Target,Myosin_19,Not_Target
ebra3498.t1,Not_Target,Not_Target,Not_Target
ebra3499.t1,Not_Target,Not_Target,Not_Target
ebra3500.t1,Not_Target,Not_Target,Not_Target
ebra3501.t1,Not_Target,Not_Target,Not_Target
ebra3502.t1,Not_Target,Not_Target,Not_Target
ebra3503.t1,Not_Target,Not_Target,Myosin_8
ebra3504.t1,Not_Target,Not_Target,Not_Target
ebra3505.t1,Not_Target,Not_Target,Not_Target
ebra17400.t1,Not_Target,Not_Target,Not_Target
ebra17401.t1,Not_Target,Not_Target,Not_Target
ebra17402.t1,Myosin_6,Not_Target,Not_Target
ebra18873.t1,Not_Target,Not_Target,Not_Target
ebra18874.t1,Myosin_5,Myosin_5,Myosin_5
ebra10739.t1,Not_Target,Not_Target,Not_Target
ebra10740.t1,Not_Target,Not_Target,Not_Target
ebra10741.t1,Myosin_2,Myosin_2,Not_Target
ebra10742.t1,Myosin_2,Not_Target,Not_Target
ebra10743.t1,Not_Target,Myosin_57,Not_Target
ebra10744.t1,Not_Target,Myosin_57,Not_Target
ebra10745.t1,Not_Target,Myosin_28,Myosin_23
ebra10746.t1,Not_Target,Not_Target,Not_Target
ebra9687.t1,Myosin_71,Not_Target,Myosin_14
ebra9688.t1,Not_Target,Actin,Not_Target
ebra9689.t1,Not_Target,Actin,Not_Target
ebra11481.t1,Not_Target,Myosin_28,Not_Target
ebra11482.t1,Myosin_31,Not_Target,Not_Target
ebra14740.t1,Not_Target,Myosin_31,Not_Target
ebra14741.t1,Myosin_18,Not_Target,Myosin_18
ebra5578.t1,Not_Target,Not_Target,Not_Target
ebra5579.t1,Myosin_1,Myosin_37,Myosin_71
ebra5580.t1,Myosin_2,Myosin_2,Myosin_2
ebra5581.t1,Not_Target,Not_Target,Not_Target
ebra5582.t1,Not_Target,Not_Target,Myosin_8
ebra12775.t1,Not_Target,Myosin_1,Not_Target
ebra12776.t1,Not_Target,Not_Target,Not_Target
ebra12777.t1,Not_Target,Not_Target,Not_Target
ebra12778.t1,Not_Target,Not_Target,Not_Target
ebra12779.t1,Not_Target,Not_Target,Not_Target
ebra12780.t1,Not_Target,Myosin_19,Not_Target
ebra12781.t1,Not_Target,Not_Target,Not_Target
ebra12782.t1,Not_Target,Not_Target,Not_Target
ebra3528.t1,Not_Target,Myosin_43,Not_Target
ebra3529.t1,Myosin_18,Myosin_18,Myosin_5
ebra3530.t1,Not_Target,Myosin_57,Not_Target
ebra3531.t1,Not_Target,Not_Target,Not_Target
ebra3532.t1,Not_Target,Myosin_5,Not_Target
ebra3533.t1,Not_Target,Not_Target,Not_Target
ebra14271.t1,Myosin_17,Not_Target,Not_Target
ebra14272.t1,Myosin_20,Not_Target,Not_Target
ebra7861.t1,Not_Target,Not_Target,Not_Target
ebra7862.t1,Not_Target,Not_Target,Not_Target
ebra7863.t1,Not_Target,Not_Target,Not_Target
ebra7864.t1,Not_Target,Not_Target,Not_Target
ebra1372.t1,Not_Target,Not_Target,Not_Target
ebra1373.t1,Not_Target,Not_Target,Not_Target
ebra1374.t1,Myosin_18,Not_Target,Not_Target
ebra1375.t1,Not_Target,Not_Target,Not_Target
ebra1376.t1,Not_Target,Not_Target,Myosin_28
ebra1377.t1,Not_Target,Myosin_19,Not_Target
ebra1378.t1,Not_Target,Myosin_19,Not_Target
ebra1379.t1,Not_Target,Not_Target,Not_Target
ebra16391.t1,Not_Target,Not_Target,Not_Target
ebra16392.t1,Myosin_19,Not_Target,Not_Target
ebra16393.t1,Myosin_15,Myosin_3,Myosin_15
ebra16394.t1,Myosin_17,Not_Target,Not_Target
ebra14851.t1,Not_Target,Not_Target,Not_Target
ebra14852.t1,Not_Target,Myosin_57,Not_Target
ebra14853.t1,Myosin_45,Myosin_18,Not_Target
ebra14854.t1,Myosin_3,Not_Target,Not_Target
ebra14855.t1,Not_Target,Myosin_1,Not_Target
ebra12441.t1,Myosin_30,Not_Target,Not_Target
ebra12442.t1,Not_Target,Not_Target,Not_Target
ebra12443.t1,Not_Target,Not_Target,Not_Target
ebra12444.t1,Not_Target,Not_Target,Not_Target
ebra2565.t1,Myosin_19,Myosin_18,Myosin_3
ebra2566.t1,Not_Target,Not_Target,Not_Target
ebra2567.t1,Not_Target,Not_Target,Not_Target
ebra2568.t1,Myosin_45,Not_Target,Myosin_45
ebra9442.t1,Not_Target,Not_Target,Not_Target
ebra9443.t1,Not_Target,Not_Target,Not_Target
ebra9444.t1,Not_Target,Not_Target,Not_Target
ebra9445.t1,Not_Target,Not_Target,Not_Target
ebra601.t1,Myosin_6,Myosin_6,Myosin_5
ebra602.t1,Not_Target,Myosin_5,Not_Target
ebra603.t1,Myosin_5,Myosin_5,Myosin_5
ebra13221.t1,Not_Target,Myosin_57,Not_Target
ebra13222.t1,Not_Target,Not_Target,Not_Target
ebra13223.t1,Myosin_37,Myosin_37,Not_Target
ebra13224.t1,Not_Target,Myosin_19,Not_Target
ebra13225.t1,Not_Target,Not_Target,Not_Target
ebra13226.t1,Not_Target,Myosin_17,Myosin_17
ebra13227.t1,Not_Target,Not_Target,Not_Target
ebra1929.t1,Not_Target,Not_Target,Not_Target
ebra1930.t1,Not_Target,Not_Target,Not_Target
ebra1931.t1,Not_Target,Not_Target,Not_Target
ebra1932.t1,Not_Target,Not_Target,Not_Target
ebra1933.t1,Not_Target,Not_Target,Not_Target
ebra3409.t1,Not_Target,Myosin_77,Myosin_1
ebra1525.t1,Myosin_4,Myosin_4,Myosin_5
ebra1526.t1,Not_Target,Myosin_23,Not_Target
ebra1527.t1,Not_Target,Not_Target,Not_Target
ebra1528.t1,Not_Target,Not_Target,Not_Target
ebra1529.t1,Not_Target,Not_Target,Not_Target
ebra1530.t1,Not_Target,Not_Target,Not_Target
ebra1531.t1,Not_Target,Myosin_23,Not_Target
ebra1532.t1,Myosin_4,Myosin_4,Not_Target
ebra13532.t1,Not_Target,Not_Target,Myosin_1
ebra13533.t1,Myosin_19,Not_Target,Myosin_4
ebra13534.t1,Not_Target,Not_Target,Myosin_2
ebra13535.t1,Not_Target,Not_Target,Not_Target
ebra45.t1,Not_Target,Not_Target,Not_Target
ebra46.t1,Myosin_45,Not_Target,Not_Target
ebra9262.t1,Myosin_45,Myosin_18,Not_Target
ebra9263.t1,Not_Target,Not_Target,Not_Target
ebra9264.t1,Myosin_26,Not_Target,Not_Target
ebra9265.t1,Not_Target,Not_Target,Not_Target
ebra10644.t1,Myosin_15,Myosin_22,Myosin_4
ebra10645.t1,Myosin_19,Myosin_19,Not_Target
ebra10809.t1,Not_Target,Not_Target,Not_Target
ebra10810.t1,Not_Target,Myosin_19,Not_Target
ebra10811.t1,Not_Target,Myosin_19,Not_Target
ebra10812.t1,Not_Target,Not_Target,Not_Target
ebra10813.t1,Not_Target,Not_Target,Not_Target
ebra10814.t1,Not_Target,Myosin_19,Not_Target
ebra10815.t1,Not_Target,Myosin_19,Not_Target
ebra21577.t1,Myosin_19,Myosin_19,Not_Target
ebra21578.t1,Not_Target,Myosin_8,Myosin_7
ebra21579.t1,Myosin_27,Myosin_1,Not_Target
ebra21580.t1,Myosin_5,Myosin_9,Myosin_36
ebra21581.t1,Not_Target,Not_Target,Not_Target
ebra21582.t1,Not_Target,Myosin_5,Myosin_5
ebra6975.t1,Not_Target,Not_Target,Not_Target
ebra20064.t1,Not_Target,Myosin_2,Not_Target
ebra20065.t1,Not_Target,Not_Target,Not_Target
ebra20066.t1,Not_Target,Not_Target,Not_Target
ebra20067.t1,Not_Target,Myosin_5,Not_Target
ebra588.t1,Not_Target,Not_Target,Not_Target
ebra589.t1,Not_Target,Not_Target,Not_Target
ebra590.t1,Not_Target,Not_Target,Not_Target
ebra591.t1,Not_Target,Not_Target,Myosin_1
ebra592.t1,Not_Target,Not_Target,Myosin_8
ebra4794.t1,Not_Target,Not_Target,Not_Target
ebra4795.t1,Not_Target,Not_Target,Myosin_64
ebra4796.t1,Not_Target,Not_Target,Not_Target
ebra4797.t1,Not_Target,Not_Target,Not_Target
ebra21216.t1,Not_Target,Not_Target,Not_Target
ebra21217.t1,Not_Target,Not_Target,Not_Target
ebra21218.t1,Not_Target,Not_Target,Not_Target
ebra21219.t1,Not_Target,Not_Target,Not_Target
ebra21220.t1,Not_Target,Not_Target,Not_Target
ebra19894.t1,Myosin_19,Myosin_19,Myosin_16
ebra19895.t1,Myosin_19,Not_Target,Myosin_36
ebra19896.t1,Myosin_1,Not_Target,Not_Target
ebra19897.t1,Not_Target,Not_Target,Not_Target
ebra19898.t1,Not_Target,Myosin_3,Not_Target
ebra19899.t1,Not_Target,Myosin_1,Not_Target
ebra19900.t1,Myosin_19,Myosin_19,Not_Target
ebra14579.t1,Not_Target,Not_Target,Myosin_5
ebra14580.t1,Not_Target,Not_Target,Not_Target
ebra14581.t1,Not_Target,Not_Target,Not_Target
ebra14582.t1,Not_Target,Not_Target,Not_Target
ebra14583.t1,Not_Target,Not_Target,Not_Target
ebra15067.t1,Not_Target,Not_Target,Not_Target
ebra15068.t1,Not_Target,Not_Target,Not_Target
ebra15069.t1,Not_Target,Myosin_17,Not_Target
ebra15070.t1,Not_Target,Not_Target,Not_Target
ebra15071.t1,Not_Target,Not_Target,Not_Target
ebra15072.t1,Not_Target,Not_Target,Not_Target
ebra1142.t1,Not_Target,Not_Target,Not_Target
ebra1143.t1,Not_Target,Myosin_17,Not_Target
ebra1144.t1,Not_Target,Myosin_17,Not_Target
ebra1145.t1,Not_Target,Not_Target,Not_Target
ebra5496.t1,Not_Target,Myosin_1,Not_Target
ebra5497.t1,Not_Target,Not_Target,Not_Target
ebra5498.t1,Not_Target,Not_Target,Not_Target
ebra5499.t1,Not_Target,Not_Target,Not_Target
ebra5500.t1,Not_Target,Not_Target,Not_Target
ebra5501.t1,Not_Target,Not_Target,Not_Target
ebra21566.t1,Not_Target,Myosin_19,Not_Target
ebra12688.t1,Myosin_3,Myosin_3,Myosin_3
ebra12689.t1,Myosin_2,Not_Target,Myosin_2
ebra12690.t1,Not_Target,Not_Target,Not_Target
ebra12691.t1,Not_Target,Not_Target,Not_Target
ebra12692.t1,Not_Target,Not_Target,Not_Target
ebra12693.t1,Not_Target,Not_Target,Not_Target
ebra12694.t1,Myosin_2,Not_Target,Myosin_2
ebra12695.t1,Not_Target,Myosin_57,Not_Target
ebra12696.t1,Not_Target,Not_Target,Not_Target
ebra8168.t1,Not_Target,Not_Target,Myosin_1
ebra8169.t1,Not_Target,Not_Target,Not_Target
ebra8170.t1,Not_Target,Myosin_19,Not_Target
ebra8171.t1,Not_Target,Myosin_18,Not_Target
ebra8172.t1,Not_Target,Not_Target,Not_Target
ebra8173.t1,Myosin_1,Myosin_1,Myosin_5
ebra8174.t1,Not_Target,Not_Target,Not_Target
ebra1913.t1,Not_Target,Not_Target,Not_Target
ebra1914.t1,Not_Target,Not_Target,Not_Target
ebra1915.t1,Myosin_27,Myosin_26,Not_Target
ebra1916.t1,Myosin_19,Myosin_19,Not_Target
ebra2570.t1,Not_Target,Not_Target,Not_Target
ebra2571.t1,Not_Target,Not_Target,Not_Target
ebra2572.t1,Not_Target,Not_Target,Not_Target
ebra2573.t1,Myosin_45,Not_Target,Not_Target
ebra2574.t1,Myosin_19,Myosin_19,Not_Target
ebra7169.t1,Not_Target,Not_Target,Not_Target
ebra7170.t1,Not_Target,Not_Target,Not_Target
ebra7171.t1,Not_Target,Not_Target,Not_Target
ebra7172.t1,Not_Target,Myosin_5,Not_Target
ebra7173.t1,Not_Target,Not_Target,Not_Target
ebra7174.t1,Not_Target,Not_Target,Not_Target
ebra7175.t1,Not_Target,Not_Target,Not_Target
ebra7176.t1,Not_Target,Not_Target,Not_Target
ebra7177.t1,Not_Target,Not_Target,Not_Target
ebra7178.t1,Not_Target,Myosin_19,Not_Target
ebra7179.t1,Myosin_19,Myosin_19,Not_Target
ebra7180.t1,Not_Target,Not_Target,Not_Target
ebra3603.t1,Myosin_57,Myosin_18,Myosin_24
ebra3604.t1,Myosin_19,Myosin_7,Not_Target
ebra3605.t1,Myosin_45,Not_Target,Myosin_30
ebra10982.t1,Not_Target,Not_Target,Not_Target
ebra10983.t1,Not_Target,Not_Target,Myosin_22
ebra10984.t1,Myosin_57,Myosin_57,Not_Target
ebra10985.t1,Not_Target,Not_Target,Not_Target
ebra10986.t1,Myosin_45,Myosin_45,Not_Target
ebra10987.t1,Myosin_30,Myosin_3,Myosin_7
ebra3308.t1,Not_Target,Not_Target,Not_Target
ebra3309.t1,Myosin_57,Myosin_57,Not_Target
ebra3310.t1,Not_Target,Not_Target,Not_Target
ebra3311.t1,Not_Target,Not_Target,Not_Target
ebra3312.t1,Myosin_57,Myosin_57,Not_Target
ebra3313.t1,Not_Target,Not_Target,Not_Target
ebra3314.t1,Not_Target,Not_Target,Not_Target
ebra13418.t1,Not_Target,Not_Target,Myosin_20
ebra13419.t1,Myosin_20,Myosin_16,Not_Target
ebra13420.t1,Myosin_2,Not_Target,Not_Target
ebra13421.t1,Myosin_20,Myosin_17,Myosin_3
ebra13422.t1,Not_Target,Not_Target,Myosin_2
ebra13423.t1,Not_Target,Not_Target,Not_Target
ebra13424.t1,Not_Target,Not_Target,Not_Target
ebra8205.t1,Not_Target,Not_Target,Not_Target
ebra8206.t1,Myosin_19,Myosin_19,Myosin_19
ebra8207.t1,Not_Target,Not_Target,Not_Target
ebra8208.t1,Myosin_57,Myosin_2,Myosin_2
ebra8209.t1,Myosin_45,Not_Target,Myosin_3
ebra1008.t1,Myosin_1,Myosin_5,Not_Target
ebra1009.t1,Myosin_37,Not_Target,Myosin_14
ebra1010.t1,Not_Target,Not_Target,Not_Target
ebra1011.t1,Not_Target,Myosin_5,Not_Target
ebra1012.t1,Myosin_37,Not_Target,Myosin_14
ebra1013.t1,Myosin_1,Myosin_5,Not_Target
ebra16200.t1,Not_Target,Not_Target,Myosin_1
ebra16201.t1,Myosin_1,Myosin_1,Myosin_5
ebra16202.t1,Myosin_8,Not_Target,Myosin_4
ebra16203.t1,Not_Target,Not_Target,Myosin_51
ebra16204.t1,Not_Target,Not_Target,Not_Target
ebra17199.t1,Myosin_4,Myosin_1,Myosin_30
ebra17200.t1,Not_Target,Not_Target,Not_Target
ebra17201.t1,Not_Target,Not_Target,Not_Target
ebra17202.t1,Not_Target,Not_Target,Not_Target
ebra17203.t1,Not_Target,Not_Target,Not_Target
ebra17204.t1,Not_Target,Not_Target,Not_Target
ebra17968.t1,Not_Target,Myosin_26,Myosin_8
ebra17969.t1,Not_Target,Not_Target,Not_Target
ebra17970.t1,Not_Target,Not_Target,Not_Target
ebra17971.t1,Not_Target,Not_Target,Not_Target
ebra8972.t1,Not_Target,Myosin_1,Myosin_1
ebra8973.t1,Not_Target,Not_Target,Not_Target
ebra8974.t1,Not_Target,Not_Target,Not_Target
ebra8975.t1,Not_Target,Not_Target,Not_Target
ebra8976.t1,Myosin_18,Myosin_18,Not_Target
ebra8977.t1,Not_Target,Not_Target,Not_Target
ebra8978.t1,Not_Target,Myosin_43,Not_Target
ebra1221.t1,Not_Target,Not_Target,Not_Target
ebra1222.t1,Not_Target,Not_Target,Not_Target
ebra1223.t1,Not_Target,Myosin_1,Myosin_3
ebra1224.t1,Not_Target,Myosin_18,Not_Target
ebra1225.t1,Myosin_1,Myosin_1,Not_Target
ebra1226.t1,Not_Target,Not_Target,Not_Target
ebra16968.t1,Not_Target,Not_Target,Not_Target
ebra16969.t1,Not_Target,Myosin_66,Not_Target
ebra6504.t1,Not_Target,Not_Target,Not_Target
ebra6505.t1,Myosin_1,Not_Target,Myosin_1
ebra6506.t1,Not_Target,Not_Target,Myosin_2
ebra6507.t1,Not_Target,Not_Target,Myosin_14
ebra6508.t1,Myosin_2,Not_Target,Not_Target
ebra6509.t1,Not_Target,Myosin_1,Not_Target
ebra6510.t1,Not_Target,Not_Target,Not_Target
ebra9836.t1,Not_Target,Not_Target,Myosin_1
ebra9837.t1,Not_Target,Not_Target,Not_Target
ebra9838.t1,Not_Target,Not_Target,Myosin_1
ebra9839.t1,Not_Target,Not_Target,Not_Target
ebra9840.t1,Myosin_73,Not_Target,Not_Target
ebra9841.t1,Myosin_36,Not_Target,Not_Target
ebra9842.t1,Myosin_36,Not_Target,Not_Target
ebra9843.t1,Myosin_73,Not_Target,Not_Target
ebra9844.t1,Not_Target,Not_Target,Not_Target
ebra9845.t1,Not_Target,Not_Target,Not_Target
ebra20969.t1,Not_Target,Not_Target,Not_Target
ebra20970.t1,Not_Target,Not_Target,Not_Target
ebra20971.t1,Myosin_57,Not_Target,Myosin_2
ebra20972.t1,Myosin_2,Not_Target,Myosin_2
ebra20973.t1,Myosin_57,Myosin_6,Not_Target
ebra13792.t1,Not_Target,Myosin_22,Not_Target
ebra13793.t1,Not_Target,Myosin_19,Not_Target
ebra13794.t1,Not_Target,Not_Target,Not_Target
ebra13795.t1,Not_Target,Not_Target,Not_Target
ebra13796.t1,Myosin_45,Myosin_45,Not_Target
ebra13150.t1,Not_Target,Myosin_55,Not_Target
ebra13151.t1,Not_Target,Myosin_17,Not_Target
ebra13152.t1,Not_Target,Myosin_17,Not_Target
ebra13153.t1,Not_Target,Myosin_19,Not_Target
ebra1780.t1,Not_Target,Not_Target,Myosin_5
ebra1781.t1,Not_Target,Not_Target,Not_Target
ebra1782.t1,Not_Target,Not_Target,Myosin_1
ebra1783.t1,Not_Target,Not_Target,Not_Target
ebra16971.t1,Not_Target,Not_Target,Not_Target
ebra16972.t1,Not_Target,Not_Target,Not_Target
ebra16973.t1,Myosin_18,Myosin_18,Myosin_51
ebra16974.t1,Not_Target,Not_Target,Not_Target
ebra18905.t1,Not_Target,Not_Target,Not_Target
ebra18906.t1,Not_Target,Not_Target,Not_Target
ebra18907.t1,Not_Target,Not_Target,Not_Target
ebra18908.t1,Not_Target,Not_Target,Myosin_3
ebra18909.t1,Not_Target,Not_Target,Not_Target
ebra18910.t1,Not_Target,Not_Target,Not_Target
ebra17498.t1,Myosin_19,Myosin_19,Not_Target
ebra17499.t1,Not_Target,Not_Target,Not_Target
ebra17500.t1,Not_Target,Not_Target,Myosin_37
ebra17501.t1,Not_Target,Not_Target,Myosin_51
ebra17502.t1,Not_Target,Not_Target,Myosin_20
ebra20229.t1,Myosin_44,Myosin_44,Myosin_22
ebra20230.t1,Not_Target,Not_Target,Not_Target
ebra20231.t1,Not_Target,Not_Target,Not_Target
ebra20232.t1,Not_Target,Not_Target,Myosin_1
ebra20233.t1,Not_Target,Not_Target,Not_Target
ebra7154.t1,Not_Target,Not_Target,Myosin_1
ebra7155.t1,Not_Target,Not_Target,Not_Target
ebra7156.t1,Not_Target,Not_Target,Not_Target
ebra7157.t1,Not_Target,Myosin_57,Not_Target
ebra7158.t1,Myosin_6,Myosin_6,Not_Target
ebra7159.t1,Myosin_9,Myosin_7,Myosin_68
ebra11671.t1,Myosin_45,Not_Target,Myosin_15
ebra11672.t1,Not_Target,Myosin_57,Myosin_72
ebra11673.t1,Myosin_45,Myosin_5,Myosin_5
ebra8246.t1,Not_Target,Myosin_5,Not_Target
ebra8247.t1,Myosin_17,Myosin_17,Not_Target
ebra8248.t1,Not_Target,Not_Target,Not_Target
ebra8249.t1,Not_Target,Not_Target,Not_Target
ebra8250.t1,Not_Target,Not_Target,Not_Target
ebra8251.t1,Not_Target,Not_Target,Not_Target
ebra8252.t1,Not_Target,Not_Target,Not_Target
ebra8253.t1,Not_Target,Myosin_19,Not_Target
ebra15886.t1,Not_Target,Myosin_18,Not_Target
ebra15887.t1,Not_Target,Not_Target,Not_Target
ebra15888.t1,Myosin_2,Myosin_2,Not_Target
ebra15889.t1,Myosin_18,Not_Target,Not_Target
ebra15890.t1,Not_Target,Not_Target,Myosin_5
ebra15891.t1,Not_Target,Not_Target,Not_Target
ebra1234.t1,Not_Target,Myosin_1,Myosin_27
ebra1235.t1,Myosin_18,Myosin_18,Not_Target
ebra1453.t1,Not_Target,Not_Target,Not_Target
ebra1454.t1,Not_Target,Not_Target,Not_Target
ebra1455.t1,Not_Target,Not_Target,Myosin_1
ebra1456.t1,Not_Target,Myosin_51,Not_Target
ebra1457.t1,Not_Target,Not_Target,Not_Target
ebra2763.t1,Not_Target,Not_Target,Myosin_5
ebra2764.t1,Not_Target,Not_Target,Not_Target
ebra2765.t1,Not_Target,Not_Target,Not_Target
ebra2766.t1,Not_Target,Not_Target,Not_Target
ebra12936.t1,Not_Target,Not_Target,Not_Target
ebra12937.t1,Not_Target,Myosin_66,Not_Target
ebra12938.t1,Not_Target,Myosin_17,Not_Target
ebra12939.t1,Not_Target,Myosin_43,Not_Target
ebra12940.t1,Not_Target,Not_Target,Not_Target
ebra12941.t1,Not_Target,Not_Target,Not_Target
ebra4252.t1,Not_Target,Not_Target,Not_Target
ebra4253.t1,Myosin_19,Not_Target,Myosin_64
ebra4254.t1,Not_Target,Not_Target,Myosin_48
ebra4255.t1,Myosin_18,Myosin_5,Myosin_73
ebra4256.t1,Not_Target,Not_Target,Not_Target
ebra10103.t1,Not_Target,Not_Target,Not_Target
ebra10104.t1,Not_Target,Not_Target,Not_Target
ebra10105.t1,Myosin_57,Not_Target,Not_Target
ebra10106.t1,Not_Target,Myosin_19,Not_Target
ebra11946.t1,Not_Target,Not_Target,Not_Target
ebra11947.t1,Not_Target,Not_Target,Not_Target
ebra11948.t1,Not_Target,Not_Target,Not_Target
ebra11949.t1,Myosin_61,Myosin_1,Myosin_48
ebra11950.t1,Myosin_5,Myosin_5,Not_Target
ebra11951.t1,Not_Target,Not_Target,Not_Target
ebra11952.t1,Not_Target,Not_Target,Not_Target
ebra11953.t1,Not_Target,Myosin_74,Not_Target
ebra11954.t1,Not_Target,Not_Target,Not_Target
ebra330.t1,Not_Target,Not_Target,Not_Target
ebra331.t1,Not_Target,Not_Target,Not_Target
ebra332.t1,Not_Target,Not_Target,Not_Target
ebra333.t1,Not_Target,Not_Target,Not_Target
ebra334.t1,Myosin_31,Not_Target,Not_Target
ebra3301.t1,Not_Target,Not_Target,Not_Target
ebra3302.t1,Not_Target,Not_Target,Not_Target
ebra3303.t1,Not_Target,Not_Target,Myosin_8
ebra3304.t1,Not_Target,Not_Target,Myosin_1
ebra3305.t1,Not_Target,Not_Target,Not_Target
ebra7642.t1,Myosin_2,Myosin_2,Not_Target
ebra7643.t1,Not_Target,Not_Target,Not_Target
ebra7644.t1,Not_Target,Myosin_30,Not_Target
ebra7645.t1,Not_Target,Not_Target,Not_Target
ebra10787.t1,Myosin_3,Myosin_4,Myosin_4
ebra10788.t1,Myosin_9,Myosin_3,Myosin_7
ebra10789.t1,Not_Target,Myosin_1,Myosin_1
ebra5135.t1,Not_Target,Not_Target,Not_Target
ebra5136.t1,Not_Target,Not_Target,Myosin_71
ebra5137.t1,Not_Target,Myosin_1,Myosin_1
ebra5138.t1,Not_Target,Myosin_1,Myosin_1
ebra12558.t1,Not_Target,Not_Target,Myosin_19
ebra12559.t1,Not_Target,Myosin_17,Myosin_17
ebra12560.t1,Not_Target,Myosin_17,Myosin_17
ebra12561.t1,Not_Target,Myosin_17,Not_Target
ebra1577.t1,Myosin_2,Myosin_2,Not_Target
ebra1578.t1,Myosin_39,Myosin_2,Myosin_53
ebra1579.t1,Not_Target,Not_Target,Not_Target
ebra1580.t1,Not_Target,Not_Target,Myosin_3
ebra1581.t1,Not_Target,Not_Target,Myosin_16
ebra1582.t1,Not_Target,Not_Target,Not_Target
ebra1583.t1,Myosin_39,Myosin_2,Myosin_53
ebra1584.t1,Myosin_2,Myosin_2,Not_Target
ebra7688.t1,Not_Target,Not_Target,Not_Target
ebra7689.t1,Not_Target,Not_Target,Not_Target
ebra7690.t1,Myosin_1,Myosin_1,Myosin_1
ebra7691.t1,Not_Target,Not_Target,Not_Target
ebra7692.t1,Not_Target,Not_Target,Not_Target
ebra7693.t1,Not_Target,Not_Target,Not_Target
ebra2053.t1,Not_Target,Not_Target,Not_Target
ebra2054.t1,Myosin_6,Myosin_6,Myosin_6
ebra2055.t1,Myosin_18,Myosin_18,Myosin_5
ebra2056.t1,Not_Target,Not_Target,Not_Target
ebra2057.t1,Not_Target,Not_Target,Not_Target
ebra2058.t1,Myosin_18,Myosin_18,Myosin_5
ebra2059.t1,Not_Target,Not_Target,Not_Target
ebra19273.t1,Not_Target,Not_Target,Not_Target
ebra19274.t1,Not_Target,Not_Target,Not_Target
ebra5393.t1,Not_Target,Not_Target,Not_Target
ebra5394.t1,Myosin_6,Not_Target,Myosin_57
ebra5395.t1,Not_Target,Not_Target,Not_Target
ebra5396.t1,Not_Target,Not_Target,Not_Target
ebra5397.t1,Not_Target,Not_Target,Not_Target
ebra5398.t1,Not_Target,Not_Target,Not_Target
ebra11977.t1,Myosin_45,Not_Target,Not_Target
ebra11978.t1,Not_Target,Not_Target,Not_Target
ebra11979.t1,Not_Target,Not_Target,Not_Target
ebra11980.t1,Myosin_8,Myosin_8,Myosin_10
ebra11981.t1,Myosin_8,Myosin_17,Myosin_5
ebra1935.t1,Myosin_2,Myosin_2,Myosin_2
ebra1936.t1,Myosin_17,Not_Target,Myosin_34
ebra1937.t1,Not_Target,Not_Target,Not_Target
ebra1938.t1,Not_Target,Not_Target,Not_Target
ebra20297.t1,Not_Target,Not_Target,Not_Target
ebra20298.t1,Not_Target,Not_Target,Myosin_24
ebra20299.t1,Not_Target,Not_Target,Not_Target
ebra20300.t1,Not_Target,Not_Target,Not_Target
ebra20301.t1,Not_Target,Not_Target,Not_Target
ebra20302.t1,Not_Target,Not_Target,Not_Target
ebra20303.t1,Not_Target,Not_Target,Not_Target
ebra20304.t1,Not_Target,Myosin_18,Not_Target
ebra20305.t1,Not_Target,Myosin_18,Not_Target
ebra20306.t1,Not_Target,Not_Target,Not_Target
ebra20307.t1,Not_Target,Not_Target,Not_Target
ebra20308.t1,Not_Target,Myosin_1,Not_Target
ebra20309.t1,Not_Target,Not_Target,Not_Target
ebra17568.t1,Not_Target,Not_Target,Not_Target
ebra17569.t1,Myosin_27,Myosin_6,Myosin_6
ebra17570.t1,Not_Target,Myosin_57,Myosin_8
ebra3009.t1,Myosin_45,Myosin_45,Not_Target
ebra3010.t1,Myosin_81,Myosin_3,Myosin_69
ebra3011.t1,Myosin_3,Myosin_3,Myosin_2
ebra3012.t1,Myosin_19,Myosin_19,Myosin_11
ebra2886.t1,Not_Target,Not_Target,Not_Target
ebra2887.t1,Myosin_19,Myosin_57,Not_Target
ebra2888.t1,Not_Target,Not_Target,Not_Target
ebra2889.t1,Not_Target,Not_Target,Not_Target
ebra7381.t1,Myosin_19,Myosin_19,Myosin_3
ebra7382.t1,Not_Target,Not_Target,Not_Target
ebra7383.t1,Myosin_5,Not_Target,Not_Target
ebra7384.t1,Not_Target,Myosin_22,Not_Target
ebra7385.t1,Not_Target,Not_Target,Not_Target
ebra7386.t1,Not_Target,Not_Target,Not_Target
ebra1918.t1,Myosin_36,Myosin_22,Myosin_22
ebra1919.t1,Not_Target,Not_Target,Not_Target
ebra10098.t1,Myosin_19,Myosin_26,Myosin_19
ebra10099.t1,Myosin_15,Myosin_18,Myosin_40
ebra10100.t1,Not_Target,Not_Target,Not_Target
ebra10101.t1,Not_Target,Not_Target,Not_Target
ebra17582.t1,Not_Target,Not_Target,Not_Target
ebra17583.t1,Myosin_45,Not_Target,Myosin_18
ebra17584.t1,Not_Target,Not_Target,Not_Target
ebra17585.t1,Myosin_73,Not_Target,Not_Target
ebra17586.t1,Not_Target,Not_Target,Not_Target
ebra17587.t1,Not_Target,Not_Target,Not_Target
ebra17588.t1,Not_Target,Not_Target,Not_Target
ebra17589.t1,Myosin_73,Not_Target,Not_Target
ebra15673.t1,Not_Target,Not_Target,Not_Target
ebra15674.t1,Myosin_2,Not_Target,Not_Target
ebra15675.t1,Myosin_2,Not_Target,Not_Target
ebra15676.t1,Not_Target,Not_Target,Not_Target
ebra15677.t1,Not_Target,Myosin_1,Myosin_8
ebra15678.t1,Not_Target,Not_Target,Not_Target
ebra15679.t1,Not_Target,Not_Target,Not_Target
ebra15680.t1,Myosin_17,Not_Target,Myosin_22
ebra15681.t1,Myosin_45,Not_Target,Myosin_1
ebra15682.t1,Not_Target,Not_Target,Not_Target
ebra15142.t1,Not_Target,Not_Target,Not_Target
ebra15143.t1,Not_Target,Not_Target,Not_Target
ebra15144.t1,Not_Target,Not_Target,Not_Target
ebra11136.t1,Not_Target,Myosin_1,Not_Target
ebra11137.t1,Not_Target,Not_Target,Myosin_8
ebra11138.t1,Not_Target,Not_Target,Myosin_8
ebra11139.t1,Not_Target,Not_Target,Not_Target
ebra1706.t1,Not_Target,Not_Target,Not_Target
ebra1707.t1,Myosin_17,Myosin_17,Myosin_17
ebra1708.t1,Not_Target,Not_Target,Not_Target
ebra1709.t1,Not_Target,Not_Target,Not_Target
ebra1710.t1,Not_Target,Myosin_16,Not_Target
ebra1711.t1,Not_Target,Not_Target,Not_Target
ebra1712.t1,Not_Target,Not_Target,Not_Target
ebra8876.t1,Not_Target,Not_Target,Not_Target
ebra8877.t1,Not_Target,Not_Target,Not_Target
ebra13991.t1,Not_Target,Not_Target,Not_Target
ebra13992.t1,Not_Target,Myosin_1,Not_Target
ebra13993.t1,Not_Target,Not_Target,Not_Target
ebra13994.t1,Not_Target,Not_Target,Not_Target
ebra13995.t1,Not_Target,Not_Target,Not_Target
ebra14325.t1,Myosin_51,Not_Target,Not_Target
ebra14326.t1,Not_Target,Myosin_11,Not_Target
ebra14327.t1,Not_Target,Not_Target,Not_Target
ebra14328.t1,Not_Target,Not_Target,Not_Target
ebra14329.t1,Not_Target,Myosin_37,Not_Target
ebra14330.t1,Myosin_31,Not_Target,Not_Target
ebra14331.t1,Not_Target,Not_Target,Not_Target
ebra12196.t1,Not_Target,Not_Target,Not_Target
ebra12197.t1,Not_Target,Myosin_1,Myosin_1
ebra12198.t1,Not_Target,Not_Target,Not_Target
ebra12199.t1,Not_Target,Not_Target,Not_Target
ebra12200.t1,Not_Target,Not_Target,Not_Target
ebra12201.t1,Not_Target,Myosin_1,Myosin_1
ebra12202.t1,Not_Target,Not_Target,Not_Target
ebra12203.t1,Not_Target,Myosin_2,Not_Target
ebra12204.t1,Not_Target,Not_Target,Not_Target
ebra15413.t1,Not_Target,Not_Target,Not_Target
ebra15414.t1,Myosin_1,Not_Target,Not_Target
ebra15415.t1,Myosin_1,Not_Target,Not_Target
ebra15416.t1,Not_Target,Not_Target,Not_Target
ebra4803.t1,Not_Target,Not_Target,Not_Target
ebra4804.t1,Not_Target,Not_Target,Not_Target
ebra4805.t1,Not_Target,Myosin_19,Not_Target
ebra4806.t1,Not_Target,Not_Target,Not_Target
ebra4807.t1,Not_Target,Not_Target,Not_Target
ebra4808.t1,Not_Target,Not_Target,Not_Target
ebra11805.t1,Not_Target,Not_Target,Myosin_64
ebra11806.t1,Myosin_5,Not_Target,Myosin_57
ebra17854.t1,Not_Target,Not_Target,Myosin_20
ebra17855.t1,Not_Target,Not_Target,Not_Target
ebra17856.t1,Not_Target,Not_Target,Not_Target
ebra17857.t1,Not_Target,Not_Target,Not_Target
ebra17858.t1,Not_Target,Not_Target,Not_Target
ebra17859.t1,Not_Target,Not_Target,Not_Target
ebra15920.t1,Not_Target,Not_Target,Not_Target
ebra15921.t1,Not_Target,Not_Target,Not_Target
ebra15922.t1,Not_Target,Not_Target,Not_Target
ebra15517.t1,Not_Target,Not_Target,Not_Target
ebra15518.t1,Not_Target,Not_Target,Myosin_20
ebra15519.t1,Not_Target,Myosin_19,Not_Target
ebra8013.t1,Not_Target,Not_Target,Not_Target
ebra8014.t1,Not_Target,Not_Target,Not_Target
ebra8015.t1,Not_Target,Not_Target,Not_Target
ebra8016.t1,Myosin_31,Not_Target,Not_Target
ebra8017.t1,Not_Target,Not_Target,Not_Target
ebra8018.t1,Not_Target,Not_Target,Not_Target
ebra9531.t1,Not_Target,Not_Target,Not_Target
ebra16273.t1,Not_Target,Not_Target,Not_Target
ebra16274.t1,Myosin_1,Myosin_1,Not_Target
ebra16275.t1,Not_Target,Myosin_1,Not_Target
ebra553.t1,Not_Target,Not_Target,Not_Target
ebra554.t1,Myosin_51,Not_Target,Not_Target
ebra555.t1,Not_Target,Not_Target,Myosin_19
ebra556.t1,Myosin_2,Not_Target,Not_Target
ebra6512.t1,Not_Target,Not_Target,Not_Target
ebra4692.t1,Not_Target,Not_Target,Not_Target
ebra4693.t1,Not_Target,Not_Target,Myosin_18
ebra4694.t1,Not_Target,Myosin_18,Not_Target
ebra4695.t1,Not_Target,Not_Target,Not_Target
ebra4696.t1,Not_Target,Not_Target,Not_Target
ebra3427.t1,Not_Target,Myosin_17,Not_Target
ebra3428.t1,Myosin_36,Myosin_19,Myosin_5
ebra3429.t1,Myosin_30,Myosin_3,Myosin_5
ebra16276.t1,Not_Target,Myosin_66,Not_Target
ebra16277.t1,Myosin_18,Not_Target,Myosin_5
ebra16278.t1,Not_Target,Not_Target,Not_Target
ebra16279.t1,Not_Target,Myosin_5,Not_Target
ebra3992.t1,Not_Target,Myosin_5,Not_Target
ebra3993.t1,Not_Target,Not_Target,Not_Target
ebra3994.t1,Not_Target,Myosin_6,Myosin_23
ebra3995.t1,Not_Target,Not_Target,Not_Target
ebra575.t1,Not_Target,Not_Target,Not_Target
ebra576.t1,Not_Target,Not_Target,Not_Target
ebra577.t1,Not_Target,Not_Target,Not_Target
ebra578.t1,Myosin_27,Myosin_6,Myosin_1
ebra579.t1,Not_Target,Not_Target,Not_Target
ebra580.t1,Not_Target,Not_Target,Not_Target
ebra2345.t1,Not_Target,Not_Target,Not_Target
ebra2346.t1,Not_Target,Myosin_17,Myosin_4
ebra2347.t1,Not_Target,Not_Target,Not_Target
ebra2348.t1,Not_Target,Not_Target,Not_Target
ebra15226.t1,Myosin_45,Myosin_17,Not_Target
ebra15227.t1,Myosin_6,Myosin_1,Myosin_1
ebra15228.t1,Not_Target,Not_Target,Myosin_62
ebra15229.t1,Not_Target,Not_Target,Not_Target
ebra15230.t1,Not_Target,Not_Target,Not_Target
ebra1617.t1,Not_Target,Not_Target,Myosin_51
ebra1618.t1,Not_Target,Not_Target,Not_Target
ebra1619.t1,Not_Target,Not_Target,Myosin_51
ebra1620.t1,Not_Target,Myosin_5,Myosin_14
ebra1621.t1,Not_Target,Not_Target,Not_Target
ebra19191.t1,Not_Target,Not_Target,Not_Target
ebra19192.t1,Not_Target,Not_Target,Not_Target
ebra19193.t1,Not_Target,Not_Target,Not_Target
ebra19194.t1,Myosin_5,Not_Target,Myosin_18
ebra19195.t1,Not_Target,Not_Target,Not_Target
ebra14960.t1,Not_Target,Not_Target,Not_Target
ebra14961.t1,Not_Target,Not_Target,Not_Target
ebra14962.t1,Myosin_24,Not_Target,Myosin_4
ebra14963.t1,Not_Target,Not_Target,Not_Target
ebra14964.t1,Not_Target,Not_Target,Myosin_19
ebra7120.t1,Not_Target,Myosin_66,Not_Target
ebra7121.t1,Myosin_17,Not_Target,Not_Target
ebra7122.t1,Not_Target,Myosin_74,Not_Target
ebra7123.t1,Not_Target,Not_Target,Myosin_53
ebra3077.t1,Not_Target,Not_Target,Myosin_47
ebra3078.t1,Not_Target,Not_Target,Not_Target
ebra3079.t1,Not_Target,Not_Target,Not_Target
ebra3080.t1,Not_Target,Not_Target,Not_Target
ebra3081.t1,Myosin_19,Not_Target,Myosin_24
ebra4990.t1,Myosin_23,Myosin_23,Not_Target
ebra14771.t1,Not_Target,Not_Target,Myosin_19
ebra14772.t1,Myosin_19,Not_Target,Myosin_19
ebra12581.t1,Myosin_57,Myosin_57,Not_Target
ebra12582.t1,Myosin_1,Myosin_16,Myosin_16
ebra263.t1,Not_Target,Not_Target,Not_Target
ebra264.t1,Not_Target,Not_Target,Not_Target
ebra265.t1,Myosin_1,Not_Target,Myosin_1
ebra2786.t1,Myosin_17,Myosin_17,Myosin_17
ebra2787.t1,Not_Target,Not_Target,Not_Target
ebra17898.t1,Not_Target,Not_Target,Not_Target
ebra17899.t1,Not_Target,Not_Target,Not_Target
ebra17900.t1,Not_Target,Not_Target,Myosin_42
ebra17901.t1,Not_Target,Not_Target,Not_Target
ebra17902.t1,Not_Target,Not_Target,Not_Target
ebra17903.t1,Myosin_3,Myosin_3,Myosin_45
ebra3733.t1,Not_Target,Not_Target,Not_Target
ebra3734.t1,Not_Target,Not_Target,Not_Target
ebra3735.t1,Not_Target,Not_Target,Not_Target
ebra3736.t1,Not_Target,Not_Target,Not_Target
ebra3737.t1,Not_Target,Not_Target,Not_Target
ebra3738.t1,Myosin_30,Not_Target,Myosin_5
ebra20569.t1,Not_Target,Not_Target,Not_Target
ebra20570.t1,Not_Target,Not_Target,Not_Target
ebra20571.t1,Not_Target,Not_Target,Not_Target
ebra20572.t1,Not_Target,Not_Target,Not_Target
ebra11971.t1,Not_Target,Not_Target,Not_Target
ebra11972.t1,Not_Target,Myosin_26,Not_Target
ebra11973.t1,Not_Target,Not_Target,Not_Target
ebra11974.t1,Myosin_36,Not_Target,Not_Target
ebra20507.t1,Myosin_45,Myosin_45,Not_Target
ebra20508.t1,Not_Target,Not_Target,Not_Target
ebra20509.t1,Not_Target,Myosin_22,Not_Target
ebra5744.t1,Myosin_18,Myosin_51,Not_Target
ebra5745.t1,Myosin_11,Myosin_15,Not_Target
ebra5746.t1,Myosin_45,Not_Target,Not_Target
ebra11224.t1,Not_Target,Not_Target,Myosin_1
ebra11225.t1,Not_Target,Myosin_5,Not_Target
ebra11226.t1,Not_Target,Myosin_57,Not_Target
ebra11227.t1,Not_Target,Myosin_57,Not_Target
ebra11228.t1,Not_Target,Myosin_5,Not_Target
ebra11229.t1,Not_Target,Not_Target,Myosin_1
ebra11230.t1,Not_Target,Not_Target,Myosin_36
ebra11231.t1,Not_Target,Not_Target,Myosin_5
ebra3748.t1,Not_Target,Not_Target,Not_Target
ebra3749.t1,Not_Target,Not_Target,Not_Target
ebra3750.t1,Not_Target,Not_Target,Myosin_5
ebra3751.t1,Not_Target,Not_Target,Not_Target
ebra11443.t1,Myosin_45,Myosin_26,Not_Target
ebra11444.t1,Myosin_19,Not_Target,Not_Target
ebra11445.t1,Not_Target,Not_Target,Not_Target
ebra877.t1,Myosin_17,Myosin_5,Myosin_1
ebra12438.t1,Myosin_19,Myosin_18,Myosin_63
ebra12439.t1,Not_Target,Myosin_5,Myosin_34
ebra12440.t1,Not_Target,Myosin_6,Not_Target
ebra4779.t1,Not_Target,Not_Target,Not_Target
ebra9083.t1,Myosin_45,Not_Target,Myosin_30
ebra9084.t1,Not_Target,Myosin_53,Not_Target
ebra9085.t1,Not_Target,Not_Target,Not_Target
ebra9086.t1,Not_Target,Not_Target,Not_Target
ebra11596.t1,Not_Target,Not_Target,Not_Target
ebra11597.t1,Myosin_45,Not_Target,Myosin_3
ebra16820.t1,Myosin_18,Myosin_18,Myosin_18
ebra15357.t1,Not_Target,Not_Target,Not_Target
ebra15358.t1,Not_Target,Not_Target,Myosin_71
ebra15359.t1,Not_Target,Not_Target,Not_Target
ebra15360.t1,Not_Target,Not_Target,Not_Target
ebra15361.t1,Not_Target,Not_Target,Not_Target
ebra15362.t1,Not_Target,Not_Target,Myosin_37
ebra8183.t1,Not_Target,Not_Target,Myosin_43
ebra8184.t1,Not_Target,Not_Target,Myosin_5
ebra8185.t1,Myosin_26,Myosin_57,Not_Target
ebra8186.t1,Not_Target,Not_Target,Not_Target
ebra18806.t1,Myosin_19,Not_Target,Not_Target
ebra18807.t1,Not_Target,Myosin_16,Not_Target
ebra18808.t1,Not_Target,Not_Target,Not_Target
ebra18809.t1,Not_Target,Not_Target,Not_Target
ebra18810.t1,Not_Target,Not_Target,Myosin_14
ebra6666.t1,Not_Target,Not_Target,Myosin_43
ebra6667.t1,Not_Target,Not_Target,Not_Target
ebra6668.t1,Myosin_37,Not_Target,Myosin_64
ebra6669.t1,Not_Target,Not_Target,Not_Target
ebra910.t1,Not_Target,Not_Target,Not_Target
ebra3631.t1,Not_Target,Not_Target,Not_Target
ebra3632.t1,Not_Target,Not_Target,Not_Target
ebra3633.t1,Not_Target,Myosin_1,Not_Target
ebra3634.t1,Not_Target,Not_Target,Not_Target
ebra3635.t1,Myosin_17,Not_Target,Not_Target
ebra20288.t1,Not_Target,Myosin_2,Not_Target
ebra20289.t1,Not_Target,Not_Target,Not_Target
ebra20290.t1,Not_Target,Not_Target,Myosin_57
ebra20291.t1,Myosin_37,Not_Target,Not_Target
ebra16849.t1,Not_Target,Not_Target,Not_Target
ebra16850.t1,Myosin_8,Myosin_19,Not_Target
ebra16851.t1,Not_Target,Not_Target,Myosin_8
ebra6361.t1,Myosin_17,Myosin_1,Not_Target
ebra6362.t1,Not_Target,Not_Target,Not_Target
ebra6363.t1,Not_Target,Not_Target,Not_Target
ebra3719.t1,Not_Target,Not_Target,Not_Target
ebra3720.t1,Not_Target,Not_Target,Not_Target
ebra3721.t1,Not_Target,Myosin_19,Not_Target
ebra3722.t1,Not_Target,Not_Target,Not_Target
ebra16465.t1,Myosin_22,Not_Target,Not_Target
ebra16466.t1,Myosin_22,Myosin_22,Not_Target
ebra16844.t1,Not_Target,Myosin_5,Not_Target
ebra16845.t1,Not_Target,Not_Target,Not_Target
ebra16846.t1,Not_Target,Not_Target,Myosin_14
ebra16847.t1,Not_Target,Not_Target,Not_Target
ebra5091.t1,Myosin_45,Myosin_5,Myosin_11
ebra5092.t1,Myosin_26,Not_Target,Myosin_8
ebra5093.t1,Myosin_26,Not_Target,Myosin_8
ebra5094.t1,Not_Target,Myosin_1,Myosin_5
ebra5095.t1,Not_Target,Not_Target,Not_Target
ebra5096.t1,Not_Target,Not_Target,Not_Target
ebra10501.t1,Not_Target,Not_Target,Myosin_5
ebra10502.t1,Not_Target,Not_Target,Not_Target
ebra1468.t1,Not_Target,Not_Target,Myosin_51
ebra1469.t1,Not_Target,Not_Target,Myosin_51
ebra1470.t1,Not_Target,Not_Target,Not_Target
ebra9655.t1,Not_Target,Not_Target,Myosin_19
ebra9656.t1,Not_Target,Not_Target,Not_Target
ebra10170.t1,Not_Target,Not_Target,Not_Target
ebra10171.t1,Myosin_2,Myosin_18,Myosin_2
ebra10172.t1,Not_Target,Not_Target,Not_Target
ebra10173.t1,Myosin_2,Myosin_2,Not_Target
ebra10174.t1,Myosin_8,Not_Target,Not_Target
ebra10175.t1,Not_Target,Not_Target,Myosin_3
ebra10176.t1,Myosin_19,Myosin_19,Not_Target
ebra14518.t1,Myosin_37,Myosin_4,Not_Target
ebra14519.t1,Not_Target,Not_Target,Not_Target
ebra14520.t1,Not_Target,Not_Target,Not_Target
ebra14521.t1,Not_Target,Not_Target,Not_Target
ebra3939.t1,Not_Target,Not_Target,Not_Target
ebra3940.t1,Not_Target,Not_Target,Not_Target
ebra3941.t1,Not_Target,Not_Target,Not_Target
ebra3942.t1,Myosin_2,Not_Target,Not_Target
ebra3943.t1,Myosin_19,Myosin_19,Not_Target
ebra3944.t1,Myosin_19,Myosin_19,Not_Target
ebra3945.t1,Myosin_18,Myosin_18,Not_Target
ebra19685.t1,Myosin_26,Not_Target,Not_Target
ebra19686.t1,Not_Target,Not_Target,Not_Target
ebra19687.t1,Not_Target,Not_Target,Not_Target
ebra19688.t1,Not_Target,Not_Target,Not_Target
ebra19689.t1,Not_Target,Not_Target,Not_Target
ebra19690.t1,Not_Target,Not_Target,Myosin_54
ebra19691.t1,Not_Target,Not_Target,Not_Target
ebra6493.t1,Not_Target,Not_Target,Not_Target
ebra6494.t1,Myosin_51,Not_Target,Myosin_20
ebra20226.t1,Not_Target,Not_Target,Not_Target
ebra20227.t1,Not_Target,Not_Target,Not_Target
ebra20228.t1,Not_Target,Not_Target,Myosin_1
ebra11955.t1,Myosin_16,Not_Target,Myosin_3
ebra11956.t1,Not_Target,Not_Target,Myosin_4
ebra11957.t1,Not_Target,Not_Target,Not_Target
ebra11958.t1,Not_Target,Myosin_6,Not_Target
ebra11453.t1,Not_Target,Not_Target,Not_Target
ebra11454.t1,Not_Target,Not_Target,Not_Target
ebra11455.t1,Not_Target,Not_Target,Not_Target
ebra11456.t1,Not_Target,Not_Target,Not_Target
ebra13096.t1,Not_Target,Not_Target,Not_Target
ebra13097.t1,Not_Target,Not_Target,Not_Target
ebra13098.t1,Myosin_5,Myosin_5,Not_Target
ebra13099.t1,Not_Target,Not_Target,Not_Target
ebra15870.t1,Not_Target,Not_Target,Not_Target
ebra15871.t1,Not_Target,Not_Target,Not_Target
ebra15872.t1,Not_Target,Not_Target,Not_Target
ebra15873.t1,Not_Target,Not_Target,Myosin_4
ebra15874.t1,Myosin_25,Myosin_5,Myosin_5
ebra15875.t1,Not_Target,Not_Target,Not_Target
ebra18691.t1,Not_Target,Myosin_1,Not_Target
ebra18692.t1,Not_Target,Not_Target,Not_Target
ebra18693.t1,Myosin_6,Myosin_1,Not_Target
ebra18694.t1,Not_Target,Not_Target,Not_Target
ebra18695.t1,Not_Target,Not_Target,Not_Target
ebra14760.t1,Not_Target,Not_Target,Not_Target
ebra14761.t1,Not_Target,Not_Target,Not_Target
ebra14762.t1,Myosin_1,Myosin_1,Myosin_30
ebra14763.t1,Not_Target,Not_Target,Not_Target
ebra19340.t1,Myosin_26,Myosin_5,Myosin_64
ebra19341.t1,Not_Target,Not_Target,Myosin_19
ebra19342.t1,Not_Target,Not_Target,Not_Target
ebra19343.t1,Not_Target,Myosin_19,Not_Target
ebra18168.t1,Not_Target,Not_Target,Not_Target
ebra18169.t1,Not_Target,Not_Target,Not_Target
ebra18170.t1,Not_Target,Not_Target,Not_Target
ebra18171.t1,Not_Target,Not_Target,Not_Target
ebra18172.t1,Not_Target,Myosin_26,Not_Target
ebra18173.t1,Not_Target,Not_Target,Not_Target
ebra18174.t1,Not_Target,Not_Target,Not_Target
ebra18175.t1,Not_Target,Not_Target,Not_Target
ebra18176.t1,Not_Target,Not_Target,Not_Target
ebra8063.t1,Not_Target,Not_Target,Not_Target
ebra8064.t1,Not_Target,Not_Target,Not_Target
ebra8065.t1,Myosin_37,Not_Target,Myosin_7
ebra8066.t1,Not_Target,Not_Target,Myosin_2
ebra8067.t1,Not_Target,Not_Target,Not_Target
ebra8068.t1,Not_Target,Not_Target,Not_Target
ebra21574.t1,Not_Target,Myosin_19,Not_Target
ebra21575.t1,Not_Target,Not_Target,Not_Target
ebra21576.t1,Not_Target,Not_Target,Not_Target
ebra13646.t1,Myosin_37,Not_Target,Myosin_37
ebra13647.t1,Myosin_26,Not_Target,Myosin_3
ebra13648.t1,Not_Target,Not_Target,Not_Target
ebra13649.t1,Not_Target,Myosin_1,Not_Target
ebra13650.t1,Not_Target,Myosin_2,Not_Target
ebra2558.t1,Not_Target,Not_Target,Not_Target
ebra2559.t1,Not_Target,Not_Target,Not_Target
ebra18357.t1,Not_Target,Not_Target,Not_Target
ebra18358.t1,Not_Target,Not_Target,Not_Target
ebra18359.t1,Not_Target,Not_Target,Myosin_2
ebra18360.t1,Not_Target,Not_Target,Not_Target
ebra18361.t1,Not_Target,Not_Target,Myosin_6
ebra18362.t1,Myosin_19,Myosin_19,Myosin_11
ebra13001.t1,Not_Target,Myosin_17,Myosin_22
ebra13002.t1,Not_Target,Myosin_17,Myosin_22
ebra8757.t1,Not_Target,Not_Target,Myosin_15
ebra8758.t1,Not_Target,Not_Target,Myosin_4
ebra878.t1,Not_Target,Myosin_18,Myosin_1
ebra879.t1,Not_Target,Not_Target,Not_Target
ebra880.t1,Not_Target,Not_Target,Not_Target
ebra881.t1,Not_Target,Not_Target,Not_Target
ebra882.t1,Not_Target,Not_Target,Not_Target
ebra883.t1,Not_Target,Not_Target,Not_Target
ebra2541.t1,Not_Target,Not_Target,Not_Target
ebra2542.t1,Not_Target,Not_Target,Not_Target
ebra2543.t1,Not_Target,Not_Target,Not_Target
ebra21293.t1,Myosin_18,Not_Target,Not_Target
ebra21294.t1,Not_Target,Not_Target,Not_Target
ebra21295.t1,Not_Target,Not_Target,Not_Target
ebra21296.t1,Not_Target,Myosin_23,Not_Target
ebra21297.t1,Myosin_57,Myosin_28,Not_Target
ebra21298.t1,Not_Target,Not_Target,Not_Target
ebra21299.t1,Not_Target,Myosin_19,Not_Target
ebra12245.t1,Myosin_19,Not_Target,Not_Target
ebra12246.t1,Not_Target,Not_Target,Not_Target
ebra12247.t1,Not_Target,Not_Target,Not_Target
ebra12248.t1,Myosin_19,Myosin_19,Not_Target
ebra3982.t1,Not_Target,Not_Target,Not_Target
ebra3983.t1,Not_Target,Not_Target,Not_Target
ebra3984.t1,Not_Target,Myosin_5,Not_Target
ebra3985.t1,Not_Target,Not_Target,Not_Target
ebra3986.t1,Not_Target,Not_Target,Not_Target
ebra3987.t1,Not_Target,Not_Target,Myosin_1
ebra3988.t1,Not_Target,Not_Target,Not_Target
ebra3989.t1,Not_Target,Myosin_19,Actin
ebra3990.t1,Not_Target,Not_Target,Not_Target
ebra9575.t1,Not_Target,Myosin_5,Not_Target
ebra9576.t1,Not_Target,Myosin_5,Not_Target
ebra10080.t1,Not_Target,Not_Target,Not_Target
ebra10081.t1,Not_Target,Not_Target,Not_Target
ebra10082.t1,Myosin_53,Not_Target,Not_Target
ebra10083.t1,Not_Target,Not_Target,Not_Target
ebra10084.t1,Myosin_37,Not_Target,Not_Target
ebra10085.t1,Myosin_57,Myosin_5,Not_Target
ebra10086.t1,Not_Target,Not_Target,Not_Target
ebra10087.t1,Myosin_27,Not_Target,Myosin_49
ebra10107.t1,Not_Target,Not_Target,Not_Target
ebra10108.t1,Not_Target,Not_Target,Not_Target
ebra10109.t1,Not_Target,Myosin_5,Not_Target
ebra10110.t1,Not_Target,Not_Target,Not_Target
ebra10111.t1,Not_Target,Not_Target,Not_Target
ebra10112.t1,Not_Target,Not_Target,Not_Target
ebra14699.t1,Not_Target,Not_Target,Not_Target
ebra14700.t1,Not_Target,Myosin_1,Not_Target
ebra14701.t1,Not_Target,Not_Target,Not_Target
ebra303.t1,Myosin_4,Myosin_17,Myosin_4
ebra304.t1,Myosin_4,Myosin_17,Myosin_4
ebra305.t1,Not_Target,Not_Target,Not_Target
ebra9153.t1,Myosin_15,Myosin_15,Myosin_15
ebra9154.t1,Myosin_19,Myosin_19,Not_Target
ebra16134.t1,Not_Target,Myosin_22,Not_Target
ebra16135.t1,Myosin_45,Myosin_45,Not_Target
ebra16136.t1,Not_Target,Not_Target,Not_Target
ebra16137.t1,Not_Target,Not_Target,Not_Target
ebra940.t1,Not_Target,Not_Target,Myosin_27
ebra941.t1,Myosin_37,Not_Target,Not_Target
ebra942.t1,Not_Target,Not_Target,Not_Target
ebra4339.t1,Myosin_8,Not_Target,Not_Target
ebra4340.t1,Not_Target,Myosin_18,Not_Target
ebra4341.t1,Not_Target,Not_Target,Myosin_10
ebra4342.t1,Not_Target,Not_Target,Not_Target
ebra4343.t1,Myosin_45,Myosin_45,Not_Target
ebra20907.t1,Myosin_18,Myosin_16,Myosin_31
ebra18958.t1,Not_Target,Not_Target,Not_Target
ebra18959.t1,Myosin_1,Not_Target,Not_Target
ebra18960.t1,Not_Target,Not_Target,Not_Target
ebra18961.t1,Not_Target,Not_Target,Not_Target
ebra18962.t1,Not_Target,Not_Target,Not_Target
ebra18963.t1,Not_Target,Not_Target,Not_Target
ebra18964.t1,Not_Target,Not_Target,Not_Target
ebra17829.t1,Not_Target,Not_Target,Not_Target
ebra17830.t1,Not_Target,Not_Target,Not_Target
ebra18779.t1,Myosin_17,Not_Target,Not_Target
ebra20154.t1,Not_Target,Not_Target,Not_Target
ebra20155.t1,Not_Target,Myosin_17,Not_Target
ebra20156.t1,Not_Target,Myosin_5,Myosin_5
ebra20157.t1,Not_Target,Myosin_5,Myosin_5
ebra20158.t1,Not_Target,Myosin_17,Not_Target
ebra20159.t1,Not_Target,Not_Target,Not_Target
ebra10816.t1,Not_Target,Myosin_57,Myosin_8
ebra10817.t1,Not_Target,Myosin_57,Myosin_8
ebra18308.t1,Not_Target,Myosin_57,Myosin_62
ebra18309.t1,Not_Target,Not_Target,Not_Target
ebra19182.t1,Not_Target,Not_Target,Not_Target
ebra19183.t1,Not_Target,Not_Target,Not_Target
ebra19184.t1,Not_Target,Not_Target,Not_Target
ebra19185.t1,Not_Target,Not_Target,Myosin_20
ebra19186.t1,Not_Target,Myosin_26,Not_Target
ebra2808.t1,Not_Target,Not_Target,Not_Target
ebra2809.t1,Not_Target,Not_Target,Not_Target
ebra2810.t1,Not_Target,Not_Target,Not_Target
ebra5868.t1,Myosin_44,Myosin_44,Myosin_45
ebra5869.t1,Not_Target,Not_Target,Not_Target
ebra5870.t1,Not_Target,Not_Target,Not_Target
ebra20743.t1,Not_Target,Myosin_16,Not_Target
ebra20744.t1,Not_Target,Not_Target,Not_Target
ebra20745.t1,Not_Target,Not_Target,Not_Target
ebra20746.t1,Not_Target,Not_Target,Not_Target
ebra20747.t1,Not_Target,Not_Target,Not_Target
ebra19442.t1,Not_Target,Not_Target,Not_Target
ebra19443.t1,Not_Target,Not_Target,Myosin_3
ebra19444.t1,Not_Target,Not_Target,Not_Target
ebra18015.t1,Not_Target,Myosin_22,Myosin_2
ebra18016.t1,Myosin_5,Myosin_5,Myosin_6
ebra20487.t1,Not_Target,Myosin_17,Not_Target
ebra20488.t1,Not_Target,Not_Target,Not_Target
ebra20489.t1,Not_Target,Not_Target,Not_Target
ebra20490.t1,Not_Target,Not_Target,Myosin_4
ebra19429.t1,Not_Target,Not_Target,Myosin_1
ebra19430.t1,Not_Target,Not_Target,Myosin_1
ebra19431.t1,Not_Target,Not_Target,Not_Target
ebra16748.t1,Not_Target,Not_Target,Not_Target
ebra16749.t1,Not_Target,Not_Target,Not_Target
ebra16750.t1,Myosin_15,Myosin_29,Myosin_40
ebra16751.t1,Not_Target,Not_Target,Not_Target
ebra16752.t1,Not_Target,Not_Target,Not_Target
ebra6897.t1,Not_Target,Myosin_1,Myosin_1
ebra6898.t1,Not_Target,Not_Target,Not_Target
ebra6899.t1,Not_Target,Myosin_18,Myosin_2
ebra13525.t1,Not_Target,Not_Target,Not_Target
ebra13526.t1,Not_Target,Not_Target,Myosin_20
ebra13527.t1,Not_Target,Not_Target,Not_Target
ebra13528.t1,Not_Target,Not_Target,Not_Target
ebra15926.t1,Myosin_15,Myosin_3,Myosin_37
ebra15927.t1,Not_Target,Not_Target,Not_Target
ebra6964.t1,Not_Target,Not_Target,Myosin_20
ebra6965.t1,Not_Target,Not_Target,Not_Target
ebra6966.t1,Myosin_3,Myosin_3,Not_Target
ebra6967.t1,Not_Target,Not_Target,Not_Target
ebra6968.t1,Not_Target,Not_Target,Not_Target
ebra10336.t1,Myosin_19,Myosin_19,Not_Target
ebra10337.t1,Not_Target,Not_Target,Not_Target
ebra10338.t1,Not_Target,Not_Target,Not_Target
ebra10339.t1,Not_Target,Not_Target,Not_Target
ebra10340.t1,Not_Target,Not_Target,Myosin_10
ebra10341.t1,Not_Target,Not_Target,Not_Target
ebra10342.t1,Not_Target,Not_Target,Not_Target
ebra10343.t1,Not_Target,Not_Target,Not_Target
ebra14522.t1,Myosin_57,Not_Target,Myosin_5
ebra14523.t1,Not_Target,Not_Target,Not_Target
ebra14524.t1,Not_Target,Not_Target,Not_Target
ebra14525.t1,Not_Target,Not_Target,Not_Target
ebra14526.t1,Not_Target,Not_Target,Not_Target
ebra14527.t1,Myosin_57,Not_Target,Myosin_5
ebra15417.t1,Not_Target,Not_Target,Myosin_23
ebra15418.t1,Not_Target,Not_Target,Not_Target
ebra15419.t1,Myosin_57,Myosin_57,Not_Target
ebra15420.t1,Not_Target,Not_Target,Not_Target
ebra15421.t1,Not_Target,Not_Target,Not_Target
ebra17465.t1,Not_Target,Not_Target,Not_Target
ebra17466.t1,Not_Target,Not_Target,Not_Target
ebra6951.t1,Not_Target,Not_Target,Not_Target
ebra6952.t1,Not_Target,Not_Target,Not_Target
ebra6953.t1,Not_Target,Myosin_51,Not_Target
ebra6954.t1,Myosin_37,Myosin_22,Myosin_66
ebra6955.t1,Myosin_19,Myosin_7,Myosin_5
ebra15278.t1,Not_Target,Not_Target,Not_Target
ebra15279.t1,Not_Target,Not_Target,Not_Target
ebra15280.t1,Not_Target,Not_Target,Not_Target
ebra12118.t1,Not_Target,Not_Target,Not_Target
ebra12119.t1,Not_Target,Not_Target,Not_Target
ebra12120.t1,Not_Target,Not_Target,Not_Target
ebra12121.t1,Not_Target,Not_Target,Not_Target
ebra12122.t1,Not_Target,Not_Target,Not_Target
ebra21647.t1,Myosin_24,Not_Target,Myosin_24
ebra21648.t1,Not_Target,Not_Target,Not_Target
ebra21649.t1,Not_Target,Not_Target,Not_Target
ebra21650.t1,Not_Target,Not_Target,Not_Target
ebra21651.t1,Not_Target,Not_Target,Not_Target
ebra21652.t1,Not_Target,Myosin_19,Not_Target
ebra21653.t1,Not_Target,Not_Target,Not_Target
ebra3271.t1,Not_Target,Not_Target,Not_Target
ebra3272.t1,Myosin_45,Not_Target,Myosin_23
ebra3273.t1,Not_Target,Not_Target,Not_Target
ebra7997.t1,Myosin_2,Not_Target,Myosin_2
ebra7998.t1,Not_Target,Not_Target,Not_Target
ebra7999.t1,Not_Target,Myosin_8,Myosin_8
ebra8000.t1,Not_Target,Myosin_8,Myosin_8
ebra8001.t1,Not_Target,Not_Target,Not_Target
ebra8002.t1,Myosin_2,Not_Target,Not_Target
ebra3819.t1,Not_Target,Not_Target,Not_Target
ebra3820.t1,Not_Target,Not_Target,Myosin_55
ebra3821.t1,Not_Target,Not_Target,Not_Target
ebra3822.t1,Not_Target,Not_Target,Not_Target
ebra3823.t1,Not_Target,Not_Target,Not_Target
ebra3824.t1,Not_Target,Not_Target,Not_Target
ebra8821.t1,Not_Target,Not_Target,Myosin_22
ebra8822.t1,Not_Target,Not_Target,Not_Target
ebra3291.t1,Not_Target,Not_Target,Not_Target
ebra3292.t1,Not_Target,Not_Target,Not_Target
ebra3293.t1,Not_Target,Not_Target,Not_Target
ebra3294.t1,Not_Target,Not_Target,Not_Target
ebra518.t1,Not_Target,Not_Target,Not_Target
ebra519.t1,Not_Target,Not_Target,Myosin_2
ebra520.t1,Not_Target,Not_Target,Not_Target
ebra521.t1,Not_Target,Not_Target,Not_Target
ebra522.t1,Myosin_1,Myosin_1,Myosin_43
ebra5600.t1,Myosin_50,Myosin_16,Myosin_20
ebra5601.t1,Not_Target,Not_Target,Not_Target
ebra5602.t1,Not_Target,Not_Target,Not_Target
ebra21633.t1,Not_Target,Not_Target,Not_Target
ebra21634.t1,Not_Target,Not_Target,Not_Target
ebra21635.t1,Myosin_6,Myosin_6,Not_Target
ebra21636.t1,Myosin_6,Myosin_6,Not_Target
ebra21637.t1,Not_Target,Myosin_2,Not_Target
ebra21638.t1,Not_Target,Myosin_2,Not_Target
ebra3606.t1,Myosin_17,Not_Target,Not_Target
ebra3607.t1,Not_Target,Not_Target,Not_Target
ebra3608.t1,Not_Target,Not_Target,Not_Target
ebra3609.t1,Not_Target,Not_Target,Not_Target
ebra6293.t1,Not_Target,Not_Target,Not_Target
ebra6294.t1,Not_Target,Not_Target,Not_Target
ebra7928.t1,Myosin_15,Myosin_19,Myosin_81
ebra7929.t1,Not_Target,Myosin_47,Myosin_1
ebra7930.t1,Not_Target,Not_Target,Not_Target
ebra7931.t1,Not_Target,Not_Target,Not_Target
ebra17244.t1,Not_Target,Not_Target,Myosin_5
ebra17245.t1,Not_Target,Myosin_29,Myosin_2
ebra17246.t1,Not_Target,Not_Target,Not_Target
ebra17247.t1,Myosin_18,Not_Target,Not_Target
ebra17248.t1,Myosin_18,Not_Target,Not_Target
ebra17249.t1,Not_Target,Not_Target,Not_Target
ebra17250.t1,Myosin_18,Not_Target,Not_Target
ebra8772.t1,Not_Target,Myosin_5,Not_Target
ebra8773.t1,Myosin_57,Not_Target,Not_Target
ebra8774.t1,Myosin_57,Myosin_57,Myosin_57
ebra8775.t1,Not_Target,Not_Target,Not_Target
ebra8776.t1,Not_Target,Myosin_8,Not_Target
ebra8777.t1,Not_Target,Not_Target,Not_Target
ebra8778.t1,Not_Target,Not_Target,Not_Target
ebra1278.t1,Not_Target,Not_Target,Not_Target
ebra1279.t1,Not_Target,Myosin_28,Not_Target
ebra2331.t1,Myosin_16,Not_Target,Myosin_1
ebra2332.t1,Myosin_26,Myosin_1,Myosin_16
ebra4982.t1,Not_Target,Not_Target,Not_Target
ebra4983.t1,Not_Target,Not_Target,Not_Target
ebra4984.t1,Myosin_23,Not_Target,Not_Target
ebra4985.t1,Myosin_23,Myosin_23,Myosin_6
ebra4986.t1,Not_Target,Not_Target,Not_Target
ebra15765.t1,Not_Target,Not_Target,Not_Target
ebra15766.t1,Myosin_19,Not_Target,Not_Target
ebra15767.t1,Not_Target,Not_Target,Not_Target
ebra15768.t1,Not_Target,Not_Target,Not_Target
ebra15769.t1,Not_Target,Not_Target,Not_Target
ebra15591.t1,Not_Target,Not_Target,Myosin_3
ebra15592.t1,Myosin_26,Not_Target,Not_Target
ebra15593.t1,Myosin_26,Not_Target,Myosin_5
ebra6404.t1,Not_Target,Not_Target,Not_Target
ebra6405.t1,Not_Target,Not_Target,Not_Target
ebra6406.t1,Not_Target,Myosin_19,Not_Target
ebra6407.t1,Not_Target,Myosin_19,Not_Target
ebra20283.t1,Not_Target,Not_Target,Not_Target
ebra20284.t1,Not_Target,Not_Target,Myosin_5
ebra20285.t1,Not_Target,Not_Target,Not_Target
ebra20286.t1,Not_Target,Not_Target,Not_Target
ebra20287.t1,Not_Target,Not_Target,Not_Target
ebra4752.t1,Not_Target,Not_Target,Not_Target
ebra4753.t1,Not_Target,Not_Target,Not_Target
ebra4754.t1,Myosin_57,Not_Target,Myosin_24
ebra4755.t1,Not_Target,Not_Target,Not_Target
ebra4756.t1,Not_Target,Not_Target,Not_Target
ebra4757.t1,Not_Target,Not_Target,Not_Target
ebra13640.t1,Myosin_36,Not_Target,Myosin_81
ebra12327.t1,Not_Target,Myosin_16,Myosin_20
ebra12328.t1,Not_Target,Not_Target,Myosin_5
ebra12329.t1,Not_Target,Not_Target,Not_Target
ebra6868.t1,Myosin_19,Myosin_19,Not_Target
ebra6869.t1,Not_Target,Not_Target,Not_Target
ebra6870.t1,Not_Target,Not_Target,Not_Target
ebra17623.t1,Not_Target,Not_Target,Myosin_20
ebra17624.t1,Myosin_36,Myosin_3,Myosin_5
ebra17625.t1,Not_Target,Not_Target,Not_Target
ebra17626.t1,Not_Target,Not_Target,Myosin_2
ebra1208.t1,Not_Target,Not_Target,Not_Target
ebra1209.t1,Not_Target,Not_Target,Myosin_3
ebra1210.t1,Not_Target,Not_Target,Not_Target
ebra1211.t1,Not_Target,Not_Target,Not_Target
ebra1212.t1,Not_Target,Not_Target,Not_Target
ebra8655.t1,Not_Target,Not_Target,Myosin_3
ebra8656.t1,Not_Target,Not_Target,Not_Target
ebra8657.t1,Not_Target,Not_Target,Not_Target
ebra8658.t1,Not_Target,Not_Target,Not_Target
ebra8659.t1,Not_Target,Myosin_1,Not_Target
ebra14513.t1,Not_Target,Myosin_4,Myosin_5
ebra14514.t1,Myosin_45,Not_Target,Myosin_40
ebra14515.t1,Not_Target,Not_Target,Not_Target
ebra14516.t1,Not_Target,Myosin_16,Not_Target
ebra9044.t1,Not_Target,Not_Target,Not_Target
ebra9045.t1,Not_Target,Not_Target,Myosin_19
ebra1844.t1,Not_Target,Not_Target,Not_Target
ebra1845.t1,Not_Target,Not_Target,Not_Target
ebra1846.t1,Not_Target,Myosin_5,Not_Target
ebra1847.t1,Not_Target,Not_Target,Not_Target
ebra19743.t1,Not_Target,Not_Target,Not_Target
ebra19744.t1,Not_Target,Not_Target,Not_Target
ebra19745.t1,Not_Target,Not_Target,Not_Target
ebra19746.t1,Not_Target,Not_Target,Not_Target
ebra19747.t1,Myosin_19,Myosin_19,Not_Target
ebra13623.t1,Myosin_15,Myosin_15,Myosin_15
ebra1413.t1,Not_Target,Myosin_15,Not_Target
ebra1414.t1,Myosin_27,Myosin_19,Not_Target
ebra1415.t1,Not_Target,Not_Target,Myosin_5
ebra1416.t1,Not_Target,Not_Target,Not_Target
ebra1417.t1,Myosin_37,Myosin_57,Not_Target
ebra1418.t1,Not_Target,Not_Target,Not_Target
ebra17088.t1,Not_Target,Myosin_5,Not_Target
ebra17089.t1,Not_Target,Myosin_22,Not_Target
ebra17090.t1,Not_Target,Not_Target,Not_Target
ebra17091.t1,Myosin_17,Not_Target,Not_Target
ebra17092.t1,Not_Target,Not_Target,Not_Target
ebra17093.t1,Not_Target,Myosin_19,Not_Target
ebra17094.t1,Not_Target,Not_Target,Not_Target
ebra9447.t1,Not_Target,Not_Target,Not_Target
ebra9448.t1,Myosin_45,Myosin_11,Myosin_51
ebra19717.t1,Not_Target,Not_Target,Not_Target
ebra19718.t1,Not_Target,Not_Target,Not_Target
ebra19719.t1,Not_Target,Not_Target,Myosin_4
ebra15924.t1,Myosin_22,Myosin_17,Not_Target
ebra15925.t1,Myosin_45,Myosin_5,Not_Target
ebra20422.t1,Not_Target,Not_Target,Not_Target
ebra20423.t1,Not_Target,Myosin_19,Not_Target
ebra20424.t1,Not_Target,Not_Target,Not_Target
ebra20425.t1,Not_Target,Not_Target,Not_Target
ebra13145.t1,Not_Target,Not_Target,Not_Target
ebra13146.t1,Not_Target,Not_Target,Not_Target
ebra13147.t1,Not_Target,Not_Target,Not_Target
ebra13148.t1,Not_Target,Not_Target,Not_Target
ebra13149.t1,Not_Target,Not_Target,Not_Target
ebra9067.t1,Not_Target,Not_Target,Myosin_20
ebra6571.t1,Myosin_45,Myosin_28,Not_Target
ebra6572.t1,Not_Target,Not_Target,Myosin_8
ebra6573.t1,Not_Target,Not_Target,Not_Target
ebra6574.t1,Not_Target,Not_Target,Not_Target
ebra6575.t1,Not_Target,Not_Target,Not_Target
ebra20264.t1,Myosin_37,Not_Target,Myosin_5
ebra20265.t1,Not_Target,Not_Target,Myosin_1
ebra20266.t1,Not_Target,Not_Target,Not_Target
ebra20267.t1,Not_Target,Not_Target,Myosin_14
ebra12258.t1,Myosin_30,Myosin_5,Myosin_23
ebra12259.t1,Not_Target,Not_Target,Not_Target
ebra12260.t1,Not_Target,Not_Target,Not_Target
ebra1639.t1,Not_Target,Not_Target,Not_Target
ebra1640.t1,Not_Target,Not_Target,Not_Target
ebra1641.t1,Myosin_45,Not_Target,Not_Target
ebra1642.t1,Myosin_2,Myosin_2,Not_Target
ebra12338.t1,Myosin_6,Myosin_6,Myosin_6
ebra12339.t1,Actin,Actin,Actin
ebra12340.t1,Not_Target,Not_Target,Not_Target
ebra12341.t1,Not_Target,Not_Target,Not_Target
ebra12342.t1,Not_Target,Not_Target,Myosin_28
ebra12343.t1,Not_Target,Not_Target,Myosin_14
ebra10236.t1,Myosin_19,Myosin_18,Myosin_64
ebra10237.t1,Not_Target,Myosin_16,Not_Target
ebra10238.t1,Not_Target,Myosin_57,Not_Target
ebra20329.t1,Not_Target,Not_Target,Myosin_30
ebra20330.t1,Not_Target,Not_Target,Not_Target
ebra20331.t1,Not_Target,Not_Target,Not_Target
ebra20332.t1,Not_Target,Not_Target,Not_Target
ebra20333.t1,Myosin_8,Not_Target,Not_Target
ebra20334.t1,Not_Target,Not_Target,Not_Target
ebra20335.t1,Myosin_19,Not_Target,Not_Target
ebra20336.t1,Not_Target,Not_Target,Not_Target
ebra14147.t1,Myosin_57,Not_Target,Myosin_5
ebra20958.t1,Not_Target,Not_Target,Not_Target
ebra20959.t1,Not_Target,Not_Target,Myosin_5
ebra20960.t1,Not_Target,Not_Target,Not_Target
ebra20961.t1,Not_Target,Not_Target,Not_Target
ebra14950.t1,Not_Target,Not_Target,Not_Target
ebra14951.t1,Myosin_45,Not_Target,Not_Target
ebra14952.t1,Myosin_37,Not_Target,Not_Target
ebra14953.t1,Not_Target,Not_Target,Not_Target
ebra14954.t1,Myosin_37,Myosin_37,Not_Target
ebra14955.t1,Myosin_37,Myosin_37,Not_Target
ebra14956.t1,Not_Target,Not_Target,Not_Target
ebra714.t1,Myosin_57,Myosin_5,Myosin_64
ebra715.t1,Not_Target,Not_Target,Not_Target
ebra13284.t1,Not_Target,Not_Target,Not_Target
ebra13285.t1,Not_Target,Not_Target,Not_Target
ebra13286.t1,Not_Target,Not_Target,Not_Target
ebra13287.t1,Not_Target,Not_Target,Not_Target
ebra3563.t1,Not_Target,Myosin_19,Not_Target
ebra3564.t1,Not_Target,Not_Target,Not_Target
ebra3565.t1,Not_Target,Not_Target,Not_Target
ebra3566.t1,Not_Target,Not_Target,Not_Target
ebra3567.t1,Myosin_19,Myosin_19,Not_Target
ebra12579.t1,Myosin_27,Myosin_27,Myosin_37
ebra12580.t1,Myosin_30,Myosin_57,Myosin_50
ebra5215.t1,Myosin_2,Not_Target,Not_Target
ebra5216.t1,Not_Target,Not_Target,Not_Target
ebra5217.t1,Not_Target,Not_Target,Not_Target
ebra5218.t1,Not_Target,Not_Target,Myosin_1
ebra4474.t1,Myosin_24,Myosin_18,Not_Target
ebra4475.t1,Myosin_11,Not_Target,Not_Target
ebra4476.t1,Myosin_11,Not_Target,Not_Target
ebra4477.t1,Myosin_24,Myosin_18,Not_Target
ebra4478.t1,Not_Target,Myosin_2,Not_Target
ebra4479.t1,Not_Target,Not_Target,Not_Target
ebra4480.t1,Not_Target,Not_Target,Not_Target
ebra14690.t1,Not_Target,Not_Target,Myosin_1
ebra14691.t1,Myosin_5,Not_Target,Not_Target
ebra14692.t1,Not_Target,Not_Target,Not_Target
ebra14693.t1,Not_Target,Not_Target,Myosin_8
ebra14694.t1,Not_Target,Not_Target,Not_Target
ebra15314.t1,Not_Target,Not_Target,Not_Target
ebra15315.t1,Not_Target,Not_Target,Myosin_8
ebra15316.t1,Not_Target,Not_Target,Not_Target
ebra15317.t1,Not_Target,Not_Target,Not_Target
ebra15318.t1,Not_Target,Myosin_70,Not_Target
ebra15319.t1,Myosin_31,Not_Target,Not_Target
ebra15320.t1,Not_Target,Myosin_2,Not_Target
ebra10473.t1,Not_Target,Myosin_80,Not_Target
ebra10474.t1,Not_Target,Not_Target,Not_Target
ebra10475.t1,Not_Target,Not_Target,Not_Target
ebra15112.t1,Not_Target,Not_Target,Not_Target
ebra15113.t1,Not_Target,Not_Target,Not_Target
ebra15114.t1,Not_Target,Myosin_19,Not_Target
ebra15115.t1,Myosin_18,Not_Target,Not_Target
ebra15116.t1,Not_Target,Myosin_47,Not_Target
ebra15117.t1,Not_Target,Not_Target,Not_Target
ebra15118.t1,Not_Target,Not_Target,Not_Target
ebra3184.t1,Myosin_19,Myosin_19,Myosin_19
ebra3185.t1,Not_Target,Not_Target,Myosin_19
ebra3186.t1,Not_Target,Not_Target,Myosin_19
ebra6076.t1,Not_Target,Myosin_17,Not_Target
ebra6077.t1,Not_Target,Myosin_17,Not_Target
ebra9879.t1,Not_Target,Not_Target,Not_Target
ebra9880.t1,Not_Target,Not_Target,Myosin_19
ebra9881.t1,Not_Target,Not_Target,Not_Target
ebra9882.t1,Not_Target,Not_Target,Not_Target
ebra9883.t1,Not_Target,Not_Target,Not_Target
ebra9884.t1,Not_Target,Not_Target,Myosin_30
ebra9885.t1,Not_Target,Myosin_47,Not_Target
ebra9886.t1,Not_Target,Not_Target,Not_Target
ebra9887.t1,Not_Target,Myosin_14,Not_Target
ebra9888.t1,Not_Target,Not_Target,Not_Target
ebra5076.t1,Not_Target,Not_Target,Not_Target
ebra5077.t1,Not_Target,Not_Target,Not_Target
ebra5078.t1,Not_Target,Not_Target,Not_Target
ebra5079.t1,Not_Target,Not_Target,Myosin_9
ebra5080.t1,Myosin_31,Not_Target,Not_Target
ebra11928.t1,Not_Target,Not_Target,Not_Target
ebra11929.t1,Not_Target,Myosin_26,Myosin_1
ebra11930.t1,Not_Target,Not_Target,Myosin_4
ebra11931.t1,Not_Target,Not_Target,Not_Target
ebra4501.t1,Not_Target,Not_Target,Not_Target
ebra4502.t1,Not_Target,Not_Target,Myosin_2
ebra4503.t1,Myosin_19,Myosin_17,Not_Target
ebra4504.t1,Myosin_6,Myosin_6,Myosin_1
ebra4505.t1,Not_Target,Not_Target,Not_Target
ebra15342.t1,Not_Target,Not_Target,Not_Target
ebra15343.t1,Not_Target,Not_Target,Not_Target
ebra15344.t1,Not_Target,Not_Target,Not_Target
ebra17874.t1,Not_Target,Myosin_18,Not_Target
ebra17875.t1,Not_Target,Myosin_18,Not_Target
ebra1451.t1,Not_Target,Not_Target,Myosin_23
ebra1452.t1,Not_Target,Not_Target,Myosin_20
ebra21568.t1,Not_Target,Not_Target,Not_Target
ebra21569.t1,Not_Target,Myosin_17,Myosin_17
ebra21570.t1,Not_Target,Not_Target,Not_Target
ebra13411.t1,Myosin_18,Not_Target,Not_Target
ebra13412.t1,Not_Target,Not_Target,Not_Target
ebra13413.t1,Not_Target,Not_Target,Not_Target
ebra11114.t1,Not_Target,Not_Target,Not_Target
ebra11115.t1,Not_Target,Not_Target,Not_Target
ebra11116.t1,Not_Target,Not_Target,Not_Target
ebra11117.t1,Not_Target,Not_Target,Not_Target
ebra11118.t1,Not_Target,Not_Target,Not_Target
ebra11119.t1,Myosin_37,Not_Target,Not_Target
ebra11329.t1,Not_Target,Not_Target,Not_Target
ebra11330.t1,Not_Target,Not_Target,Myosin_1
ebra11331.t1,Not_Target,Not_Target,Not_Target
ebra20450.t1,Not_Target,Not_Target,Not_Target
ebra20451.t1,Not_Target,Not_Target,Not_Target
ebra20452.t1,Not_Target,Not_Target,Not_Target
ebra20453.t1,Not_Target,Not_Target,Not_Target
ebra20454.t1,Myosin_19,Not_Target,Not_Target
ebra20455.t1,Myosin_6,Not_Target,Myosin_5
ebra3449.t1,Myosin_57,Myosin_2,Not_Target
ebra3450.t1,Not_Target,Not_Target,Myosin_4
ebra3451.t1,Not_Target,Not_Target,Not_Target
ebra3452.t1,Not_Target,Not_Target,Not_Target
ebra3453.t1,Not_Target,Not_Target,Not_Target
ebra3454.t1,Not_Target,Not_Target,Not_Target
ebra3455.t1,Not_Target,Not_Target,Not_Target
ebra16827.t1,Not_Target,Not_Target,Not_Target
ebra16828.t1,Not_Target,Not_Target,Not_Target
ebra16829.t1,Not_Target,Not_Target,Not_Target
ebra12807.t1,Not_Target,Not_Target,Not_Target
ebra12808.t1,Myosin_1,Myosin_47,Myosin_1
ebra12809.t1,Not_Target,Myosin_22,Not_Target
ebra16311.t1,Myosin_19,Myosin_19,Not_Target
ebra16312.t1,Not_Target,Not_Target,Not_Target
ebra16313.t1,Not_Target,Myosin_2,Not_Target
ebra16314.t1,Not_Target,Not_Target,Not_Target
ebra16315.t1,Not_Target,Not_Target,Not_Target
ebra16316.t1,Myosin_2,Not_Target,Not_Target
ebra16573.t1,Not_Target,Not_Target,Myosin_33
ebra16574.t1,Myosin_45,Not_Target,Not_Target
ebra16575.t1,Not_Target,Not_Target,Not_Target
ebra16576.t1,Not_Target,Not_Target,Not_Target
ebra16577.t1,Not_Target,Not_Target,Not_Target
ebra16578.t1,Not_Target,Not_Target,Not_Target
ebra11162.t1,Not_Target,Myosin_25,Not_Target
ebra11163.t1,Not_Target,Not_Target,Not_Target
ebra11164.t1,Not_Target,Myosin_1,Myosin_1
ebra11165.t1,Not_Target,Myosin_1,Not_Target
ebra1628.t1,Not_Target,Not_Target,Not_Target
ebra1629.t1,Not_Target,Not_Target,Not_Target
ebra1630.t1,Not_Target,Myosin_1,Not_Target
ebra13211.t1,Not_Target,Not_Target,Not_Target
ebra13212.t1,Not_Target,Not_Target,Not_Target
ebra13213.t1,Not_Target,Not_Target,Not_Target
ebra13214.t1,Not_Target,Not_Target,Not_Target
ebra20620.t1,Not_Target,Not_Target,Not_Target
ebra20621.t1,Not_Target,Not_Target,Not_Target
ebra3580.t1,Myosin_19,Not_Target,Not_Target
ebra3581.t1,Not_Target,Myosin_19,Myosin_19
ebra3582.t1,Not_Target,Not_Target,Not_Target
ebra10329.t1,Not_Target,Myosin_3,Not_Target
ebra10330.t1,Not_Target,Not_Target,Not_Target
ebra10331.t1,Myosin_2,Myosin_6,Not_Target
ebra6655.t1,Not_Target,Not_Target,Not_Target
ebra6656.t1,Myosin_34,Not_Target,Myosin_11
ebra20354.t1,Not_Target,Not_Target,Not_Target
ebra20355.t1,Myosin_57,Myosin_43,Myosin_2
ebra20356.t1,Not_Target,Myosin_57,Not_Target
ebra20357.t1,Not_Target,Not_Target,Not_Target
ebra14821.t1,Myosin_45,Myosin_16,Myosin_8
ebra14822.t1,Myosin_4,Myosin_4,Not_Target
ebra14823.t1,Myosin_4,Myosin_4,Not_Target
ebra10664.t1,Not_Target,Not_Target,Not_Target
ebra10665.t1,Not_Target,Not_Target,Not_Target
ebra10666.t1,Not_Target,Not_Target,Not_Target
ebra10667.t1,Not_Target,Myosin_37,Not_Target
ebra10668.t1,Myosin_1,Myosin_37,Not_Target
ebra9945.t1,Not_Target,Not_Target,Not_Target
ebra9946.t1,Myosin_45,Myosin_5,Myosin_3
ebra9947.t1,Not_Target,Not_Target,Not_Target
ebra14871.t1,Myosin_18,Myosin_18,Myosin_53
ebra14872.t1,Not_Target,Not_Target,Not_Target
ebra14873.t1,Not_Target,Not_Target,Not_Target
ebra10074.t1,Not_Target,Not_Target,Not_Target
ebra10075.t1,Not_Target,Not_Target,Not_Target
ebra10076.t1,Myosin_1,Myosin_1,Myosin_57
ebra10077.t1,Not_Target,Not_Target,Not_Target
ebra10078.t1,Not_Target,Not_Target,Not_Target
ebra10079.t1,Not_Target,Not_Target,Not_Target
ebra18968.t1,Myosin_45,Myosin_16,Not_Target
ebra18969.t1,Not_Target,Not_Target,Myosin_57
ebra7276.t1,Not_Target,Myosin_26,Not_Target
ebra7277.t1,Not_Target,Not_Target,Not_Target
ebra2845.t1,Myosin_17,Myosin_17,Not_Target
ebra2846.t1,Not_Target,Not_Target,Not_Target
ebra2847.t1,Not_Target,Not_Target,Not_Target
ebra2848.t1,Not_Target,Not_Target,Not_Target
ebra2849.t1,Not_Target,Not_Target,Not_Target
ebra2850.t1,Not_Target,Not_Target,Not_Target
ebra13575.t1,Not_Target,Not_Target,Not_Target
ebra13576.t1,Myosin_18,Not_Target,Not_Target
ebra13577.t1,Not_Target,Myosin_6,Myosin_2
ebra13578.t1,Not_Target,Not_Target,Not_Target
ebra13579.t1,Not_Target,Myosin_6,Not_Target
ebra20145.t1,Not_Target,Not_Target,Not_Target
ebra20146.t1,Not_Target,Not_Target,Not_Target
ebra20147.t1,Not_Target,Not_Target,Not_Target
ebra20148.t1,Not_Target,Not_Target,Not_Target
ebra15934.t1,Not_Target,Not_Target,Not_Target
ebra15935.t1,Not_Target,Not_Target,Not_Target
ebra15936.t1,Myosin_45,Not_Target,Not_Target
ebra6830.t1,Not_Target,Myosin_19,Not_Target
ebra6831.t1,Not_Target,Not_Target,Not_Target
ebra6832.t1,Not_Target,Myosin_23,Not_Target
ebra6833.t1,Myosin_45,Myosin_45,Not_Target
ebra18153.t1,Myosin_3,Not_Target,Myosin_74
ebra2788.t1,Not_Target,Not_Target,Not_Target
ebra2789.t1,Not_Target,Not_Target,Not_Target
ebra2790.t1,Not_Target,Not_Target,Not_Target
ebra2791.t1,Not_Target,Not_Target,Not_Target
ebra19424.t1,Not_Target,Not_Target,Not_Target
ebra19425.t1,Myosin_22,Myosin_22,Myosin_4
ebra20915.t1,Not_Target,Not_Target,Not_Target
ebra20916.t1,Not_Target,Not_Target,Not_Target
ebra20917.t1,Not_Target,Not_Target,Not_Target
ebra20918.t1,Not_Target,Not_Target,Not_Target
ebra15428.t1,Not_Target,Not_Target,Myosin_73
ebra15429.t1,Not_Target,Myosin_1,Not_Target
ebra15430.t1,Not_Target,Not_Target,Not_Target
ebra15431.t1,Not_Target,Myosin_57,Not_Target
ebra15432.t1,Not_Target,Not_Target,Not_Target
ebra13208.t1,Not_Target,Not_Target,Not_Target
ebra13209.t1,Not_Target,Not_Target,Not_Target
ebra13909.t1,Myosin_19,Not_Target,Myosin_22
ebra13910.t1,Myosin_19,Myosin_1,Myosin_22
ebra18888.t1,Myosin_5,Myosin_24,Myosin_5
ebra18889.t1,Not_Target,Myosin_5,Myosin_5
ebra7544.t1,Not_Target,Not_Target,Not_Target
ebra7545.t1,Not_Target,Not_Target,Not_Target
ebra7546.t1,Not_Target,Not_Target,Not_Target
ebra7547.t1,Not_Target,Not_Target,Not_Target
ebra18098.t1,Not_Target,Not_Target,Not_Target
ebra18099.t1,Not_Target,Myosin_1,Not_Target
ebra18100.t1,Not_Target,Not_Target,Myosin_19
ebra18101.t1,Not_Target,Not_Target,Not_Target
ebra18102.t1,Not_Target,Not_Target,Not_Target
ebra11983.t1,Not_Target,Myosin_19,Not_Target
ebra11984.t1,Not_Target,Not_Target,Myosin_3
ebra11856.t1,Not_Target,Not_Target,Not_Target
ebra11857.t1,Not_Target,Not_Target,Myosin_4
ebra11858.t1,Not_Target,Not_Target,Not_Target
ebra19692.t1,Not_Target,Myosin_55,Not_Target
ebra19693.t1,Not_Target,Myosin_19,Myosin_3
ebra19694.t1,Myosin_19,Myosin_19,Not_Target
ebra19695.t1,Myosin_19,Myosin_19,Myosin_19
ebra5851.t1,Not_Target,Not_Target,Not_Target
ebra5852.t1,Not_Target,Not_Target,Not_Target
ebra5853.t1,Not_Target,Not_Target,Myosin_36
ebra18803.t1,Not_Target,Not_Target,Not_Target
ebra18804.t1,Not_Target,Not_Target,Not_Target
ebra18805.t1,Myosin_19,Myosin_19,Not_Target
ebra16052.t1,Not_Target,Not_Target,Not_Target
ebra16053.t1,Not_Target,Myosin_26,Myosin_3
ebra12622.t1,Not_Target,Not_Target,Not_Target
ebra12623.t1,Not_Target,Not_Target,Myosin_62
ebra12624.t1,Myosin_31,Myosin_18,Not_Target
ebra12625.t1,Myosin_18,Myosin_57,Not_Target
ebra12626.t1,Not_Target,Not_Target,Not_Target
ebra12627.t1,Not_Target,Not_Target,Not_Target
ebra12628.t1,Not_Target,Myosin_5,Not_Target
ebra8764.t1,Myosin_19,Myosin_19,Myosin_19
ebra12001.t1,Not_Target,Not_Target,Myosin_2
ebra12002.t1,Not_Target,Not_Target,Not_Target
ebra12003.t1,Not_Target,Not_Target,Myosin_4
ebra12004.t1,Not_Target,Not_Target,Not_Target
ebra3555.t1,Myosin_2,Not_Target,Myosin_2
ebra3556.t1,Myosin_22,Not_Target,Myosin_81
ebra5709.t1,Myosin_57,Myosin_80,Myosin_2
ebra5710.t1,Not_Target,Not_Target,Not_Target
ebra5711.t1,Not_Target,Not_Target,Not_Target
ebra5712.t1,Not_Target,Not_Target,Not_Target
ebra5901.t1,Not_Target,Not_Target,Not_Target
ebra5902.t1,Not_Target,Not_Target,Not_Target
ebra7742.t1,Myosin_37,Not_Target,Not_Target
ebra7743.t1,Myosin_15,Myosin_3,Myosin_5
ebra7744.t1,Not_Target,Not_Target,Not_Target
ebra7745.t1,Myosin_37,Myosin_5,Myosin_25
ebra6759.t1,Myosin_2,Not_Target,Not_Target
ebra6760.t1,Not_Target,Not_Target,Not_Target
ebra6761.t1,Not_Target,Myosin_2,Not_Target
ebra6762.t1,Not_Target,Not_Target,Not_Target
ebra6763.t1,Not_Target,Myosin_19,Not_Target
ebra18988.t1,Not_Target,Myosin_18,Myosin_4
ebra18989.t1,Not_Target,Not_Target,Not_Target
ebra4403.t1,Not_Target,Not_Target,Actin
ebra4404.t1,Not_Target,Not_Target,Not_Target
ebra4405.t1,Myosin_31,Myosin_2,Not_Target
ebra4406.t1,Not_Target,Not_Target,Not_Target
ebra4407.t1,Not_Target,Not_Target,Not_Target
ebra3915.t1,Not_Target,Myosin_54,Not_Target
ebra3916.t1,Not_Target,Not_Target,Not_Target
ebra3917.t1,Not_Target,Not_Target,Not_Target
ebra11851.t1,Not_Target,Not_Target,Not_Target
ebra11852.t1,Not_Target,Not_Target,Not_Target
ebra11853.t1,Not_Target,Not_Target,Myosin_3
ebra11854.t1,Not_Target,Not_Target,Myosin_23
ebra3484.t1,Not_Target,Myosin_36,Not_Target
ebra3485.t1,Myosin_6,Not_Target,Not_Target
ebra3486.t1,Not_Target,Myosin_28,Not_Target
ebra3487.t1,Not_Target,Not_Target,Myosin_1
ebra6636.t1,Not_Target,Not_Target,Not_Target
ebra6637.t1,Not_Target,Not_Target,Not_Target
ebra6638.t1,Not_Target,Not_Target,Myosin_62
ebra6639.t1,Not_Target,Not_Target,Myosin_8
ebra6640.t1,Not_Target,Not_Target,Not_Target
ebra6641.t1,Not_Target,Not_Target,Not_Target
ebra6642.t1,Not_Target,Not_Target,Not_Target
ebra14137.t1,Not_Target,Myosin_18,Not_Target
ebra14138.t1,Not_Target,Not_Target,Not_Target
ebra14139.t1,Not_Target,Not_Target,Not_Target
ebra14140.t1,Not_Target,Not_Target,Not_Target
ebra14141.t1,Not_Target,Not_Target,Not_Target
ebra21456.t1,Not_Target,Not_Target,Not_Target
ebra21457.t1,Not_Target,Not_Target,Not_Target
ebra9799.t1,Not_Target,Not_Target,Not_Target
ebra9800.t1,Myosin_19,Not_Target,Not_Target
ebra9801.t1,Myosin_8,Not_Target,Not_Target
ebra9802.t1,Not_Target,Not_Target,Not_Target
ebra8604.t1,Not_Target,Myosin_6,Myosin_1
ebra8605.t1,Not_Target,Myosin_1,Not_Target
ebra8606.t1,Not_Target,Not_Target,Not_Target
ebra8607.t1,Not_Target,Not_Target,Not_Target
ebra8608.t1,Not_Target,Not_Target,Not_Target
ebra8609.t1,Not_Target,Not_Target,Not_Target
ebra15684.t1,Myosin_4,Myosin_1,Not_Target
ebra15685.t1,Not_Target,Not_Target,Not_Target
ebra15686.t1,Not_Target,Not_Target,Myosin_4
ebra15687.t1,Not_Target,Not_Target,Myosin_1
ebra15688.t1,Not_Target,Not_Target,Not_Target
ebra15689.t1,Not_Target,Not_Target,Not_Target
ebra15690.t1,Not_Target,Not_Target,Not_Target
ebra20079.t1,Myosin_73,Myosin_57,Myosin_37
ebra20080.t1,Not_Target,Not_Target,Not_Target
ebra20081.t1,Not_Target,Not_Target,Not_Target
ebra9484.t1,Myosin_3,Myosin_22,Myosin_26
ebra9485.t1,Not_Target,Not_Target,Not_Target
ebra9486.t1,Not_Target,Myosin_10,Myosin_1
ebra9487.t1,Not_Target,Not_Target,Not_Target
ebra19788.t1,Myosin_26,Not_Target,Myosin_57
ebra19789.t1,Not_Target,Not_Target,Not_Target
ebra6481.t1,Not_Target,Not_Target,Not_Target
ebra6482.t1,Not_Target,Not_Target,Not_Target
ebra6483.t1,Not_Target,Not_Target,Not_Target
ebra6484.t1,Not_Target,Not_Target,Not_Target
ebra2882.t1,Not_Target,Not_Target,Not_Target
ebra2883.t1,Not_Target,Not_Target,Not_Target
ebra2884.t1,Not_Target,Not_Target,Not_Target
ebra2885.t1,Not_Target,Not_Target,Not_Target
ebra625.t1,Not_Target,Not_Target,Not_Target
ebra9094.t1,Myosin_19,Not_Target,Myosin_2
ebra9095.t1,Not_Target,Not_Target,Not_Target
ebra9096.t1,Not_Target,Not_Target,Not_Target
ebra9097.t1,Not_Target,Not_Target,Not_Target
ebra9098.t1,Not_Target,Not_Target,Not_Target
ebra9099.t1,Not_Target,Not_Target,Not_Target
ebra19072.t1,Not_Target,Myosin_17,Not_Target
ebra19073.t1,Not_Target,Not_Target,Not_Target
ebra19074.t1,Not_Target,Not_Target,Myosin_2
ebra19075.t1,Not_Target,Not_Target,Not_Target
ebra16976.t1,Not_Target,Not_Target,Not_Target
ebra16977.t1,Myosin_9,Myosin_9,Myosin_57
ebra9848.t1,Myosin_5,Myosin_5,Not_Target
ebra9849.t1,Not_Target,Myosin_19,Not_Target
ebra9850.t1,Not_Target,Not_Target,Not_Target
ebra9851.t1,Myosin_5,Myosin_5,Not_Target
ebra17590.t1,Myosin_42,Not_Target,Not_Target
ebra17591.t1,Not_Target,Not_Target,Not_Target
ebra17592.t1,Myosin_19,Not_Target,Not_Target
ebra17593.t1,Not_Target,Not_Target,Myosin_2
ebra17594.t1,Not_Target,Not_Target,Not_Target
ebra17595.t1,Not_Target,Not_Target,Not_Target
ebra4657.t1,Not_Target,Not_Target,Not_Target
ebra4658.t1,Not_Target,Not_Target,Not_Target
ebra4659.t1,Not_Target,Not_Target,Not_Target
ebra4660.t1,Not_Target,Not_Target,Not_Target
ebra4661.t1,Not_Target,Not_Target,Myosin_2
ebra4662.t1,Not_Target,Not_Target,Not_Target
ebra4663.t1,Not_Target,Not_Target,Not_Target
ebra18826.t1,Not_Target,Not_Target,Not_Target
ebra18827.t1,Not_Target,Not_Target,Not_Target
ebra18828.t1,Not_Target,Not_Target,Not_Target
ebra18829.t1,Not_Target,Myosin_19,Not_Target
ebra18830.t1,Myosin_1,Myosin_1,Not_Target
ebra16877.t1,Not_Target,Not_Target,Not_Target
ebra16878.t1,Myosin_57,Not_Target,Myosin_11
ebra16879.t1,Not_Target,Not_Target,Not_Target
ebra16880.t1,Not_Target,Not_Target,Not_Target
ebra12374.t1,Not_Target,Not_Target,Myosin_1
ebra12375.t1,Not_Target,Not_Target,Myosin_1
ebra12376.t1,Myosin_24,Not_Target,Myosin_2
ebra2364.t1,Myosin_26,Myosin_28,Not_Target
ebra2365.t1,Myosin_17,Not_Target,Not_Target
ebra2366.t1,Myosin_19,Myosin_19,Not_Target
ebra2367.t1,Not_Target,Myosin_51,Not_Target
ebra16744.t1,Not_Target,Myosin_19,Not_Target
ebra16745.t1,Myosin_17,Myosin_17,Not_Target
ebra16746.t1,Myosin_17,Myosin_17,Myosin_3
ebra16747.t1,Not_Target,Myosin_19,Not_Target
ebra94.t1,Not_Target,Not_Target,Myosin_5
ebra95.t1,Not_Target,Not_Target,Myosin_5
ebra96.t1,Not_Target,Not_Target,Not_Target
ebra11036.t1,Not_Target,Not_Target,Not_Target
ebra11037.t1,Not_Target,Myosin_7,Not_Target
ebra14273.t1,Myosin_18,Not_Target,Not_Target
ebra14274.t1,Not_Target,Not_Target,Not_Target
ebra14275.t1,Not_Target,Not_Target,Not_Target
ebra14276.t1,Myosin_18,Not_Target,Not_Target
ebra4716.t1,Not_Target,Not_Target,Not_Target
ebra4717.t1,Not_Target,Not_Target,Not_Target
ebra4718.t1,Not_Target,Myosin_5,Not_Target
ebra15423.t1,Not_Target,Myosin_3,Not_Target
ebra15424.t1,Not_Target,Not_Target,Not_Target
ebra15425.t1,Not_Target,Myosin_1,Not_Target
ebra17208.t1,Not_Target,Not_Target,Myosin_1
ebra17209.t1,Not_Target,Not_Target,Not_Target
ebra17210.t1,Myosin_18,Myosin_19,Myosin_11
ebra17211.t1,Not_Target,Not_Target,Not_Target
ebra1875.t1,Not_Target,Not_Target,Not_Target
ebra1876.t1,Not_Target,Not_Target,Not_Target
ebra1877.t1,Not_Target,Myosin_17,Not_Target
ebra16217.t1,Not_Target,Not_Target,Myosin_20
ebra16218.t1,Not_Target,Not_Target,Not_Target
ebra16219.t1,Not_Target,Not_Target,Not_Target
ebra16220.t1,Not_Target,Not_Target,Not_Target
ebra5202.t1,Not_Target,Not_Target,Not_Target
ebra5203.t1,Not_Target,Not_Target,Not_Target
ebra5204.t1,Not_Target,Not_Target,Not_Target
ebra5205.t1,Not_Target,Not_Target,Not_Target
ebra5206.t1,Not_Target,Not_Target,Not_Target
ebra5207.t1,Not_Target,Not_Target,Not_Target
ebra9488.t1,Not_Target,Not_Target,Myosin_1
ebra9489.t1,Not_Target,Not_Target,Not_Target
ebra9490.t1,Not_Target,Not_Target,Not_Target
ebra9491.t1,Not_Target,Not_Target,Not_Target
ebra9492.t1,Not_Target,Not_Target,Not_Target
ebra191.t1,Not_Target,Not_Target,Not_Target
ebra192.t1,Myosin_1,Myosin_5,Not_Target
ebra193.t1,Not_Target,Not_Target,Not_Target
ebra194.t1,Myosin_45,Myosin_18,Not_Target
ebra10014.t1,Not_Target,Not_Target,Not_Target
ebra10015.t1,Not_Target,Not_Target,Not_Target
ebra12051.t1,Myosin_3,Myosin_3,Myosin_3
ebra5747.t1,Not_Target,Not_Target,Not_Target
ebra5748.t1,Not_Target,Myosin_19,Not_Target
ebra5749.t1,Not_Target,Not_Target,Not_Target
ebra5750.t1,Not_Target,Not_Target,Myosin_1
ebra5751.t1,Not_Target,Myosin_19,Not_Target
ebra16543.t1,Not_Target,Myosin_51,Myosin_22
ebra16544.t1,Myosin_3,Myosin_3,Not_Target
ebra16545.t1,Not_Target,Myosin_1,Not_Target
ebra16546.t1,Myosin_3,Myosin_3,Not_Target
ebra2640.t1,Not_Target,Not_Target,Not_Target
ebra2641.t1,Not_Target,Myosin_1,Not_Target
ebra2642.t1,Not_Target,Not_Target,Not_Target
ebra2643.t1,Not_Target,Not_Target,Not_Target
ebra2644.t1,Not_Target,Not_Target,Not_Target
ebra2645.t1,Not_Target,Not_Target,Not_Target
ebra2646.t1,Not_Target,Not_Target,Not_Target
ebra19328.t1,Myosin_6,Not_Target,Myosin_1
ebra19329.t1,Myosin_6,Not_Target,Myosin_1
ebra4632.t1,Myosin_37,Not_Target,Not_Target
ebra4633.t1,Myosin_37,Myosin_22,Myosin_2
ebra4634.t1,Not_Target,Not_Target,Not_Target
ebra4635.t1,Not_Target,Not_Target,Not_Target
ebra12632.t1,Not_Target,Not_Target,Myosin_20
ebra12633.t1,Not_Target,Not_Target,Not_Target
ebra12634.t1,Not_Target,Not_Target,Not_Target
ebra4995.t1,Not_Target,Not_Target,Not_Target
ebra4996.t1,Not_Target,Not_Target,Not_Target
ebra4997.t1,Not_Target,Myosin_5,Myosin_17
ebra4998.t1,Not_Target,Myosin_57,Myosin_8
ebra16187.t1,Myosin_57,Myosin_81,Not_Target
ebra16188.t1,Not_Target,Not_Target,Not_Target
ebra16189.t1,Not_Target,Myosin_2,Not_Target
ebra16190.t1,Not_Target,Myosin_2,Not_Target
ebra16191.t1,Not_Target,Not_Target,Not_Target
ebra13629.t1,Not_Target,Not_Target,Not_Target
ebra13630.t1,Not_Target,Not_Target,Not_Target
ebra13631.t1,Not_Target,Not_Target,Not_Target
ebra13632.t1,Not_Target,Not_Target,Myosin_34
ebra13633.t1,Not_Target,Not_Target,Not_Target
ebra13634.t1,Not_Target,Not_Target,Not_Target
ebra13635.t1,Not_Target,Not_Target,Not_Target
ebra13636.t1,Not_Target,Not_Target,Not_Target
ebra13637.t1,Not_Target,Myosin_30,Not_Target
ebra11969.t1,Not_Target,Not_Target,Not_Target
ebra11970.t1,Not_Target,Not_Target,Not_Target
ebra16317.t1,Not_Target,Not_Target,Myosin_2
ebra16318.t1,Not_Target,Myosin_2,Not_Target
ebra16319.t1,Myosin_18,Myosin_57,Myosin_5
ebra16320.t1,Myosin_18,Myosin_18,Myosin_5
ebra16321.t1,Not_Target,Myosin_2,Not_Target
ebra16642.t1,Not_Target,Not_Target,Not_Target
ebra16643.t1,Not_Target,Not_Target,Not_Target
ebra16644.t1,Not_Target,Not_Target,Not_Target
ebra16645.t1,Not_Target,Not_Target,Not_Target
ebra16646.t1,Not_Target,Myosin_26,Not_Target
ebra6269.t1,Not_Target,Myosin_17,Myosin_3
ebra6270.t1,Not_Target,Myosin_19,Not_Target
ebra6271.t1,Not_Target,Myosin_1,Not_Target
ebra6272.t1,Not_Target,Myosin_19,Myosin_2
ebra6273.t1,Myosin_19,Myosin_19,Not_Target
ebra5455.t1,Not_Target,Not_Target,Not_Target
ebra5456.t1,Not_Target,Myosin_1,Not_Target
ebra5457.t1,Not_Target,Not_Target,Not_Target
ebra5458.t1,Not_Target,Not_Target,Myosin_8
ebra20683.t1,Not_Target,Not_Target,Not_Target
ebra20684.t1,Myosin_5,Myosin_5,Not_Target
ebra20685.t1,Not_Target,Not_Target,Not_Target
ebra18225.t1,Not_Target,Myosin_74,Not_Target
ebra18226.t1,Not_Target,Not_Target,Not_Target
ebra18227.t1,Myosin_4,Myosin_4,Not_Target
ebra18709.t1,Not_Target,Not_Target,Myosin_1
ebra18710.t1,Not_Target,Not_Target,Not_Target
ebra18711.t1,Myosin_45,Myosin_57,Myosin_1
ebra18712.t1,Myosin_17,Not_Target,Not_Target
ebra13032.t1,Not_Target,Not_Target,Not_Target
ebra13033.t1,Not_Target,Not_Target,Not_Target
ebra13034.t1,Not_Target,Not_Target,Not_Target
ebra13035.t1,Not_Target,Not_Target,Not_Target
ebra13036.t1,Not_Target,Myosin_18,Not_Target
ebra20912.t1,Not_Target,Not_Target,Not_Target
ebra20913.t1,Not_Target,Not_Target,Not_Target
ebra920.t1,Myosin_18,Myosin_74,Myosin_55
ebra921.t1,Not_Target,Not_Target,Not_Target
ebra11519.t1,Not_Target,Myosin_18,Not_Target
ebra13215.t1,Not_Target,Not_Target,Not_Target
ebra13216.t1,Not_Target,Not_Target,Not_Target
ebra13217.t1,Not_Target,Myosin_5,Not_Target
ebra13218.t1,Not_Target,Not_Target,Not_Target
ebra13219.t1,Not_Target,Not_Target,Not_Target
ebra9889.t1,Not_Target,Myosin_66,Not_Target
ebra9890.t1,Not_Target,Not_Target,Not_Target
ebra9891.t1,Not_Target,Not_Target,Not_Target
ebra9892.t1,Not_Target,Not_Target,Not_Target
ebra9893.t1,Not_Target,Not_Target,Myosin_25
ebra9894.t1,Myosin_37,Not_Target,Myosin_37
ebra9040.t1,Not_Target,Not_Target,Not_Target
ebra9041.t1,Not_Target,Not_Target,Myosin_20
ebra9042.t1,Myosin_37,Myosin_1,Myosin_1
ebra9043.t1,Myosin_19,Myosin_19,Not_Target
ebra418.t1,Not_Target,Not_Target,Not_Target
ebra419.t1,Not_Target,Not_Target,Not_Target
ebra420.t1,Not_Target,Myosin_6,Myosin_2
ebra421.t1,Not_Target,Not_Target,Not_Target
ebra16559.t1,Myosin_30,Myosin_17,Myosin_1
ebra16560.t1,Not_Target,Not_Target,Not_Target
ebra16561.t1,Myosin_30,Myosin_1,Myosin_4
ebra11691.t1,Myosin_45,Not_Target,Myosin_31
ebra11692.t1,Myosin_26,Not_Target,Myosin_18
ebra11693.t1,Myosin_45,Not_Target,Myosin_1
ebra11694.t1,Myosin_45,Not_Target,Myosin_5
ebra15437.t1,Not_Target,Not_Target,Not_Target
ebra15438.t1,Not_Target,Not_Target,Not_Target
ebra15439.t1,Not_Target,Not_Target,Not_Target
ebra1957.t1,Not_Target,Not_Target,Not_Target
ebra1958.t1,Not_Target,Not_Target,Myosin_57
ebra1959.t1,Not_Target,Not_Target,Not_Target
ebra6598.t1,Not_Target,Myosin_19,Not_Target
ebra6599.t1,Not_Target,Myosin_5,Not_Target
ebra6600.t1,Myosin_2,Not_Target,Myosin_2
ebra6601.t1,Not_Target,Not_Target,Not_Target
ebra3882.t1,Not_Target,Not_Target,Not_Target
ebra11484.t1,Not_Target,Not_Target,Not_Target
ebra19515.t1,Not_Target,Not_Target,Myosin_28
ebra19516.t1,Not_Target,Not_Target,Myosin_28
ebra19517.t1,Myosin_15,Myosin_15,Myosin_17
ebra369.t1,Not_Target,Not_Target,Not_Target
ebra370.t1,Not_Target,Not_Target,Not_Target
ebra371.t1,Not_Target,Myosin_8,Not_Target
ebra372.t1,Not_Target,Not_Target,Not_Target
ebra373.t1,Not_Target,Not_Target,Not_Target
ebra17678.t1,Not_Target,Not_Target,Not_Target
ebra17679.t1,Not_Target,Not_Target,Not_Target
ebra17680.t1,Not_Target,Not_Target,Not_Target
ebra16761.t1,Myosin_37,Myosin_1,Not_Target
ebra16762.t1,Myosin_45,Myosin_5,Not_Target
ebra16763.t1,Not_Target,Not_Target,Not_Target
ebra7695.t1,Not_Target,Not_Target,Myosin_25
ebra7696.t1,Not_Target,Not_Target,Not_Target
ebra7697.t1,Not_Target,Not_Target,Not_Target
ebra7698.t1,Not_Target,Not_Target,Myosin_25
ebra1164.t1,Not_Target,Not_Target,Myosin_2
ebra1165.t1,Not_Target,Myosin_6,Not_Target
ebra1166.t1,Myosin_45,Not_Target,Not_Target
ebra19878.t1,Not_Target,Myosin_26,Myosin_30
ebra19879.t1,Not_Target,Not_Target,Not_Target
ebra19880.t1,Not_Target,Myosin_5,Not_Target
ebra19881.t1,Not_Target,Not_Target,Not_Target
ebra19882.t1,Not_Target,Not_Target,Not_Target
ebra15770.t1,Not_Target,Not_Target,Not_Target
ebra15771.t1,Not_Target,Myosin_16,Not_Target
ebra15772.t1,Not_Target,Not_Target,Not_Target
ebra18074.t1,Not_Target,Not_Target,Myosin_25
ebra18075.t1,Not_Target,Not_Target,Myosin_64
ebra18076.t1,Not_Target,Myosin_11,Not_Target
ebra18077.t1,Not_Target,Not_Target,Not_Target
ebra18078.t1,Not_Target,Not_Target,Not_Target
ebra18079.t1,Not_Target,Not_Target,Not_Target
ebra20593.t1,Not_Target,Myosin_31,Not_Target
ebra20594.t1,Not_Target,Not_Target,Myosin_16
ebra20595.t1,Not_Target,Not_Target,Not_Target
ebra20596.t1,Not_Target,Myosin_1,Not_Target
ebra12635.t1,Not_Target,Myosin_26,Myosin_20
ebra12636.t1,Not_Target,Myosin_5,Not_Target
ebra12637.t1,Not_Target,Not_Target,Not_Target
ebra12638.t1,Not_Target,Not_Target,Not_Target
ebra12639.t1,Not_Target,Not_Target,Not_Target
ebra12640.t1,Not_Target,Not_Target,Not_Target
ebra18218.t1,Not_Target,Not_Target,Myosin_20
ebra18219.t1,Not_Target,Not_Target,Not_Target
ebra901.t1,Not_Target,Not_Target,Not_Target
ebra902.t1,Not_Target,Not_Target,Not_Target
ebra903.t1,Not_Target,Not_Target,Not_Target
ebra904.t1,Myosin_19,Myosin_19,Not_Target
ebra16555.t1,Myosin_34,Not_Target,Myosin_8
ebra16556.t1,Not_Target,Not_Target,Not_Target
ebra16557.t1,Not_Target,Not_Target,Not_Target
ebra5564.t1,Not_Target,Not_Target,Not_Target
ebra5565.t1,Myosin_37,Myosin_57,Myosin_7
ebra5566.t1,Not_Target,Not_Target,Not_Target
ebra5567.t1,Myosin_31,Not_Target,Not_Target
ebra5568.t1,Myosin_31,Not_Target,Not_Target
ebra5569.t1,Not_Target,Myosin_57,Not_Target
ebra11849.t1,Not_Target,Not_Target,Not_Target
ebra18178.t1,Myosin_8,Not_Target,Not_Target
ebra18179.t1,Not_Target,Not_Target,Not_Target
ebra18180.t1,Not_Target,Not_Target,Not_Target
ebra18181.t1,Not_Target,Not_Target,Myosin_20
ebra5416.t1,Not_Target,Not_Target,Not_Target
ebra5417.t1,Not_Target,Not_Target,Not_Target
ebra5418.t1,Not_Target,Not_Target,Not_Target
ebra5419.t1,Not_Target,Not_Target,Not_Target
ebra5528.t1,Myosin_22,Not_Target,Myosin_23
ebra5529.t1,Not_Target,Not_Target,Not_Target
ebra5530.t1,Not_Target,Not_Target,Not_Target
ebra19128.t1,Not_Target,Not_Target,Myosin_57
ebra19129.t1,Not_Target,Not_Target,Not_Target
ebra19130.t1,Not_Target,Myosin_3,Myosin_1
ebra11254.t1,Not_Target,Not_Target,Not_Target
ebra11255.t1,Not_Target,Not_Target,Not_Target
ebra11256.t1,Not_Target,Not_Target,Not_Target
ebra11257.t1,Not_Target,Myosin_6,Not_Target
ebra11258.t1,Not_Target,Not_Target,Not_Target
ebra9288.t1,Myosin_30,Myosin_30,Myosin_19
ebra9289.t1,Not_Target,Not_Target,Myosin_1
ebra14965.t1,Not_Target,Not_Target,Not_Target
ebra14966.t1,Not_Target,Not_Target,Not_Target
ebra18031.t1,Not_Target,Not_Target,Not_Target
ebra18032.t1,Not_Target,Myosin_22,Not_Target
ebra18033.t1,Not_Target,Myosin_22,Not_Target
ebra18034.t1,Not_Target,Not_Target,Not_Target
ebra18035.t1,Not_Target,Myosin_19,Myosin_16
ebra18814.t1,Myosin_5,Myosin_5,Myosin_5
ebra15901.t1,Myosin_45,Myosin_16,Not_Target
ebra15902.t1,Myosin_45,Myosin_16,Not_Target
ebra15903.t1,Not_Target,Not_Target,Not_Target
ebra6264.t1,Not_Target,Not_Target,Myosin_14
ebra6265.t1,Not_Target,Not_Target,Not_Target
ebra6266.t1,Not_Target,Not_Target,Not_Target
ebra6267.t1,Myosin_31,Myosin_26,Not_Target
ebra20348.t1,Not_Target,Myosin_57,Myosin_51
ebra20349.t1,Not_Target,Not_Target,Myosin_5
ebra20350.t1,Not_Target,Not_Target,Myosin_14
ebra20351.t1,Not_Target,Not_Target,Not_Target
ebra8990.t1,Myosin_1,Myosin_1,Myosin_1
ebra8991.t1,Not_Target,Not_Target,Not_Target
ebra8992.t1,Not_Target,Not_Target,Not_Target
ebra8993.t1,Myosin_1,Myosin_1,Not_Target
ebra20920.t1,Not_Target,Myosin_18,Myosin_11
ebra20921.t1,Not_Target,Not_Target,Not_Target
ebra16215.t1,Myosin_45,Myosin_18,Myosin_11
ebra16216.t1,Myosin_45,Myosin_18,Myosin_71
ebra16094.t1,Myosin_26,Not_Target,Myosin_27
ebra16095.t1,Not_Target,Not_Target,Not_Target
ebra16096.t1,Myosin_18,Not_Target,Not_Target
ebra16270.t1,Not_Target,Not_Target,Not_Target
ebra16271.t1,Not_Target,Not_Target,Not_Target
ebra16272.t1,Not_Target,Not_Target,Myosin_1
ebra12378.t1,Not_Target,Not_Target,Not_Target
ebra12379.t1,Myosin_45,Myosin_47,Not_Target
ebra12380.t1,Not_Target,Not_Target,Myosin_3
ebra12381.t1,Myosin_19,Myosin_11,Not_Target
ebra12382.t1,Myosin_19,Myosin_19,Not_Target
ebra8755.t1,Myosin_5,Myosin_36,Myosin_20
ebra8756.t1,Myosin_5,Myosin_5,Myosin_3
ebra12192.t1,Myosin_5,Myosin_5,Myosin_6
ebra12193.t1,Not_Target,Not_Target,Not_Target
ebra12194.t1,Not_Target,Not_Target,Not_Target
ebra12195.t1,Not_Target,Not_Target,Not_Target
ebra16059.t1,Not_Target,Myosin_51,Not_Target
ebra16060.t1,Not_Target,Not_Target,Not_Target
ebra16061.t1,Myosin_7,Myosin_7,Not_Target
ebra16062.t1,Myosin_6,Not_Target,Myosin_27
ebra16816.t1,Not_Target,Myosin_17,Not_Target
ebra16817.t1,Not_Target,Myosin_17,Myosin_62
ebra10760.t1,Not_Target,Not_Target,Myosin_20
ebra10761.t1,Not_Target,Not_Target,Not_Target
ebra10762.t1,Not_Target,Not_Target,Not_Target
ebra10763.t1,Not_Target,Not_Target,Not_Target
ebra10764.t1,Not_Target,Myosin_1,Not_Target
ebra15742.t1,Not_Target,Not_Target,Not_Target
ebra15743.t1,Not_Target,Not_Target,Not_Target
ebra15744.t1,Myosin_45,Myosin_26,Not_Target
ebra13548.t1,Myosin_71,Myosin_19,Not_Target
ebra13549.t1,Not_Target,Not_Target,Not_Target
ebra13550.t1,Myosin_26,Myosin_26,Not_Target
ebra9601.t1,Not_Target,Not_Target,Not_Target
ebra9602.t1,Myosin_5,Myosin_5,Myosin_5
ebra9603.t1,Myosin_5,Myosin_5,Not_Target
ebra1127.t1,Not_Target,Not_Target,Not_Target
ebra1128.t1,Myosin_44,Myosin_17,Not_Target
ebra1129.t1,Not_Target,Myosin_17,Myosin_8
ebra3461.t1,Myosin_1,Myosin_1,Myosin_19
ebra3462.t1,Myosin_7,Myosin_7,Not_Target
ebra3463.t1,Not_Target,Not_Target,Not_Target
ebra4355.t1,Not_Target,Not_Target,Not_Target
ebra4356.t1,Not_Target,Myosin_57,Myosin_8
ebra4357.t1,Not_Target,Myosin_11,Not_Target
ebra4358.t1,Not_Target,Not_Target,Not_Target
ebra4359.t1,Not_Target,Not_Target,Not_Target
ebra4360.t1,Not_Target,Myosin_11,Not_Target
ebra18970.t1,Not_Target,Not_Target,Not_Target
ebra18971.t1,Not_Target,Not_Target,Not_Target
ebra18972.t1,Not_Target,Not_Target,Not_Target
ebra18973.t1,Not_Target,Not_Target,Not_Target
ebra18974.t1,Not_Target,Not_Target,Not_Target
ebra18975.t1,Not_Target,Myosin_17,Not_Target
ebra18976.t1,Not_Target,Not_Target,Myosin_51
ebra2758.t1,Myosin_17,Myosin_19,Myosin_42
ebra2759.t1,Not_Target,Myosin_17,Not_Target
ebra2760.t1,Not_Target,Not_Target,Not_Target
ebra2761.t1,Not_Target,Not_Target,Not_Target
ebra2762.t1,Myosin_26,Myosin_18,Not_Target
ebra19936.t1,Myosin_17,Not_Target,Myosin_17
ebra19937.t1,Myosin_19,Myosin_19,Not_Target
ebra5451.t1,Not_Target,Not_Target,Not_Target
ebra5452.t1,Myosin_24,Not_Target,Not_Target
ebra3000.t1,Not_Target,Not_Target,Not_Target
ebra3001.t1,Myosin_2,Not_Target,Not_Target
ebra3002.t1,Not_Target,Not_Target,Not_Target
ebra3003.t1,Myosin_51,Not_Target,Myosin_5
ebra7871.t1,Myosin_45,Myosin_26,Not_Target
ebra20162.t1,Not_Target,Not_Target,Not_Target
ebra3535.t1,Not_Target,Myosin_11,Not_Target
ebra3536.t1,Not_Target,Not_Target,Not_Target
ebra19469.t1,Not_Target,Not_Target,Myosin_1
ebra19470.t1,Not_Target,Not_Target,Not_Target
ebra19471.t1,Not_Target,Not_Target,Not_Target
ebra19472.t1,Not_Target,Not_Target,Not_Target
ebra19473.t1,Not_Target,Not_Target,Myosin_2
ebra19474.t1,Myosin_19,Myosin_19,Not_Target
ebra19475.t1,Not_Target,Not_Target,Myosin_18
ebra18977.t1,Myosin_17,Not_Target,Not_Target
ebra18978.t1,Not_Target,Not_Target,Not_Target
ebra18979.t1,Not_Target,Not_Target,Not_Target
ebra18980.t1,Not_Target,Not_Target,Not_Target
ebra9608.t1,Myosin_45,Myosin_45,Not_Target
ebra9609.t1,Not_Target,Not_Target,Not_Target
ebra9610.t1,Not_Target,Not_Target,Not_Target
ebra11038.t1,Myosin_19,Myosin_19,Myosin_8
ebra11039.t1,Not_Target,Not_Target,Not_Target
ebra11040.t1,Not_Target,Myosin_66,Myosin_7
ebra11041.t1,Myosin_45,Not_Target,Not_Target
ebra15147.t1,Not_Target,Not_Target,Not_Target
ebra15148.t1,Not_Target,Not_Target,Not_Target
ebra15149.t1,Myosin_40,Not_Target,Not_Target
ebra15150.t1,Myosin_45,Myosin_44,Not_Target
ebra15151.t1,Not_Target,Myosin_19,Not_Target
ebra15892.t1,Not_Target,Not_Target,Not_Target
ebra15893.t1,Not_Target,Not_Target,Not_Target
ebra15894.t1,Myosin_45,Not_Target,Myosin_41
ebra19588.t1,Not_Target,Not_Target,Not_Target
ebra19589.t1,Not_Target,Myosin_3,Myosin_1
ebra19590.t1,Not_Target,Not_Target,Not_Target
ebra2893.t1,Myosin_19,Not_Target,Not_Target
ebra2894.t1,Not_Target,Not_Target,Not_Target
ebra2895.t1,Not_Target,Not_Target,Not_Target
ebra2896.t1,Not_Target,Not_Target,Not_Target
ebra2897.t1,Not_Target,Not_Target,Not_Target
ebra8918.t1,Not_Target,Myosin_17,Not_Target
ebra8919.t1,Not_Target,Not_Target,Not_Target
ebra8920.t1,Not_Target,Not_Target,Not_Target
ebra18883.t1,Not_Target,Not_Target,Not_Target
ebra18884.t1,Not_Target,Not_Target,Not_Target
ebra18885.t1,Myosin_45,Myosin_26,Not_Target
ebra1461.t1,Myosin_15,Myosin_67,Myosin_45
ebra1462.t1,Not_Target,Myosin_22,Myosin_16
ebra14918.t1,Not_Target,Not_Target,Myosin_10
ebra14919.t1,Not_Target,Not_Target,Not_Target
ebra14920.t1,Not_Target,Not_Target,Not_Target
ebra14921.t1,Not_Target,Not_Target,Not_Target
ebra15087.t1,Not_Target,Not_Target,Not_Target
ebra15088.t1,Not_Target,Not_Target,Not_Target
ebra15089.t1,Not_Target,Not_Target,Not_Target
ebra17800.t1,Not_Target,Not_Target,Not_Target
ebra17801.t1,Not_Target,Myosin_1,Not_Target
ebra17802.t1,Not_Target,Not_Target,Not_Target
ebra20786.t1,Not_Target,Not_Target,Not_Target
ebra20787.t1,Not_Target,Not_Target,Not_Target
ebra20788.t1,Myosin_19,Myosin_19,Myosin_20
ebra12990.t1,Not_Target,Not_Target,Myosin_2
ebra12991.t1,Not_Target,Not_Target,Myosin_22
ebra12992.t1,Not_Target,Myosin_16,Not_Target
ebra13436.t1,Not_Target,Not_Target,Not_Target
ebra13437.t1,Not_Target,Myosin_19,Not_Target
ebra13438.t1,Not_Target,Not_Target,Not_Target
ebra13439.t1,Not_Target,Not_Target,Not_Target
ebra13440.t1,Not_Target,Not_Target,Not_Target
ebra11204.t1,Myosin_51,Not_Target,Myosin_51
ebra11205.t1,Myosin_19,Not_Target,Myosin_60
ebra11206.t1,Not_Target,Myosin_57,Not_Target
ebra14503.t1,Not_Target,Myosin_55,Not_Target
ebra14504.t1,Not_Target,Not_Target,Myosin_6
ebra7435.t1,Not_Target,Myosin_51,Not_Target
ebra7436.t1,Not_Target,Not_Target,Myosin_22
ebra12857.t1,Not_Target,Not_Target,Not_Target
ebra12858.t1,Not_Target,Myosin_1,Not_Target
ebra12859.t1,Not_Target,Not_Target,Not_Target
ebra12860.t1,Myosin_45,Not_Target,Myosin_5
ebra4636.t1,Not_Target,Not_Target,Not_Target
ebra4637.t1,Myosin_37,Myosin_6,Myosin_6
ebra4638.t1,Not_Target,Not_Target,Not_Target
ebra4621.t1,Not_Target,Myosin_5,Myosin_53
ebra4622.t1,Myosin_45,Not_Target,Not_Target
ebra4623.t1,Not_Target,Not_Target,Not_Target
ebra4624.t1,Not_Target,Not_Target,Not_Target
ebra4625.t1,Myosin_45,Not_Target,Not_Target
ebra2425.t1,Not_Target,Not_Target,Not_Target
ebra2426.t1,Not_Target,Not_Target,Not_Target
ebra2427.t1,Not_Target,Not_Target,Not_Target
ebra2428.t1,Not_Target,Not_Target,Not_Target
ebra5842.t1,Not_Target,Not_Target,Not_Target
ebra5843.t1,Myosin_51,Myosin_24,Myosin_7
ebra4450.t1,Not_Target,Not_Target,Not_Target
ebra4451.t1,Not_Target,Not_Target,Not_Target
ebra4452.t1,Not_Target,Not_Target,Not_Target
ebra20163.t1,Not_Target,Not_Target,Not_Target
ebra20164.t1,Not_Target,Not_Target,Not_Target
ebra20165.t1,Not_Target,Not_Target,Not_Target
ebra20166.t1,Not_Target,Not_Target,Not_Target
ebra20167.t1,Myosin_30,Not_Target,Myosin_57
ebra20956.t1,Not_Target,Not_Target,Myosin_3
ebra20957.t1,Not_Target,Not_Target,Myosin_20
ebra19131.t1,Not_Target,Not_Target,Not_Target
ebra19132.t1,Not_Target,Not_Target,Not_Target
ebra19133.t1,Not_Target,Not_Target,Not_Target
ebra19134.t1,Not_Target,Not_Target,Not_Target
ebra19135.t1,Not_Target,Not_Target,Not_Target
ebra3471.t1,Myosin_51,Not_Target,Myosin_27
ebra3472.t1,Not_Target,Not_Target,Myosin_5
ebra3473.t1,Not_Target,Not_Target,Not_Target
ebra3474.t1,Not_Target,Not_Target,Not_Target
ebra15918.t1,Not_Target,Not_Target,Myosin_64
ebra15919.t1,Not_Target,Not_Target,Not_Target
ebra1775.t1,Not_Target,Not_Target,Not_Target
ebra1776.t1,Not_Target,Myosin_51,Not_Target
ebra17876.t1,Myosin_18,Not_Target,Myosin_5
ebra17877.t1,Not_Target,Not_Target,Not_Target
ebra17878.t1,Not_Target,Not_Target,Not_Target
ebra17879.t1,Not_Target,Not_Target,Not_Target
ebra11963.t1,Myosin_16,Not_Target,Myosin_72
ebra11964.t1,Not_Target,Not_Target,Not_Target
ebra11965.t1,Not_Target,Not_Target,Not_Target
ebra11966.t1,Not_Target,Not_Target,Not_Target
ebra11967.t1,Not_Target,Not_Target,Not_Target
ebra6707.t1,Not_Target,Myosin_19,Not_Target
ebra6708.t1,Myosin_26,Not_Target,Myosin_71
ebra6709.t1,Not_Target,Myosin_19,Not_Target
ebra6710.t1,Not_Target,Not_Target,Not_Target
ebra3033.t1,Not_Target,Not_Target,Not_Target
ebra3034.t1,Not_Target,Not_Target,Not_Target
ebra3035.t1,Not_Target,Not_Target,Not_Target
ebra16726.t1,Not_Target,Not_Target,Myosin_14
ebra16727.t1,Not_Target,Myosin_29,Myosin_14
ebra16562.t1,Not_Target,Myosin_10,Not_Target
ebra16563.t1,Myosin_5,Myosin_5,Not_Target
ebra16564.t1,Not_Target,Not_Target,Not_Target
ebra16565.t1,Not_Target,Myosin_5,Not_Target
ebra16566.t1,Not_Target,Myosin_19,Not_Target
ebra16567.t1,Myosin_19,Myosin_19,Myosin_11
ebra17973.t1,Not_Target,Not_Target,Not_Target
ebra17974.t1,Not_Target,Not_Target,Not_Target
ebra17975.t1,Not_Target,Not_Target,Myosin_3
ebra2457.t1,Not_Target,Not_Target,Not_Target
ebra2458.t1,Not_Target,Myosin_17,Not_Target
ebra2459.t1,Not_Target,Not_Target,Myosin_8
ebra13728.t1,Not_Target,Not_Target,Myosin_20
ebra13729.t1,Not_Target,Not_Target,Myosin_1
ebra3376.t1,Not_Target,Not_Target,Not_Target
ebra3377.t1,Not_Target,Myosin_1,Myosin_1
ebra3378.t1,Not_Target,Not_Target,Myosin_1
ebra3379.t1,Not_Target,Not_Target,Not_Target
ebra3380.t1,Not_Target,Not_Target,Not_Target
ebra3381.t1,Not_Target,Not_Target,Not_Target
ebra3382.t1,Not_Target,Not_Target,Not_Target
ebra3383.t1,Not_Target,Not_Target,Not_Target
ebra3384.t1,Not_Target,Not_Target,Not_Target
ebra3385.t1,Not_Target,Not_Target,Not_Target
ebra14735.t1,Not_Target,Not_Target,Not_Target
ebra14736.t1,Not_Target,Not_Target,Not_Target
ebra14737.t1,Not_Target,Not_Target,Not_Target
ebra14738.t1,Not_Target,Not_Target,Not_Target
ebra18447.t1,Not_Target,Myosin_5,Not_Target
ebra18448.t1,Not_Target,Not_Target,Myosin_2
ebra18449.t1,Not_Target,Not_Target,Not_Target
ebra18319.t1,Myosin_5,Myosin_5,Not_Target
ebra18320.t1,Not_Target,Not_Target,Not_Target
ebra18321.t1,Not_Target,Not_Target,Not_Target
ebra17824.t1,Not_Target,Not_Target,Myosin_1
ebra17825.t1,Myosin_6,Myosin_1,Myosin_1
ebra17826.t1,Not_Target,Not_Target,Not_Target
ebra17827.t1,Not_Target,Myosin_25,Not_Target
ebra17828.t1,Not_Target,Not_Target,Not_Target
ebra4453.t1,Not_Target,Not_Target,Not_Target
ebra4454.t1,Not_Target,Not_Target,Not_Target
ebra4455.t1,Not_Target,Not_Target,Not_Target
ebra4456.t1,Not_Target,Not_Target,Not_Target
ebra6050.t1,Not_Target,Not_Target,Not_Target
ebra6051.t1,Myosin_1,Myosin_1,Myosin_1
ebra6052.t1,Not_Target,Not_Target,Not_Target
ebra6053.t1,Not_Target,Not_Target,Not_Target
ebra9526.t1,Not_Target,Not_Target,Not_Target
ebra9527.t1,Not_Target,Not_Target,Not_Target
ebra9528.t1,Myosin_24,Not_Target,Myosin_3
ebra9529.t1,Not_Target,Not_Target,Not_Target
ebra19982.t1,Not_Target,Not_Target,Not_Target
ebra19983.t1,Myosin_24,Not_Target,Myosin_69
ebra19984.t1,Not_Target,Not_Target,Not_Target
ebra21086.t1,Not_Target,Not_Target,Not_Target
ebra21087.t1,Not_Target,Not_Target,Not_Target
ebra21088.t1,Not_Target,Not_Target,Not_Target
ebra21089.t1,Myosin_33,Not_Target,Myosin_4
ebra21090.t1,Myosin_19,Myosin_19,Not_Target
ebra15581.t1,Myosin_9,Myosin_5,Myosin_20
ebra16998.t1,Not_Target,Not_Target,Not_Target
ebra16999.t1,Not_Target,Not_Target,Not_Target
ebra15375.t1,Not_Target,Myosin_19,Not_Target
ebra15376.t1,Not_Target,Not_Target,Not_Target
ebra15377.t1,Not_Target,Not_Target,Not_Target
ebra15378.t1,Not_Target,Not_Target,Not_Target
ebra12080.t1,Not_Target,Myosin_19,Not_Target
ebra12081.t1,Not_Target,Myosin_19,Myosin_19
ebra20542.t1,Not_Target,Not_Target,Not_Target
ebra20543.t1,Myosin_31,Not_Target,Not_Target
ebra20544.t1,Myosin_45,Not_Target,Myosin_18
ebra20545.t1,Not_Target,Not_Target,Not_Target
ebra20546.t1,Not_Target,Not_Target,Not_Target
ebra16709.t1,Myosin_9,Myosin_5,Myosin_27
ebra16710.t1,Not_Target,Myosin_19,Not_Target
ebra16711.t1,Not_Target,Not_Target,Not_Target
ebra1494.t1,Not_Target,Not_Target,Myosin_16
ebra1495.t1,Not_Target,Not_Target,Not_Target
ebra1496.t1,Not_Target,Not_Target,Not_Target
ebra1497.t1,Not_Target,Not_Target,Not_Target
ebra3612.t1,Not_Target,Not_Target,Myosin_5
ebra3739.t1,Not_Target,Not_Target,Not_Target
ebra3740.t1,Not_Target,Myosin_19,Not_Target
ebra3741.t1,Myosin_74,Myosin_80,Myosin_20
ebra3742.t1,Myosin_17,Myosin_17,Myosin_22
ebra19399.t1,Myosin_2,Myosin_6,Not_Target
ebra19400.t1,Not_Target,Not_Target,Not_Target
ebra18246.t1,Myosin_57,Myosin_5,Not_Target
ebra18247.t1,Not_Target,Not_Target,Not_Target
ebra18248.t1,Not_Target,Not_Target,Not_Target
ebra18615.t1,Not_Target,Myosin_5,Not_Target
ebra18616.t1,Not_Target,Not_Target,Not_Target
ebra18617.t1,Not_Target,Not_Target,Not_Target
ebra18618.t1,Not_Target,Not_Target,Not_Target
ebra5722.t1,Not_Target,Not_Target,Not_Target
ebra5723.t1,Not_Target,Not_Target,Not_Target
ebra5724.t1,Not_Target,Not_Target,Not_Target
ebra5725.t1,Not_Target,Not_Target,Not_Target
ebra5726.t1,Not_Target,Not_Target,Not_Target
ebra5727.t1,Not_Target,Not_Target,Not_Target
ebra5728.t1,Not_Target,Not_Target,Not_Target
ebra10620.t1,Myosin_45,Not_Target,Myosin_16
ebra10621.t1,Myosin_15,Myosin_23,Myosin_10
ebra10622.t1,Not_Target,Not_Target,Not_Target
ebra1970.t1,Not_Target,Not_Target,Not_Target
ebra1971.t1,Not_Target,Not_Target,Not_Target
ebra1972.t1,Not_Target,Not_Target,Not_Target
ebra1973.t1,Myosin_5,Myosin_2,Not_Target
ebra6894.t1,Not_Target,Not_Target,Not_Target
ebra6895.t1,Not_Target,Not_Target,Not_Target
ebra19817.t1,Myosin_19,Myosin_55,Myosin_1
ebra17553.t1,Not_Target,Myosin_2,Not_Target
ebra17554.t1,Not_Target,Not_Target,Not_Target
ebra17555.t1,Not_Target,Myosin_5,Not_Target
ebra17556.t1,Myosin_2,Not_Target,Not_Target
ebra17557.t1,Not_Target,Not_Target,Not_Target
ebra17558.t1,Not_Target,Not_Target,Not_Target
ebra17559.t1,Myosin_2,Not_Target,Not_Target
ebra17560.t1,Not_Target,Myosin_5,Not_Target
ebra17561.t1,Not_Target,Not_Target,Not_Target
ebra17562.t1,Not_Target,Myosin_2,Not_Target
ebra12446.t1,Not_Target,Not_Target,Not_Target
ebra12447.t1,Not_Target,Not_Target,Not_Target
ebra12448.t1,Not_Target,Not_Target,Not_Target
ebra13515.t1,Not_Target,Not_Target,Not_Target
ebra13516.t1,Not_Target,Myosin_1,Not_Target
ebra13517.t1,Not_Target,Not_Target,Not_Target
ebra13518.t1,Myosin_37,Myosin_37,Not_Target
ebra17571.t1,Not_Target,Not_Target,Not_Target
ebra17572.t1,Not_Target,Not_Target,Not_Target
ebra17573.t1,Not_Target,Not_Target,Not_Target
ebra17574.t1,Not_Target,Not_Target,Myosin_2
ebra17575.t1,Not_Target,Not_Target,Not_Target
ebra14845.t1,Not_Target,Not_Target,Not_Target
ebra14846.t1,Not_Target,Not_Target,Myosin_16
ebra14847.t1,Not_Target,Not_Target,Not_Target
ebra9596.t1,Not_Target,Not_Target,Myosin_64
ebra9597.t1,Not_Target,Not_Target,Not_Target
ebra9598.t1,Not_Target,Not_Target,Not_Target
ebra9599.t1,Not_Target,Not_Target,Not_Target
ebra6012.t1,Not_Target,Myosin_17,Myosin_1
ebra14506.t1,Not_Target,Not_Target,Not_Target
ebra14507.t1,Not_Target,Not_Target,Not_Target
ebra9767.t1,Not_Target,Not_Target,Not_Target
ebra9768.t1,Not_Target,Myosin_6,Myosin_3
ebra9769.t1,Not_Target,Myosin_24,Not_Target
ebra9770.t1,Not_Target,Not_Target,Not_Target
ebra9930.t1,Not_Target,Not_Target,Not_Target
ebra9931.t1,Myosin_5,Myosin_5,Not_Target
ebra9932.t1,Not_Target,Not_Target,Not_Target
ebra20051.t1,Not_Target,Not_Target,Not_Target
ebra20052.t1,Myosin_26,Myosin_74,Myosin_1
ebra8897.t1,Not_Target,Not_Target,Not_Target
ebra8898.t1,Not_Target,Myosin_5,Myosin_8
ebra11613.t1,Not_Target,Not_Target,Not_Target
ebra11614.t1,Not_Target,Not_Target,Myosin_24
ebra11615.t1,Myosin_26,Not_Target,Not_Target
ebra11616.t1,Myosin_26,Not_Target,Not_Target
ebra11617.t1,Not_Target,Not_Target,Myosin_24
ebra11618.t1,Not_Target,Not_Target,Not_Target
ebra709.t1,Not_Target,Not_Target,Not_Target
ebra710.t1,Not_Target,Not_Target,Not_Target
ebra711.t1,Not_Target,Not_Target,Not_Target
ebra712.t1,Myosin_30,Not_Target,Not_Target
ebra4029.t1,Not_Target,Not_Target,Myosin_30
ebra4030.t1,Not_Target,Not_Target,Myosin_24
ebra4031.t1,Not_Target,Myosin_57,Myosin_1
ebra10462.t1,Not_Target,Not_Target,Not_Target
ebra10463.t1,Not_Target,Not_Target,Not_Target
ebra10464.t1,Not_Target,Myosin_5,Not_Target
ebra10465.t1,Not_Target,Not_Target,Not_Target
ebra10466.t1,Not_Target,Not_Target,Not_Target
ebra3.t1,Not_Target,Not_Target,Not_Target
ebra4.t1,Not_Target,Not_Target,Not_Target
ebra18675.t1,Not_Target,Not_Target,Myosin_2
ebra18676.t1,Not_Target,Not_Target,Myosin_2
ebra18677.t1,Not_Target,Not_Target,Not_Target
ebra12973.t1,Not_Target,Not_Target,Not_Target
ebra12974.t1,Not_Target,Not_Target,Not_Target
ebra12975.t1,Not_Target,Not_Target,Not_Target
ebra3315.t1,Not_Target,Not_Target,Not_Target
ebra3316.t1,Not_Target,Not_Target,Not_Target
ebra3317.t1,Not_Target,Not_Target,Not_Target
ebra3318.t1,Not_Target,Not_Target,Not_Target
ebra16568.t1,Myosin_5,Myosin_5,Not_Target
ebra16569.t1,Myosin_5,Myosin_23,Not_Target
ebra7271.t1,Not_Target,Not_Target,Not_Target
ebra7272.t1,Not_Target,Not_Target,Myosin_20
ebra293.t1,Myosin_19,Myosin_2,Not_Target
ebra294.t1,Not_Target,Not_Target,Not_Target
ebra295.t1,Myosin_25,Myosin_25,Myosin_1
ebra296.t1,Myosin_22,Not_Target,Not_Target
ebra18823.t1,Not_Target,Not_Target,Not_Target
ebra18824.t1,Not_Target,Not_Target,Not_Target
ebra18825.t1,Not_Target,Not_Target,Not_Target
ebra7951.t1,Not_Target,Not_Target,Myosin_2
ebra7952.t1,Not_Target,Not_Target,Myosin_6
ebra7953.t1,Not_Target,Not_Target,Not_Target
ebra7954.t1,Not_Target,Not_Target,Not_Target
ebra3828.t1,Myosin_27,Not_Target,Myosin_27
ebra7299.t1,Myosin_26,Myosin_26,Not_Target
ebra7300.t1,Not_Target,Not_Target,Not_Target
ebra7301.t1,Not_Target,Not_Target,Not_Target
ebra20626.t1,Not_Target,Not_Target,Not_Target
ebra20627.t1,Not_Target,Myosin_5,Not_Target
ebra20628.t1,Not_Target,Not_Target,Not_Target
ebra20629.t1,Myosin_10,Not_Target,Not_Target
ebra20630.t1,Not_Target,Myosin_5,Not_Target
ebra20631.t1,Not_Target,Not_Target,Not_Target
ebra4769.t1,Not_Target,Not_Target,Not_Target
ebra4770.t1,Not_Target,Not_Target,Not_Target
ebra4771.t1,Not_Target,Myosin_37,Not_Target
ebra4772.t1,Not_Target,Not_Target,Not_Target
ebra4773.t1,Not_Target,Not_Target,Not_Target
ebra4774.t1,Not_Target,Myosin_23,Myosin_2
ebra1922.t1,Myosin_31,Not_Target,Not_Target
ebra1923.t1,Not_Target,Not_Target,Not_Target
ebra1924.t1,Not_Target,Not_Target,Not_Target
ebra1925.t1,Not_Target,Not_Target,Not_Target
ebra10489.t1,Not_Target,Not_Target,Not_Target
ebra10490.t1,Not_Target,Not_Target,Not_Target
ebra10491.t1,Not_Target,Not_Target,Not_Target
ebra10492.t1,Not_Target,Not_Target,Not_Target
ebra13370.t1,Myosin_45,Not_Target,Myosin_1
ebra13371.t1,Not_Target,Not_Target,Not_Target
ebra13372.t1,Not_Target,Not_Target,Not_Target
ebra13373.t1,Not_Target,Not_Target,Not_Target
ebra13374.t1,Not_Target,Not_Target,Not_Target
ebra13375.t1,Not_Target,Not_Target,Not_Target
ebra13292.t1,Not_Target,Not_Target,Not_Target
ebra13293.t1,Not_Target,Not_Target,Not_Target
ebra8797.t1,Myosin_6,Myosin_3,Myosin_27
ebra8798.t1,Not_Target,Not_Target,Not_Target
ebra8799.t1,Myosin_57,Myosin_6,Not_Target
ebra8800.t1,Myosin_1,Myosin_1,Not_Target
ebra17861.t1,Not_Target,Not_Target,Not_Target
ebra17862.t1,Not_Target,Not_Target,Not_Target
ebra17863.t1,Not_Target,Not_Target,Myosin_4
ebra14531.t1,Not_Target,Not_Target,Not_Target
ebra14532.t1,Not_Target,Not_Target,Not_Target
ebra14533.t1,Not_Target,Not_Target,Not_Target
ebra6631.t1,Not_Target,Not_Target,Not_Target
ebra6632.t1,Myosin_37,Myosin_22,Not_Target
ebra6633.t1,Not_Target,Myosin_1,Not_Target
ebra6634.t1,Not_Target,Myosin_17,Not_Target
ebra16994.t1,Not_Target,Not_Target,Myosin_81
ebra16995.t1,Not_Target,Not_Target,Not_Target
ebra6376.t1,Not_Target,Not_Target,Not_Target
ebra6377.t1,Myosin_57,Not_Target,Not_Target
ebra6378.t1,Not_Target,Not_Target,Not_Target
ebra14807.t1,Not_Target,Not_Target,Not_Target
ebra14808.t1,Myosin_2,Myosin_2,Not_Target
ebra14809.t1,Not_Target,Not_Target,Not_Target
ebra6529.t1,Not_Target,Not_Target,Not_Target
ebra6530.t1,Not_Target,Myosin_19,Not_Target
ebra6531.t1,Not_Target,Not_Target,Myosin_5
ebra16098.t1,Myosin_1,Not_Target,Myosin_5
ebra16099.t1,Myosin_1,Myosin_64,Myosin_5
ebra16100.t1,Not_Target,Myosin_19,Not_Target
ebra19976.t1,Not_Target,Not_Target,Not_Target
ebra19977.t1,Not_Target,Not_Target,Not_Target
ebra19978.t1,Not_Target,Not_Target,Not_Target
ebra9214.t1,Myosin_31,Myosin_10,Myosin_5
ebra9215.t1,Myosin_81,Myosin_81,Not_Target
ebra9216.t1,Myosin_19,Myosin_19,Not_Target
ebra9087.t1,Myosin_19,Myosin_8,Myosin_8
ebra9088.t1,Not_Target,Myosin_17,Not_Target
ebra2461.t1,Not_Target,Not_Target,Not_Target
ebra2462.t1,Not_Target,Not_Target,Not_Target
ebra2463.t1,Not_Target,Not_Target,Not_Target
ebra2464.t1,Not_Target,Not_Target,Not_Target
ebra19415.t1,Not_Target,Myosin_1,Not_Target
ebra19416.t1,Not_Target,Not_Target,Not_Target
ebra19417.t1,Not_Target,Myosin_8,Not_Target
ebra19418.t1,Not_Target,Not_Target,Not_Target
ebra19419.t1,Not_Target,Not_Target,Not_Target
ebra19420.t1,Not_Target,Myosin_8,Not_Target
ebra19421.t1,Not_Target,Not_Target,Myosin_1
ebra19622.t1,Not_Target,Not_Target,Not_Target
ebra19623.t1,Not_Target,Not_Target,Not_Target
ebra19624.t1,Not_Target,Not_Target,Not_Target
ebra6992.t1,Not_Target,Myosin_18,Not_Target
ebra6993.t1,Not_Target,Not_Target,Not_Target
ebra9977.t1,Not_Target,Myosin_26,Not_Target
ebra647.t1,Not_Target,Myosin_6,Not_Target
ebra648.t1,Not_Target,Not_Target,Not_Target
ebra13655.t1,Not_Target,Not_Target,Not_Target
ebra13656.t1,Not_Target,Not_Target,Not_Target
ebra13657.t1,Not_Target,Not_Target,Myosin_5
ebra11662.t1,Not_Target,Not_Target,Not_Target
ebra11663.t1,Not_Target,Not_Target,Not_Target
ebra11664.t1,Not_Target,Not_Target,Not_Target
ebra11665.t1,Myosin_2,Myosin_47,Not_Target
ebra11666.t1,Myosin_1,Not_Target,Not_Target
ebra11667.t1,Not_Target,Myosin_1,Not_Target
ebra15587.t1,Not_Target,Myosin_5,Not_Target
ebra15588.t1,Myosin_30,Myosin_17,Not_Target
ebra15589.t1,Not_Target,Not_Target,Not_Target
ebra15590.t1,Not_Target,Not_Target,Not_Target
ebra9829.t1,Not_Target,Not_Target,Not_Target
ebra9830.t1,Not_Target,Not_Target,Myosin_22
ebra9831.t1,Not_Target,Not_Target,Not_Target
ebra20504.t1,Not_Target,Not_Target,Not_Target
ebra20505.t1,Not_Target,Myosin_1,Not_Target
ebra20506.t1,Myosin_19,Myosin_19,Not_Target
ebra4036.t1,Not_Target,Not_Target,Myosin_8
ebra12467.t1,Not_Target,Not_Target,Not_Target
ebra12468.t1,Not_Target,Not_Target,Not_Target
ebra16193.t1,Not_Target,Not_Target,Not_Target
ebra16194.t1,Not_Target,Not_Target,Not_Target
ebra16195.t1,Not_Target,Not_Target,Not_Target
ebra16196.t1,Not_Target,Not_Target,Not_Target
ebra16197.t1,Not_Target,Myosin_6,Not_Target
ebra9678.t1,Not_Target,Not_Target,Not_Target
ebra9679.t1,Not_Target,Not_Target,Not_Target
ebra9680.t1,Not_Target,Not_Target,Not_Target
ebra9681.t1,Not_Target,Not_Target,Not_Target
ebra9682.t1,Not_Target,Myosin_19,Not_Target
ebra11843.t1,Myosin_26,Myosin_26,Not_Target
ebra11844.t1,Not_Target,Not_Target,Not_Target
ebra11845.t1,Not_Target,Not_Target,Not_Target
ebra11846.t1,Not_Target,Myosin_19,Not_Target
ebra11847.t1,Not_Target,Not_Target,Not_Target
ebra11848.t1,Not_Target,Not_Target,Not_Target
ebra21455.t1,Not_Target,Not_Target,Not_Target
ebra10802.t1,Myosin_17,Not_Target,Myosin_19
ebra3269.t1,Not_Target,Not_Target,Not_Target
ebra3270.t1,Not_Target,Myosin_5,Not_Target
ebra17950.t1,Not_Target,Not_Target,Myosin_5
ebra12076.t1,Myosin_31,Not_Target,Not_Target
ebra12077.t1,Not_Target,Not_Target,Not_Target
ebra12078.t1,Not_Target,Not_Target,Myosin_42
ebra13014.t1,Myosin_43,Actin,Not_Target
ebra13015.t1,Myosin_19,Not_Target,Not_Target
ebra13016.t1,Myosin_19,Not_Target,Myosin_19
ebra5223.t1,Myosin_45,Not_Target,Myosin_1
ebra5224.t1,Myosin_18,Myosin_16,Myosin_18
ebra16988.t1,Not_Target,Not_Target,Not_Target
ebra16989.t1,Myosin_17,Myosin_17,Myosin_19
ebra20446.t1,Not_Target,Not_Target,Myosin_5
ebra20447.t1,Not_Target,Not_Target,Not_Target
ebra20448.t1,Not_Target,Myosin_5,Not_Target
ebra20250.t1,Not_Target,Not_Target,Not_Target
ebra20251.t1,Not_Target,Not_Target,Not_Target
ebra20252.t1,Not_Target,Not_Target,Not_Target
ebra20253.t1,Not_Target,Not_Target,Not_Target
ebra3190.t1,Not_Target,Not_Target,Not_Target
ebra3191.t1,Myosin_57,Myosin_57,Myosin_20
ebra3192.t1,Not_Target,Myosin_36,Myosin_64
ebra15232.t1,Not_Target,Not_Target,Myosin_8
ebra15233.t1,Not_Target,Not_Target,Not_Target
ebra15234.t1,Not_Target,Not_Target,Not_Target
ebra15235.t1,Not_Target,Not_Target,Not_Target
ebra15236.t1,Not_Target,Myosin_19,Not_Target
ebra15237.t1,Not_Target,Myosin_19,Not_Target
ebra7117.t1,Myosin_17,Not_Target,Myosin_36
ebra2851.t1,Myosin_45,Myosin_64,Myosin_5
ebra2852.t1,Myosin_23,Myosin_37,Myosin_5
ebra2853.t1,Myosin_2,Not_Target,Not_Target
ebra14343.t1,Myosin_23,Not_Target,Myosin_20
ebra14344.t1,Not_Target,Not_Target,Not_Target
ebra16852.t1,Myosin_18,Myosin_18,Myosin_5
ebra1449.t1,Not_Target,Not_Target,Not_Target
ebra1450.t1,Not_Target,Not_Target,Not_Target
ebra18696.t1,Not_Target,Myosin_2,Not_Target
ebra18697.t1,Not_Target,Myosin_19,Not_Target
ebra18698.t1,Not_Target,Not_Target,Not_Target
ebra546.t1,Not_Target,Myosin_64,Myosin_3
ebra547.t1,Not_Target,Not_Target,Not_Target
ebra548.t1,Not_Target,Not_Target,Myosin_43
ebra549.t1,Not_Target,Not_Target,Not_Target
ebra550.t1,Not_Target,Not_Target,Not_Target
ebra551.t1,Not_Target,Not_Target,Myosin_19
ebra7254.t1,Not_Target,Not_Target,Not_Target
ebra7255.t1,Myosin_1,Not_Target,Myosin_1
ebra7256.t1,Not_Target,Not_Target,Not_Target
ebra7257.t1,Myosin_1,Not_Target,Not_Target
ebra7258.t1,Not_Target,Not_Target,Not_Target
ebra16789.t1,Not_Target,Not_Target,Myosin_27
ebra16790.t1,Not_Target,Not_Target,Not_Target
ebra2731.t1,Not_Target,Not_Target,Not_Target
ebra2732.t1,Not_Target,Not_Target,Not_Target
ebra14414.t1,Not_Target,Myosin_3,Myosin_15
ebra14415.t1,Myosin_26,Myosin_26,Myosin_5
ebra16079.t1,Not_Target,Not_Target,Not_Target
ebra16080.t1,Not_Target,Not_Target,Not_Target
ebra16081.t1,Not_Target,Not_Target,Not_Target
ebra16082.t1,Not_Target,Not_Target,Not_Target
ebra16882.t1,Myosin_1,Myosin_1,Not_Target
ebra16883.t1,Myosin_51,Myosin_19,Myosin_4
ebra16884.t1,Myosin_10,Not_Target,Not_Target
ebra16885.t1,Not_Target,Not_Target,Not_Target
ebra2194.t1,Not_Target,Not_Target,Not_Target
ebra2195.t1,Myosin_36,Myosin_22,Not_Target
ebra2196.t1,Not_Target,Not_Target,Not_Target
ebra2197.t1,Not_Target,Not_Target,Not_Target
ebra2198.t1,Not_Target,Not_Target,Not_Target
ebra5757.t1,Not_Target,Not_Target,Not_Target
ebra5758.t1,Not_Target,Myosin_17,Not_Target
ebra604.t1,Myosin_17,Myosin_17,Not_Target
ebra605.t1,Myosin_17,Myosin_5,Not_Target
ebra6070.t1,Not_Target,Myosin_13,Not_Target
ebra6071.t1,Not_Target,Myosin_5,Not_Target
ebra6072.t1,Not_Target,Not_Target,Not_Target
ebra6073.t1,Myosin_8,Myosin_23,Not_Target
ebra6074.t1,Myosin_8,Myosin_23,Not_Target
ebra6075.t1,Not_Target,Not_Target,Not_Target
ebra13658.t1,Not_Target,Not_Target,Not_Target
ebra13659.t1,Not_Target,Not_Target,Not_Target
ebra16166.t1,Not_Target,Not_Target,Myosin_26
ebra16167.t1,Not_Target,Not_Target,Not_Target
ebra16168.t1,Not_Target,Not_Target,Myosin_43
ebra21139.t1,Not_Target,Not_Target,Myosin_45
ebra21140.t1,Myosin_57,Not_Target,Not_Target
ebra21141.t1,Not_Target,Not_Target,Not_Target
ebra21142.t1,Myosin_1,Myosin_1,Not_Target
ebra16169.t1,Not_Target,Not_Target,Not_Target
ebra16170.t1,Not_Target,Not_Target,Not_Target
ebra16171.t1,Myosin_2,Not_Target,Not_Target
ebra16172.t1,Not_Target,Not_Target,Not_Target
ebra15196.t1,Not_Target,Myosin_5,Myosin_57
ebra15197.t1,Not_Target,Not_Target,Not_Target
ebra6777.t1,Not_Target,Not_Target,Not_Target
ebra6778.t1,Not_Target,Not_Target,Not_Target
ebra13105.t1,Not_Target,Myosin_1,Not_Target
ebra13106.t1,Not_Target,Not_Target,Not_Target
ebra13107.t1,Myosin_45,Not_Target,Myosin_1
ebra13108.t1,Not_Target,Not_Target,Not_Target
ebra6498.t1,Not_Target,Myosin_64,Not_Target
ebra6499.t1,Not_Target,Not_Target,Not_Target
ebra6827.t1,Not_Target,Not_Target,Myosin_4
ebra6828.t1,Myosin_2,Not_Target,Not_Target
ebra17729.t1,Not_Target,Not_Target,Not_Target
ebra17730.t1,Myosin_5,Myosin_5,Not_Target
ebra17731.t1,Not_Target,Not_Target,Not_Target
ebra17732.t1,Not_Target,Not_Target,Not_Target
ebra9157.t1,Myosin_17,Myosin_5,Not_Target
ebra9158.t1,Not_Target,Not_Target,Not_Target
ebra9159.t1,Myosin_26,Myosin_74,Myosin_57
ebra9160.t1,Not_Target,Myosin_7,Not_Target
ebra17206.t1,Not_Target,Myosin_17,Not_Target
ebra17207.t1,Not_Target,Myosin_17,Not_Target
ebra15553.t1,Not_Target,Not_Target,Not_Target
ebra15554.t1,Not_Target,Not_Target,Not_Target
ebra15555.t1,Not_Target,Myosin_5,Not_Target
ebra15556.t1,Not_Target,Not_Target,Not_Target
ebra15557.t1,Not_Target,Myosin_8,Not_Target
ebra8214.t1,Not_Target,Not_Target,Not_Target
ebra8215.t1,Not_Target,Not_Target,Not_Target
ebra8216.t1,Not_Target,Not_Target,Not_Target
ebra8217.t1,Not_Target,Not_Target,Not_Target
ebra8218.t1,Not_Target,Not_Target,Not_Target
ebra8219.t1,Not_Target,Myosin_17,Not_Target
ebra8220.t1,Myosin_19,Myosin_19,Myosin_19
ebra8126.t1,Myosin_19,Not_Target,Myosin_26
ebra8127.t1,Not_Target,Not_Target,Not_Target
ebra8128.t1,Not_Target,Not_Target,Not_Target
ebra5354.t1,Not_Target,Myosin_4,Not_Target
ebra5355.t1,Myosin_45,Myosin_57,Myosin_45
ebra20936.t1,Not_Target,Not_Target,Not_Target
ebra20937.t1,Not_Target,Not_Target,Not_Target
ebra20938.t1,Not_Target,Not_Target,Not_Target
ebra20939.t1,Not_Target,Not_Target,Myosin_27
ebra5505.t1,Not_Target,Not_Target,Not_Target
ebra4317.t1,Not_Target,Not_Target,Not_Target
ebra4318.t1,Not_Target,Not_Target,Myosin_1
ebra4319.t1,Myosin_57,Myosin_54,Not_Target
ebra13705.t1,Not_Target,Not_Target,Not_Target
ebra7839.t1,Not_Target,Not_Target,Myosin_19
ebra7840.t1,Myosin_2,Not_Target,Not_Target
ebra19772.t1,Not_Target,Not_Target,Not_Target
ebra19773.t1,Not_Target,Myosin_19,Not_Target
ebra2876.t1,Myosin_20,Myosin_64,Not_Target
ebra2877.t1,Myosin_20,Myosin_64,Not_Target
ebra9002.t1,Not_Target,Myosin_19,Not_Target
ebra9003.t1,Not_Target,Not_Target,Not_Target
ebra9004.t1,Not_Target,Not_Target,Not_Target
ebra9005.t1,Not_Target,Not_Target,Myosin_4
ebra9006.t1,Not_Target,Not_Target,Not_Target
ebra9007.t1,Not_Target,Not_Target,Not_Target
ebra9008.t1,Not_Target,Not_Target,Not_Target
ebra9009.t1,Not_Target,Not_Target,Not_Target
ebra9010.t1,Not_Target,Not_Target,Not_Target
ebra9011.t1,Not_Target,Not_Target,Not_Target
ebra19292.t1,Not_Target,Not_Target,Not_Target
ebra19293.t1,Not_Target,Myosin_22,Not_Target
ebra19294.t1,Not_Target,Not_Target,Not_Target
ebra19295.t1,Not_Target,Not_Target,Not_Target
ebra15578.t1,Myosin_6,Myosin_2,Myosin_2
ebra15579.t1,Not_Target,Not_Target,Not_Target
ebra18743.t1,Myosin_45,Not_Target,Myosin_45
ebra18744.t1,Not_Target,Myosin_17,Not_Target
ebra18745.t1,Not_Target,Not_Target,Not_Target
ebra18746.t1,Myosin_19,Myosin_19,Not_Target
ebra13824.t1,Not_Target,Myosin_74,Not_Target
ebra13825.t1,Not_Target,Myosin_74,Not_Target
ebra14314.t1,Not_Target,Not_Target,Not_Target
ebra14315.t1,Not_Target,Not_Target,Not_Target
ebra14316.t1,Not_Target,Not_Target,Not_Target
ebra14317.t1,Not_Target,Not_Target,Not_Target
ebra10765.t1,Myosin_16,Not_Target,Not_Target
ebra10766.t1,Myosin_16,Not_Target,Not_Target
ebra10767.t1,Not_Target,Not_Target,Myosin_5
ebra10768.t1,Myosin_17,Not_Target,Not_Target
ebra9833.t1,Not_Target,Not_Target,Myosin_3
ebra9834.t1,Not_Target,Not_Target,Not_Target
ebra9835.t1,Not_Target,Not_Target,Not_Target
ebra17951.t1,Not_Target,Myosin_53,Not_Target
ebra17952.t1,Not_Target,Myosin_16,Myosin_18
ebra17953.t1,Myosin_5,Myosin_5,Not_Target
ebra17062.t1,Myosin_45,Myosin_18,Myosin_5
ebra17063.t1,Myosin_45,Myosin_18,Myosin_5
ebra17064.t1,Not_Target,Not_Target,Not_Target
ebra9808.t1,Not_Target,Not_Target,Not_Target
ebra9809.t1,Not_Target,Not_Target,Not_Target
ebra9810.t1,Not_Target,Not_Target,Not_Target
ebra9811.t1,Not_Target,Not_Target,Not_Target
ebra9812.t1,Myosin_37,Myosin_57,Myosin_2
ebra11560.t1,Not_Target,Myosin_19,Not_Target
ebra11561.t1,Myosin_18,Not_Target,Myosin_3
ebra7278.t1,Myosin_19,Myosin_19,Not_Target
ebra7279.t1,Not_Target,Not_Target,Myosin_8
ebra7280.t1,Myosin_3,Myosin_3,Not_Target
ebra7281.t1,Not_Target,Not_Target,Myosin_19
ebra15798.t1,Not_Target,Not_Target,Myosin_5
ebra15799.t1,Myosin_45,Not_Target,Not_Target
ebra15800.t1,Myosin_45,Myosin_18,Not_Target
ebra15801.t1,Not_Target,Not_Target,Not_Target
ebra16917.t1,Myosin_45,Myosin_16,Not_Target
ebra9956.t1,Myosin_19,Myosin_19,Not_Target
ebra9957.t1,Myosin_45,Myosin_16,Not_Target
ebra9958.t1,Not_Target,Not_Target,Not_Target
ebra9959.t1,Not_Target,Not_Target,Not_Target
ebra9960.t1,Myosin_45,Myosin_16,Not_Target
ebra9961.t1,Myosin_19,Myosin_19,Not_Target
ebra19476.t1,Not_Target,Myosin_1,Not_Target
ebra19477.t1,Not_Target,Not_Target,Not_Target
ebra19478.t1,Not_Target,Not_Target,Not_Target
ebra19479.t1,Not_Target,Myosin_2,Not_Target
ebra8808.t1,Not_Target,Myosin_1,Not_Target
ebra8809.t1,Myosin_8,Myosin_8,Not_Target
ebra8810.t1,Not_Target,Not_Target,Myosin_34
ebra8811.t1,Myosin_51,Not_Target,Not_Target
ebra19276.t1,Not_Target,Not_Target,Not_Target
ebra19277.t1,Not_Target,Not_Target,Myosin_20
ebra19278.t1,Not_Target,Not_Target,Not_Target
ebra19279.t1,Not_Target,Not_Target,Not_Target
ebra12230.t1,Not_Target,Not_Target,Not_Target
ebra12231.t1,Not_Target,Not_Target,Not_Target
ebra12232.t1,Not_Target,Not_Target,Not_Target
ebra12233.t1,Not_Target,Not_Target,Not_Target
ebra13529.t1,Not_Target,Not_Target,Myosin_22
ebra13530.t1,Not_Target,Not_Target,Not_Target
ebra13531.t1,Not_Target,Not_Target,Not_Target
ebra20846.t1,Myosin_37,Myosin_22,Myosin_5
ebra20847.t1,Not_Target,Not_Target,Not_Target
ebra20848.t1,Not_Target,Not_Target,Not_Target
ebra11652.t1,Myosin_19,Myosin_19,Not_Target
ebra11653.t1,Myosin_28,Myosin_6,Myosin_1
ebra16463.t1,Myosin_37,Myosin_26,Myosin_5
ebra16464.t1,Not_Target,Not_Target,Not_Target
ebra4369.t1,Myosin_5,Myosin_5,Not_Target
ebra4370.t1,Myosin_37,Myosin_37,Not_Target
ebra4371.t1,Myosin_37,Myosin_37,Not_Target
ebra7647.t1,Not_Target,Myosin_17,Not_Target
ebra7648.t1,Not_Target,Not_Target,Not_Target
ebra2539.t1,Not_Target,Not_Target,Not_Target
ebra2540.t1,Not_Target,Not_Target,Not_Target
ebra17037.t1,Not_Target,Not_Target,Not_Target
ebra17038.t1,Myosin_24,Myosin_24,Myosin_24
ebra17039.t1,Myosin_24,Not_Target,Myosin_24
ebra2486.t1,Not_Target,Not_Target,Not_Target
ebra2487.t1,Not_Target,Not_Target,Not_Target
ebra2488.t1,Not_Target,Not_Target,Not_Target
ebra2489.t1,Not_Target,Not_Target,Not_Target
ebra15729.t1,Myosin_45,Not_Target,Myosin_72
ebra15720.t1,Myosin_45,Not_Target,Myosin_71
ebra15721.t1,Not_Target,Not_Target,Not_Target
ebra15722.t1,Not_Target,Not_Target,Not_Target
ebra20311.t1,Not_Target,Not_Target,Not_Target
ebra2544.t1,Not_Target,Not_Target,Not_Target
ebra2545.t1,Not_Target,Not_Target,Not_Target
ebra2546.t1,Not_Target,Not_Target,Not_Target
ebra2547.t1,Not_Target,Not_Target,Not_Target
ebra2548.t1,Not_Target,Not_Target,Not_Target
ebra2549.t1,Not_Target,Not_Target,Not_Target
ebra12567.t1,Not_Target,Not_Target,Myosin_25
ebra12568.t1,Not_Target,Not_Target,Myosin_1
ebra15212.t1,Not_Target,Not_Target,Not_Target
ebra15213.t1,Myosin_19,Myosin_27,Myosin_2
ebra15214.t1,Not_Target,Myosin_18,Myosin_20
ebra15215.t1,Myosin_31,Myosin_18,Not_Target
ebra7113.t1,Not_Target,Not_Target,Not_Target
ebra7114.t1,Myosin_1,Myosin_6,Myosin_19
ebra7115.t1,Not_Target,Not_Target,Not_Target
ebra6994.t1,Not_Target,Not_Target,Not_Target
ebra6995.t1,Not_Target,Not_Target,Not_Target
ebra6996.t1,Myosin_37,Not_Target,Not_Target
ebra6997.t1,Not_Target,Not_Target,Not_Target
ebra4507.t1,Not_Target,Not_Target,Not_Target
ebra12735.t1,Not_Target,Not_Target,Not_Target
ebra12736.t1,Not_Target,Not_Target,Not_Target
ebra12737.t1,Not_Target,Not_Target,Not_Target
ebra12738.t1,Not_Target,Not_Target,Not_Target
ebra12290.t1,Not_Target,Not_Target,Not_Target
ebra12291.t1,Not_Target,Not_Target,Not_Target
ebra12292.t1,Not_Target,Not_Target,Not_Target
ebra17296.t1,Not_Target,Not_Target,Not_Target
ebra17297.t1,Not_Target,Not_Target,Not_Target
ebra20241.t1,Not_Target,Myosin_16,Not_Target
ebra20242.t1,Not_Target,Myosin_16,Not_Target
ebra17650.t1,Not_Target,Not_Target,Not_Target
ebra17651.t1,Not_Target,Not_Target,Not_Target
ebra9614.t1,Not_Target,Not_Target,Not_Target
ebra9615.t1,Myosin_19,Myosin_19,Myosin_19
ebra16785.t1,Not_Target,Not_Target,Not_Target
ebra16786.t1,Not_Target,Not_Target,Not_Target
ebra16787.t1,Myosin_5,Myosin_5,Not_Target
ebra13907.t1,Myosin_64,Not_Target,Myosin_18
ebra20193.t1,Not_Target,Not_Target,Not_Target
ebra20194.t1,Not_Target,Myosin_1,Myosin_8
ebra20195.t1,Not_Target,Not_Target,Not_Target
ebra20196.t1,Not_Target,Not_Target,Myosin_1
ebra13239.t1,Not_Target,Not_Target,Not_Target
ebra13240.t1,Not_Target,Not_Target,Not_Target
ebra13241.t1,Not_Target,Not_Target,Not_Target
ebra15364.t1,Myosin_2,Myosin_5,Myosin_2
ebra7370.t1,Not_Target,Not_Target,Not_Target
ebra7371.t1,Not_Target,Not_Target,Not_Target
ebra9506.t1,Not_Target,Not_Target,Not_Target
ebra9507.t1,Myosin_1,Myosin_19,Not_Target
ebra9508.t1,Not_Target,Not_Target,Not_Target
ebra4565.t1,Not_Target,Not_Target,Not_Target
ebra4566.t1,Not_Target,Not_Target,Not_Target
ebra4567.t1,Not_Target,Not_Target,Not_Target
ebra4568.t1,Not_Target,Not_Target,Not_Target
ebra4569.t1,Not_Target,Not_Target,Not_Target
ebra10444.t1,Myosin_17,Not_Target,Myosin_4
ebra10445.t1,Not_Target,Not_Target,Myosin_1
ebra10446.t1,Not_Target,Not_Target,Not_Target
ebra20729.t1,Myosin_6,Myosin_2,Not_Target
ebra20730.t1,Not_Target,Not_Target,Not_Target
ebra20731.t1,Not_Target,Not_Target,Not_Target
ebra20732.t1,Myosin_45,Not_Target,Myosin_18
ebra20733.t1,Myosin_19,Myosin_19,Not_Target
ebra15384.t1,Not_Target,Myosin_6,Not_Target
ebra15385.t1,Not_Target,Not_Target,Not_Target
ebra15386.t1,Not_Target,Not_Target,Not_Target
ebra15387.t1,Not_Target,Not_Target,Not_Target
ebra15388.t1,Not_Target,Not_Target,Not_Target
ebra15389.t1,Not_Target,Not_Target,Not_Target
ebra14801.t1,Not_Target,Not_Target,Myosin_37
ebra14802.t1,Not_Target,Not_Target,Not_Target
ebra14803.t1,Not_Target,Myosin_20,Not_Target
ebra14804.t1,Not_Target,Not_Target,Not_Target
ebra11610.t1,Not_Target,Not_Target,Not_Target
ebra11611.t1,Not_Target,Myosin_5,Not_Target
ebra11612.t1,Not_Target,Not_Target,Not_Target
ebra21251.t1,Myosin_16,Myosin_16,Not_Target
ebra21252.t1,Myosin_16,Myosin_16,Not_Target
ebra4447.t1,Not_Target,Not_Target,Not_Target
ebra4448.t1,Not_Target,Not_Target,Not_Target
ebra4449.t1,Not_Target,Not_Target,Myosin_2
ebra6268.t1,Myosin_71,Not_Target,Myosin_20
ebra1921.t1,Myosin_15,Myosin_4,Myosin_22
ebra19851.t1,Myosin_1,Not_Target,Not_Target
ebra19312.t1,Not_Target,Not_Target,Not_Target
ebra19313.t1,Not_Target,Not_Target,Not_Target
ebra19314.t1,Not_Target,Not_Target,Not_Target
ebra10846.t1,Not_Target,Not_Target,Not_Target
ebra10847.t1,Not_Target,Not_Target,Not_Target
ebra10848.t1,Myosin_6,Not_Target,Not_Target
ebra10849.t1,Not_Target,Myosin_3,Not_Target
ebra4666.t1,Myosin_5,Myosin_5,Myosin_16
ebra4667.t1,Myosin_5,Myosin_5,Myosin_6
ebra4668.t1,Not_Target,Not_Target,Myosin_19
ebra7230.t1,Not_Target,Myosin_19,Not_Target
ebra7231.t1,Not_Target,Not_Target,Not_Target
ebra7232.t1,Not_Target,Not_Target,Not_Target
ebra7233.t1,Not_Target,Not_Target,Not_Target
ebra16818.t1,Myosin_3,Myosin_3,Myosin_14
ebra16819.t1,Myosin_3,Myosin_3,Myosin_14
ebra21412.t1,Not_Target,Not_Target,Myosin_24
ebra21413.t1,Not_Target,Not_Target,Myosin_24
ebra21414.t1,Not_Target,Not_Target,Not_Target
ebra19139.t1,Myosin_7,Myosin_5,Not_Target
ebra19140.t1,Not_Target,Not_Target,Not_Target
ebra19141.t1,Not_Target,Myosin_1,Not_Target
ebra19142.t1,Not_Target,Not_Target,Myosin_5
ebra13288.t1,Not_Target,Myosin_18,Myosin_4
ebra13289.t1,Not_Target,Not_Target,Not_Target
ebra13290.t1,Not_Target,Not_Target,Not_Target
ebra13291.t1,Not_Target,Myosin_18,Myosin_4
ebra16427.t1,Not_Target,Not_Target,Not_Target
ebra16428.t1,Not_Target,Not_Target,Not_Target
ebra16429.t1,Not_Target,Not_Target,Not_Target
ebra16430.t1,Not_Target,Not_Target,Not_Target
ebra7949.t1,Myosin_24,Not_Target,Not_Target
ebra7950.t1,Myosin_19,Myosin_19,Not_Target
ebra7866.t1,Not_Target,Not_Target,Not_Target
ebra7867.t1,Not_Target,Not_Target,Not_Target
ebra7868.t1,Not_Target,Not_Target,Not_Target
ebra7869.t1,Not_Target,Not_Target,Not_Target
ebra906.t1,Myosin_53,Not_Target,Myosin_5
ebra907.t1,Not_Target,Not_Target,Not_Target
ebra9467.t1,Myosin_15,Myosin_15,Myosin_4
ebra2593.t1,Not_Target,Myosin_1,Myosin_2
ebra2594.t1,Not_Target,Not_Target,Not_Target
ebra18984.t1,Not_Target,Not_Target,Not_Target
ebra18985.t1,Not_Target,Not_Target,Not_Target
ebra18986.t1,Not_Target,Not_Target,Not_Target
ebra18987.t1,Not_Target,Not_Target,Not_Target
ebra3972.t1,Not_Target,Not_Target,Myosin_19
ebra431.t1,Not_Target,Not_Target,Not_Target
ebra432.t1,Not_Target,Myosin_5,Not_Target
ebra433.t1,Not_Target,Not_Target,Not_Target
ebra434.t1,Not_Target,Not_Target,Not_Target
ebra435.t1,Not_Target,Not_Target,Not_Target
ebra436.t1,Not_Target,Not_Target,Not_Target
ebra437.t1,Not_Target,Myosin_1,Not_Target
ebra9109.t1,Not_Target,Not_Target,Not_Target
ebra9110.t1,Not_Target,Not_Target,Not_Target
ebra9111.t1,Not_Target,Not_Target,Not_Target
ebra9112.t1,Not_Target,Not_Target,Not_Target
ebra7795.t1,Not_Target,Not_Target,Not_Target
ebra7796.t1,Not_Target,Not_Target,Not_Target
ebra7797.t1,Not_Target,Not_Target,Not_Target
ebra7798.t1,Myosin_19,Myosin_19,Not_Target
ebra2429.t1,Myosin_36,Not_Target,Myosin_64
ebra2430.t1,Not_Target,Not_Target,Not_Target
ebra2431.t1,Not_Target,Not_Target,Not_Target
ebra10477.t1,Not_Target,Not_Target,Myosin_7
ebra10478.t1,Not_Target,Not_Target,Not_Target
ebra10479.t1,Myosin_19,Myosin_19,Not_Target
ebra2451.t1,Myosin_18,Myosin_19,Not_Target
ebra2452.t1,Myosin_19,Myosin_19,Myosin_19
ebra4495.t1,Myosin_2,Myosin_10,Not_Target
ebra4496.t1,Not_Target,Not_Target,Not_Target
ebra4497.t1,Myosin_45,Myosin_24,Myosin_67
ebra2245.t1,Myosin_18,Not_Target,Not_Target
ebra11922.t1,Not_Target,Not_Target,Not_Target
ebra11923.t1,Not_Target,Not_Target,Not_Target
ebra11924.t1,Not_Target,Not_Target,Myosin_1
ebra21366.t1,Not_Target,Not_Target,Not_Target
ebra21367.t1,Myosin_36,Myosin_36,Myosin_36
ebra21368.t1,Not_Target,Myosin_74,Myosin_1
ebra9803.t1,Not_Target,Not_Target,Myosin_30
ebra9804.t1,Not_Target,Not_Target,Not_Target
ebra21254.t1,Not_Target,Not_Target,Not_Target
ebra21255.t1,Not_Target,Not_Target,Myosin_24
ebra21256.t1,Not_Target,Not_Target,Not_Target
ebra19496.t1,Not_Target,Not_Target,Not_Target
ebra19497.t1,Not_Target,Not_Target,Not_Target
ebra19498.t1,Not_Target,Not_Target,Not_Target
ebra19499.t1,Not_Target,Not_Target,Not_Target
ebra19500.t1,Not_Target,Myosin_36,Myosin_51
ebra12415.t1,Not_Target,Myosin_28,Not_Target
ebra12416.t1,Not_Target,Myosin_5,Not_Target
ebra12417.t1,Myosin_19,Myosin_19,Not_Target
ebra20313.t1,Not_Target,Not_Target,Not_Target
ebra12330.t1,Myosin_37,Myosin_19,Myosin_5
ebra12331.t1,Not_Target,Not_Target,Not_Target
ebra12332.t1,Not_Target,Myosin_22,Not_Target
ebra10346.t1,Myosin_45,Myosin_16,Myosin_26
ebra3561.t1,Myosin_24,Not_Target,Myosin_3
ebra3562.t1,Myosin_17,Not_Target,Not_Target
ebra5280.t1,Not_Target,Myosin_1,Myosin_2
ebra5281.t1,Not_Target,Not_Target,Myosin_20
ebra5081.t1,Not_Target,Not_Target,Not_Target
ebra5082.t1,Myosin_5,Not_Target,Myosin_2
ebra5083.t1,Not_Target,Not_Target,Not_Target
ebra8884.t1,Not_Target,Not_Target,Not_Target
ebra8885.t1,Not_Target,Not_Target,Not_Target
ebra8886.t1,Not_Target,Not_Target,Not_Target
ebra9852.t1,Myosin_45,Myosin_5,Not_Target
ebra9853.t1,Myosin_20,Not_Target,Not_Target
ebra18298.t1,Not_Target,Not_Target,Not_Target
ebra18299.t1,Not_Target,Not_Target,Not_Target
ebra18300.t1,Not_Target,Not_Target,Not_Target
ebra18301.t1,Myosin_20,Myosin_57,Not_Target
ebra20688.t1,Not_Target,Myosin_5,Myosin_1
ebra20689.t1,Not_Target,Not_Target,Not_Target
ebra20690.t1,Not_Target,Not_Target,Not_Target
ebra20691.t1,Not_Target,Not_Target,Not_Target
ebra16245.t1,Not_Target,Not_Target,Not_Target
ebra16246.t1,Not_Target,Not_Target,Not_Target
ebra4731.t1,Not_Target,Myosin_54,Not_Target
ebra4732.t1,Not_Target,Myosin_1,Not_Target
ebra4733.t1,Not_Target,Not_Target,Myosin_11
ebra4734.t1,Not_Target,Not_Target,Not_Target
ebra4735.t1,Not_Target,Myosin_1,Myosin_11
ebra18223.t1,Not_Target,Not_Target,Not_Target
ebra20634.t1,Not_Target,Not_Target,Not_Target
ebra20635.t1,Not_Target,Not_Target,Not_Target
ebra20636.t1,Not_Target,Not_Target,Not_Target
ebra20637.t1,Not_Target,Not_Target,Not_Target
ebra5210.t1,Not_Target,Myosin_11,Not_Target
ebra5211.t1,Not_Target,Not_Target,Not_Target
ebra5212.t1,Not_Target,Not_Target,Not_Target
ebra5213.t1,Not_Target,Not_Target,Not_Target
ebra14798.t1,Not_Target,Not_Target,Not_Target
ebra14799.t1,Not_Target,Not_Target,Myosin_4
ebra4138.t1,Myosin_51,Not_Target,Myosin_3
ebra4139.t1,Not_Target,Not_Target,Not_Target
ebra11906.t1,Myosin_24,Myosin_5,Myosin_13
ebra11907.t1,Not_Target,Not_Target,Not_Target
ebra11908.t1,Not_Target,Myosin_45,Myosin_9
ebra12654.t1,Not_Target,Myosin_1,Not_Target
ebra12655.t1,Not_Target,Not_Target,Not_Target
ebra12656.t1,Not_Target,Not_Target,Not_Target
ebra12657.t1,Myosin_19,Myosin_19,Not_Target
ebra12658.t1,Not_Target,Not_Target,Not_Target
ebra4810.t1,Myosin_45,Myosin_74,Myosin_45
ebra4811.t1,Myosin_26,Myosin_26,Not_Target
ebra14295.t1,Not_Target,Not_Target,Not_Target
ebra14296.t1,Not_Target,Myosin_74,Not_Target
ebra14297.t1,Not_Target,Not_Target,Not_Target
ebra14298.t1,Not_Target,Not_Target,Not_Target
ebra14299.t1,Not_Target,Myosin_74,Not_Target
ebra14300.t1,Not_Target,Not_Target,Not_Target
ebra3286.t1,Not_Target,Not_Target,Not_Target
ebra3287.t1,Not_Target,Not_Target,Not_Target
ebra3288.t1,Not_Target,Myosin_1,Myosin_1
ebra3289.t1,Not_Target,Not_Target,Not_Target
ebra3290.t1,Not_Target,Myosin_5,Not_Target
ebra15931.t1,Myosin_19,Myosin_19,Not_Target
ebra15932.t1,Not_Target,Not_Target,Not_Target
ebra15933.t1,Not_Target,Not_Target,Not_Target
ebra19299.t1,Not_Target,Not_Target,Not_Target
ebra19300.t1,Not_Target,Myosin_26,Not_Target
ebra19301.t1,Not_Target,Myosin_1,Not_Target
ebra19302.t1,Not_Target,Not_Target,Myosin_20
ebra3274.t1,Not_Target,Not_Target,Not_Target
ebra3275.t1,Not_Target,Myosin_57,Myosin_2
ebra3276.t1,Not_Target,Not_Target,Not_Target
ebra3277.t1,Not_Target,Myosin_5,Not_Target
ebra3278.t1,Not_Target,Myosin_57,Myosin_2
ebra3279.t1,Not_Target,Not_Target,Not_Target
ebra15521.t1,Not_Target,Myosin_19,Not_Target
ebra15522.t1,Myosin_19,Myosin_19,Not_Target
ebra20753.t1,Not_Target,Not_Target,Not_Target
ebra20754.t1,Not_Target,Myosin_11,Myosin_19
ebra187.t1,Not_Target,Not_Target,Not_Target
ebra188.t1,Not_Target,Not_Target,Not_Target
ebra189.t1,Not_Target,Not_Target,Not_Target
ebra190.t1,Not_Target,Not_Target,Not_Target
ebra12835.t1,Myosin_17,Not_Target,Myosin_20
ebra12836.t1,Not_Target,Not_Target,Not_Target
ebra12837.t1,Myosin_37,Not_Target,Not_Target
ebra12838.t1,Not_Target,Not_Target,Not_Target
ebra12839.t1,Not_Target,Myosin_1,Myosin_45
ebra15476.t1,Not_Target,Not_Target,Not_Target
ebra15477.t1,Not_Target,Not_Target,Myosin_24
ebra15724.t1,Not_Target,Not_Target,Not_Target
ebra15725.t1,Not_Target,Not_Target,Not_Target
ebra15726.t1,Not_Target,Myosin_1,Myosin_19
ebra15727.t1,Not_Target,Not_Target,Not_Target
ebra15728.t1,Not_Target,Not_Target,Not_Target
ebra19972.t1,Not_Target,Not_Target,Myosin_24
ebra19973.t1,Not_Target,Not_Target,Not_Target
ebra19974.t1,Not_Target,Not_Target,Not_Target
ebra6577.t1,Not_Target,Not_Target,Not_Target
ebra6578.t1,Not_Target,Not_Target,Not_Target
ebra5531.t1,Not_Target,Not_Target,Not_Target
ebra5532.t1,Myosin_45,Not_Target,Not_Target
ebra5533.t1,Myosin_45,Not_Target,Not_Target
ebra5534.t1,Not_Target,Not_Target,Not_Target
ebra6969.t1,Not_Target,Not_Target,Not_Target
ebra6970.t1,Not_Target,Not_Target,Not_Target
ebra6971.t1,Not_Target,Not_Target,Myosin_55
ebra6972.t1,Myosin_9,Myosin_1,Myosin_1
ebra10433.t1,Myosin_37,Myosin_57,Not_Target
ebra10434.t1,Not_Target,Not_Target,Myosin_2
ebra10435.t1,Not_Target,Not_Target,Not_Target
ebra6664.t1,Not_Target,Not_Target,Not_Target
ebra6665.t1,Not_Target,Not_Target,Myosin_5
ebra10493.t1,Not_Target,Not_Target,Not_Target
ebra10494.t1,Not_Target,Not_Target,Myosin_24
ebra10495.t1,Myosin_1,Not_Target,Not_Target
ebra3283.t1,Myosin_17,Myosin_17,Not_Target
ebra5630.t1,Myosin_18,Myosin_18,Myosin_11
ebra5631.t1,Not_Target,Not_Target,Myosin_41
ebra5632.t1,Not_Target,Not_Target,Not_Target
ebra9192.t1,Not_Target,Myosin_64,Not_Target
ebra9193.t1,Myosin_31,Myosin_64,Not_Target
ebra9194.t1,Not_Target,Not_Target,Myosin_5
ebra15003.t1,Not_Target,Not_Target,Myosin_1
ebra15004.t1,Not_Target,Not_Target,Not_Target
ebra18876.t1,Myosin_45,Not_Target,Myosin_3
ebra18877.t1,Not_Target,Not_Target,Not_Target
ebra18878.t1,Not_Target,Myosin_19,Myosin_36
ebra4054.t1,Not_Target,Myosin_7,Not_Target
ebra4055.t1,Not_Target,Not_Target,Not_Target
ebra3296.t1,Myosin_45,Myosin_51,Not_Target
ebra453.t1,Not_Target,Not_Target,Not_Target
ebra454.t1,Not_Target,Not_Target,Not_Target
ebra16309.t1,Not_Target,Myosin_6,Not_Target
ebra16310.t1,Myosin_31,Not_Target,Not_Target
ebra16862.t1,Not_Target,Myosin_1,Not_Target
ebra16863.t1,Myosin_2,Not_Target,Not_Target
ebra3966.t1,Not_Target,Not_Target,Not_Target
ebra3967.t1,Not_Target,Not_Target,Not_Target
ebra15040.t1,Not_Target,Not_Target,Not_Target
ebra15041.t1,Not_Target,Not_Target,Not_Target
ebra15042.t1,Not_Target,Not_Target,Not_Target
ebra15043.t1,Myosin_2,Not_Target,Not_Target
ebra11494.t1,Not_Target,Not_Target,Not_Target
ebra11495.t1,Myosin_17,Myosin_17,Myosin_3
ebra11496.t1,Not_Target,Not_Target,Not_Target
ebra11497.t1,Not_Target,Myosin_1,Not_Target
ebra16387.t1,Not_Target,Myosin_7,Not_Target
ebra16388.t1,Not_Target,Not_Target,Not_Target
ebra16389.t1,Not_Target,Not_Target,Not_Target
ebra7791.t1,Not_Target,Not_Target,Myosin_19
ebra7792.t1,Not_Target,Not_Target,Not_Target
ebra7793.t1,Not_Target,Not_Target,Not_Target
ebra7794.t1,Not_Target,Not_Target,Myosin_5
ebra8187.t1,Not_Target,Not_Target,Not_Target
ebra8188.t1,Not_Target,Not_Target,Not_Target
ebra8189.t1,Not_Target,Not_Target,Not_Target
ebra8190.t1,Not_Target,Myosin_19,Not_Target
ebra3969.t1,Not_Target,Myosin_37,Not_Target
ebra3970.t1,Not_Target,Not_Target,Not_Target
ebra3971.t1,Not_Target,Not_Target,Not_Target
ebra1228.t1,Not_Target,Not_Target,Not_Target
ebra1229.t1,Not_Target,Not_Target,Not_Target
ebra1230.t1,Not_Target,Myosin_57,Not_Target
ebra18643.t1,Not_Target,Not_Target,Not_Target
ebra18644.t1,Myosin_2,Myosin_2,Not_Target
ebra18645.t1,Not_Target,Not_Target,Myosin_20
ebra18646.t1,Not_Target,Not_Target,Not_Target
ebra16070.t1,Not_Target,Not_Target,Not_Target
ebra4316.t1,Myosin_26,Myosin_74,Myosin_76
ebra19122.t1,Not_Target,Not_Target,Myosin_19
ebra19123.t1,Not_Target,Not_Target,Not_Target
ebra17470.t1,Not_Target,Not_Target,Not_Target
ebra17471.t1,Not_Target,Not_Target,Myosin_24
ebra3978.t1,Not_Target,Not_Target,Not_Target
ebra3979.t1,Myosin_27,Myosin_1,Not_Target
ebra3980.t1,Not_Target,Not_Target,Not_Target
ebra3981.t1,Not_Target,Not_Target,Not_Target
ebra21419.t1,Not_Target,Not_Target,Not_Target
ebra21420.t1,Not_Target,Myosin_18,Not_Target
ebra21421.t1,Not_Target,Not_Target,Not_Target
ebra21422.t1,Not_Target,Not_Target,Not_Target
ebra14614.t1,Not_Target,Not_Target,Not_Target
ebra14615.t1,Not_Target,Not_Target,Not_Target
ebra12047.t1,Not_Target,Not_Target,Not_Target
ebra12048.t1,Not_Target,Not_Target,Myosin_6
ebra12049.t1,Not_Target,Not_Target,Not_Target
ebra16356.t1,Not_Target,Not_Target,Not_Target
ebra16357.t1,Not_Target,Not_Target,Not_Target
ebra15022.t1,Not_Target,Not_Target,Not_Target
ebra15023.t1,Not_Target,Not_Target,Not_Target
ebra15024.t1,Not_Target,Not_Target,Not_Target
ebra15025.t1,Not_Target,Not_Target,Not_Target
ebra15026.t1,Not_Target,Not_Target,Not_Target
ebra9572.t1,Myosin_2,Not_Target,Not_Target
ebra11960.t1,Not_Target,Not_Target,Not_Target
ebra11961.t1,Not_Target,Not_Target,Not_Target
ebra11962.t1,Not_Target,Not_Target,Not_Target
ebra13466.t1,Not_Target,Not_Target,Not_Target
ebra13467.t1,Not_Target,Myosin_57,Not_Target
ebra13468.t1,Not_Target,Not_Target,Not_Target
ebra13469.t1,Not_Target,Not_Target,Not_Target
ebra8259.t1,Not_Target,Not_Target,Myosin_5
ebra8260.t1,Not_Target,Not_Target,Not_Target
ebra9518.t1,Not_Target,Myosin_19,Not_Target
ebra9519.t1,Not_Target,Not_Target,Not_Target
ebra9520.t1,Not_Target,Not_Target,Myosin_1
ebra16247.t1,Not_Target,Not_Target,Not_Target
ebra16248.t1,Not_Target,Not_Target,Not_Target
ebra16249.t1,Not_Target,Myosin_5,Not_Target
ebra16250.t1,Not_Target,Myosin_17,Myosin_57
ebra16251.t1,Not_Target,Not_Target,Not_Target
ebra912.t1,Myosin_4,Myosin_4,Not_Target
ebra913.t1,Not_Target,Not_Target,Not_Target
ebra914.t1,Myosin_2,Not_Target,Not_Target
ebra915.t1,Myosin_2,Not_Target,Not_Target
ebra916.t1,Not_Target,Not_Target,Not_Target
ebra917.t1,Myosin_4,Myosin_4,Not_Target
ebra140.t1,Myosin_1,Not_Target,Myosin_1
ebra141.t1,Myosin_19,Not_Target,Myosin_3
ebra142.t1,Not_Target,Not_Target,Not_Target
ebra10604.t1,Not_Target,Not_Target,Not_Target
ebra10605.t1,Not_Target,Not_Target,Not_Target
ebra10606.t1,Not_Target,Not_Target,Not_Target
ebra20395.t1,Myosin_2,Myosin_47,Not_Target
ebra20396.t1,Not_Target,Myosin_4,Not_Target
ebra20397.t1,Not_Target,Not_Target,Myosin_1
ebra6014.t1,Not_Target,Not_Target,Not_Target
ebra6015.t1,Not_Target,Not_Target,Not_Target
ebra6016.t1,Not_Target,Myosin_5,Not_Target
ebra6017.t1,Not_Target,Myosin_5,Not_Target
ebra6018.t1,Not_Target,Not_Target,Not_Target
ebra6019.t1,Not_Target,Not_Target,Not_Target
ebra6020.t1,Not_Target,Not_Target,Not_Target
ebra14825.t1,Not_Target,Not_Target,Not_Target
ebra14826.t1,Not_Target,Not_Target,Not_Target
ebra11369.t1,Not_Target,Not_Target,Not_Target
ebra11370.t1,Not_Target,Not_Target,Myosin_20
ebra11371.t1,Not_Target,Not_Target,Myosin_19
ebra16354.t1,Not_Target,Not_Target,Not_Target
ebra16355.t1,Not_Target,Myosin_19,Not_Target
ebra18990.t1,Not_Target,Myosin_66,Not_Target
ebra18991.t1,Not_Target,Myosin_2,Not_Target
ebra18992.t1,Myosin_18,Myosin_5,Myosin_8
ebra18993.t1,Not_Target,Not_Target,Myosin_41
ebra18994.t1,Not_Target,Not_Target,Not_Target
ebra6380.t1,Myosin_1,Not_Target,Myosin_1
ebra6381.t1,Not_Target,Myosin_57,Not_Target
ebra17365.t1,Myosin_1,Not_Target,Not_Target
ebra11783.t1,Not_Target,Not_Target,Not_Target
ebra11784.t1,Not_Target,Not_Target,Not_Target
ebra11785.t1,Not_Target,Not_Target,Not_Target
ebra19941.t1,Not_Target,Not_Target,Myosin_28
ebra15145.t1,Not_Target,Not_Target,Not_Target
ebra2529.t1,Not_Target,Myosin_6,Myosin_1
ebra2530.t1,Not_Target,Not_Target,Not_Target
ebra7541.t1,Not_Target,Not_Target,Not_Target
ebra7542.t1,Myosin_15,Not_Target,Myosin_20
ebra8165.t1,Not_Target,Myosin_66,Not_Target
ebra8166.t1,Myosin_24,Not_Target,Myosin_23
ebra8167.t1,Not_Target,Myosin_16,Myosin_24
ebra12828.t1,Not_Target,Not_Target,Not_Target
ebra12829.t1,Not_Target,Not_Target,Not_Target
ebra12830.t1,Not_Target,Not_Target,Not_Target
ebra12831.t1,Not_Target,Not_Target,Not_Target
ebra526.t1,Not_Target,Not_Target,Not_Target
ebra527.t1,Not_Target,Not_Target,Not_Target
ebra528.t1,Myosin_9,Myosin_5,Not_Target
ebra16242.t1,Not_Target,Not_Target,Not_Target
ebra17511.t1,Not_Target,Not_Target,Not_Target
ebra17512.t1,Not_Target,Not_Target,Not_Target
ebra17513.t1,Not_Target,Not_Target,Not_Target
ebra17514.t1,Not_Target,Not_Target,Not_Target
ebra17515.t1,Not_Target,Not_Target,Not_Target
ebra5583.t1,Not_Target,Myosin_5,Not_Target
ebra5584.t1,Not_Target,Not_Target,Not_Target
ebra5585.t1,Not_Target,Not_Target,Not_Target
ebra2749.t1,Not_Target,Myosin_19,Myosin_4
ebra2750.t1,Myosin_18,Not_Target,Not_Target
ebra2751.t1,Not_Target,Not_Target,Not_Target
ebra20236.t1,Not_Target,Not_Target,Myosin_45
ebra9813.t1,Not_Target,Not_Target,Not_Target
ebra9814.t1,Not_Target,Not_Target,Not_Target
ebra9815.t1,Not_Target,Not_Target,Not_Target
ebra9816.t1,Not_Target,Not_Target,Not_Target
ebra14723.t1,Not_Target,Not_Target,Myosin_2
ebra14724.t1,Not_Target,Not_Target,Not_Target
ebra8649.t1,Myosin_2,Myosin_5,Myosin_2
ebra5208.t1,Not_Target,Not_Target,Not_Target
ebra5209.t1,Not_Target,Not_Target,Not_Target
ebra4498.t1,Not_Target,Not_Target,Not_Target
ebra4499.t1,Not_Target,Myosin_1,Not_Target
ebra4500.t1,Not_Target,Not_Target,Myosin_10
ebra2247.t1,Not_Target,Not_Target,Not_Target
ebra2248.t1,Not_Target,Myosin_81,Not_Target
ebra2249.t1,Myosin_31,Not_Target,Not_Target
ebra12280.t1,Not_Target,Not_Target,Not_Target
ebra12281.t1,Not_Target,Not_Target,Not_Target
ebra12282.t1,Myosin_19,Myosin_19,Not_Target
ebra4973.t1,Not_Target,Myosin_5,Not_Target
ebra4974.t1,Myosin_1,Myosin_22,Myosin_1
ebra4975.t1,Not_Target,Myosin_18,Myosin_8
ebra4976.t1,Not_Target,Not_Target,Not_Target
ebra4977.t1,Not_Target,Not_Target,Not_Target
ebra18965.t1,Myosin_57,Myosin_57,Not_Target
ebra18966.t1,Myosin_30,Not_Target,Not_Target
ebra17283.t1,Not_Target,Not_Target,Not_Target
ebra17284.t1,Not_Target,Not_Target,Not_Target
ebra17285.t1,Not_Target,Myosin_19,Not_Target
ebra19501.t1,Not_Target,Not_Target,Not_Target
ebra19502.t1,Not_Target,Not_Target,Not_Target
ebra2368.t1,Not_Target,Not_Target,Not_Target
ebra2369.t1,Not_Target,Not_Target,Not_Target
ebra2370.t1,Not_Target,Not_Target,Not_Target
ebra2371.t1,Not_Target,Not_Target,Not_Target
ebra10631.t1,Not_Target,Not_Target,Not_Target
ebra10632.t1,Not_Target,Not_Target,Not_Target
ebra10633.t1,Not_Target,Not_Target,Not_Target
ebra10634.t1,Not_Target,Not_Target,Not_Target
ebra11734.t1,Not_Target,Myosin_1,Not_Target
ebra11735.t1,Not_Target,Not_Target,Not_Target
ebra11736.t1,Not_Target,Not_Target,Not_Target
ebra11737.t1,Not_Target,Not_Target,Not_Target
ebra11738.t1,Not_Target,Not_Target,Not_Target
ebra7498.t1,Not_Target,Not_Target,Not_Target
ebra7499.t1,Not_Target,Not_Target,Not_Target
ebra7500.t1,Not_Target,Not_Target,Not_Target
ebra20292.t1,Myosin_1,Myosin_1,Myosin_1
ebra20293.t1,Not_Target,Not_Target,Not_Target
ebra20294.t1,Not_Target,Not_Target,Not_Target
ebra20295.t1,Myosin_1,Myosin_1,Not_Target
ebra20296.t1,Myosin_26,Myosin_23,Not_Target
ebra18715.t1,Not_Target,Myosin_57,Not_Target
ebra18716.t1,Not_Target,Not_Target,Not_Target
ebra2060.t1,Not_Target,Not_Target,Not_Target
ebra2061.t1,Not_Target,Myosin_18,Myosin_62
ebra2062.t1,Not_Target,Myosin_57,Not_Target
ebra2063.t1,Myosin_57,Not_Target,Not_Target
ebra2064.t1,Myosin_19,Myosin_19,Not_Target
ebra1770.t1,Not_Target,Not_Target,Not_Target
ebra1771.t1,Not_Target,Not_Target,Not_Target
ebra1772.t1,Not_Target,Not_Target,Myosin_4
ebra1773.t1,Not_Target,Not_Target,Not_Target
ebra15982.t1,Myosin_5,Myosin_5,Not_Target
ebra15983.t1,Not_Target,Myosin_5,Not_Target
ebra15984.t1,Not_Target,Myosin_55,Not_Target
ebra15985.t1,Not_Target,Myosin_1,Not_Target
ebra19961.t1,Not_Target,Not_Target,Not_Target
ebra19962.t1,Not_Target,Myosin_1,Not_Target
ebra19963.t1,Not_Target,Not_Target,Not_Target
ebra7502.t1,Not_Target,Not_Target,Myosin_3
ebra10022.t1,Not_Target,Myosin_2,Not_Target
ebra10023.t1,Not_Target,Myosin_5,Not_Target
ebra10024.t1,Not_Target,Not_Target,Not_Target
ebra10025.t1,Not_Target,Not_Target,Not_Target
ebra13552.t1,Myosin_45,Myosin_45,Myosin_16
ebra13553.t1,Not_Target,Not_Target,Not_Target
ebra12408.t1,Myosin_26,Not_Target,Myosin_17
ebra12409.t1,Myosin_45,Myosin_74,Not_Target
ebra19061.t1,Not_Target,Not_Target,Not_Target
ebra19062.t1,Not_Target,Not_Target,Not_Target
ebra15582.t1,Not_Target,Not_Target,Not_Target
ebra15583.t1,Not_Target,Myosin_5,Not_Target
ebra15584.t1,Myosin_2,Not_Target,Not_Target
ebra15585.t1,Not_Target,Not_Target,Not_Target
ebra15586.t1,Not_Target,Not_Target,Not_Target
ebra14991.t1,Myosin_15,Not_Target,Myosin_5
ebra10094.t1,Not_Target,Not_Target,Not_Target
ebra10095.t1,Not_Target,Not_Target,Not_Target
ebra10096.t1,Not_Target,Not_Target,Not_Target
ebra19819.t1,Not_Target,Not_Target,Not_Target
ebra19820.t1,Not_Target,Not_Target,Not_Target
ebra19821.t1,Myosin_18,Myosin_57,Not_Target
ebra16582.t1,Not_Target,Not_Target,Not_Target
ebra16583.t1,Not_Target,Not_Target,Not_Target
ebra16584.t1,Not_Target,Myosin_5,Not_Target
ebra16585.t1,Not_Target,Myosin_6,Not_Target
ebra16586.t1,Not_Target,Not_Target,Not_Target
ebra16587.t1,Not_Target,Not_Target,Not_Target
ebra14733.t1,Not_Target,Not_Target,Not_Target
ebra14734.t1,Myosin_45,Myosin_10,Not_Target
ebra17948.t1,Not_Target,Not_Target,Myosin_57
ebra17949.t1,Not_Target,Not_Target,Myosin_20
ebra12862.t1,Not_Target,Not_Target,Not_Target
ebra12863.t1,Not_Target,Myosin_57,Not_Target
ebra12864.t1,Not_Target,Not_Target,Not_Target
ebra12865.t1,Not_Target,Not_Target,Not_Target
ebra15948.t1,Myosin_1,Myosin_1,Myosin_1
ebra15949.t1,Not_Target,Not_Target,Not_Target
ebra8661.t1,Not_Target,Myosin_57,Not_Target
ebra8662.t1,Not_Target,Not_Target,Not_Target
ebra9604.t1,Myosin_1,Myosin_6,Not_Target
ebra9605.t1,Not_Target,Not_Target,Not_Target
ebra9606.t1,Not_Target,Not_Target,Myosin_36
ebra9607.t1,Not_Target,Myosin_57,Not_Target
ebra14144.t1,Myosin_45,Myosin_45,Myosin_26
ebra14145.t1,Not_Target,Not_Target,Not_Target
ebra9270.t1,Not_Target,Not_Target,Not_Target
ebra9271.t1,Not_Target,Not_Target,Myosin_24
ebra9272.t1,Myosin_1,Myosin_3,Myosin_1
ebra9273.t1,Not_Target,Not_Target,Myosin_1
ebra7079.t1,Myosin_1,Myosin_1,Not_Target
ebra5485.t1,Not_Target,Not_Target,Not_Target
ebra3618.t1,Not_Target,Myosin_19,Myosin_33
ebra3619.t1,Not_Target,Myosin_19,Myosin_33
ebra3359.t1,Not_Target,Not_Target,Not_Target
ebra3360.t1,Not_Target,Not_Target,Not_Target
ebra3361.t1,Myosin_3,Myosin_22,Myosin_30
ebra5214.t1,Myosin_45,Myosin_45,Myosin_45
ebra19792.t1,Not_Target,Myosin_17,Not_Target
ebra19793.t1,Not_Target,Not_Target,Not_Target
ebra16048.t1,Myosin_5,Myosin_5,Not_Target
ebra16049.t1,Not_Target,Not_Target,Not_Target
ebra1434.t1,Not_Target,Not_Target,Not_Target
ebra1435.t1,Myosin_81,Myosin_81,Myosin_68
ebra6237.t1,Not_Target,Not_Target,Not_Target
ebra6238.t1,Not_Target,Not_Target,Not_Target
ebra6239.t1,Not_Target,Not_Target,Myosin_43
ebra8700.t1,Not_Target,Not_Target,Myosin_1
ebra8701.t1,Myosin_41,Not_Target,Myosin_1
ebra8702.t1,Not_Target,Not_Target,Not_Target
ebra3696.t1,Not_Target,Not_Target,Not_Target
ebra3697.t1,Not_Target,Not_Target,Not_Target
ebra3698.t1,Not_Target,Not_Target,Not_Target
ebra3699.t1,Not_Target,Not_Target,Not_Target
ebra14618.t1,Myosin_1,Myosin_16,Myosin_1
ebra14619.t1,Myosin_19,Myosin_19,Myosin_19
ebra2132.t1,Not_Target,Myosin_80,Not_Target
ebra2133.t1,Myosin_51,Myosin_66,Myosin_8
ebra2134.t1,Not_Target,Not_Target,Not_Target
ebra2135.t1,Myosin_23,Myosin_36,Myosin_5
ebra1573.t1,Not_Target,Not_Target,Not_Target
ebra19481.t1,Myosin_30,Not_Target,Myosin_30
ebra1419.t1,Not_Target,Not_Target,Not_Target
ebra1420.t1,Not_Target,Myosin_5,Not_Target
ebra1421.t1,Not_Target,Myosin_57,Not_Target
ebra1422.t1,Not_Target,Myosin_2,Not_Target
ebra20908.t1,Not_Target,Myosin_28,Not_Target
ebra20909.t1,Not_Target,Myosin_28,Not_Target
ebra14419.t1,Myosin_2,Not_Target,Not_Target
ebra14420.t1,Not_Target,Not_Target,Not_Target
ebra14421.t1,Not_Target,Not_Target,Not_Target
ebra9470.t1,Not_Target,Not_Target,Not_Target
ebra9471.t1,Not_Target,Not_Target,Not_Target
ebra9472.t1,Myosin_2,Myosin_2,Not_Target
ebra9081.t1,Not_Target,Myosin_19,Not_Target
ebra19460.t1,Not_Target,Myosin_19,Not_Target
ebra19461.t1,Not_Target,Not_Target,Not_Target
ebra17468.t1,Not_Target,Not_Target,Not_Target
ebra8961.t1,Not_Target,Not_Target,Myosin_4
ebra8962.t1,Not_Target,Not_Target,Not_Target
ebra8963.t1,Myosin_74,Not_Target,Not_Target
ebra8964.t1,Not_Target,Not_Target,Not_Target
ebra8965.t1,Myosin_1,Not_Target,Not_Target
ebra20369.t1,Not_Target,Myosin_8,Myosin_1
ebra20370.t1,Myosin_30,Myosin_27,Myosin_8
ebra14409.t1,Not_Target,Myosin_37,Not_Target
ebra14410.t1,Not_Target,Not_Target,Not_Target
ebra14411.t1,Myosin_1,Not_Target,Not_Target
ebra14412.t1,Not_Target,Myosin_37,Not_Target
ebra16238.t1,Not_Target,Myosin_57,Not_Target
ebra16239.t1,Not_Target,Myosin_19,Myosin_2
ebra15207.t1,Not_Target,Not_Target,Not_Target
ebra15208.t1,Not_Target,Not_Target,Not_Target
ebra15209.t1,Not_Target,Not_Target,Not_Target
ebra15210.t1,Not_Target,Not_Target,Not_Target
ebra15211.t1,Not_Target,Not_Target,Not_Target
ebra21448.t1,Not_Target,Not_Target,Not_Target
ebra21449.t1,Not_Target,Myosin_57,Not_Target
ebra21450.t1,Not_Target,Not_Target,Not_Target
ebra21451.t1,Not_Target,Not_Target,Not_Target
ebra440.t1,Not_Target,Not_Target,Not_Target
ebra441.t1,Myosin_30,Not_Target,Not_Target
ebra442.t1,Myosin_30,Not_Target,Not_Target
ebra443.t1,Not_Target,Not_Target,Not_Target
ebra4483.t1,Not_Target,Not_Target,Not_Target
ebra4484.t1,Not_Target,Myosin_26,Not_Target
ebra4485.t1,Not_Target,Myosin_1,Not_Target
ebra4486.t1,Not_Target,Not_Target,Not_Target
ebra10759.t1,Not_Target,Not_Target,Not_Target
ebra607.t1,Not_Target,Not_Target,Not_Target
ebra608.t1,Myosin_17,Myosin_1,Not_Target
ebra13304.t1,Not_Target,Not_Target,Not_Target
ebra13305.t1,Not_Target,Not_Target,Not_Target
ebra13306.t1,Not_Target,Not_Target,Not_Target
ebra14372.t1,Not_Target,Not_Target,Not_Target
ebra14373.t1,Not_Target,Not_Target,Not_Target
ebra4784.t1,Not_Target,Not_Target,Not_Target
ebra4785.t1,Myosin_37,Not_Target,Not_Target
ebra4786.t1,Not_Target,Not_Target,Not_Target
ebra20094.t1,Not_Target,Not_Target,Not_Target
ebra20095.t1,Not_Target,Myosin_51,Not_Target
ebra20096.t1,Myosin_1,Myosin_1,Not_Target
ebra14697.t1,Myosin_17,Not_Target,Myosin_31
ebra12847.t1,Not_Target,Not_Target,Myosin_1
ebra12848.t1,Not_Target,Not_Target,Not_Target
ebra12849.t1,Not_Target,Not_Target,Myosin_1
ebra3885.t1,Myosin_18,Not_Target,Myosin_18
ebra12825.t1,Not_Target,Not_Target,Not_Target
ebra12826.t1,Myosin_18,Myosin_5,Not_Target
ebra11780.t1,Not_Target,Not_Target,Not_Target
ebra11781.t1,Not_Target,Not_Target,Not_Target
ebra11782.t1,Not_Target,Not_Target,Not_Target
ebra6651.t1,Not_Target,Not_Target,Not_Target
ebra6652.t1,Not_Target,Not_Target,Not_Target
ebra6653.t1,Not_Target,Not_Target,Not_Target
ebra4883.t1,Not_Target,Myosin_18,Not_Target
ebra4884.t1,Not_Target,Not_Target,Myosin_64
ebra4885.t1,Myosin_9,Myosin_9,Myosin_3
ebra4886.t1,Not_Target,Not_Target,Myosin_24
ebra13415.t1,Not_Target,Not_Target,Not_Target
ebra7893.t1,Not_Target,Myosin_5,Not_Target
ebra7894.t1,Not_Target,Myosin_51,Not_Target
ebra7895.t1,Not_Target,Not_Target,Not_Target
ebra14967.t1,Myosin_19,Myosin_19,Not_Target
ebra14968.t1,Not_Target,Not_Target,Not_Target
ebra14969.t1,Not_Target,Myosin_1,Not_Target
ebra14970.t1,Myosin_31,Not_Target,Not_Target
ebra14971.t1,Not_Target,Not_Target,Not_Target
ebra12868.t1,Not_Target,Myosin_5,Myosin_1
ebra12869.t1,Not_Target,Not_Target,Not_Target
ebra12870.t1,Not_Target,Not_Target,Not_Target
ebra12871.t1,Not_Target,Not_Target,Not_Target
ebra9143.t1,Myosin_81,Myosin_81,Not_Target
ebra9144.t1,Not_Target,Myosin_1,Not_Target
ebra14742.t1,Not_Target,Not_Target,Not_Target
ebra14743.t1,Not_Target,Myosin_23,Not_Target
ebra14744.t1,Myosin_18,Not_Target,Myosin_18
ebra14745.t1,Not_Target,Not_Target,Not_Target
ebra5833.t1,Myosin_18,Not_Target,Not_Target
ebra5834.t1,Not_Target,Not_Target,Not_Target
ebra5835.t1,Not_Target,Not_Target,Not_Target
ebra5836.t1,Not_Target,Not_Target,Not_Target
ebra581.t1,Not_Target,Not_Target,Not_Target
ebra582.t1,Not_Target,Not_Target,Not_Target
ebra15440.t1,Not_Target,Not_Target,Not_Target
ebra15441.t1,Not_Target,Not_Target,Not_Target
ebra15442.t1,Myosin_18,Myosin_18,Not_Target
ebra15443.t1,Not_Target,Myosin_2,Not_Target
ebra2494.t1,Not_Target,Not_Target,Not_Target
ebra2495.t1,Not_Target,Not_Target,Myosin_1
ebra2496.t1,Not_Target,Not_Target,Not_Target
ebra2497.t1,Not_Target,Not_Target,Not_Target
ebra2498.t1,Not_Target,Not_Target,Myosin_1
ebra11741.t1,Myosin_1,Myosin_1,Myosin_8
ebra17361.t1,Not_Target,Not_Target,Not_Target
ebra17362.t1,Not_Target,Not_Target,Myosin_2
ebra4363.t1,Not_Target,Not_Target,Not_Target
ebra4364.t1,Not_Target,Myosin_5,Not_Target
ebra4365.t1,Not_Target,Not_Target,Not_Target
ebra10514.t1,Myosin_19,Myosin_19,Not_Target
ebra10515.t1,Myosin_5,Myosin_5,Myosin_2
ebra5162.t1,Not_Target,Not_Target,Myosin_1
ebra5163.t1,Not_Target,Not_Target,Myosin_1
ebra13366.t1,Not_Target,Not_Target,Not_Target
ebra3281.t1,Not_Target,Not_Target,Not_Target
ebra3282.t1,Not_Target,Not_Target,Not_Target
ebra20440.t1,Not_Target,Not_Target,Not_Target
ebra20441.t1,Not_Target,Not_Target,Not_Target
ebra20442.t1,Not_Target,Not_Target,Not_Target
ebra20443.t1,Not_Target,Not_Target,Not_Target
ebra20444.t1,Not_Target,Not_Target,Myosin_1
ebra426.t1,Not_Target,Myosin_5,Not_Target
ebra427.t1,Not_Target,Not_Target,Not_Target
ebra428.t1,Not_Target,Not_Target,Not_Target
ebra429.t1,Not_Target,Not_Target,Not_Target
ebra6152.t1,Not_Target,Not_Target,Not_Target
ebra6153.t1,Myosin_24,Myosin_64,Not_Target
ebra6502.t1,Myosin_45,Myosin_16,Not_Target
ebra11091.t1,Not_Target,Not_Target,Not_Target
ebra11092.t1,Not_Target,Not_Target,Not_Target
ebra11093.t1,Not_Target,Not_Target,Not_Target
ebra11094.t1,Not_Target,Not_Target,Not_Target
ebra15172.t1,Not_Target,Not_Target,Not_Target
ebra11259.t1,Not_Target,Not_Target,Not_Target
ebra11260.t1,Myosin_2,Myosin_2,Myosin_2
ebra13544.t1,Not_Target,Not_Target,Not_Target
ebra833.t1,Myosin_19,Myosin_19,Not_Target
ebra8386.t1,Myosin_5,Myosin_57,Not_Target
ebra8387.t1,Not_Target,Not_Target,Not_Target
ebra11997.t1,Myosin_19,Myosin_19,Not_Target
ebra11998.t1,Not_Target,Not_Target,Not_Target
ebra11999.t1,Not_Target,Myosin_57,Not_Target
ebra12000.t1,Not_Target,Myosin_57,Not_Target
ebra4664.t1,Not_Target,Not_Target,Not_Target
ebra4665.t1,Not_Target,Not_Target,Not_Target
ebra12326.t1,Myosin_46,Myosin_15,Not_Target
ebra7427.t1,Not_Target,Not_Target,Not_Target
ebra7428.t1,Not_Target,Myosin_57,Not_Target
ebra7429.t1,Not_Target,Not_Target,Not_Target
ebra3425.t1,Not_Target,Not_Target,Not_Target
ebra3426.t1,Myosin_19,Myosin_19,Myosin_11
ebra19455.t1,Not_Target,Not_Target,Not_Target
ebra19456.t1,Myosin_17,Not_Target,Myosin_1
ebra19457.t1,Not_Target,Myosin_4,Not_Target
ebra19458.t1,Not_Target,Not_Target,Not_Target
ebra10941.t1,Not_Target,Not_Target,Not_Target
ebra10942.t1,Myosin_30,Not_Target,Myosin_16
ebra10943.t1,Not_Target,Not_Target,Not_Target
ebra10723.t1,Myosin_15,Myosin_17,Myosin_22
ebra14616.t1,Not_Target,Not_Target,Not_Target
ebra14617.t1,Not_Target,Not_Target,Not_Target
ebra10072.t1,Not_Target,Myosin_17,Myosin_8
ebra13772.t1,Not_Target,Not_Target,Not_Target
ebra13773.t1,Not_Target,Not_Target,Not_Target
ebra13774.t1,Not_Target,Not_Target,Not_Target
ebra13775.t1,Not_Target,Not_Target,Not_Target
ebra13776.t1,Not_Target,Not_Target,Not_Target
ebra13777.t1,Not_Target,Not_Target,Myosin_71
ebra18950.t1,Not_Target,Not_Target,Not_Target
ebra18951.t1,Not_Target,Not_Target,Not_Target
ebra18952.t1,Not_Target,Not_Target,Not_Target
ebra18539.t1,Not_Target,Not_Target,Not_Target
ebra18540.t1,Not_Target,Not_Target,Not_Target
ebra8311.t1,Not_Target,Not_Target,Myosin_8
ebra8312.t1,Not_Target,Not_Target,Not_Target
ebra8313.t1,Not_Target,Not_Target,Myosin_11
ebra10582.t1,Myosin_19,Not_Target,Myosin_4
ebra10583.t1,Not_Target,Not_Target,Not_Target
ebra20605.t1,Not_Target,Not_Target,Not_Target
ebra20606.t1,Not_Target,Not_Target,Not_Target
ebra20698.t1,Not_Target,Not_Target,Not_Target
ebra20699.t1,Not_Target,Not_Target,Not_Target
ebra20700.t1,Not_Target,Not_Target,Not_Target
ebra21407.t1,Not_Target,Not_Target,Not_Target
ebra21408.t1,Not_Target,Not_Target,Not_Target
ebra21409.t1,Myosin_23,Not_Target,Not_Target
ebra21410.t1,Not_Target,Not_Target,Not_Target
ebra1778.t1,Not_Target,Not_Target,Myosin_23
ebra14510.t1,Not_Target,Myosin_2,Not_Target
ebra14511.t1,Not_Target,Not_Target,Not_Target
ebra19403.t1,Not_Target,Not_Target,Not_Target
ebra19404.t1,Not_Target,Not_Target,Not_Target
ebra19405.t1,Not_Target,Myosin_19,Not_Target
ebra13626.t1,Not_Target,Not_Target,Not_Target
ebra13627.t1,Not_Target,Not_Target,Not_Target
ebra13628.t1,Not_Target,Not_Target,Not_Target
ebra7061.t1,Myosin_1,Myosin_1,Not_Target
ebra7062.t1,Myosin_4,Myosin_4,Myosin_1
ebra7063.t1,Myosin_1,Myosin_1,Not_Target
ebra3684.t1,Not_Target,Not_Target,Not_Target
ebra3685.t1,Not_Target,Not_Target,Not_Target
ebra3686.t1,Not_Target,Not_Target,Not_Target
ebra3687.t1,Not_Target,Not_Target,Not_Target
ebra15444.t1,Not_Target,Not_Target,Myosin_11
ebra15445.t1,Not_Target,Myosin_28,Not_Target
ebra12406.t1,Not_Target,Not_Target,Not_Target
ebra12407.t1,Myosin_19,Not_Target,Not_Target
ebra20548.t1,Not_Target,Not_Target,Not_Target
ebra20549.t1,Not_Target,Not_Target,Not_Target
ebra20550.t1,Not_Target,Not_Target,Myosin_5
ebra20551.t1,Not_Target,Myosin_23,Not_Target
ebra3457.t1,Not_Target,Myosin_1,Not_Target
ebra3458.t1,Myosin_6,Not_Target,Not_Target
ebra20643.t1,Not_Target,Not_Target,Not_Target
ebra20644.t1,Not_Target,Not_Target,Not_Target
ebra20645.t1,Not_Target,Myosin_31,Not_Target
ebra6156.t1,Not_Target,Not_Target,Not_Target
ebra6157.t1,Myosin_45,Myosin_26,Not_Target
ebra6158.t1,Myosin_10,Myosin_55,Not_Target
ebra10724.t1,Not_Target,Not_Target,Not_Target
ebra10725.t1,Not_Target,Myosin_1,Not_Target
ebra8162.t1,Not_Target,Not_Target,Myosin_5
ebra8163.t1,Not_Target,Not_Target,Not_Target
ebra8164.t1,Not_Target,Myosin_2,Not_Target
ebra583.t1,Not_Target,Not_Target,Not_Target
ebra3703.t1,Not_Target,Not_Target,Not_Target
ebra3704.t1,Not_Target,Not_Target,Not_Target
ebra11181.t1,Not_Target,Not_Target,Not_Target
ebra13100.t1,Not_Target,Not_Target,Not_Target
ebra13101.t1,Not_Target,Not_Target,Not_Target
ebra13102.t1,Not_Target,Not_Target,Not_Target
ebra9267.t1,Not_Target,Not_Target,Not_Target
ebra9268.t1,Not_Target,Not_Target,Not_Target
ebra9269.t1,Not_Target,Not_Target,Not_Target
ebra3130.t1,Not_Target,Not_Target,Not_Target
ebra3131.t1,Not_Target,Not_Target,Not_Target
ebra9532.t1,Not_Target,Not_Target,Not_Target
ebra9533.t1,Myosin_37,Myosin_57,Not_Target
ebra9534.t1,Not_Target,Myosin_57,Not_Target
ebra9535.t1,Not_Target,Not_Target,Not_Target
ebra17108.t1,Not_Target,Not_Target,Not_Target
ebra17109.t1,Not_Target,Not_Target,Not_Target
ebra17110.t1,Not_Target,Not_Target,Not_Target
ebra17111.t1,Not_Target,Not_Target,Not_Target
ebra19337.t1,Myosin_2,Not_Target,Not_Target
ebra19338.t1,Myosin_26,Not_Target,Myosin_1
ebra12213.t1,Myosin_19,Myosin_19,Not_Target
ebra12214.t1,Not_Target,Not_Target,Myosin_59
ebra12215.t1,Myosin_37,Myosin_22,Not_Target
ebra238.t1,Not_Target,Not_Target,Not_Target
ebra239.t1,Not_Target,Myosin_36,Myosin_8
ebra13113.t1,Not_Target,Not_Target,Not_Target
ebra13114.t1,Not_Target,Not_Target,Not_Target
ebra13115.t1,Not_Target,Not_Target,Not_Target
ebra13116.t1,Not_Target,Not_Target,Not_Target
ebra21459.t1,Not_Target,Not_Target,Myosin_57
ebra21460.t1,Not_Target,Not_Target,Not_Target
ebra1941.t1,Not_Target,Not_Target,Not_Target
ebra1942.t1,Not_Target,Not_Target,Not_Target
ebra15868.t1,Not_Target,Not_Target,Not_Target
ebra15869.t1,Not_Target,Not_Target,Not_Target
ebra15192.t1,Not_Target,Not_Target,Not_Target
ebra15193.t1,Not_Target,Not_Target,Not_Target
ebra15194.t1,Not_Target,Not_Target,Not_Target
ebra15195.t1,Not_Target,Not_Target,Not_Target
ebra18114.t1,Not_Target,Not_Target,Not_Target
ebra18115.t1,Not_Target,Not_Target,Not_Target
ebra18116.t1,Not_Target,Not_Target,Not_Target
ebra18117.t1,Not_Target,Not_Target,Not_Target
ebra21096.t1,Not_Target,Not_Target,Not_Target
ebra21097.t1,Myosin_17,Myosin_36,Myosin_20
ebra3369.t1,Not_Target,Not_Target,Not_Target
ebra3370.t1,Not_Target,Myosin_57,Myosin_1
ebra3371.t1,Not_Target,Not_Target,Not_Target
ebra3372.t1,Not_Target,Not_Target,Not_Target
ebra1590.t1,Not_Target,Not_Target,Not_Target
ebra1591.t1,Not_Target,Not_Target,Myosin_1
ebra13361.t1,Not_Target,Not_Target,Myosin_9
ebra13362.t1,Not_Target,Not_Target,Myosin_26
ebra13363.t1,Not_Target,Not_Target,Not_Target
ebra13364.t1,Not_Target,Not_Target,Not_Target
ebra18438.t1,Not_Target,Not_Target,Not_Target
ebra18439.t1,Not_Target,Not_Target,Not_Target
ebra18440.t1,Not_Target,Not_Target,Not_Target
ebra5607.t1,Not_Target,Myosin_5,Not_Target
ebra5608.t1,Not_Target,Not_Target,Not_Target
ebra5609.t1,Not_Target,Not_Target,Not_Target
ebra5610.t1,Not_Target,Not_Target,Not_Target
ebra6236.t1,Myosin_37,Not_Target,Myosin_5
ebra5845.t1,Not_Target,Not_Target,Not_Target
ebra5846.t1,Not_Target,Myosin_4,Not_Target
ebra5847.t1,Not_Target,Not_Target,Not_Target
ebra5848.t1,Myosin_19,Myosin_19,Not_Target
ebra13141.t1,Myosin_18,Not_Target,Not_Target
ebra13142.t1,Myosin_24,Not_Target,Myosin_24
ebra4441.t1,Not_Target,Not_Target,Not_Target
ebra4442.t1,Myosin_26,Not_Target,Myosin_8
ebra4443.t1,Myosin_26,Not_Target,Myosin_1
ebra4444.t1,Not_Target,Not_Target,Not_Target
ebra5563.t1,Not_Target,Not_Target,Not_Target
ebra14227.t1,Myosin_2,Myosin_2,Not_Target
ebra14228.t1,Myosin_1,Myosin_22,Myosin_81
ebra9141.t1,Not_Target,Not_Target,Not_Target
ebra9142.t1,Not_Target,Not_Target,Not_Target
ebra523.t1,Not_Target,Not_Target,Not_Target
ebra524.t1,Not_Target,Not_Target,Not_Target
ebra525.t1,Not_Target,Myosin_19,Not_Target
ebra8958.t1,Not_Target,Not_Target,Not_Target
ebra8959.t1,Not_Target,Not_Target,Not_Target
ebra14793.t1,Not_Target,Not_Target,Not_Target
ebra14794.t1,Not_Target,Not_Target,Not_Target
ebra14795.t1,Not_Target,Not_Target,Not_Target
ebra14796.t1,Not_Target,Not_Target,Not_Target
ebra14797.t1,Myosin_5,Myosin_57,Not_Target
ebra12206.t1,Myosin_57,Myosin_37,Not_Target
ebra12207.t1,Not_Target,Not_Target,Not_Target
ebra12208.t1,Not_Target,Not_Target,Not_Target
ebra4737.t1,Not_Target,Myosin_19,Not_Target
ebra16381.t1,Not_Target,Not_Target,Not_Target
ebra5039.t1,Myosin_45,Myosin_26,Not_Target
ebra5040.t1,Not_Target,Not_Target,Not_Target
ebra5000.t1,Not_Target,Not_Target,Not_Target
ebra5001.t1,Not_Target,Not_Target,Not_Target
ebra5002.t1,Not_Target,Not_Target,Not_Target
ebra5003.t1,Not_Target,Myosin_26,Myosin_20
ebra5862.t1,Not_Target,Not_Target,Myosin_2
ebra5863.t1,Not_Target,Myosin_5,Not_Target
ebra8650.t1,Not_Target,Not_Target,Not_Target
ebra8651.t1,Not_Target,Not_Target,Not_Target
ebra8652.t1,Not_Target,Not_Target,Not_Target
ebra8653.t1,Not_Target,Not_Target,Not_Target
ebra8654.t1,Not_Target,Not_Target,Not_Target
ebra12945.t1,Myosin_15,Not_Target,Myosin_4
ebra9437.t1,Not_Target,Not_Target,Not_Target
ebra9438.t1,Not_Target,Not_Target,Not_Target
ebra9439.t1,Not_Target,Not_Target,Not_Target
ebra9440.t1,Not_Target,Not_Target,Not_Target
ebra9441.t1,Not_Target,Not_Target,Not_Target
ebra1214.t1,Not_Target,Not_Target,Myosin_1
ebra10636.t1,Not_Target,Not_Target,Not_Target
ebra10637.t1,Not_Target,Not_Target,Not_Target
ebra10638.t1,Not_Target,Not_Target,Not_Target
ebra10639.t1,Not_Target,Not_Target,Not_Target
ebra10438.t1,Not_Target,Not_Target,Not_Target
ebra10439.t1,Not_Target,Not_Target,Not_Target
ebra10440.t1,Not_Target,Not_Target,Not_Target
ebra10441.t1,Not_Target,Not_Target,Not_Target
ebra21341.t1,Not_Target,Not_Target,Not_Target
ebra21342.t1,Not_Target,Not_Target,Not_Target
ebra21343.t1,Myosin_1,Myosin_1,Myosin_25
ebra21522.t1,Not_Target,Myosin_43,Not_Target
ebra21523.t1,Not_Target,Not_Target,Not_Target
ebra21524.t1,Not_Target,Not_Target,Not_Target
ebra21525.t1,Not_Target,Not_Target,Not_Target
ebra6500.t1,Myosin_45,Myosin_31,Not_Target
ebra6501.t1,Myosin_19,Myosin_19,Myosin_5
ebra20756.t1,Not_Target,Not_Target,Myosin_20
ebra20757.t1,Not_Target,Not_Target,Not_Target
ebra19917.t1,Myosin_26,Myosin_40,Not_Target
ebra19918.t1,Myosin_26,Myosin_40,Not_Target
ebra19919.t1,Not_Target,Not_Target,Not_Target
ebra439.t1,Not_Target,Not_Target,Not_Target
ebra20372.t1,Not_Target,Myosin_51,Not_Target
ebra20373.t1,Myosin_45,Not_Target,Not_Target
ebra20374.t1,Not_Target,Not_Target,Not_Target
ebra20375.t1,Not_Target,Not_Target,Not_Target
ebra16580.t1,Not_Target,Myosin_31,Not_Target
ebra16581.t1,Myosin_26,Myosin_5,Myosin_71
ebra5059.t1,Myosin_26,Not_Target,Myosin_26
ebra5060.t1,Not_Target,Not_Target,Myosin_3
ebra5061.t1,Not_Target,Not_Target,Myosin_4
ebra4687.t1,Not_Target,Not_Target,Not_Target
ebra4688.t1,Not_Target,Not_Target,Not_Target
ebra4689.t1,Not_Target,Myosin_5,Not_Target
ebra16515.t1,Not_Target,Not_Target,Not_Target
ebra16516.t1,Myosin_5,Myosin_5,Not_Target
ebra2034.t1,Not_Target,Not_Target,Not_Target
ebra2035.t1,Not_Target,Not_Target,Not_Target
ebra3432.t1,Not_Target,Myosin_51,Myosin_2
ebra3433.t1,Not_Target,Not_Target,Not_Target
ebra3434.t1,Not_Target,Not_Target,Not_Target
ebra3435.t1,Not_Target,Not_Target,Not_Target
ebra18787.t1,Not_Target,Not_Target,Not_Target
ebra18788.t1,Not_Target,Not_Target,Not_Target
ebra18789.t1,Not_Target,Myosin_17,Not_Target
ebra18790.t1,Not_Target,Not_Target,Myosin_28
ebra10332.t1,Not_Target,Not_Target,Myosin_5
ebra10333.t1,Not_Target,Not_Target,Not_Target
ebra10334.t1,Not_Target,Not_Target,Not_Target
ebra3894.t1,Myosin_18,Myosin_18,Not_Target
ebra3895.t1,Not_Target,Not_Target,Not_Target
ebra3896.t1,Not_Target,Not_Target,Not_Target
ebra3897.t1,Myosin_18,Myosin_18,Not_Target
ebra12419.t1,Myosin_19,Myosin_19,Not_Target
ebra12420.t1,Not_Target,Myosin_17,Myosin_40
ebra12421.t1,Myosin_1,Myosin_1,Not_Target
ebra8696.t1,Not_Target,Not_Target,Myosin_18
ebra8697.t1,Not_Target,Not_Target,Not_Target
ebra8698.t1,Not_Target,Not_Target,Not_Target
ebra11926.t1,Myosin_17,Not_Target,Myosin_17
ebra11927.t1,Not_Target,Not_Target,Myosin_2
ebra19246.t1,Not_Target,Not_Target,Not_Target
ebra19247.t1,Myosin_19,Myosin_19,Not_Target
ebra20619.t1,Myosin_18,Not_Target,Myosin_27
ebra15473.t1,Not_Target,Not_Target,Not_Target
ebra15474.t1,Not_Target,Myosin_55,Not_Target
ebra15475.t1,Not_Target,Not_Target,Not_Target
ebra15990.t1,Not_Target,Myosin_6,Myosin_8
ebra15991.t1,Not_Target,Myosin_6,Myosin_8
ebra15992.t1,Not_Target,Not_Target,Not_Target
ebra12731.t1,Not_Target,Not_Target,Not_Target
ebra12732.t1,Not_Target,Myosin_16,Not_Target
ebra12733.t1,Not_Target,Not_Target,Not_Target
ebra20778.t1,Myosin_19,Myosin_19,Myosin_13
ebra2454.t1,Not_Target,Not_Target,Not_Target
ebra2455.t1,Not_Target,Not_Target,Not_Target
ebra12803.t1,Not_Target,Not_Target,Not_Target
ebra12804.t1,Not_Target,Not_Target,Not_Target
ebra12805.t1,Not_Target,Myosin_5,Not_Target
ebra12806.t1,Myosin_19,Myosin_57,Not_Target
ebra12739.t1,Myosin_17,Not_Target,Not_Target
ebra12740.t1,Not_Target,Not_Target,Not_Target
ebra12741.t1,Not_Target,Not_Target,Not_Target
ebra12742.t1,Myosin_17,Not_Target,Not_Target
ebra19448.t1,Not_Target,Not_Target,Not_Target
ebra19449.t1,Not_Target,Myosin_1,Not_Target
ebra19450.t1,Not_Target,Not_Target,Not_Target
ebra19934.t1,Not_Target,Myosin_1,Not_Target
ebra19935.t1,Not_Target,Myosin_57,Not_Target
ebra4878.t1,Myosin_19,Myosin_5,Not_Target
ebra4879.t1,Not_Target,Not_Target,Not_Target
ebra4880.t1,Not_Target,Not_Target,Not_Target
ebra4881.t1,Not_Target,Not_Target,Not_Target
ebra4882.t1,Myosin_6,Not_Target,Not_Target
ebra20168.t1,Myosin_3,Not_Target,Myosin_20
ebra20169.t1,Not_Target,Not_Target,Not_Target
ebra8402.t1,Myosin_22,Myosin_22,Not_Target
ebra8403.t1,Not_Target,Myosin_4,Not_Target
ebra8404.t1,Not_Target,Not_Target,Not_Target
ebra8405.t1,Not_Target,Not_Target,Not_Target
ebra8406.t1,Not_Target,Not_Target,Not_Target
ebra8099.t1,Not_Target,Not_Target,Not_Target
ebra10736.t1,Not_Target,Not_Target,Not_Target
ebra10737.t1,Myosin_1,Not_Target,Not_Target
ebra10738.t1,Not_Target,Not_Target,Not_Target
ebra8231.t1,Not_Target,Not_Target,Not_Target
ebra8232.t1,Not_Target,Not_Target,Not_Target
ebra8233.t1,Not_Target,Not_Target,Not_Target
ebra8234.t1,Not_Target,Not_Target,Not_Target
ebra8235.t1,Not_Target,Not_Target,Not_Target
ebra260.t1,Not_Target,Not_Target,Not_Target
ebra261.t1,Not_Target,Not_Target,Not_Target
ebra2144.t1,Not_Target,Not_Target,Not_Target
ebra2145.t1,Myosin_29,Not_Target,Not_Target
ebra2146.t1,Myosin_1,Myosin_31,Myosin_1
ebra15203.t1,Not_Target,Myosin_18,Not_Target
ebra15204.t1,Myosin_26,Not_Target,Myosin_1
ebra15205.t1,Not_Target,Not_Target,Not_Target
ebra15365.t1,Myosin_1,Myosin_66,Not_Target
ebra15366.t1,Not_Target,Not_Target,Not_Target
ebra15367.t1,Not_Target,Not_Target,Not_Target
ebra15368.t1,Not_Target,Not_Target,Not_Target
ebra15369.t1,Not_Target,Not_Target,Not_Target
ebra9789.t1,Not_Target,Not_Target,Myosin_57
ebra9790.t1,Not_Target,Not_Target,Not_Target
ebra21370.t1,Not_Target,Myosin_36,Myosin_36
ebra21371.t1,Not_Target,Myosin_36,Not_Target
ebra19511.t1,Not_Target,Not_Target,Not_Target
ebra19512.t1,Not_Target,Not_Target,Not_Target
ebra18537.t1,Not_Target,Not_Target,Myosin_19
ebra18538.t1,Not_Target,Myosin_19,Not_Target
ebra15731.t1,Not_Target,Not_Target,Not_Target
ebra15495.t1,Not_Target,Not_Target,Not_Target
ebra15496.t1,Not_Target,Not_Target,Not_Target
ebra15497.t1,Not_Target,Not_Target,Not_Target
ebra5277.t1,Not_Target,Not_Target,Myosin_17
ebra5278.t1,Not_Target,Not_Target,Not_Target
ebra6515.t1,Not_Target,Not_Target,Not_Target
ebra2677.t1,Myosin_19,Myosin_19,Not_Target
ebra19104.t1,Not_Target,Not_Target,Not_Target
ebra19105.t1,Myosin_19,Not_Target,Not_Target
ebra18249.t1,Myosin_70,Not_Target,Not_Target
ebra18250.t1,Not_Target,Not_Target,Not_Target
ebra18251.t1,Not_Target,Not_Target,Not_Target
ebra18252.t1,Not_Target,Not_Target,Not_Target
ebra10270.t1,Not_Target,Not_Target,Not_Target
ebra10271.t1,Not_Target,Not_Target,Not_Target
ebra13546.t1,Not_Target,Not_Target,Myosin_64
ebra13547.t1,Myosin_19,Myosin_19,Not_Target
ebra8254.t1,Myosin_18,Myosin_63,Not_Target
ebra8255.t1,Not_Target,Not_Target,Not_Target
ebra8256.t1,Not_Target,Not_Target,Not_Target
ebra6885.t1,Not_Target,Not_Target,Not_Target
ebra6886.t1,Not_Target,Not_Target,Myosin_2
ebra6887.t1,Not_Target,Not_Target,Not_Target
ebra1253.t1,Not_Target,Not_Target,Not_Target
ebra1254.t1,Not_Target,Myosin_5,Myosin_1
ebra4812.t1,Not_Target,Not_Target,Not_Target
ebra4813.t1,Not_Target,Not_Target,Not_Target
ebra4814.t1,Not_Target,Not_Target,Not_Target
ebra4815.t1,Not_Target,Not_Target,Not_Target
ebra21049.t1,Not_Target,Myosin_1,Not_Target
ebra11525.t1,Not_Target,Myosin_19,Not_Target
ebra16323.t1,Not_Target,Not_Target,Not_Target
ebra15523.t1,Not_Target,Not_Target,Not_Target
ebra15524.t1,Not_Target,Not_Target,Not_Target
ebra15525.t1,Not_Target,Not_Target,Not_Target
ebra7372.t1,Not_Target,Not_Target,Not_Target
ebra7373.t1,Not_Target,Not_Target,Not_Target
ebra7374.t1,Not_Target,Not_Target,Not_Target
ebra7098.t1,Not_Target,Not_Target,Not_Target
ebra7099.t1,Not_Target,Myosin_1,Myosin_1
ebra8288.t1,Not_Target,Myosin_31,Not_Target
ebra8289.t1,Not_Target,Myosin_1,Not_Target
ebra20694.t1,Not_Target,Not_Target,Not_Target
ebra20695.t1,Myosin_16,Myosin_3,Myosin_16
ebra20696.t1,Not_Target,Not_Target,Myosin_19
ebra13857.t1,Not_Target,Not_Target,Not_Target
ebra11023.t1,Not_Target,Not_Target,Not_Target
ebra11024.t1,Myosin_31,Not_Target,Not_Target
ebra3285.t1,Not_Target,Not_Target,Not_Target
ebra1981.t1,Not_Target,Not_Target,Not_Target
ebra1982.t1,Not_Target,Not_Target,Not_Target
ebra1983.t1,Not_Target,Not_Target,Not_Target
ebra1985.t1,Not_Target,Myosin_2,Not_Target
ebra1986.t1,Not_Target,Not_Target,Not_Target
ebra1987.t1,Not_Target,Not_Target,Myosin_2
ebra14722.t1,Myosin_17,Not_Target,Myosin_17
ebra10458.t1,Not_Target,Not_Target,Not_Target
ebra10459.t1,Not_Target,Not_Target,Not_Target
ebra10460.t1,Not_Target,Not_Target,Not_Target
ebra14311.t1,Myosin_15,Myosin_7,Myosin_22
ebra9658.t1,Not_Target,Myosin_5,Not_Target
ebra13778.t1,Not_Target,Not_Target,Not_Target
ebra17548.t1,Not_Target,Not_Target,Not_Target
ebra17549.t1,Not_Target,Not_Target,Myosin_42
ebra17550.t1,Not_Target,Not_Target,Not_Target
ebra17551.t1,Not_Target,Myosin_57,Myosin_8
ebra13462.t1,Not_Target,Not_Target,Not_Target
ebra13463.t1,Not_Target,Not_Target,Not_Target
ebra13464.t1,Not_Target,Not_Target,Not_Target
ebra12596.t1,Not_Target,Not_Target,Myosin_57
ebra12597.t1,Not_Target,Not_Target,Not_Target
ebra12598.t1,Not_Target,Myosin_1,Not_Target
ebra12599.t1,Not_Target,Not_Target,Not_Target
ebra12600.t1,Not_Target,Not_Target,Not_Target
ebra3406.t1,Not_Target,Not_Target,Not_Target
ebra3407.t1,Not_Target,Not_Target,Not_Target
ebra3408.t1,Not_Target,Not_Target,Not_Target
ebra5282.t1,Not_Target,Not_Target,Not_Target
ebra7234.t1,Not_Target,Not_Target,Not_Target
ebra7235.t1,Not_Target,Not_Target,Not_Target
ebra7236.t1,Not_Target,Not_Target,Not_Target
ebra7237.t1,Not_Target,Not_Target,Not_Target
ebra7238.t1,Not_Target,Not_Target,Not_Target
ebra13134.t1,Not_Target,Not_Target,Not_Target
ebra13135.t1,Not_Target,Not_Target,Not_Target
ebra13136.t1,Not_Target,Not_Target,Not_Target
ebra11020.t1,Not_Target,Not_Target,Not_Target
ebra11021.t1,Not_Target,Not_Target,Not_Target
ebra11022.t1,Not_Target,Not_Target,Myosin_47
ebra10769.t1,Myosin_45,Not_Target,Myosin_1
ebra8310.t1,Not_Target,Not_Target,Not_Target
ebra4783.t1,Not_Target,Not_Target,Not_Target
ebra10429.t1,Not_Target,Not_Target,Not_Target
ebra10430.t1,Myosin_26,Myosin_28,Myosin_5
ebra10431.t1,Not_Target,Not_Target,Not_Target
ebra19802.t1,Not_Target,Not_Target,Not_Target
ebra8389.t1,Myosin_45,Not_Target,Not_Target
ebra16423.t1,Not_Target,Not_Target,Not_Target
ebra16424.t1,Not_Target,Not_Target,Myosin_53
ebra16425.t1,Not_Target,Not_Target,Myosin_53
ebra18302.t1,Not_Target,Not_Target,Not_Target
ebra18303.t1,Not_Target,Not_Target,Not_Target
ebra18304.t1,Not_Target,Myosin_55,Not_Target
ebra18305.t1,Not_Target,Not_Target,Not_Target
ebra18306.t1,Not_Target,Not_Target,Not_Target
ebra18307.t1,Not_Target,Not_Target,Not_Target
ebra234.t1,Not_Target,Not_Target,Not_Target
ebra235.t1,Myosin_3,Myosin_22,Myosin_3
ebra20748.t1,Not_Target,Not_Target,Not_Target
ebra20749.t1,Myosin_30,Not_Target,Not_Target
ebra20750.t1,Not_Target,Not_Target,Not_Target
ebra20751.t1,Myosin_30,Not_Target,Not_Target
ebra20752.t1,Not_Target,Not_Target,Not_Target
ebra14874.t1,Not_Target,Myosin_5,Not_Target
ebra14875.t1,Myosin_57,Myosin_57,Myosin_57
ebra14876.t1,Not_Target,Not_Target,Not_Target
ebra14877.t1,Not_Target,Not_Target,Not_Target
ebra9567.t1,Not_Target,Not_Target,Not_Target
ebra9568.t1,Not_Target,Not_Target,Not_Target
ebra3525.t1,Not_Target,Not_Target,Not_Target
ebra3526.t1,Not_Target,Myosin_2,Not_Target
ebra15987.t1,Not_Target,Not_Target,Not_Target
ebra15988.t1,Not_Target,Myosin_5,Not_Target
ebra9737.t1,Not_Target,Not_Target,Not_Target
ebra9738.t1,Not_Target,Not_Target,Not_Target
ebra10017.t1,Not_Target,Not_Target,Not_Target
ebra10018.t1,Not_Target,Not_Target,Not_Target
ebra10019.t1,Not_Target,Not_Target,Not_Target
ebra19625.t1,Not_Target,Myosin_5,Myosin_5
ebra19626.t1,Not_Target,Not_Target,Not_Target
ebra19627.t1,Not_Target,Not_Target,Not_Target
ebra19628.t1,Not_Target,Not_Target,Not_Target
ebra19629.t1,Not_Target,Not_Target,Not_Target
ebra17708.t1,Myosin_6,Myosin_6,Myosin_8
ebra17709.t1,Myosin_6,Myosin_6,Myosin_8
ebra7989.t1,Not_Target,Not_Target,Not_Target
ebra18166.t1,Not_Target,Not_Target,Not_Target
ebra21346.t1,Not_Target,Not_Target,Not_Target
ebra21347.t1,Not_Target,Not_Target,Not_Target
ebra5327.t1,Not_Target,Not_Target,Not_Target
ebra5328.t1,Not_Target,Not_Target,Not_Target
ebra5329.t1,Not_Target,Not_Target,Not_Target
ebra5330.t1,Not_Target,Not_Target,Not_Target
ebra15606.t1,Not_Target,Not_Target,Not_Target
ebra2372.t1,Not_Target,Not_Target,Not_Target
ebra8073.t1,Myosin_73,Not_Target,Not_Target
ebra13826.t1,Not_Target,Not_Target,Myosin_20
ebra13827.t1,Not_Target,Not_Target,Not_Target
ebra13828.t1,Not_Target,Not_Target,Not_Target
ebra17122.t1,Not_Target,Myosin_81,Not_Target
ebra17123.t1,Not_Target,Not_Target,Not_Target
ebra17124.t1,Not_Target,Not_Target,Not_Target
ebra17125.t1,Not_Target,Not_Target,Not_Target
ebra17126.t1,Not_Target,Not_Target,Not_Target
ebra3299.t1,Not_Target,Not_Target,Not_Target
ebra7274.t1,Not_Target,Not_Target,Not_Target
ebra7275.t1,Not_Target,Not_Target,Myosin_14
ebra18887.t1,Not_Target,Not_Target,Not_Target
ebra10470.t1,Not_Target,Not_Target,Myosin_18
ebra10471.t1,Not_Target,Not_Target,Not_Target
ebra15183.t1,Not_Target,Myosin_55,Not_Target
ebra12336.t1,Not_Target,Myosin_1,Not_Target
ebra12337.t1,Myosin_1,Myosin_1,Not_Target
ebra3689.t1,Not_Target,Not_Target,Not_Target
ebra3690.t1,Not_Target,Not_Target,Not_Target
ebra17443.t1,Myosin_8,Not_Target,Myosin_5
ebra17444.t1,Myosin_73,Myosin_6,Not_Target
ebra2934.t1,Not_Target,Not_Target,Not_Target
ebra2935.t1,Not_Target,Not_Target,Not_Target
ebra2936.t1,Not_Target,Myosin_1,Not_Target
ebra14988.t1,Not_Target,Not_Target,Not_Target
ebra14989.t1,Not_Target,Not_Target,Not_Target
ebra11591.t1,Myosin_1,Myosin_1,Myosin_57
ebra11592.t1,Not_Target,Not_Target,Not_Target
ebra11593.t1,Not_Target,Not_Target,Not_Target
ebra11594.t1,Not_Target,Not_Target,Not_Target
ebra6594.t1,Not_Target,Myosin_19,Not_Target
ebra6595.t1,Not_Target,Not_Target,Not_Target
ebra6596.t1,Not_Target,Not_Target,Not_Target
ebra15803.t1,Myosin_26,Not_Target,Not_Target
ebra15804.t1,Not_Target,Not_Target,Not_Target
ebra15805.t1,Not_Target,Not_Target,Not_Target
ebra15806.t1,Not_Target,Not_Target,Not_Target
ebra1458.t1,Myosin_5,Not_Target,Myosin_43
ebra1459.t1,Myosin_31,Not_Target,Myosin_10
ebra1460.t1,Not_Target,Not_Target,Not_Target
ebra11787.t1,Myosin_45,Myosin_2,Not_Target
ebra18674.t1,Not_Target,Not_Target,Not_Target
ebra20529.t1,Myosin_53,Not_Target,Not_Target
ebra20530.t1,Not_Target,Not_Target,Myosin_20
ebra6234.t1,Myosin_45,Not_Target,Not_Target
ebra4337.t1,Myosin_18,Not_Target,Not_Target
ebra3557.t1,Not_Target,Not_Target,Not_Target
ebra3558.t1,Not_Target,Not_Target,Not_Target
ebra3559.t1,Not_Target,Not_Target,Not_Target
ebra3560.t1,Not_Target,Not_Target,Not_Target
ebra16051.t1,Myosin_19,Myosin_19,Not_Target
ebra4408.t1,Not_Target,Not_Target,Not_Target
ebra4409.t1,Not_Target,Not_Target,Myosin_64
ebra4410.t1,Not_Target,Not_Target,Myosin_6
ebra9461.t1,Not_Target,Not_Target,Not_Target
ebra9462.t1,Myosin_19,Myosin_19,Not_Target
ebra15663.t1,Not_Target,Not_Target,Not_Target
ebra10695.t1,Not_Target,Not_Target,Not_Target
ebra20889.t1,Not_Target,Myosin_38,Not_Target
ebra20890.t1,Not_Target,Myosin_38,Not_Target
ebra20891.t1,Not_Target,Not_Target,Not_Target
ebra12032.t1,Not_Target,Not_Target,Not_Target
ebra12033.t1,Not_Target,Not_Target,Not_Target
ebra12034.t1,Not_Target,Not_Target,Not_Target
ebra11873.t1,Not_Target,Not_Target,Not_Target
ebra13416.t1,Not_Target,Not_Target,Myosin_4
ebra13417.t1,Not_Target,Not_Target,Not_Target
ebra4876.t1,Not_Target,Myosin_11,Not_Target
ebra15937.t1,Not_Target,Not_Target,Not_Target
ebra19822.t1,Not_Target,Myosin_5,Not_Target
ebra19823.t1,Not_Target,Not_Target,Not_Target
ebra4888.t1,Myosin_45,Not_Target,Not_Target
ebra4889.t1,Not_Target,Myosin_1,Not_Target
ebra19504.t1,Not_Target,Myosin_17,Myosin_28
ebra19505.t1,Not_Target,Myosin_5,Not_Target
ebra19506.t1,Not_Target,Not_Target,Not_Target
ebra15849.t1,Not_Target,Not_Target,Not_Target
ebra15850.t1,Not_Target,Not_Target,Not_Target
ebra15851.t1,Not_Target,Myosin_27,Not_Target
ebra4368.t1,Not_Target,Not_Target,Not_Target
ebra9685.t1,Not_Target,Not_Target,Not_Target
ebra9686.t1,Not_Target,Not_Target,Not_Target
ebra14639.t1,Not_Target,Not_Target,Not_Target
ebra14640.t1,Not_Target,Not_Target,Not_Target
ebra14641.t1,Not_Target,Myosin_55,Not_Target
ebra14642.t1,Not_Target,Not_Target,Not_Target
ebra14643.t1,Not_Target,Not_Target,Not_Target
ebra14644.t1,Not_Target,Not_Target,Not_Target
ebra7942.t1,Not_Target,Not_Target,Not_Target
ebra7943.t1,Not_Target,Not_Target,Myosin_3
ebra7944.t1,Not_Target,Not_Target,Not_Target
ebra14333.t1,Not_Target,Not_Target,Not_Target
ebra14334.t1,Not_Target,Not_Target,Not_Target
ebra1862.t1,Not_Target,Not_Target,Not_Target
ebra1570.t1,Not_Target,Not_Target,Not_Target
ebra1571.t1,Not_Target,Not_Target,Not_Target
ebra1572.t1,Not_Target,Not_Target,Not_Target
ebra8101.t1,Not_Target,Myosin_57,Not_Target
ebra8102.t1,Not_Target,Not_Target,Not_Target
ebra2969.t1,Myosin_2,Not_Target,Not_Target
ebra3124.t1,Not_Target,Not_Target,Not_Target
ebra14586.t1,Not_Target,Not_Target,Not_Target
ebra14587.t1,Not_Target,Not_Target,Not_Target
ebra14588.t1,Not_Target,Not_Target,Not_Target
ebra14589.t1,Not_Target,Not_Target,Not_Target
ebra5243.t1,Myosin_31,Not_Target,Not_Target
ebra5244.t1,Not_Target,Not_Target,Not_Target
ebra5245.t1,Not_Target,Myosin_28,Not_Target
ebra1728.t1,Not_Target,Not_Target,Not_Target
ebra1729.t1,Not_Target,Not_Target,Not_Target
ebra1730.t1,Not_Target,Not_Target,Myosin_71
ebra16690.t1,Not_Target,Not_Target,Not_Target
ebra16691.t1,Myosin_74,Not_Target,Not_Target
ebra15561.t1,Myosin_5,Myosin_5,Not_Target
ebra15562.t1,Not_Target,Not_Target,Not_Target
ebra15563.t1,Not_Target,Not_Target,Not_Target
ebra15564.t1,Not_Target,Not_Target,Not_Target
ebra13730.t1,Not_Target,Not_Target,Not_Target
ebra13731.t1,Not_Target,Not_Target,Not_Target
ebra16413.t1,Myosin_2,Not_Target,Not_Target
ebra17872.t1,Not_Target,Not_Target,Not_Target
ebra8103.t1,Not_Target,Not_Target,Not_Target
ebra8104.t1,Not_Target,Myosin_22,Not_Target
ebra17048.t1,Not_Target,Not_Target,Not_Target
ebra17049.t1,Not_Target,Not_Target,Not_Target
ebra17050.t1,Not_Target,Not_Target,Not_Target
ebra17051.t1,Not_Target,Myosin_57,Myosin_2
ebra1306.t1,Not_Target,Not_Target,Not_Target
ebra1307.t1,Not_Target,Not_Target,Not_Target
ebra1308.t1,Not_Target,Not_Target,Not_Target
ebra16198.t1,Not_Target,Myosin_29,Myosin_4
ebra16199.t1,Not_Target,Myosin_29,Myosin_55
ebra14651.t1,Not_Target,Not_Target,Not_Target
ebra14652.t1,Myosin_37,Not_Target,Not_Target
ebra14653.t1,Myosin_23,Myosin_6,Myosin_1
ebra5295.t1,Not_Target,Not_Target,Not_Target
ebra5296.t1,Not_Target,Not_Target,Not_Target
ebra3490.t1,Myosin_2,Not_Target,Not_Target
ebra3491.t1,Not_Target,Myosin_1,Not_Target
ebra3492.t1,Not_Target,Not_Target,Not_Target
ebra5855.t1,Not_Target,Not_Target,Not_Target
ebra5856.t1,Not_Target,Not_Target,Not_Target
ebra5857.t1,Not_Target,Not_Target,Not_Target
ebra5858.t1,Not_Target,Myosin_1,Not_Target
ebra5859.t1,Not_Target,Not_Target,Not_Target
ebra5860.t1,Not_Target,Not_Target,Not_Target
ebra5861.t1,Not_Target,Not_Target,Not_Target
ebra11326.t1,Not_Target,Not_Target,Not_Target
ebra9145.t1,Myosin_50,Not_Target,Not_Target
ebra9146.t1,Not_Target,Myosin_8,Not_Target
ebra9147.t1,Not_Target,Myosin_19,Not_Target
ebra9148.t1,Myosin_41,Not_Target,Myosin_2
ebra9149.t1,Myosin_19,Myosin_19,Not_Target
ebra13431.t1,Myosin_31,Not_Target,Not_Target
ebra13432.t1,Myosin_45,Myosin_51,Not_Target
ebra11044.t1,Myosin_5,Myosin_17,Myosin_5
ebra8878.t1,Not_Target,Not_Target,Myosin_1
ebra8879.t1,Not_Target,Not_Target,Not_Target
ebra14358.t1,Not_Target,Not_Target,Not_Target
ebra14359.t1,Not_Target,Not_Target,Not_Target
ebra14360.t1,Not_Target,Not_Target,Not_Target
ebra12209.t1,Not_Target,Not_Target,Not_Target
ebra12210.t1,Not_Target,Not_Target,Not_Target
ebra12211.t1,Not_Target,Not_Target,Myosin_3
ebra12212.t1,Not_Target,Not_Target,Myosin_1
ebra10497.t1,Not_Target,Not_Target,Not_Target
ebra13968.t1,Not_Target,Not_Target,Not_Target
ebra13969.t1,Not_Target,Not_Target,Not_Target
ebra13970.t1,Not_Target,Not_Target,Myosin_1
ebra19466.t1,Not_Target,Myosin_19,Not_Target
ebra19467.t1,Not_Target,Not_Target,Not_Target
ebra16684.t1,Not_Target,Not_Target,Not_Target
ebra16685.t1,Not_Target,Not_Target,Not_Target
ebra16686.t1,Not_Target,Not_Target,Not_Target
ebra16687.t1,Not_Target,Not_Target,Not_Target
ebra4399.t1,Not_Target,Not_Target,Not_Target
ebra4400.t1,Not_Target,Myosin_66,Not_Target
ebra4401.t1,Myosin_19,Myosin_19,Not_Target
ebra8592.t1,Not_Target,Not_Target,Not_Target
ebra8593.t1,Not_Target,Not_Target,Not_Target
ebra8257.t1,Myosin_22,Not_Target,Myosin_15
ebra11567.t1,Myosin_34,Not_Target,Not_Target
ebra10922.t1,Not_Target,Not_Target,Not_Target
ebra10923.t1,Myosin_1,Myosin_1,Not_Target
ebra10924.t1,Not_Target,Not_Target,Not_Target
ebra10925.t1,Not_Target,Not_Target,Not_Target
ebra283.t1,Myosin_18,Myosin_18,Not_Target
ebra284.t1,Not_Target,Myosin_19,Not_Target
ebra10326.t1,Not_Target,Myosin_2,Myosin_2
ebra10327.t1,Not_Target,Not_Target,Myosin_51
ebra11842.t1,Myosin_6,Myosin_81,Not_Target
ebra14911.t1,Not_Target,Myosin_15,Not_Target
ebra14912.t1,Not_Target,Myosin_11,Not_Target
ebra14913.t1,Myosin_19,Myosin_19,Myosin_13
ebra17045.t1,Not_Target,Not_Target,Not_Target
ebra17046.t1,Not_Target,Myosin_19,Not_Target
ebra17047.t1,Not_Target,Not_Target,Myosin_19
ebra14914.t1,Not_Target,Myosin_1,Not_Target
ebra14915.t1,Not_Target,Not_Target,Myosin_14
ebra14916.t1,Not_Target,Not_Target,Not_Target
ebra14917.t1,Not_Target,Not_Target,Not_Target
ebra48.t1,Myosin_45,Myosin_16,Myosin_3
ebra14647.t1,Not_Target,Not_Target,Not_Target
ebra14648.t1,Not_Target,Not_Target,Not_Target
ebra14649.t1,Not_Target,Not_Target,Not_Target
ebra14650.t1,Not_Target,Myosin_57,Not_Target
ebra16207.t1,Not_Target,Not_Target,Not_Target
ebra16208.t1,Not_Target,Not_Target,Not_Target
ebra14354.t1,Not_Target,Myosin_2,Not_Target
ebra14355.t1,Not_Target,Not_Target,Not_Target
ebra14356.t1,Not_Target,Not_Target,Not_Target
ebra9574.t1,Myosin_2,Myosin_5,Myosin_2
ebra4991.t1,Not_Target,Not_Target,Not_Target
ebra4992.t1,Not_Target,Not_Target,Not_Target
ebra18626.t1,Not_Target,Not_Target,Not_Target
ebra18627.t1,Not_Target,Myosin_17,Not_Target
ebra6864.t1,Not_Target,Not_Target,Not_Target
ebra6865.t1,Not_Target,Not_Target,Not_Target
ebra6866.t1,Not_Target,Not_Target,Not_Target
ebra6867.t1,Not_Target,Not_Target,Not_Target
ebra18861.t1,Not_Target,Not_Target,Not_Target
ebra18862.t1,Not_Target,Not_Target,Not_Target
ebra3506.t1,Not_Target,Not_Target,Not_Target
ebra3507.t1,Not_Target,Not_Target,Not_Target
ebra2315.t1,Not_Target,Not_Target,Not_Target
ebra2316.t1,Not_Target,Not_Target,Not_Target
ebra20646.t1,Not_Target,Not_Target,Myosin_18
ebra20647.t1,Myosin_19,Myosin_19,Not_Target
ebra16448.t1,Not_Target,Not_Target,Not_Target
ebra16449.t1,Not_Target,Not_Target,Not_Target
ebra13004.t1,Not_Target,Not_Target,Not_Target
ebra13005.t1,Not_Target,Not_Target,Not_Target
ebra13006.t1,Not_Target,Not_Target,Not_Target
ebra13007.t1,Not_Target,Not_Target,Not_Target
ebra14534.t1,Not_Target,Not_Target,Not_Target
ebra14535.t1,Not_Target,Not_Target,Not_Target
ebra18718.t1,Not_Target,Not_Target,Myosin_17
ebra18719.t1,Myosin_1,Myosin_24,Myosin_24
ebra11155.t1,Myosin_37,Not_Target,Not_Target
ebra9090.t1,Not_Target,Not_Target,Not_Target
ebra9091.t1,Not_Target,Not_Target,Not_Target
ebra9092.t1,Not_Target,Myosin_5,Not_Target
ebra9093.t1,Not_Target,Not_Target,Not_Target
ebra2256.t1,Not_Target,Not_Target,Not_Target
ebra2257.t1,Not_Target,Myosin_18,Myosin_3
ebra17565.t1,Myosin_37,Myosin_37,Myosin_5
ebra17566.t1,Not_Target,Not_Target,Not_Target
ebra345.t1,Myosin_45,Not_Target,Myosin_3
ebra20702.t1,Not_Target,Myosin_57,Not_Target
ebra20703.t1,Not_Target,Not_Target,Not_Target
ebra20704.t1,Not_Target,Not_Target,Not_Target
ebra20705.t1,Not_Target,Not_Target,Not_Target
ebra20706.t1,Not_Target,Myosin_57,Not_Target
ebra14312.t1,Myosin_15,Myosin_4,Myosin_7
ebra8807.t1,Not_Target,Not_Target,Not_Target
ebra20189.t1,Not_Target,Myosin_4,Myosin_1
ebra20190.t1,Not_Target,Myosin_56,Myosin_2
ebra20191.t1,Not_Target,Not_Target,Not_Target
ebra20192.t1,Myosin_17,Not_Target,Myosin_17
ebra6260.t1,Myosin_26,Myosin_26,Not_Target
ebra6261.t1,Not_Target,Not_Target,Not_Target
ebra6262.t1,Myosin_18,Not_Target,Myosin_18
ebra6392.t1,Not_Target,Myosin_16,Not_Target
ebra6393.t1,Not_Target,Myosin_19,Not_Target
ebra6394.t1,Not_Target,Myosin_8,Myosin_8
ebra7033.t1,Not_Target,Not_Target,Not_Target
ebra7034.t1,Not_Target,Not_Target,Not_Target
ebra8881.t1,Not_Target,Not_Target,Not_Target
ebra8882.t1,Not_Target,Not_Target,Not_Target
ebra8883.t1,Not_Target,Myosin_5,Not_Target
ebra18151.t1,Myosin_30,Not_Target,Myosin_25
ebra10803.t1,Not_Target,Not_Target,Not_Target
ebra10804.t1,Not_Target,Not_Target,Not_Target
ebra21109.t1,Not_Target,Myosin_5,Not_Target
ebra5673.t1,Not_Target,Not_Target,Not_Target
ebra5674.t1,Not_Target,Not_Target,Not_Target
ebra17404.t1,Not_Target,Not_Target,Not_Target
ebra17405.t1,Not_Target,Not_Target,Not_Target
ebra17406.t1,Not_Target,Not_Target,Not_Target
ebra17407.t1,Not_Target,Myosin_19,Not_Target
ebra17408.t1,Not_Target,Not_Target,Not_Target
ebra19215.t1,Not_Target,Myosin_23,Not_Target
ebra19216.t1,Not_Target,Not_Target,Not_Target
ebra19217.t1,Not_Target,Not_Target,Myosin_14
ebra17278.t1,Not_Target,Not_Target,Not_Target
ebra17279.t1,Not_Target,Myosin_6,Not_Target
ebra17280.t1,Not_Target,Myosin_6,Not_Target
ebra17286.t1,Not_Target,Not_Target,Not_Target
ebra17287.t1,Not_Target,Not_Target,Myosin_7
ebra2362.t1,Not_Target,Not_Target,Not_Target
ebra2363.t1,Not_Target,Not_Target,Not_Target
ebra15526.t1,Not_Target,Not_Target,Not_Target
ebra11526.t1,Not_Target,Not_Target,Not_Target
ebra16792.t1,Not_Target,Myosin_5,Not_Target
ebra16793.t1,Myosin_31,Myosin_31,Myosin_1
ebra16794.t1,Not_Target,Myosin_57,Myosin_4
ebra7029.t1,Not_Target,Not_Target,Not_Target
ebra20717.t1,Not_Target,Not_Target,Myosin_14
ebra2490.t1,Not_Target,Not_Target,Not_Target
ebra2491.t1,Not_Target,Myosin_28,Not_Target
ebra2492.t1,Not_Target,Not_Target,Myosin_5
ebra2493.t1,Not_Target,Not_Target,Not_Target
ebra16511.t1,Not_Target,Not_Target,Not_Target
ebra16512.t1,Myosin_18,Myosin_18,Myosin_5
ebra11522.t1,Not_Target,Not_Target,Not_Target
ebra11523.t1,Not_Target,Not_Target,Not_Target
ebra7567.t1,Not_Target,Not_Target,Not_Target
ebra7568.t1,Myosin_19,Myosin_19,Not_Target
ebra800.t1,Not_Target,Not_Target,Not_Target
ebra801.t1,Not_Target,Not_Target,Not_Target
ebra13590.t1,Myosin_2,Not_Target,Not_Target
ebra13591.t1,Not_Target,Not_Target,Not_Target
ebra13137.t1,Not_Target,Myosin_4,Not_Target
ebra13138.t1,Myosin_19,Myosin_19,Not_Target
ebra13139.t1,Not_Target,Not_Target,Not_Target
ebra13140.t1,Not_Target,Not_Target,Not_Target
ebra2036.t1,Not_Target,Not_Target,Not_Target
ebra2037.t1,Not_Target,Not_Target,Not_Target
ebra18775.t1,Myosin_18,Not_Target,Myosin_1
ebra18776.t1,Myosin_5,Myosin_5,Myosin_5
ebra7267.t1,Not_Target,Not_Target,Not_Target
ebra7268.t1,Not_Target,Not_Target,Not_Target
ebra7269.t1,Not_Target,Not_Target,Not_Target
ebra16729.t1,Not_Target,Not_Target,Not_Target
ebra16730.t1,Myosin_17,Myosin_17,Myosin_42
ebra16209.t1,Not_Target,Not_Target,Not_Target
ebra16210.t1,Not_Target,Not_Target,Myosin_18
ebra8969.t1,Not_Target,Myosin_51,Not_Target
ebra8970.t1,Not_Target,Not_Target,Not_Target
ebra8971.t1,Not_Target,Not_Target,Not_Target
ebra1758.t1,Not_Target,Myosin_40,Myosin_14
ebra1759.t1,Not_Target,Not_Target,Not_Target
ebra14225.t1,Not_Target,Myosin_26,Not_Target
ebra14226.t1,Not_Target,Myosin_26,Not_Target
ebra1231.t1,Not_Target,Not_Target,Not_Target
ebra1232.t1,Not_Target,Not_Target,Myosin_19
ebra14306.t1,Myosin_2,Myosin_2,Myosin_2
ebra14472.t1,Myosin_19,Not_Target,Not_Target
ebra14473.t1,Not_Target,Not_Target,Myosin_43
ebra12555.t1,Not_Target,Not_Target,Not_Target
ebra12556.t1,Not_Target,Not_Target,Not_Target
ebra12557.t1,Not_Target,Not_Target,Not_Target
ebra9464.t1,Not_Target,Not_Target,Not_Target
ebra9465.t1,Not_Target,Not_Target,Not_Target
ebra15928.t1,Not_Target,Not_Target,Not_Target
ebra15929.t1,Not_Target,Not_Target,Not_Target
ebra15930.t1,Not_Target,Not_Target,Not_Target
ebra12832.t1,Not_Target,Myosin_19,Not_Target
ebra19315.t1,Not_Target,Myosin_15,Not_Target
ebra19316.t1,Not_Target,Not_Target,Not_Target
ebra11871.t1,Not_Target,Not_Target,Not_Target
ebra11872.t1,Not_Target,Not_Target,Myosin_1
ebra12333.t1,Not_Target,Not_Target,Myosin_57
ebra12334.t1,Not_Target,Myosin_81,Not_Target
ebra14240.t1,Myosin_37,Myosin_5,Myosin_2
ebra14666.t1,Not_Target,Not_Target,Not_Target
ebra14667.t1,Not_Target,Not_Target,Not_Target
ebra14668.t1,Not_Target,Not_Target,Not_Target
ebra14669.t1,Not_Target,Not_Target,Not_Target
ebra1147.t1,Myosin_19,Myosin_19,Myosin_5
ebra1148.t1,Not_Target,Myosin_19,Not_Target
ebra8823.t1,Not_Target,Not_Target,Not_Target
ebra8824.t1,Myosin_19,Myosin_19,Myosin_19
ebra13435.t1,Myosin_45,Myosin_18,Myosin_5
ebra18535.t1,Not_Target,Not_Target,Not_Target
ebra18536.t1,Not_Target,Not_Target,Not_Target
ebra945.t1,Not_Target,Not_Target,Not_Target
ebra946.t1,Not_Target,Not_Target,Not_Target
ebra947.t1,Not_Target,Not_Target,Not_Target
ebra6823.t1,Myosin_2,Myosin_2,Not_Target
ebra6824.t1,Myosin_18,Not_Target,Not_Target
ebra6825.t1,Myosin_2,Not_Target,Not_Target
ebra19427.t1,Not_Target,Not_Target,Not_Target
ebra19428.t1,Not_Target,Myosin_51,Not_Target
ebra19332.t1,Not_Target,Not_Target,Not_Target
ebra19333.t1,Not_Target,Myosin_3,Not_Target
ebra19280.t1,Not_Target,Not_Target,Not_Target
ebra19281.t1,Not_Target,Myosin_19,Not_Target
ebra8045.t1,Myosin_37,Myosin_57,Myosin_5
ebra12629.t1,Not_Target,Not_Target,Not_Target
ebra12630.t1,Not_Target,Not_Target,Not_Target
ebra3598.t1,Myosin_1,Myosin_19,Not_Target
ebra3599.t1,Not_Target,Not_Target,Not_Target
ebra1702.t1,Myosin_19,Myosin_19,Myosin_13
ebra1703.t1,Not_Target,Not_Target,Not_Target
ebra1704.t1,Myosin_5,Myosin_5,Not_Target
ebra19214.t1,Myosin_73,Not_Target,Myosin_8
ebra2768.t1,Myosin_26,Not_Target,Not_Target
ebra2769.t1,Not_Target,Not_Target,Not_Target
ebra14848.t1,Not_Target,Not_Target,Not_Target
ebra14849.t1,Not_Target,Not_Target,Not_Target
ebra2859.t1,Not_Target,Not_Target,Not_Target
ebra2860.t1,Not_Target,Not_Target,Not_Target
ebra2861.t1,Not_Target,Not_Target,Not_Target
ebra15139.t1,Not_Target,Not_Target,Not_Target
ebra15140.t1,Not_Target,Myosin_57,Not_Target
ebra15141.t1,Not_Target,Myosin_19,Not_Target
ebra13429.t1,Myosin_19,Not_Target,Not_Target
ebra13430.t1,Not_Target,Not_Target,Not_Target
ebra7734.t1,Not_Target,Not_Target,Not_Target
ebra7735.t1,Not_Target,Myosin_24,Myosin_24
ebra7736.t1,Not_Target,Not_Target,Not_Target
ebra8899.t1,Not_Target,Not_Target,Not_Target
ebra6021.t1,Not_Target,Not_Target,Not_Target
ebra6022.t1,Myosin_26,Not_Target,Not_Target
ebra6023.t1,Not_Target,Myosin_1,Not_Target
ebra12564.t1,Not_Target,Not_Target,Not_Target
ebra12565.t1,Myosin_19,Myosin_19,Myosin_11
ebra8625.t1,Not_Target,Myosin_28,Not_Target
ebra8626.t1,Myosin_19,Myosin_19,Not_Target
ebra1646.t1,Not_Target,Not_Target,Not_Target
ebra1647.t1,Not_Target,Not_Target,Not_Target
ebra1648.t1,Not_Target,Not_Target,Not_Target
ebra1649.t1,Not_Target,Not_Target,Not_Target
ebra20845.t1,Myosin_5,Myosin_2,Myosin_2
ebra20076.t1,Not_Target,Not_Target,Not_Target
ebra20077.t1,Not_Target,Not_Target,Not_Target
ebra20078.t1,Not_Target,Myosin_19,Myosin_2
ebra4972.t1,Not_Target,Not_Target,Not_Target
ebra13242.t1,Not_Target,Myosin_15,Not_Target
ebra13243.t1,Myosin_37,Myosin_57,Not_Target
ebra13244.t1,Not_Target,Not_Target,Not_Target
ebra17810.t1,Not_Target,Not_Target,Not_Target
ebra7189.t1,Not_Target,Not_Target,Not_Target
ebra18542.t1,Not_Target,Not_Target,Not_Target
ebra18543.t1,Not_Target,Not_Target,Not_Target
ebra18544.t1,Not_Target,Not_Target,Not_Target
ebra3241.t1,Not_Target,Not_Target,Not_Target
ebra4921.t1,Not_Target,Not_Target,Not_Target
ebra4922.t1,Not_Target,Not_Target,Not_Target
ebra4923.t1,Not_Target,Not_Target,Not_Target
ebra4924.t1,Myosin_19,Myosin_19,Not_Target
ebra2110.t1,Myosin_19,Myosin_19,Myosin_11
ebra2111.t1,Myosin_15,Myosin_1,Myosin_3
ebra12156.t1,Myosin_71,Myosin_16,Myosin_18
ebra12157.t1,Not_Target,Not_Target,Myosin_19
ebra10641.t1,Myosin_17,Not_Target,Myosin_40
ebra10642.t1,Not_Target,Not_Target,Not_Target
ebra11158.t1,Not_Target,Not_Target,Not_Target
ebra11159.t1,Myosin_34,Myosin_40,Not_Target
ebra10806.t1,Not_Target,Not_Target,Not_Target
ebra10807.t1,Not_Target,Myosin_19,Not_Target
ebra10808.t1,Not_Target,Not_Target,Not_Target
ebra610.t1,Not_Target,Not_Target,Not_Target
ebra611.t1,Not_Target,Not_Target,Not_Target
ebra2854.t1,Not_Target,Not_Target,Not_Target
ebra2855.t1,Not_Target,Not_Target,Not_Target
ebra2856.t1,Not_Target,Not_Target,Not_Target
ebra14500.t1,Not_Target,Not_Target,Myosin_42
ebra14501.t1,Not_Target,Not_Target,Not_Target
ebra7027.t1,Not_Target,Not_Target,Not_Target
ebra7028.t1,Not_Target,Not_Target,Not_Target
ebra7532.t1,Not_Target,Not_Target,Not_Target
ebra7533.t1,Not_Target,Not_Target,Not_Target
ebra7534.t1,Not_Target,Not_Target,Not_Target
ebra7535.t1,Not_Target,Not_Target,Not_Target
ebra7536.t1,Not_Target,Not_Target,Not_Target
ebra9517.t1,Not_Target,Not_Target,Not_Target
ebra20931.t1,Myosin_74,Not_Target,Myosin_1
ebra20932.t1,Not_Target,Not_Target,Not_Target
ebra20933.t1,Not_Target,Not_Target,Not_Target
ebra8069.t1,Not_Target,Not_Target,Not_Target
ebra8070.t1,Not_Target,Not_Target,Not_Target
ebra8071.t1,Not_Target,Not_Target,Not_Target
ebra8072.t1,Not_Target,Not_Target,Not_Target
ebra15134.t1,Not_Target,Not_Target,Not_Target
ebra18052.t1,Myosin_37,Myosin_37,Myosin_5
ebra4799.t1,Not_Target,Not_Target,Not_Target
ebra4800.t1,Not_Target,Not_Target,Myosin_20
ebra16992.t1,Not_Target,Not_Target,Not_Target
ebra16993.t1,Myosin_19,Myosin_19,Not_Target
ebra11647.t1,Not_Target,Not_Target,Not_Target
ebra11648.t1,Not_Target,Not_Target,Not_Target
ebra11649.t1,Not_Target,Not_Target,Not_Target
ebra11650.t1,Not_Target,Not_Target,Not_Target
ebra1411.t1,Not_Target,Not_Target,Not_Target
ebra544.t1,Myosin_2,Myosin_2,Not_Target
ebra545.t1,Myosin_45,Not_Target,Not_Target
ebra9632.t1,Not_Target,Not_Target,Not_Target
ebra9633.t1,Myosin_17,Not_Target,Myosin_13
ebra9634.t1,Myosin_17,Not_Target,Myosin_13
ebra9635.t1,Not_Target,Not_Target,Not_Target
ebra15566.t1,Not_Target,Not_Target,Not_Target
ebra15567.t1,Myosin_8,Myosin_8,Myosin_4
ebra17080.t1,Not_Target,Not_Target,Not_Target
ebra17081.t1,Not_Target,Not_Target,Not_Target
ebra17082.t1,Myosin_45,Not_Target,Not_Target
ebra21572.t1,Not_Target,Not_Target,Myosin_8
ebra21573.t1,Not_Target,Not_Target,Not_Target
ebra18778.t1,Myosin_32,Not_Target,Myosin_11
ebra17503.t1,Not_Target,Not_Target,Myosin_16
ebra8054.t1,Not_Target,Not_Target,Not_Target
ebra8055.t1,Not_Target,Myosin_19,Not_Target
ebra8056.t1,Not_Target,Not_Target,Not_Target
ebra3188.t1,Not_Target,Not_Target,Not_Target
ebra19736.t1,Not_Target,Not_Target,Not_Target
ebra19737.t1,Not_Target,Not_Target,Not_Target
ebra19738.t1,Not_Target,Not_Target,Not_Target
ebra781.t1,Not_Target,Not_Target,Not_Target
ebra782.t1,Myosin_6,Myosin_6,Not_Target
ebra13030.t1,Not_Target,Not_Target,Not_Target
ebra20769.t1,Not_Target,Not_Target,Not_Target
ebra20770.t1,Myosin_2,Myosin_51,Myosin_2
ebra20771.t1,Not_Target,Not_Target,Not_Target
ebra9563.t1,Myosin_1,Not_Target,Myosin_1
ebra9564.t1,Not_Target,Not_Target,Not_Target
ebra9565.t1,Not_Target,Not_Target,Not_Target
ebra5483.t1,Not_Target,Not_Target,Not_Target
ebra11184.t1,Not_Target,Not_Target,Not_Target
ebra11185.t1,Not_Target,Not_Target,Not_Target
ebra11186.t1,Not_Target,Not_Target,Not_Target
ebra11187.t1,Not_Target,Not_Target,Not_Target
ebra1022.t1,Myosin_15,Myosin_1,Myosin_6
ebra1023.t1,Not_Target,Not_Target,Not_Target
ebra5158.t1,Not_Target,Not_Target,Not_Target
ebra5159.t1,Not_Target,Myosin_42,Not_Target
ebra1585.t1,Not_Target,Not_Target,Not_Target
ebra1586.t1,Not_Target,Not_Target,Myosin_2
ebra21003.t1,Not_Target,Not_Target,Myosin_5
ebra18900.t1,Not_Target,Not_Target,Not_Target
ebra18901.t1,Not_Target,Not_Target,Not_Target
ebra19814.t1,Not_Target,Not_Target,Not_Target
ebra19815.t1,Not_Target,Not_Target,Myosin_22
ebra19816.t1,Not_Target,Not_Target,Not_Target
ebra3074.t1,Not_Target,Myosin_1,Not_Target
ebra3075.t1,Not_Target,Not_Target,Myosin_8
ebra17025.t1,Not_Target,Not_Target,Not_Target
ebra17026.t1,Not_Target,Not_Target,Not_Target
ebra13536.t1,Not_Target,Not_Target,Not_Target
ebra13537.t1,Not_Target,Not_Target,Myosin_19
ebra13538.t1,Not_Target,Not_Target,Not_Target
ebra17084.t1,Myosin_57,Myosin_57,Not_Target
ebra17085.t1,Not_Target,Not_Target,Not_Target
ebra1000.t1,Not_Target,Myosin_57,Myosin_18
ebra1001.t1,Not_Target,Not_Target,Not_Target
ebra1002.t1,Not_Target,Not_Target,Not_Target
ebra1003.t1,Not_Target,Not_Target,Not_Target
ebra1004.t1,Not_Target,Not_Target,Not_Target
ebra20054.t1,Not_Target,Not_Target,Not_Target
ebra15373.t1,Not_Target,Not_Target,Not_Target
ebra8042.t1,Myosin_37,Myosin_6,Myosin_5
ebra8043.t1,Not_Target,Not_Target,Not_Target
ebra2432.t1,Not_Target,Not_Target,Not_Target
ebra5368.t1,Not_Target,Myosin_57,Not_Target
ebra5369.t1,Not_Target,Not_Target,Not_Target
ebra13581.t1,Not_Target,Not_Target,Not_Target
ebra13582.t1,Not_Target,Not_Target,Not_Target
ebra9510.t1,Not_Target,Myosin_5,Not_Target
ebra9511.t1,Not_Target,Myosin_5,Not_Target
ebra17577.t1,Not_Target,Myosin_66,Not_Target
ebra17578.t1,Not_Target,Myosin_19,Not_Target
ebra17579.t1,Not_Target,Not_Target,Not_Target
ebra17580.t1,Not_Target,Not_Target,Not_Target
ebra17581.t1,Not_Target,Not_Target,Not_Target
ebra10345.t1,Not_Target,Myosin_1,Myosin_20
ebra4035.t1,Not_Target,Not_Target,Not_Target
ebra4979.t1,Not_Target,Not_Target,Not_Target
ebra4980.t1,Not_Target,Myosin_16,Myosin_1
ebra19594.t1,Not_Target,Not_Target,Not_Target
ebra19595.t1,Myosin_51,Not_Target,Myosin_1
ebra15877.t1,Not_Target,Myosin_20,Not_Target
ebra15878.t1,Not_Target,Myosin_20,Not_Target
ebra4445.t1,Not_Target,Not_Target,Not_Target
ebra4446.t1,Not_Target,Not_Target,Myosin_37
ebra19508.t1,Not_Target,Not_Target,Not_Target
ebra4761.t1,Not_Target,Not_Target,Not_Target
ebra4762.t1,Not_Target,Not_Target,Not_Target
ebra16731.t1,Myosin_5,Myosin_24,Myosin_5
ebra16732.t1,Myosin_2,Not_Target,Not_Target
ebra16733.t1,Not_Target,Not_Target,Myosin_5
ebra17957.t1,Not_Target,Not_Target,Not_Target
ebra17958.t1,Not_Target,Not_Target,Not_Target
ebra15979.t1,Not_Target,Not_Target,Not_Target
ebra10926.t1,Not_Target,Not_Target,Not_Target
ebra10927.t1,Not_Target,Not_Target,Not_Target
ebra1926.t1,Not_Target,Not_Target,Not_Target
ebra1927.t1,Not_Target,Not_Target,Not_Target
ebra11837.t1,Not_Target,Not_Target,Not_Target
ebra11838.t1,Not_Target,Not_Target,Myosin_1
ebra11839.t1,Not_Target,Myosin_1,Not_Target
ebra18903.t1,Not_Target,Not_Target,Not_Target
ebra9058.t1,Not_Target,Not_Target,Not_Target
ebra9059.t1,Not_Target,Not_Target,Myosin_4
ebra10567.t1,Not_Target,Not_Target,Not_Target
ebra4790.t1,Not_Target,Not_Target,Myosin_1
ebra4791.t1,Not_Target,Not_Target,Not_Target
ebra4792.t1,Not_Target,Not_Target,Myosin_19
ebra14702.t1,Not_Target,Not_Target,Not_Target
ebra14703.t1,Myosin_1,Myosin_9,Not_Target
ebra14704.t1,Myosin_1,Myosin_9,Not_Target
ebra12649.t1,Not_Target,Not_Target,Myosin_19
ebra12650.t1,Not_Target,Not_Target,Myosin_5
ebra12651.t1,Myosin_31,Not_Target,Not_Target
ebra12652.t1,Myosin_31,Not_Target,Not_Target
ebra12653.t1,Not_Target,Not_Target,Not_Target
ebra12601.t1,Not_Target,Not_Target,Not_Target
ebra12602.t1,Not_Target,Myosin_19,Myosin_2
ebra5525.t1,Not_Target,Not_Target,Myosin_2
ebra5526.t1,Not_Target,Myosin_2,Not_Target
ebra20962.t1,Not_Target,Not_Target,Not_Target
ebra20963.t1,Not_Target,Not_Target,Not_Target
ebra20964.t1,Not_Target,Not_Target,Not_Target
ebra20965.t1,Myosin_30,Myosin_30,Myosin_19
ebra16.t1,Not_Target,Not_Target,Not_Target
ebra17.t1,Myosin_51,Myosin_18,Myosin_3
ebra13967.t1,Not_Target,Not_Target,Not_Target
ebra9075.t1,Not_Target,Not_Target,Not_Target
ebra9076.t1,Not_Target,Not_Target,Not_Target
ebra19519.t1,Not_Target,Myosin_19,Not_Target
ebra19520.t1,Not_Target,Not_Target,Not_Target
ebra6973.t1,Not_Target,Not_Target,Not_Target
ebra6974.t1,Not_Target,Not_Target,Myosin_54
ebra9068.t1,Myosin_20,Myosin_28,Myosin_5
ebra5085.t1,Not_Target,Not_Target,Not_Target
ebra5086.t1,Myosin_11,Myosin_11,Not_Target
ebra13934.t1,Not_Target,Not_Target,Not_Target
ebra13935.t1,Myosin_64,Not_Target,Not_Target
ebra14562.t1,Not_Target,Not_Target,Not_Target
ebra7081.t1,Myosin_57,Myosin_57,Not_Target
ebra7082.t1,Not_Target,Myosin_1,Not_Target
ebra4097.t1,Not_Target,Not_Target,Not_Target
ebra4098.t1,Not_Target,Myosin_19,Not_Target
ebra4099.t1,Not_Target,Myosin_25,Not_Target
ebra4100.t1,Not_Target,Not_Target,Not_Target
ebra12422.t1,Not_Target,Not_Target,Not_Target
ebra16211.t1,Not_Target,Not_Target,Not_Target
ebra16212.t1,Not_Target,Not_Target,Not_Target
ebra16213.t1,Myosin_57,Not_Target,Not_Target
ebra16214.t1,Not_Target,Not_Target,Not_Target
ebra10013.t1,Myosin_45,Not_Target,Myosin_5
ebra12619.t1,Not_Target,Not_Target,Myosin_17
ebra12620.t1,Not_Target,Not_Target,Not_Target
ebra12621.t1,Not_Target,Not_Target,Myosin_45
ebra18890.t1,Not_Target,Not_Target,Not_Target
ebra18891.t1,Not_Target,Not_Target,Not_Target
ebra18892.t1,Myosin_19,Myosin_19,Myosin_11
ebra2687.t1,Not_Target,Not_Target,Not_Target
ebra2688.t1,Not_Target,Not_Target,Not_Target
ebra12261.t1,Myosin_19,Myosin_19,Not_Target
ebra19979.t1,Not_Target,Not_Target,Not_Target
ebra19980.t1,Not_Target,Not_Target,Not_Target
ebra16395.t1,Not_Target,Not_Target,Not_Target
ebra16396.t1,Not_Target,Not_Target,Not_Target
ebra16397.t1,Not_Target,Not_Target,Not_Target
ebra7947.t1,Not_Target,Not_Target,Not_Target
ebra2317.t1,Not_Target,Not_Target,Not_Target
ebra2318.t1,Not_Target,Not_Target,Not_Target
ebra2319.t1,Myosin_24,Myosin_5,Myosin_23
ebra2320.t1,Not_Target,Not_Target,Not_Target
ebra2321.t1,Myosin_4,Not_Target,Not_Target
ebra20858.t1,Not_Target,Not_Target,Myosin_5
ebra4714.t1,Not_Target,Not_Target,Not_Target
ebra18072.t1,Myosin_26,Not_Target,Myosin_8
ebra18073.t1,Myosin_26,Not_Target,Not_Target
ebra5729.t1,Not_Target,Not_Target,Not_Target
ebra5730.t1,Not_Target,Not_Target,Not_Target
ebra5731.t1,Not_Target,Not_Target,Not_Target
ebra5732.t1,Not_Target,Not_Target,Not_Target
ebra5733.t1,Not_Target,Not_Target,Not_Target
ebra6779.t1,Not_Target,Myosin_15,Not_Target
ebra6780.t1,Not_Target,Not_Target,Not_Target
ebra6781.t1,Not_Target,Myosin_5,Not_Target
ebra6782.t1,Not_Target,Not_Target,Not_Target
ebra5290.t1,Not_Target,Not_Target,Not_Target
ebra5291.t1,Not_Target,Not_Target,Not_Target
ebra5292.t1,Not_Target,Not_Target,Not_Target
ebra5073.t1,Not_Target,Myosin_17,Not_Target
ebra18394.t1,Not_Target,Not_Target,Not_Target
ebra18395.t1,Not_Target,Not_Target,Myosin_24
ebra12562.t1,Myosin_57,Myosin_57,Not_Target
ebra12563.t1,Not_Target,Not_Target,Not_Target
ebra11888.t1,Not_Target,Not_Target,Not_Target
ebra11889.t1,Not_Target,Not_Target,Not_Target
ebra11890.t1,Myosin_4,Myosin_4,Myosin_4
ebra11891.t1,Not_Target,Not_Target,Not_Target
ebra11892.t1,Not_Target,Not_Target,Not_Target
ebra4765.t1,Not_Target,Not_Target,Not_Target
ebra4766.t1,Not_Target,Not_Target,Not_Target
ebra6592.t1,Not_Target,Not_Target,Not_Target
ebra6593.t1,Not_Target,Not_Target,Not_Target
ebra4890.t1,Not_Target,Not_Target,Not_Target
ebra4891.t1,Not_Target,Myosin_51,Myosin_22
ebra9592.t1,Myosin_1,Myosin_18,Not_Target
ebra9593.t1,Myosin_2,Myosin_11,Myosin_2
ebra15981.t1,Myosin_57,Myosin_57,Not_Target
ebra16757.t1,Myosin_81,Not_Target,Not_Target
ebra16758.t1,Myosin_81,Myosin_81,Not_Target
ebra16759.t1,Myosin_81,Myosin_6,Myosin_19
ebra1569.t1,Not_Target,Not_Target,Not_Target
ebra9896.t1,Not_Target,Myosin_36,Not_Target
ebra9897.t1,Not_Target,Myosin_36,Not_Target
ebra9898.t1,Not_Target,Not_Target,Not_Target
ebra19985.t1,Myosin_2,Myosin_2,Not_Target
ebra19986.t1,Not_Target,Not_Target,Not_Target
ebra19987.t1,Not_Target,Not_Target,Not_Target
ebra19988.t1,Myosin_45,Myosin_18,Not_Target
ebra10518.t1,Not_Target,Not_Target,Not_Target
ebra10519.t1,Not_Target,Not_Target,Not_Target
ebra10520.t1,Not_Target,Myosin_23,Not_Target
ebra955.t1,Not_Target,Not_Target,Not_Target
ebra956.t1,Not_Target,Not_Target,Not_Target
ebra3700.t1,Not_Target,Not_Target,Not_Target
ebra3701.t1,Myosin_4,Myosin_25,Myosin_19
ebra7896.t1,Not_Target,Not_Target,Not_Target
ebra10274.t1,Not_Target,Not_Target,Myosin_2
ebra21076.t1,Not_Target,Not_Target,Not_Target
ebra21077.t1,Not_Target,Not_Target,Not_Target
ebra18140.t1,Not_Target,Not_Target,Not_Target
ebra18141.t1,Not_Target,Not_Target,Not_Target
ebra16460.t1,Myosin_2,Myosin_23,Not_Target
ebra16461.t1,Not_Target,Not_Target,Not_Target
ebra16462.t1,Not_Target,Myosin_19,Not_Target
ebra18042.t1,Not_Target,Not_Target,Not_Target
ebra18043.t1,Myosin_73,Myosin_28,Not_Target
ebra18044.t1,Not_Target,Not_Target,Not_Target
ebra20727.t1,Not_Target,Not_Target,Not_Target
ebra4174.t1,Myosin_36,Myosin_22,Myosin_4
ebra760.t1,Not_Target,Not_Target,Not_Target
ebra761.t1,Not_Target,Not_Target,Not_Target
ebra1997.t1,Not_Target,Not_Target,Not_Target
ebra3106.t1,Not_Target,Not_Target,Not_Target
ebra3107.t1,Not_Target,Not_Target,Not_Target
ebra14416.t1,Myosin_19,Myosin_19,Myosin_19
ebra5561.t1,Not_Target,Not_Target,Not_Target
ebra5562.t1,Not_Target,Not_Target,Not_Target
ebra4032.t1,Myosin_17,Myosin_17,Not_Target
ebra4033.t1,Not_Target,Not_Target,Not_Target
ebra21197.t1,Not_Target,Not_Target,Not_Target
ebra21198.t1,Not_Target,Not_Target,Not_Target
ebra21199.t1,Not_Target,Not_Target,Not_Target
ebra627.t1,Not_Target,Not_Target,Not_Target
ebra15346.t1,Not_Target,Not_Target,Not_Target
ebra15347.t1,Not_Target,Not_Target,Not_Target
ebra15348.t1,Not_Target,Not_Target,Not_Target
ebra15349.t1,Not_Target,Not_Target,Not_Target
ebra15350.t1,Not_Target,Not_Target,Not_Target
ebra8393.t1,Not_Target,Not_Target,Not_Target
ebra8394.t1,Not_Target,Not_Target,Not_Target
ebra7417.t1,Not_Target,Not_Target,Not_Target
ebra7418.t1,Not_Target,Not_Target,Not_Target
ebra8560.t1,Not_Target,Not_Target,Not_Target
ebra8561.t1,Not_Target,Not_Target,Not_Target
ebra8562.t1,Not_Target,Myosin_5,Not_Target
ebra8563.t1,Not_Target,Not_Target,Not_Target
ebra5258.t1,Myosin_71,Myosin_73,Not_Target
ebra5259.t1,Not_Target,Myosin_6,Myosin_27
ebra5260.t1,Not_Target,Not_Target,Not_Target
ebra5261.t1,Not_Target,Not_Target,Not_Target
ebra4123.t1,Not_Target,Myosin_11,Not_Target
ebra4124.t1,Not_Target,Not_Target,Not_Target
ebra4125.t1,Not_Target,Not_Target,Not_Target
ebra8441.t1,Not_Target,Not_Target,Not_Target
ebra8442.t1,Not_Target,Not_Target,Not_Target
ebra5046.t1,Not_Target,Not_Target,Not_Target
ebra5047.t1,Not_Target,Not_Target,Not_Target
ebra4396.t1,Not_Target,Not_Target,Not_Target
ebra4397.t1,Not_Target,Not_Target,Not_Target
ebra4398.t1,Not_Target,Not_Target,Not_Target
ebra185.t1,Not_Target,Not_Target,Not_Target
ebra15282.t1,Not_Target,Not_Target,Not_Target
ebra15283.t1,Not_Target,Myosin_16,Not_Target
ebra15284.t1,Not_Target,Myosin_19,Not_Target
ebra9855.t1,Not_Target,Not_Target,Not_Target
ebra18104.t1,Not_Target,Not_Target,Not_Target
ebra18105.t1,Not_Target,Not_Target,Not_Target
ebra4787.t1,Not_Target,Not_Target,Myosin_20
ebra4788.t1,Not_Target,Not_Target,Not_Target
ebra4789.t1,Not_Target,Not_Target,Not_Target
ebra7265.t1,Not_Target,Not_Target,Not_Target
ebra7266.t1,Not_Target,Not_Target,Not_Target
ebra13144.t1,Not_Target,Not_Target,Not_Target
ebra19152.t1,Not_Target,Not_Target,Myosin_36
ebra20638.t1,Not_Target,Not_Target,Not_Target
ebra20639.t1,Myosin_5,Myosin_5,Myosin_51
ebra20640.t1,Not_Target,Not_Target,Not_Target
ebra20641.t1,Not_Target,Not_Target,Not_Target
ebra20642.t1,Not_Target,Not_Target,Not_Target
ebra3694.t1,Not_Target,Not_Target,Not_Target
ebra3695.t1,Not_Target,Myosin_6,Not_Target
ebra10707.t1,Not_Target,Not_Target,Not_Target
ebra10708.t1,Not_Target,Not_Target,Not_Target
ebra16887.t1,Not_Target,Not_Target,Not_Target
ebra3829.t1,Not_Target,Not_Target,Not_Target
ebra5752.t1,Not_Target,Not_Target,Not_Target
ebra5753.t1,Not_Target,Not_Target,Not_Target
ebra5754.t1,Not_Target,Not_Target,Not_Target
ebra5755.t1,Not_Target,Not_Target,Not_Target
ebra1463.t1,Not_Target,Not_Target,Not_Target
ebra1464.t1,Not_Target,Not_Target,Not_Target
ebra1465.t1,Not_Target,Not_Target,Not_Target
ebra1466.t1,Not_Target,Not_Target,Not_Target
ebra423.t1,Not_Target,Not_Target,Not_Target
ebra424.t1,Not_Target,Not_Target,Not_Target
ebra425.t1,Not_Target,Not_Target,Not_Target
ebra10447.t1,Not_Target,Not_Target,Not_Target
ebra10448.t1,Not_Target,Not_Target,Not_Target
ebra21640.t1,Not_Target,Not_Target,Not_Target
ebra7052.t1,Not_Target,Not_Target,Not_Target
ebra7053.t1,Not_Target,Not_Target,Not_Target
ebra7054.t1,Not_Target,Not_Target,Not_Target
ebra14573.t1,Not_Target,Not_Target,Not_Target
ebra14574.t1,Not_Target,Not_Target,Not_Target
ebra14575.t1,Not_Target,Not_Target,Not_Target
ebra7932.t1,Not_Target,Not_Target,Not_Target
ebra7933.t1,Not_Target,Myosin_20,Not_Target
ebra19336.t1,Not_Target,Not_Target,Not_Target
ebra17518.t1,Not_Target,Myosin_1,Myosin_20
ebra17519.t1,Not_Target,Not_Target,Not_Target
ebra3363.t1,Not_Target,Not_Target,Not_Target
ebra20910.t1,Not_Target,Myosin_55,Myosin_57
ebra20911.t1,Not_Target,Not_Target,Myosin_6
ebra13184.t1,Not_Target,Not_Target,Myosin_67
ebra14438.t1,Not_Target,Not_Target,Not_Target
ebra14439.t1,Not_Target,Not_Target,Not_Target
ebra11699.t1,Not_Target,Not_Target,Myosin_5
ebra3547.t1,Myosin_45,Myosin_45,Not_Target
ebra3548.t1,Not_Target,Not_Target,Not_Target
ebra3549.t1,Myosin_19,Myosin_19,Not_Target
ebra2586.t1,Myosin_19,Myosin_19,Not_Target
ebra109.t1,Not_Target,Not_Target,Not_Target
ebra110.t1,Not_Target,Not_Target,Not_Target
ebra6010.t1,Not_Target,Myosin_1,Not_Target
ebra21006.t1,Myosin_10,Myosin_23,Not_Target
ebra21007.t1,Not_Target,Not_Target,Not_Target
ebra21008.t1,Not_Target,Not_Target,Myosin_8
ebra21009.t1,Not_Target,Not_Target,Not_Target
ebra18983.t1,Not_Target,Not_Target,Not_Target
ebra14377.t1,Not_Target,Not_Target,Not_Target
ebra14378.t1,Not_Target,Not_Target,Not_Target
ebra14379.t1,Not_Target,Not_Target,Not_Target
ebra14380.t1,Not_Target,Not_Target,Not_Target
ebra44.t1,Not_Target,Not_Target,Not_Target
ebra12989.t1,Not_Target,Not_Target,Not_Target
ebra15383.t1,Myosin_5,Myosin_26,Myosin_26
ebra5142.t1,Not_Target,Not_Target,Not_Target
ebra13428.t1,Myosin_45,Not_Target,Not_Target
ebra18139.t1,Not_Target,Not_Target,Myosin_11
ebra7315.t1,Not_Target,Myosin_5,Not_Target
ebra7316.t1,Not_Target,Not_Target,Not_Target
ebra11025.t1,Not_Target,Not_Target,Not_Target
ebra11026.t1,Not_Target,Not_Target,Not_Target
ebra17112.t1,Not_Target,Not_Target,Not_Target
ebra236.t1,Not_Target,Not_Target,Myosin_8
ebra237.t1,Not_Target,Myosin_5,Myosin_8
ebra451.t1,Not_Target,Not_Target,Not_Target
ebra452.t1,Not_Target,Not_Target,Not_Target
ebra18220.t1,Not_Target,Not_Target,Not_Target
ebra18221.t1,Myosin_31,Not_Target,Not_Target
ebra18222.t1,Not_Target,Not_Target,Not_Target
ebra7561.t1,Not_Target,Not_Target,Myosin_11
ebra7562.t1,Not_Target,Not_Target,Not_Target
ebra9637.t1,Not_Target,Not_Target,Myosin_19
ebra17139.t1,Myosin_26,Not_Target,Not_Target
ebra2188.t1,Not_Target,Not_Target,Not_Target
ebra2189.t1,Not_Target,Not_Target,Not_Target
ebra4599.t1,Myosin_4,Myosin_55,Not_Target
ebra4600.t1,Not_Target,Not_Target,Not_Target
ebra4601.t1,Not_Target,Not_Target,Not_Target
ebra4602.t1,Not_Target,Myosin_26,Not_Target
ebra17693.t1,Myosin_45,Not_Target,Not_Target
ebra17694.t1,Not_Target,Not_Target,Not_Target
ebra17695.t1,Not_Target,Not_Target,Not_Target
ebra13199.t1,Not_Target,Not_Target,Not_Target
ebra17803.t1,Not_Target,Not_Target,Myosin_53
ebra15976.t1,Not_Target,Not_Target,Not_Target
ebra15977.t1,Not_Target,Not_Target,Not_Target
ebra12116.t1,Not_Target,Myosin_16,Not_Target
ebra12117.t1,Not_Target,Not_Target,Not_Target
ebra16163.t1,Myosin_16,Not_Target,Myosin_3
ebra16164.t1,Not_Target,Not_Target,Not_Target
ebra16165.t1,Not_Target,Not_Target,Not_Target
ebra9660.t1,Myosin_2,Not_Target,Not_Target
ebra9661.t1,Myosin_45,Not_Target,Not_Target
ebra9662.t1,Not_Target,Not_Target,Myosin_3
ebra5604.t1,Myosin_19,Myosin_19,Not_Target
ebra5605.t1,Myosin_1,Myosin_1,Myosin_1
ebra19137.t1,Not_Target,Not_Target,Not_Target
ebra19138.t1,Not_Target,Not_Target,Not_Target
ebra3364.t1,Not_Target,Not_Target,Myosin_31
ebra1280.t1,Not_Target,Not_Target,Myosin_55
ebra1281.t1,Not_Target,Not_Target,Not_Target
ebra20222.t1,Not_Target,Not_Target,Not_Target
ebra20223.t1,Not_Target,Not_Target,Not_Target
ebra20224.t1,Myosin_19,Myosin_19,Myosin_11
ebra14654.t1,Not_Target,Not_Target,Not_Target
ebra14655.t1,Not_Target,Myosin_4,Myosin_4
ebra14656.t1,Not_Target,Not_Target,Myosin_19
ebra6489.t1,Not_Target,Not_Target,Not_Target
ebra6490.t1,Not_Target,Not_Target,Not_Target
ebra6491.t1,Not_Target,Not_Target,Not_Target
ebra4690.t1,Not_Target,Not_Target,Not_Target
ebra4691.t1,Not_Target,Not_Target,Myosin_1
ebra14610.t1,Not_Target,Not_Target,Not_Target
ebra14611.t1,Not_Target,Not_Target,Not_Target
ebra19518.t1,Not_Target,Not_Target,Not_Target
ebra8052.t1,Not_Target,Not_Target,Not_Target
ebra8053.t1,Not_Target,Not_Target,Not_Target
ebra6257.t1,Not_Target,Not_Target,Not_Target
ebra6258.t1,Not_Target,Not_Target,Not_Target
ebra12947.t1,Not_Target,Not_Target,Not_Target
ebra12948.t1,Myosin_37,Not_Target,Not_Target
ebra14032.t1,Not_Target,Not_Target,Not_Target
ebra14033.t1,Myosin_74,Myosin_74,Not_Target
ebra14034.t1,Not_Target,Not_Target,Not_Target
ebra13645.t1,Not_Target,Not_Target,Not_Target
ebra14335.t1,Myosin_19,Not_Target,Myosin_19
ebra14336.t1,Not_Target,Not_Target,Not_Target
ebra8058.t1,Not_Target,Not_Target,Not_Target
ebra4855.t1,Not_Target,Not_Target,Not_Target
ebra16754.t1,Not_Target,Not_Target,Myosin_4
ebra16755.t1,Not_Target,Not_Target,Not_Target
ebra5916.t1,Not_Target,Not_Target,Myosin_1
ebra662.t1,Not_Target,Not_Target,Not_Target
ebra2698.t1,Not_Target,Not_Target,Not_Target
ebra16390.t1,Not_Target,Not_Target,Not_Target
ebra834.t1,Myosin_18,Myosin_18,Myosin_3
ebra12205.t1,Not_Target,Not_Target,Not_Target
ebra18202.t1,Not_Target,Not_Target,Not_Target
ebra18203.t1,Not_Target,Not_Target,Not_Target
ebra14308.t1,Not_Target,Myosin_51,Not_Target
ebra14309.t1,Not_Target,Not_Target,Not_Target
ebra8665.t1,Not_Target,Not_Target,Not_Target
ebra2030.t1,Myosin_1,Myosin_1,Not_Target
ebra2031.t1,Not_Target,Not_Target,Not_Target
ebra2032.t1,Not_Target,Not_Target,Not_Target
ebra2033.t1,Not_Target,Not_Target,Not_Target
ebra17251.t1,Not_Target,Not_Target,Not_Target
ebra17252.t1,Not_Target,Not_Target,Not_Target
ebra17253.t1,Not_Target,Not_Target,Myosin_1
ebra15137.t1,Myosin_57,Not_Target,Myosin_8
ebra15138.t1,Not_Target,Not_Target,Not_Target
ebra5370.t1,Myosin_26,Myosin_26,Not_Target
ebra5371.t1,Not_Target,Not_Target,Myosin_24
ebra9953.t1,Not_Target,Myosin_57,Myosin_37
ebra15411.t1,Not_Target,Not_Target,Not_Target
ebra15412.t1,Not_Target,Not_Target,Not_Target
ebra11135.t1,Not_Target,Not_Target,Not_Target
ebra1908.t1,Not_Target,Not_Target,Not_Target
ebra1909.t1,Not_Target,Not_Target,Not_Target
ebra1910.t1,Not_Target,Not_Target,Not_Target
ebra7438.t1,Not_Target,Not_Target,Not_Target
ebra18811.t1,Not_Target,Not_Target,Not_Target
ebra18812.t1,Not_Target,Not_Target,Not_Target
ebra15559.t1,Not_Target,Not_Target,Not_Target
ebra15560.t1,Not_Target,Not_Target,Not_Target
ebra9069.t1,Not_Target,Myosin_57,Not_Target
ebra9070.t1,Not_Target,Not_Target,Not_Target
ebra8339.t1,Not_Target,Not_Target,Not_Target
ebra8340.t1,Not_Target,Myosin_18,Myosin_19
ebra8341.t1,Myosin_2,Not_Target,Not_Target
ebra12594.t1,Myosin_17,Not_Target,Not_Target
ebra12595.t1,Not_Target,Not_Target,Not_Target
ebra15993.t1,Not_Target,Not_Target,Not_Target
ebra15994.t1,Myosin_30,Myosin_1,Not_Target
ebra3624.t1,Not_Target,Not_Target,Not_Target
ebra4583.t1,Not_Target,Not_Target,Not_Target
ebra4584.t1,Not_Target,Not_Target,Not_Target
ebra18355.t1,Not_Target,Not_Target,Not_Target
ebra18356.t1,Not_Target,Not_Target,Not_Target
ebra6232.t1,Myosin_15,Not_Target,Myosin_7
ebra6233.t1,Not_Target,Not_Target,Not_Target
ebra10819.t1,Not_Target,Myosin_5,Not_Target
ebra10820.t1,Not_Target,Not_Target,Myosin_10
ebra14134.t1,Not_Target,Not_Target,Not_Target
ebra21162.t1,Not_Target,Not_Target,Not_Target
ebra21163.t1,Not_Target,Not_Target,Not_Target
ebra21164.t1,Not_Target,Not_Target,Not_Target
ebra9078.t1,Not_Target,Not_Target,Not_Target
ebra9079.t1,Myosin_5,Myosin_1,Not_Target
ebra13300.t1,Not_Target,Not_Target,Not_Target
ebra20243.t1,Not_Target,Not_Target,Not_Target
ebra20244.t1,Not_Target,Not_Target,Not_Target
ebra17868.t1,Not_Target,Not_Target,Not_Target
ebra4767.t1,Myosin_45,Not_Target,Not_Target
ebra10168.t1,Not_Target,Not_Target,Not_Target
ebra10169.t1,Not_Target,Not_Target,Not_Target
ebra14577.t1,Myosin_1,Myosin_1,Myosin_1
ebra14578.t1,Not_Target,Not_Target,Not_Target
ebra5049.t1,Not_Target,Not_Target,Not_Target
ebra5050.t1,Not_Target,Not_Target,Not_Target
ebra6715.t1,Myosin_45,Not_Target,Myosin_53
ebra14880.t1,Not_Target,Myosin_5,Not_Target
ebra8011.t1,Not_Target,Not_Target,Not_Target
ebra3620.t1,Not_Target,Not_Target,Not_Target
ebra3621.t1,Not_Target,Not_Target,Not_Target
ebra16918.t1,Myosin_19,Myosin_19,Myosin_23
ebra16919.t1,Not_Target,Not_Target,Not_Target
ebra18981.t1,Not_Target,Myosin_19,Not_Target
ebra18982.t1,Not_Target,Myosin_19,Not_Target
ebra8803.t1,Myosin_45,Myosin_2,Not_Target
ebra8804.t1,Not_Target,Myosin_18,Not_Target
ebra8805.t1,Not_Target,Not_Target,Not_Target
ebra5087.t1,Not_Target,Not_Target,Not_Target
ebra5088.t1,Not_Target,Not_Target,Myosin_51
ebra5089.t1,Not_Target,Not_Target,Not_Target
ebra3706.t1,Not_Target,Not_Target,Not_Target
ebra16886.t1,Not_Target,Not_Target,Not_Target
ebra1840.t1,Not_Target,Not_Target,Not_Target
ebra1841.t1,Not_Target,Not_Target,Not_Target
ebra1842.t1,Not_Target,Not_Target,Not_Target
ebra3615.t1,Myosin_5,Not_Target,Myosin_5
ebra3616.t1,Myosin_1,Myosin_1,Not_Target
ebra14992.t1,Not_Target,Not_Target,Not_Target
ebra14993.t1,Not_Target,Not_Target,Not_Target
ebra5503.t1,Not_Target,Not_Target,Not_Target
ebra5504.t1,Not_Target,Myosin_19,Not_Target
ebra3568.t1,Not_Target,Not_Target,Not_Target
ebra3569.t1,Not_Target,Not_Target,Not_Target
ebra6901.t1,Not_Target,Not_Target,Not_Target
ebra6902.t1,Not_Target,Not_Target,Not_Target
ebra6903.t1,Not_Target,Not_Target,Not_Target
ebra12184.t1,Myosin_45,Not_Target,Not_Target
ebra12185.t1,Not_Target,Not_Target,Myosin_3
ebra12186.t1,Myosin_19,Not_Target,Not_Target
ebra1005.t1,Not_Target,Not_Target,Not_Target
ebra1006.t1,Not_Target,Myosin_19,Not_Target
ebra1007.t1,Not_Target,Not_Target,Myosin_22
ebra17403.t1,Not_Target,Myosin_5,Not_Target
ebra2192.t1,Not_Target,Not_Target,Not_Target
ebra2193.t1,Not_Target,Not_Target,Not_Target
ebra11082.t1,Not_Target,Not_Target,Not_Target
ebra11083.t1,Not_Target,Not_Target,Not_Target
ebra11084.t1,Not_Target,Not_Target,Not_Target
ebra11867.t1,Myosin_18,Not_Target,Myosin_1
ebra11868.t1,Not_Target,Not_Target,Not_Target
ebra13131.t1,Not_Target,Not_Target,Not_Target
ebra13132.t1,Not_Target,Not_Target,Not_Target
ebra12943.t1,Not_Target,Not_Target,Not_Target
ebra12944.t1,Not_Target,Not_Target,Not_Target
ebra7024.t1,Not_Target,Not_Target,Not_Target
ebra7025.t1,Not_Target,Not_Target,Not_Target
ebra2148.t1,Not_Target,Not_Target,Not_Target
ebra12262.t1,Not_Target,Not_Target,Myosin_20
ebra15338.t1,Not_Target,Myosin_5,Myosin_4
ebra15339.t1,Not_Target,Not_Target,Not_Target
ebra15340.t1,Not_Target,Not_Target,Not_Target
ebra16756.t1,Not_Target,Myosin_19,Myosin_42
ebra15246.t1,Not_Target,Not_Target,Not_Target
ebra15247.t1,Not_Target,Not_Target,Myosin_1
ebra15248.t1,Not_Target,Myosin_28,Myosin_1
ebra15249.t1,Not_Target,Not_Target,Not_Target
ebra17797.t1,Not_Target,Not_Target,Not_Target
ebra17798.t1,Not_Target,Not_Target,Not_Target
ebra2349.t1,Not_Target,Not_Target,Not_Target
ebra2350.t1,Not_Target,Not_Target,Not_Target
ebra3935.t1,Myosin_8,Myosin_18,Not_Target
ebra3936.t1,Not_Target,Not_Target,Not_Target
ebra3937.t1,Not_Target,Not_Target,Not_Target
ebra3938.t1,Not_Target,Not_Target,Not_Target
ebra10844.t1,Not_Target,Not_Target,Not_Target
ebra10845.t1,Myosin_53,Myosin_18,Not_Target
ebra11836.t1,Not_Target,Myosin_73,Not_Target
ebra584.t1,Not_Target,Not_Target,Myosin_38
ebra585.t1,Not_Target,Myosin_51,Myosin_20
ebra586.t1,Not_Target,Not_Target,Not_Target
ebra10092.t1,Not_Target,Not_Target,Not_Target
ebra10093.t1,Not_Target,Not_Target,Myosin_2
ebra3004.t1,Not_Target,Not_Target,Myosin_20
ebra3005.t1,Myosin_26,Not_Target,Not_Target
ebra3006.t1,Not_Target,Myosin_57,Myosin_2
ebra21200.t1,Not_Target,Myosin_2,Not_Target
ebra21201.t1,Not_Target,Not_Target,Not_Target
ebra1956.t1,Myosin_57,Myosin_57,Myosin_1
ebra6441.t1,Not_Target,Myosin_5,Not_Target
ebra2434.t1,Not_Target,Not_Target,Not_Target
ebra2435.t1,Not_Target,Not_Target,Myosin_20
ebra3082.t1,Myosin_45,Myosin_16,Not_Target
ebra4378.t1,Not_Target,Not_Target,Myosin_5
ebra6044.t1,Myosin_6,Myosin_57,Not_Target
ebra6045.t1,Myosin_19,Myosin_19,Myosin_11
ebra14606.t1,Not_Target,Myosin_57,Not_Target
ebra14607.t1,Not_Target,Myosin_18,Not_Target
ebra14608.t1,Not_Target,Not_Target,Not_Target
ebra11088.t1,Not_Target,Not_Target,Not_Target
ebra11089.t1,Myosin_58,Myosin_51,Not_Target
ebra11090.t1,Myosin_2,Myosin_2,Not_Target
ebra11797.t1,Myosin_57,Not_Target,Not_Target
ebra5761.t1,Not_Target,Not_Target,Not_Target
ebra20011.t1,Myosin_37,Myosin_37,Not_Target
ebra20012.t1,Not_Target,Not_Target,Not_Target
ebra20919.t1,Not_Target,Not_Target,Not_Target
ebra6932.t1,Not_Target,Not_Target,Not_Target
ebra6933.t1,Not_Target,Not_Target,Myosin_8
ebra6934.t1,Not_Target,Not_Target,Not_Target
ebra1961.t1,Myosin_1,Myosin_1,Not_Target
ebra10457.t1,Myosin_6,Not_Target,Myosin_20
ebra13456.t1,Not_Target,Not_Target,Not_Target
ebra10504.t1,Not_Target,Not_Target,Not_Target
ebra3365.t1,Not_Target,Not_Target,Not_Target
ebra3366.t1,Not_Target,Myosin_24,Not_Target
ebra3367.t1,Not_Target,Not_Target,Not_Target
ebra8136.t1,Not_Target,Not_Target,Not_Target
ebra8137.t1,Not_Target,Myosin_57,Not_Target
ebra5219.t1,Not_Target,Not_Target,Not_Target
ebra5220.t1,Not_Target,Myosin_5,Not_Target
ebra5221.t1,Not_Target,Myosin_5,Not_Target
ebra5222.t1,Not_Target,Not_Target,Not_Target
ebra21461.t1,Myosin_81,Not_Target,Myosin_1
ebra6579.t1,Myosin_45,Not_Target,Myosin_3
ebra320.t1,Not_Target,Not_Target,Not_Target
ebra321.t1,Not_Target,Not_Target,Not_Target
ebra18628.t1,Myosin_27,Myosin_5,Not_Target
ebra18629.t1,Not_Target,Not_Target,Not_Target
ebra18630.t1,Not_Target,Not_Target,Not_Target
ebra9035.t1,Not_Target,Not_Target,Not_Target
ebra9036.t1,Not_Target,Not_Target,Not_Target
ebra9037.t1,Myosin_45,Not_Target,Not_Target
ebra9038.t1,Myosin_45,Not_Target,Not_Target
ebra9039.t1,Not_Target,Not_Target,Not_Target
ebra21615.t1,Actin,Actin,Actin
ebra21616.t1,Not_Target,Not_Target,Myosin_51
ebra7224.t1,Not_Target,Myosin_74,Not_Target
ebra7225.t1,Not_Target,Not_Target,Not_Target
ebra7226.t1,Not_Target,Not_Target,Not_Target
ebra7227.t1,Not_Target,Not_Target,Not_Target
ebra7799.t1,Not_Target,Not_Target,Not_Target
ebra8139.t1,Not_Target,Not_Target,Myosin_5
ebra7737.t1,Not_Target,Not_Target,Not_Target
ebra7738.t1,Not_Target,Not_Target,Not_Target
ebra6904.t1,Not_Target,Not_Target,Not_Target
ebra6905.t1,Not_Target,Not_Target,Not_Target
ebra6906.t1,Not_Target,Not_Target,Not_Target
ebra8678.t1,Not_Target,Not_Target,Not_Target
ebra4126.t1,Myosin_6,Myosin_1,Not_Target
ebra4127.t1,Not_Target,Not_Target,Not_Target
ebra11743.t1,Not_Target,Not_Target,Not_Target
ebra1644.t1,Myosin_15,Myosin_26,Not_Target
ebra1380.t1,Myosin_64,Not_Target,Not_Target
ebra21348.t1,Not_Target,Not_Target,Not_Target
ebra21349.t1,Not_Target,Not_Target,Not_Target
ebra21350.t1,Not_Target,Not_Target,Not_Target
ebra774.t1,Myosin_1,Not_Target,Not_Target
ebra7841.t1,Not_Target,Not_Target,Not_Target
ebra19886.t1,Not_Target,Not_Target,Not_Target
ebra19887.t1,Not_Target,Not_Target,Not_Target
ebra15997.t1,Not_Target,Not_Target,Not_Target
ebra430.t1,Not_Target,Myosin_28,Not_Target
ebra3076.t1,Not_Target,Not_Target,Myosin_5
ebra19592.t1,Not_Target,Not_Target,Not_Target
ebra10454.t1,Not_Target,Not_Target,Not_Target
ebra10455.t1,Not_Target,Not_Target,Not_Target
ebra10456.t1,Not_Target,Not_Target,Not_Target
ebra17516.t1,Myosin_19,Not_Target,Not_Target
ebra17517.t1,Not_Target,Not_Target,Not_Target
ebra21165.t1,Not_Target,Not_Target,Not_Target
ebra21166.t1,Myosin_17,Myosin_1,Myosin_37
ebra8212.t1,Not_Target,Not_Target,Myosin_1
ebra8213.t1,Myosin_19,Myosin_19,Not_Target
ebra4816.t1,Not_Target,Not_Target,Not_Target
ebra4817.t1,Myosin_31,Myosin_31,Myosin_17
ebra4818.t1,Not_Target,Not_Target,Myosin_2
ebra9108.t1,Not_Target,Myosin_6,Myosin_20
ebra599.t1,Not_Target,Not_Target,Not_Target
ebra600.t1,Not_Target,Not_Target,Not_Target
ebra8229.t1,Not_Target,Not_Target,Myosin_19
ebra8230.t1,Not_Target,Not_Target,Not_Target
ebra12585.t1,Myosin_45,Not_Target,Myosin_5
ebra15370.t1,Not_Target,Myosin_1,Myosin_4
ebra15371.t1,Not_Target,Not_Target,Myosin_20
ebra19620.t1,Myosin_26,Not_Target,Myosin_2
ebra16075.t1,Not_Target,Myosin_26,Not_Target
ebra15173.t1,Myosin_71,Not_Target,Not_Target
ebra15174.t1,Not_Target,Not_Target,Myosin_20
ebra10757.t1,Not_Target,Myosin_1,Not_Target
ebra4809.t1,Not_Target,Myosin_5,Not_Target
ebra5097.t1,Not_Target,Not_Target,Not_Target
ebra5098.t1,Not_Target,Not_Target,Not_Target
ebra13894.t1,Not_Target,Not_Target,Myosin_2
ebra6439.t1,Myosin_26,Myosin_17,Not_Target
ebra20234.t1,Myosin_27,Not_Target,Myosin_3
ebra14679.t1,Not_Target,Not_Target,Not_Target
ebra14680.t1,Not_Target,Not_Target,Not_Target
ebra14958.t1,Not_Target,Not_Target,Not_Target
ebra1737.t1,Not_Target,Not_Target,Not_Target
ebra1738.t1,Not_Target,Not_Target,Not_Target
ebra1739.t1,Not_Target,Not_Target,Not_Target
ebra17428.t1,Not_Target,Not_Target,Not_Target
ebra14277.t1,Not_Target,Myosin_19,Not_Target
ebra14278.t1,Not_Target,Myosin_19,Not_Target
ebra11485.t1,Not_Target,Not_Target,Not_Target
ebra2323.t1,Not_Target,Not_Target,Not_Target
ebra20070.t1,Myosin_74,Myosin_74,Not_Target
ebra20071.t1,Not_Target,Not_Target,Not_Target
ebra13542.t1,Not_Target,Not_Target,Not_Target
ebra2857.t1,Myosin_81,Myosin_81,Not_Target
ebra2858.t1,Myosin_81,Myosin_5,Not_Target
ebra6714.t1,Not_Target,Not_Target,Not_Target
ebra3494.t1,Not_Target,Myosin_19,Not_Target
ebra3495.t1,Myosin_1,Myosin_1,Not_Target
ebra3883.t1,Not_Target,Not_Target,Not_Target
ebra1025.t1,Not_Target,Myosin_5,Not_Target
ebra8628.t1,Not_Target,Not_Target,Not_Target
ebra7273.t1,Myosin_19,Myosin_19,Myosin_28
ebra8921.t1,Not_Target,Not_Target,Not_Target
ebra8922.t1,Not_Target,Not_Target,Not_Target
ebra9771.t1,Not_Target,Not_Target,Not_Target
ebra8236.t1,Not_Target,Not_Target,Not_Target
ebra8237.t1,Not_Target,Not_Target,Not_Target
ebra8238.t1,Not_Target,Myosin_22,Not_Target
ebra20886.t1,Myosin_18,Myosin_8,Not_Target
ebra20887.t1,Not_Target,Not_Target,Not_Target
ebra18182.t1,Myosin_1,Myosin_1,Not_Target
ebra18765.t1,Not_Target,Not_Target,Myosin_19
ebra18766.t1,Not_Target,Not_Target,Not_Target
ebra5116.t1,Not_Target,Myosin_6,Not_Target
ebra5117.t1,Myosin_2,Not_Target,Not_Target
ebra14584.t1,Not_Target,Myosin_1,Not_Target
ebra20760.t1,Not_Target,Not_Target,Not_Target
ebra20761.t1,Myosin_26,Not_Target,Not_Target
ebra11043.t1,Not_Target,Not_Target,Not_Target
ebra12449.t1,Myosin_2,Not_Target,Not_Target
ebra10516.t1,Not_Target,Not_Target,Not_Target
ebra10517.t1,Not_Target,Not_Target,Not_Target
ebra19971.t1,Not_Target,Myosin_5,Not_Target
ebra16513.t1,Not_Target,Myosin_17,Not_Target
ebra16990.t1,Myosin_19,Myosin_19,Not_Target
ebra16991.t1,Not_Target,Myosin_19,Not_Target
ebra3126.t1,Not_Target,Myosin_8,Not_Target
ebra3127.t1,Not_Target,Not_Target,Not_Target
ebra3128.t1,Not_Target,Not_Target,Not_Target
ebra4361.t1,Myosin_1,Not_Target,Not_Target
ebra3508.t1,Not_Target,Myosin_57,Not_Target
ebra3509.t1,Myosin_2,Not_Target,Not_Target
ebra3510.t1,Myosin_19,Myosin_19,Myosin_1
ebra2050.t1,Not_Target,Not_Target,Myosin_20
ebra2051.t1,Not_Target,Not_Target,Not_Target
ebra10020.t1,Not_Target,Not_Target,Not_Target
ebra10021.t1,Not_Target,Not_Target,Not_Target
ebra9962.t1,Not_Target,Not_Target,Not_Target
ebra9963.t1,Not_Target,Myosin_56,Not_Target
ebra20758.t1,Not_Target,Not_Target,Not_Target
ebra12734.t1,Not_Target,Not_Target,Not_Target
ebra15381.t1,Not_Target,Not_Target,Not_Target
ebra15382.t1,Not_Target,Not_Target,Not_Target
ebra20072.t1,Not_Target,Not_Target,Not_Target
ebra20073.t1,Not_Target,Myosin_5,Not_Target
ebra20074.t1,Not_Target,Not_Target,Not_Target
ebra20075.t1,Myosin_1,Not_Target,Myosin_1
ebra9204.t1,Not_Target,Not_Target,Not_Target
ebra9205.t1,Not_Target,Not_Target,Not_Target
ebra18237.t1,Myosin_20,Not_Target,Myosin_27
ebra14279.t1,Myosin_1,Myosin_74,Myosin_1
ebra14280.t1,Not_Target,Not_Target,Not_Target
ebra14281.t1,Not_Target,Not_Target,Not_Target
ebra11700.t1,Not_Target,Not_Target,Not_Target
ebra6751.t1,Not_Target,Not_Target,Not_Target
ebra6752.t1,Not_Target,Not_Target,Not_Target
ebra5420.t1,Not_Target,Not_Target,Not_Target
ebra4859.t1,Not_Target,Myosin_57,Not_Target
ebra4860.t1,Not_Target,Not_Target,Not_Target
ebra11739.t1,Not_Target,Not_Target,Not_Target
ebra11740.t1,Not_Target,Myosin_2,Not_Target
ebra19401.t1,Not_Target,Not_Target,Not_Target
ebra20478.t1,Not_Target,Not_Target,Not_Target
ebra20479.t1,Not_Target,Myosin_66,Not_Target
ebra14322.t1,Not_Target,Not_Target,Not_Target
ebra14323.t1,Not_Target,Not_Target,Not_Target
ebra3816.t1,Myosin_19,Myosin_19,Myosin_13
ebra1911.t1,Myosin_36,Not_Target,Myosin_5
ebra9719.t1,Not_Target,Myosin_18,Not_Target
ebra21453.t1,Not_Target,Myosin_19,Not_Target
ebra21454.t1,Not_Target,Myosin_1,Not_Target
ebra20246.t1,Myosin_18,Not_Target,Not_Target
ebra13767.t1,Myosin_45,Not_Target,Not_Target
ebra9797.t1,Myosin_31,Myosin_18,Not_Target
ebra9798.t1,Not_Target,Myosin_57,Not_Target
ebra18279.t1,Myosin_19,Myosin_19,Not_Target
ebra6802.t1,Not_Target,Not_Target,Not_Target
ebra6803.t1,Not_Target,Not_Target,Not_Target
ebra11520.t1,Not_Target,Not_Target,Not_Target
ebra11521.t1,Not_Target,Not_Target,Not_Target
ebra5113.t1,Not_Target,Not_Target,Not_Target
ebra5114.t1,Not_Target,Myosin_57,Myosin_8
ebra944.t1,Not_Target,Myosin_1,Not_Target
ebra10851.t1,Not_Target,Not_Target,Not_Target
ebra3297.t1,Myosin_2,Myosin_2,Not_Target
ebra4720.t1,Not_Target,Not_Target,Not_Target
ebra18791.t1,Myosin_45,Not_Target,Not_Target
ebra18792.t1,Myosin_45,Not_Target,Not_Target
ebra7570.t1,Not_Target,Myosin_18,Not_Target
ebra7571.t1,Not_Target,Not_Target,Not_Target
ebra3746.t1,Myosin_19,Myosin_19,Myosin_13
ebra19740.t1,Not_Target,Not_Target,Myosin_1
ebra16076.t1,Not_Target,Not_Target,Not_Target
ebra16077.t1,Not_Target,Not_Target,Not_Target
ebra16078.t1,Not_Target,Not_Target,Not_Target
ebra15224.t1,Not_Target,Not_Target,Not_Target
ebra15225.t1,Not_Target,Not_Target,Not_Target
ebra21405.t1,Not_Target,Not_Target,Not_Target
ebra21406.t1,Not_Target,Not_Target,Not_Target
ebra12834.t1,Not_Target,Not_Target,Not_Target
ebra6962.t1,Not_Target,Not_Target,Not_Target
ebra6963.t1,Not_Target,Myosin_51,Myosin_19
ebra19883.t1,Not_Target,Not_Target,Not_Target
ebra19884.t1,Not_Target,Not_Target,Not_Target
ebra4482.t1,Myosin_19,Myosin_19,Myosin_11
ebra1310.t1,Myosin_19,Myosin_1,Myosin_57
ebra18364.t1,Not_Target,Not_Target,Not_Target
ebra15277.t1,Not_Target,Not_Target,Not_Target
ebra13281.t1,Not_Target,Myosin_19,Myosin_2
ebra13282.t1,Not_Target,Myosin_47,Not_Target
ebra10468.t1,Not_Target,Not_Target,Not_Target
ebra10469.t1,Not_Target,Not_Target,Not_Target
ebra21416.t1,Not_Target,Myosin_10,Not_Target
ebra21417.t1,Not_Target,Not_Target,Not_Target
ebra21418.t1,Not_Target,Not_Target,Not_Target
ebra9047.t1,Not_Target,Not_Target,Not_Target
ebra20049.t1,Myosin_3,Not_Target,Myosin_3
ebra1943.t1,Not_Target,Not_Target,Not_Target
ebra1944.t1,Not_Target,Not_Target,Not_Target
ebra17959.t1,Not_Target,Not_Target,Not_Target
ebra12840.t1,Not_Target,Not_Target,Myosin_5
ebra12841.t1,Myosin_2,Not_Target,Not_Target
ebra17363.t1,Not_Target,Myosin_19,Not_Target
ebra10498.t1,Not_Target,Not_Target,Not_Target
ebra10499.t1,Not_Target,Not_Target,Not_Target
ebra18859.t1,Not_Target,Not_Target,Not_Target
ebra18860.t1,Not_Target,Not_Target,Not_Target
ebra15135.t1,Not_Target,Not_Target,Not_Target
ebra15136.t1,Not_Target,Myosin_2,Not_Target
ebra6290.t1,Not_Target,Not_Target,Myosin_57
ebra6291.t1,Not_Target,Not_Target,Not_Target
ebra11918.t1,Not_Target,Not_Target,Not_Target
ebra11919.t1,Not_Target,Not_Target,Not_Target
ebra2728.t1,Not_Target,Not_Target,Not_Target
ebra2729.t1,Not_Target,Not_Target,Not_Target
ebra15448.t1,Not_Target,Not_Target,Not_Target
ebra15449.t1,Not_Target,Not_Target,Myosin_19
ebra10566.t1,Not_Target,Not_Target,Not_Target
ebra11644.t1,Not_Target,Not_Target,Not_Target
ebra11645.t1,Not_Target,Not_Target,Not_Target
ebra13296.t1,Not_Target,Not_Target,Not_Target
ebra13297.t1,Not_Target,Myosin_19,Not_Target
ebra13298.t1,Not_Target,Not_Target,Not_Target
ebra16654.t1,Not_Target,Not_Target,Not_Target
ebra5734.t1,Not_Target,Not_Target,Not_Target
ebra5735.t1,Not_Target,Myosin_13,Not_Target
ebra20239.t1,Not_Target,Not_Target,Not_Target
ebra18103.t1,Not_Target,Not_Target,Not_Target
ebra15917.t1,Myosin_1,Not_Target,Not_Target
ebra7260.t1,Not_Target,Not_Target,Not_Target
ebra7261.t1,Not_Target,Not_Target,Not_Target
ebra1133.t1,Myosin_1,Myosin_1,Not_Target
ebra1134.t1,Not_Target,Not_Target,Not_Target
ebra7852.t1,Not_Target,Not_Target,Not_Target
ebra7853.t1,Not_Target,Myosin_5,Not_Target
ebra4856.t1,Not_Target,Not_Target,Not_Target
ebra4857.t1,Not_Target,Not_Target,Not_Target
ebra1878.t1,Not_Target,Not_Target,Myosin_20
ebra11754.t1,Myosin_17,Myosin_17,Not_Target
ebra11755.t1,Not_Target,Not_Target,Not_Target
ebra14258.t1,Not_Target,Not_Target,Not_Target
ebra14259.t1,Not_Target,Myosin_57,Not_Target
ebra3636.t1,Not_Target,Not_Target,Not_Target
ebra3637.t1,Not_Target,Not_Target,Not_Target
ebra19422.t1,Myosin_19,Myosin_19,Not_Target
ebra19423.t1,Not_Target,Myosin_24,Not_Target
ebra9150.t1,Myosin_31,Not_Target,Not_Target
ebra9151.t1,Not_Target,Myosin_5,Not_Target
ebra9152.t1,Myosin_4,Myosin_4,Myosin_11
ebra19445.t1,Not_Target,Not_Target,Not_Target
ebra19446.t1,Myosin_19,Myosin_19,Not_Target
ebra3622.t1,Not_Target,Not_Target,Myosin_30
ebra3623.t1,Not_Target,Not_Target,Myosin_2
ebra7111.t1,Not_Target,Myosin_57,Not_Target
ebra9113.t1,Myosin_15,Not_Target,Myosin_37
ebra9114.t1,Not_Target,Myosin_1,Not_Target
ebra4780.t1,Not_Target,Not_Target,Not_Target
ebra19966.t1,Not_Target,Not_Target,Not_Target
ebra21617.t1,Not_Target,Not_Target,Not_Target
ebra5353.t1,Myosin_37,Myosin_1,Myosin_5
ebra8549.t1,Myosin_26,Myosin_11,Not_Target
ebra12716.t1,Not_Target,Not_Target,Not_Target
ebra12717.t1,Not_Target,Not_Target,Not_Target
ebra6991.t1,Not_Target,Not_Target,Not_Target
ebra18050.t1,Myosin_57,Myosin_57,Not_Target
ebra4764.t1,Not_Target,Not_Target,Not_Target
ebra7588.t1,Myosin_19,Myosin_19,Not_Target
ebra7589.t1,Not_Target,Not_Target,Myosin_8
ebra7590.t1,Not_Target,Not_Target,Not_Target
ebra14319.t1,Not_Target,Not_Target,Not_Target
ebra14320.t1,Myosin_2,Not_Target,Not_Target
ebra14321.t1,Not_Target,Not_Target,Not_Target
ebra911.t1,Not_Target,Not_Target,Myosin_2
ebra10930.t1,Myosin_45,Myosin_51,Myosin_13
ebra10931.t1,Not_Target,Not_Target,Not_Target
ebra15313.t1,Not_Target,Not_Target,Not_Target
ebra18446.t1,Not_Target,Not_Target,Not_Target
ebra2070.t1,Not_Target,Not_Target,Not_Target
ebra2071.t1,Not_Target,Not_Target,Not_Target
ebra3743.t1,Not_Target,Not_Target,Not_Target
ebra3744.t1,Not_Target,Not_Target,Not_Target
ebra18236.t1,Not_Target,Not_Target,Not_Target
ebra1587.t1,Not_Target,Not_Target,Not_Target
ebra1588.t1,Myosin_1,Myosin_1,Myosin_1
ebra19715.t1,Myosin_51,Myosin_51,Myosin_51
ebra19716.t1,Not_Target,Not_Target,Not_Target
ebra2550.t1,Not_Target,Myosin_5,Not_Target
ebra367.t1,Not_Target,Not_Target,Not_Target
ebra5339.t1,Not_Target,Not_Target,Not_Target
ebra5340.t1,Not_Target,Not_Target,Not_Target
ebra17119.t1,Not_Target,Not_Target,Not_Target
ebra5903.t1,Not_Target,Not_Target,Not_Target
ebra5904.t1,Not_Target,Myosin_5,Not_Target
ebra5905.t1,Not_Target,Myosin_1,Not_Target
ebra13770.t1,Myosin_2,Not_Target,Not_Target
ebra13771.t1,Myosin_2,Not_Target,Not_Target
ebra8966.t1,Not_Target,Not_Target,Not_Target
ebra16640.t1,Not_Target,Not_Target,Not_Target
ebra16641.t1,Myosin_27,Not_Target,Myosin_2
ebra2879.t1,Not_Target,Myosin_19,Not_Target
ebra1266.t1,Not_Target,Not_Target,Not_Target
ebra1267.t1,Not_Target,Not_Target,Not_Target
ebra1268.t1,Not_Target,Not_Target,Not_Target
ebra11170.t1,Not_Target,Not_Target,Not_Target
ebra17141.t1,Not_Target,Not_Target,Not_Target
ebra17142.t1,Not_Target,Not_Target,Myosin_19
ebra17143.t1,Not_Target,Not_Target,Not_Target
ebra17144.t1,Not_Target,Not_Target,Not_Target
ebra5738.t1,Not_Target,Not_Target,Not_Target
ebra12053.t1,Not_Target,Not_Target,Not_Target
ebra8191.t1,Not_Target,Not_Target,Not_Target
ebra9966.t1,Not_Target,Not_Target,Not_Target
ebra9967.t1,Not_Target,Not_Target,Not_Target
ebra17742.t1,Not_Target,Not_Target,Not_Target
ebra17743.t1,Not_Target,Not_Target,Not_Target
ebra11564.t1,Myosin_55,Not_Target,Not_Target
ebra748.t1,Not_Target,Not_Target,Not_Target
ebra749.t1,Not_Target,Not_Target,Not_Target
ebra750.t1,Not_Target,Not_Target,Not_Target
ebra7204.t1,Not_Target,Not_Target,Not_Target
ebra6326.t1,Not_Target,Not_Target,Not_Target
ebra6327.t1,Not_Target,Not_Target,Not_Target
ebra6328.t1,Myosin_15,Not_Target,Not_Target
ebra15664.t1,Myosin_30,Not_Target,Myosin_37
ebra9396.t1,Not_Target,Not_Target,Not_Target
ebra9397.t1,Not_Target,Not_Target,Not_Target
ebra3601.t1,Not_Target,Not_Target,Not_Target
ebra3602.t1,Not_Target,Not_Target,Not_Target
ebra1137.t1,Not_Target,Not_Target,Not_Target
ebra6155.t1,Not_Target,Not_Target,Not_Target
ebra14078.t1,Myosin_37,Myosin_37,Not_Target
ebra14079.t1,Not_Target,Myosin_18,Not_Target
ebra12604.t1,Not_Target,Not_Target,Not_Target
ebra17997.t1,Myosin_19,Myosin_19,Not_Target
ebra6513.t1,Not_Target,Not_Target,Not_Target
ebra6514.t1,Myosin_81,Myosin_4,Not_Target
ebra5115.t1,Not_Target,Not_Target,Not_Target
ebra16889.t1,Not_Target,Myosin_17,Not_Target
ebra16890.t1,Myosin_6,Myosin_5,Myosin_5
ebra15035.t1,Not_Target,Not_Target,Not_Target
ebra15036.t1,Not_Target,Not_Target,Not_Target
ebra15037.t1,Not_Target,Not_Target,Not_Target
ebra15038.t1,Not_Target,Not_Target,Not_Target
ebra14645.t1,Not_Target,Not_Target,Not_Target
ebra20974.t1,Not_Target,Not_Target,Not_Target
ebra20975.t1,Not_Target,Not_Target,Not_Target
ebra14448.t1,Not_Target,Not_Target,Not_Target
ebra12998.t1,Not_Target,Not_Target,Not_Target
ebra12999.t1,Not_Target,Not_Target,Not_Target
ebra17663.t1,Not_Target,Not_Target,Not_Target
ebra17664.t1,Not_Target,Not_Target,Not_Target
ebra8059.t1,Not_Target,Not_Target,Not_Target
ebra8060.t1,Not_Target,Not_Target,Not_Target
ebra21610.t1,Not_Target,Not_Target,Not_Target
ebra21611.t1,Not_Target,Not_Target,Not_Target
ebra21612.t1,Not_Target,Not_Target,Not_Target
ebra21613.t1,Not_Target,Not_Target,Not_Target
ebra9969.t1,Not_Target,Not_Target,Not_Target
ebra16422.t1,Not_Target,Not_Target,Not_Target
ebra18137.t1,Not_Target,Not_Target,Not_Target
ebra18138.t1,Not_Target,Myosin_18,Not_Target
ebra19126.t1,Not_Target,Not_Target,Not_Target
ebra1879.t1,Not_Target,Not_Target,Not_Target
ebra1880.t1,Not_Target,Not_Target,Not_Target
ebra1523.t1,Not_Target,Not_Target,Not_Target
ebra1524.t1,Not_Target,Not_Target,Not_Target
ebra9934.t1,Not_Target,Not_Target,Not_Target
ebra9935.t1,Not_Target,Not_Target,Not_Target
ebra7740.t1,Not_Target,Not_Target,Not_Target
ebra7741.t1,Not_Target,Myosin_2,Not_Target
ebra19453.t1,Not_Target,Myosin_11,Not_Target
ebra1979.t1,Not_Target,Myosin_55,Not_Target
ebra1980.t1,Not_Target,Myosin_55,Not_Target
ebra3411.t1,Not_Target,Not_Target,Myosin_19
ebra9468.t1,Not_Target,Not_Target,Myosin_9
ebra9469.t1,Myosin_45,Not_Target,Not_Target
ebra11821.t1,Not_Target,Myosin_19,Not_Target
ebra9846.t1,Not_Target,Not_Target,Not_Target
ebra9847.t1,Not_Target,Not_Target,Not_Target
ebra19938.t1,Myosin_16,Not_Target,Myosin_8
ebra19939.t1,Not_Target,Not_Target,Not_Target
ebra19940.t1,Not_Target,Not_Target,Not_Target
ebra20352.t1,Not_Target,Myosin_1,Not_Target
ebra20353.t1,Not_Target,Myosin_1,Not_Target
ebra2560.t1,Not_Target,Myosin_57,Not_Target
ebra2561.t1,Not_Target,Not_Target,Not_Target
ebra2562.t1,Not_Target,Not_Target,Not_Target
ebra17450.t1,Myosin_24,Not_Target,Not_Target
ebra18165.t1,Not_Target,Not_Target,Not_Target
ebra17007.t1,Not_Target,Not_Target,Myosin_1
ebra17008.t1,Not_Target,Myosin_1,Not_Target
ebra17009.t1,Not_Target,Not_Target,Not_Target
ebra1433.t1,Not_Target,Not_Target,Not_Target
ebra6835.t1,Not_Target,Not_Target,Not_Target
ebra6836.t1,Not_Target,Not_Target,Not_Target
ebra2396.t1,Myosin_2,Not_Target,Not_Target
ebra15131.t1,Not_Target,Not_Target,Not_Target
ebra15132.t1,Not_Target,Not_Target,Not_Target
ebra20573.t1,Myosin_51,Not_Target,Myosin_5
ebra12934.t1,Not_Target,Not_Target,Not_Target
ebra12935.t1,Not_Target,Not_Target,Not_Target
ebra7320.t1,Not_Target,Not_Target,Not_Target
ebra7262.t1,Not_Target,Not_Target,Not_Target
ebra17120.t1,Myosin_51,Myosin_6,Not_Target
ebra17121.t1,Myosin_81,Not_Target,Not_Target
ebra8825.t1,Not_Target,Not_Target,Not_Target
ebra8826.t1,Not_Target,Myosin_19,Not_Target
ebra5831.t1,Not_Target,Not_Target,Myosin_8
ebra5832.t1,Not_Target,Not_Target,Not_Target
ebra7496.t1,Not_Target,Not_Target,Not_Target
ebra8995.t1,Not_Target,Not_Target,Not_Target
ebra802.t1,Not_Target,Not_Target,Not_Target
ebra11501.t1,Myosin_24,Myosin_22,Myosin_20
ebra20708.t1,Not_Target,Not_Target,Not_Target
ebra3617.t1,Not_Target,Not_Target,Myosin_1
ebra21161.t1,Not_Target,Myosin_3,Myosin_8
ebra16307.t1,Not_Target,Not_Target,Not_Target
ebra6496.t1,Not_Target,Not_Target,Not_Target
ebra15238.t1,Not_Target,Not_Target,Myosin_3
ebra15239.t1,Not_Target,Not_Target,Myosin_3
ebra17474.t1,Not_Target,Not_Target,Not_Target
ebra12007.t1,Myosin_26,Not_Target,Myosin_45
ebra3610.t1,Not_Target,Not_Target,Not_Target
ebra3611.t1,Not_Target,Not_Target,Not_Target
ebra14369.t1,Not_Target,Not_Target,Not_Target
ebra19921.t1,Not_Target,Not_Target,Not_Target
ebra18040.t1,Not_Target,Not_Target,Not_Target
ebra18041.t1,Not_Target,Not_Target,Not_Target
ebra1713.t1,Not_Target,Not_Target,Not_Target
ebra14142.t1,Not_Target,Not_Target,Not_Target
ebra14143.t1,Not_Target,Not_Target,Not_Target
ebra3129.t1,Not_Target,Myosin_19,Not_Target
ebra9927.t1,Not_Target,Not_Target,Not_Target
ebra9928.t1,Not_Target,Not_Target,Not_Target
ebra13340.t1,Not_Target,Not_Target,Not_Target
ebra13341.t1,Not_Target,Not_Target,Not_Target
ebra14440.t1,Not_Target,Myosin_57,Not_Target
ebra14441.t1,Myosin_2,Myosin_2,Not_Target
ebra6711.t1,Not_Target,Myosin_26,Not_Target
ebra18897.t1,Not_Target,Not_Target,Not_Target
ebra18898.t1,Myosin_2,Myosin_2,Not_Target
ebra18899.t1,Not_Target,Not_Target,Not_Target
ebra18413.t1,Not_Target,Not_Target,Not_Target
ebra18414.t1,Not_Target,Not_Target,Not_Target
ebra986.t1,Not_Target,Not_Target,Myosin_58
ebra10623.t1,Myosin_7,Myosin_22,Not_Target
ebra20686.t1,Myosin_1,Myosin_1,Not_Target
ebra11563.t1,Myosin_2,Not_Target,Not_Target
ebra3319.t1,Not_Target,Not_Target,Not_Target
ebra8334.t1,Not_Target,Myosin_5,Not_Target
ebra8335.t1,Not_Target,Myosin_57,Not_Target
ebra8336.t1,Myosin_15,Myosin_1,Not_Target
ebra2770.t1,Myosin_57,Myosin_18,Not_Target
ebra13641.t1,Not_Target,Myosin_6,Not_Target
ebra5390.t1,Not_Target,Myosin_19,Not_Target
ebra5391.t1,Not_Target,Not_Target,Not_Target
ebra3864.t1,Not_Target,Not_Target,Not_Target
ebra3865.t1,Not_Target,Not_Target,Not_Target
ebra14529.t1,Not_Target,Myosin_4,Not_Target
ebra21629.t1,Not_Target,Not_Target,Not_Target
ebra21630.t1,Not_Target,Not_Target,Not_Target
ebra21631.t1,Not_Target,Myosin_55,Not_Target
ebra18717.t1,Not_Target,Not_Target,Not_Target
ebra12270.t1,Not_Target,Myosin_57,Myosin_8
ebra4994.t1,Myosin_2,Myosin_2,Not_Target
ebra10088.t1,Not_Target,Not_Target,Not_Target
ebra10089.t1,Not_Target,Not_Target,Not_Target
ebra2259.t1,Not_Target,Not_Target,Not_Target
ebra15604.t1,Not_Target,Not_Target,Not_Target
ebra15995.t1,Not_Target,Not_Target,Not_Target
ebra9900.t1,Not_Target,Not_Target,Not_Target
ebra1574.t1,Not_Target,Not_Target,Not_Target
ebra1575.t1,Not_Target,Not_Target,Not_Target
ebra8801.t1,Not_Target,Myosin_4,Myosin_19
ebra8802.t1,Not_Target,Not_Target,Not_Target
ebra21344.t1,Not_Target,Not_Target,Myosin_5
ebra783.t1,Myosin_45,Myosin_16,Not_Target
ebra415.t1,Not_Target,Not_Target,Not_Target
ebra416.t1,Not_Target,Not_Target,Not_Target
ebra9177.t1,Myosin_26,Not_Target,Not_Target
ebra9178.t1,Not_Target,Not_Target,Not_Target
ebra4777.t1,Myosin_26,Not_Target,Myosin_24
ebra4778.t1,Myosin_5,Myosin_5,Not_Target
ebra3327.t1,Myosin_24,Myosin_19,Myosin_23
ebra6497.t1,Not_Target,Not_Target,Myosin_41
ebra8611.t1,Not_Target,Myosin_1,Not_Target
ebra7683.t1,Myosin_19,Myosin_19,Not_Target
ebra8427.t1,Myosin_2,Not_Target,Myosin_2
ebra10553.t1,Not_Target,Not_Target,Not_Target
ebra3324.t1,Not_Target,Not_Target,Myosin_2
ebra3125.t1,Myosin_73,Myosin_2,Not_Target
ebra9817.t1,Not_Target,Not_Target,Not_Target
ebra9818.t1,Not_Target,Not_Target,Not_Target
ebra12223.t1,Not_Target,Not_Target,Not_Target
ebra12224.t1,Not_Target,Not_Target,Not_Target
ebra19120.t1,Not_Target,Not_Target,Not_Target
ebra19121.t1,Not_Target,Not_Target,Not_Target
ebra20240.t1,Myosin_4,Myosin_81,Myosin_2
ebra16655.t1,Not_Target,Not_Target,Not_Target
ebra16656.t1,Not_Target,Myosin_5,Not_Target
ebra16657.t1,Not_Target,Not_Target,Not_Target
ebra11172.t1,Not_Target,Not_Target,Not_Target
ebra1492.t1,Myosin_57,Myosin_5,Myosin_57
ebra1410.t1,Not_Target,Not_Target,Not_Target
ebra4639.t1,Myosin_6,Not_Target,Myosin_6
ebra10436.t1,Not_Target,Myosin_1,Not_Target
ebra16093.t1,Not_Target,Not_Target,Not_Target
ebra10875.t1,Not_Target,Not_Target,Not_Target
ebra10876.t1,Not_Target,Not_Target,Not_Target
ebra13865.t1,Not_Target,Not_Target,Not_Target
ebra13866.t1,Myosin_1,Not_Target,Not_Target
ebra5961.t1,Not_Target,Not_Target,Not_Target
ebra5962.t1,Not_Target,Not_Target,Not_Target
ebra3830.t1,Not_Target,Not_Target,Not_Target
ebra9616.t1,Not_Target,Not_Target,Not_Target
ebra9617.t1,Not_Target,Not_Target,Not_Target
ebra5043.t1,Not_Target,Not_Target,Not_Target
ebra5044.t1,Not_Target,Not_Target,Myosin_19
ebra6395.t1,Not_Target,Not_Target,Not_Target
ebra449.t1,Not_Target,Not_Target,Not_Target
ebra450.t1,Not_Target,Not_Target,Not_Target
ebra3511.t1,Myosin_29,Not_Target,Not_Target
ebra7945.t1,Not_Target,Not_Target,Not_Target
ebra7946.t1,Not_Target,Not_Target,Not_Target
ebra20942.t1,Not_Target,Not_Target,Not_Target
ebra1216.t1,Not_Target,Not_Target,Not_Target
ebra6930.t1,Not_Target,Not_Target,Not_Target
ebra10600.t1,Not_Target,Not_Target,Not_Target
ebra10601.t1,Not_Target,Myosin_5,Not_Target
ebra10602.t1,Myosin_31,Not_Target,Not_Target
ebra19070.t1,Not_Target,Myosin_36,Not_Target
ebra19071.t1,Not_Target,Myosin_36,Not_Target
ebra6174.t1,Not_Target,Not_Target,Not_Target
ebra20221.t1,Not_Target,Myosin_5,Not_Target
ebra15619.t1,Not_Target,Not_Target,Not_Target
ebra10197.t1,Not_Target,Not_Target,Not_Target
ebra8610.t1,Not_Target,Not_Target,Not_Target
ebra6749.t1,Not_Target,Not_Target,Not_Target
ebra885.t1,Not_Target,Myosin_2,Not_Target
ebra886.t1,Myosin_31,Not_Target,Not_Target
ebra887.t1,Myosin_19,Myosin_19,Not_Target
ebra10047.t1,Myosin_19,Myosin_19,Not_Target
ebra773.t1,Not_Target,Not_Target,Not_Target
ebra7077.t1,Not_Target,Not_Target,Not_Target
ebra5502.t1,Not_Target,Myosin_18,Not_Target
ebra14307.t1,Not_Target,Not_Target,Not_Target
ebra3688.t1,Not_Target,Not_Target,Myosin_2
ebra9594.t1,Myosin_24,Not_Target,Myosin_71
ebra2052.t1,Not_Target,Not_Target,Not_Target
ebra16712.t1,Not_Target,Not_Target,Not_Target
ebra16713.t1,Not_Target,Not_Target,Not_Target
ebra7076.t1,Not_Target,Not_Target,Not_Target
ebra17074.t1,Not_Target,Not_Target,Not_Target
ebra17075.t1,Not_Target,Not_Target,Not_Target
ebra1576.t1,Not_Target,Not_Target,Not_Target
ebra4802.t1,Not_Target,Not_Target,Not_Target
ebra15002.t1,Not_Target,Not_Target,Not_Target
ebra7031.t1,Myosin_2,Not_Target,Not_Target
ebra17851.t1,Not_Target,Not_Target,Not_Target
ebra918.t1,Myosin_19,Myosin_19,Not_Target
ebra919.t1,Not_Target,Not_Target,Not_Target
ebra2564.t1,Not_Target,Not_Target,Not_Target
ebra8062.t1,Not_Target,Not_Target,Not_Target
ebra15446.t1,Myosin_37,Myosin_22,Not_Target
ebra15447.t1,Myosin_37,Myosin_22,Not_Target
ebra5331.t1,Not_Target,Myosin_5,Myosin_1
ebra1027.t1,Not_Target,Not_Target,Myosin_1
ebra1028.t1,Not_Target,Myosin_19,Not_Target
ebra2892.t1,Myosin_57,Myosin_57,Not_Target
ebra4299.t1,Not_Target,Not_Target,Not_Target
ebra18036.t1,Not_Target,Not_Target,Not_Target
ebra18037.t1,Not_Target,Myosin_47,Not_Target
ebra18038.t1,Not_Target,Myosin_19,Not_Target
ebra8390.t1,Myosin_4,Myosin_1,Not_Target
ebra8391.t1,Not_Target,Myosin_26,Not_Target
ebra8392.t1,Myosin_19,Myosin_19,Not_Target
ebra1768.t1,Not_Target,Myosin_57,Not_Target
ebra12648.t1,Not_Target,Not_Target,Not_Target
ebra1662.t1,Not_Target,Myosin_15,Not_Target
ebra1663.t1,Not_Target,Not_Target,Not_Target
ebra13028.t1,Not_Target,Not_Target,Not_Target
ebra6989.t1,Myosin_19,Myosin_19,Not_Target
ebra3459.t1,Not_Target,Not_Target,Not_Target
ebra19451.t1,Not_Target,Not_Target,Not_Target
ebra11778.t1,Not_Target,Not_Target,Not_Target
ebra11779.t1,Not_Target,Not_Target,Not_Target
ebra19922.t1,Not_Target,Not_Target,Not_Target
ebra19923.t1,Not_Target,Not_Target,Not_Target
ebra446.t1,Not_Target,Myosin_18,Not_Target
ebra8725.t1,Not_Target,Not_Target,Not_Target
ebra8726.t1,Not_Target,Not_Target,Myosin_1
ebra7317.t1,Not_Target,Myosin_31,Not_Target
ebra7318.t1,Not_Target,Myosin_1,Not_Target
ebra15683.t1,Not_Target,Not_Target,Myosin_51
ebra2784.t1,Myosin_19,Myosin_19,Not_Target
ebra1219.t1,Not_Target,Not_Target,Not_Target
ebra7564.t1,Not_Target,Myosin_17,Not_Target
ebra19150.t1,Not_Target,Myosin_19,Not_Target
ebra19151.t1,Not_Target,Not_Target,Myosin_2
ebra4394.t1,Not_Target,Not_Target,Not_Target
ebra15202.t1,Not_Target,Not_Target,Not_Target
ebra3240.t1,Myosin_22,Myosin_22,Not_Target
ebra21202.t1,Not_Target,Not_Target,Not_Target
ebra21203.t1,Not_Target,Not_Target,Not_Target
ebra21204.t1,Not_Target,Not_Target,Not_Target
ebra10996.t1,Not_Target,Not_Target,Not_Target
ebra10090.t1,Not_Target,Not_Target,Not_Target
ebra4987.t1,Not_Target,Not_Target,Not_Target
ebra15773.t1,Not_Target,Not_Target,Not_Target
ebra2261.t1,Not_Target,Not_Target,Myosin_3
ebra13811.t1,Not_Target,Myosin_19,Not_Target
ebra20934.t1,Not_Target,Myosin_23,Not_Target
ebra17036.t1,Not_Target,Not_Target,Not_Target
ebra18881.t1,Not_Target,Not_Target,Not_Target
ebra1673.t1,Not_Target,Not_Target,Not_Target
ebra16570.t1,Myosin_31,Not_Target,Not_Target
ebra13414.t1,Myosin_26,Not_Target,Not_Target
ebra21403.t1,Not_Target,Not_Target,Not_Target
ebra21404.t1,Not_Target,Not_Target,Not_Target
ebra6861.t1,Not_Target,Not_Target,Not_Target
ebra20069.t1,Not_Target,Not_Target,Not_Target
ebra1671.t1,Myosin_19,Myosin_19,Myosin_16
ebra12054.t1,Not_Target,Not_Target,Not_Target
ebra12055.t1,Not_Target,Not_Target,Not_Target
ebra1939.t1,Not_Target,Not_Target,Not_Target
ebra1940.t1,Not_Target,Not_Target,Not_Target
ebra4140.t1,Myosin_45,Myosin_45,Not_Target
ebra4141.t1,Myosin_19,Myosin_19,Myosin_11
ebra15039.t1,Not_Target,Not_Target,Myosin_16
ebra15110.t1,Not_Target,Not_Target,Not_Target
ebra15111.t1,Not_Target,Not_Target,Not_Target
ebra17996.t1,Not_Target,Not_Target,Not_Target
ebra4925.t1,Not_Target,Not_Target,Not_Target
ebra1136.t1,Not_Target,Not_Target,Not_Target
ebra18183.t1,Not_Target,Myosin_18,Not_Target
ebra17564.t1,Not_Target,Myosin_24,Myosin_5
ebra8660.t1,Not_Target,Not_Target,Not_Target
ebra14675.t1,Not_Target,Not_Target,Not_Target
ebra3193.t1,Not_Target,Not_Target,Not_Target
ebra20197.t1,Not_Target,Myosin_1,Not_Target
ebra208.t1,Not_Target,Not_Target,Not_Target
ebra9512.t1,Myosin_2,Myosin_2,Not_Target
ebra9513.t1,Not_Target,Not_Target,Not_Target
ebra11243.t1,Not_Target,Not_Target,Not_Target
ebra11870.t1,Not_Target,Not_Target,Myosin_8
ebra2473.t1,Myosin_1,Myosin_1,Not_Target
ebra2474.t1,Not_Target,Not_Target,Not_Target
ebra17079.t1,Not_Target,Not_Target,Myosin_57
ebra4574.t1,Not_Target,Myosin_23,Not_Target
ebra4575.t1,Not_Target,Not_Target,Not_Target
ebra16241.t1,Not_Target,Not_Target,Not_Target
ebra17000.t1,Not_Target,Not_Target,Not_Target
ebra9657.t1,Not_Target,Not_Target,Not_Target
ebra12005.t1,Myosin_1,Myosin_1,Not_Target
ebra18021.t1,Not_Target,Not_Target,Not_Target
ebra14806.t1,Not_Target,Myosin_7,Not_Target
ebra13377.t1,Not_Target,Not_Target,Not_Target
ebra13378.t1,Not_Target,Not_Target,Not_Target
ebra21452.t1,Not_Target,Not_Target,Not_Target
ebra18204.t1,Not_Target,Not_Target,Not_Target
ebra13165.t1,Not_Target,Myosin_2,Not_Target
ebra13166.t1,Not_Target,Not_Target,Myosin_1
ebra20371.t1,Not_Target,Not_Target,Not_Target
ebra3197.t1,Not_Target,Not_Target,Not_Target
ebra1589.t1,Not_Target,Not_Target,Not_Target
ebra13426.t1,Not_Target,Not_Target,Not_Target
ebra19742.t1,Not_Target,Not_Target,Not_Target
ebra7118.t1,Not_Target,Not_Target,Myosin_2
ebra3194.t1,Not_Target,Not_Target,Not_Target
ebra3195.t1,Not_Target,Not_Target,Not_Target
ebra12469.t1,Not_Target,Not_Target,Not_Target
ebra13936.t1,Not_Target,Myosin_3,Not_Target
ebra484.t1,Not_Target,Not_Target,Not_Target
ebra6.t1,Not_Target,Myosin_19,Not_Target
ebra6024.t1,Myosin_74,Myosin_74,Not_Target
ebra4102.t1,Not_Target,Myosin_57,Not_Target
ebra17696.t1,Not_Target,Not_Target,Not_Target
ebra5263.t1,Not_Target,Not_Target,Not_Target
ebra20144.t1,Not_Target,Not_Target,Not_Target
ebra17447.t1,Not_Target,Not_Target,Not_Target
ebra16891.t1,Myosin_19,Myosin_19,Not_Target
ebra9181.t1,Not_Target,Not_Target,Not_Target
ebra7505.t1,Not_Target,Myosin_5,Not_Target
ebra11242.t1,Not_Target,Not_Target,Not_Target
ebra5454.t1,Not_Target,Myosin_64,Not_Target
ebra18296.t1,Not_Target,Not_Target,Not_Target
ebra18297.t1,Not_Target,Not_Target,Not_Target
ebra16351.t1,Myosin_19,Myosin_19,Myosin_13
ebra14850.t1,Not_Target,Not_Target,Not_Target
ebra3825.t1,Myosin_1,Myosin_2,Not_Target
ebra3826.t1,Not_Target,Not_Target,Not_Target
ebra874.t1,Not_Target,Not_Target,Not_Target
ebra7706.t1,Not_Target,Not_Target,Myosin_1
ebra16322.t1,Not_Target,Myosin_19,Not_Target
ebra9901.t1,Not_Target,Not_Target,Myosin_22
ebra11160.t1,Not_Target,Not_Target,Not_Target
ebra20608.t1,Not_Target,Not_Target,Not_Target
ebra20777.t1,Not_Target,Not_Target,Not_Target
ebra957.t1,Not_Target,Not_Target,Not_Target
ebra8337.t1,Not_Target,Not_Target,Not_Target
ebra16753.t1,Not_Target,Not_Target,Not_Target
ebra20152.t1,Not_Target,Not_Target,Not_Target
ebra14346.t1,Not_Target,Not_Target,Not_Target
ebra1131.t1,Not_Target,Myosin_10,Not_Target
ebra1132.t1,Not_Target,Not_Target,Not_Target
ebra6480.t1,Not_Target,Not_Target,Not_Target
ebra16508.t1,Not_Target,Not_Target,Not_Target
ebra16509.t1,Not_Target,Not_Target,Not_Target
ebra16510.t1,Not_Target,Not_Target,Not_Target
ebra9756.t1,Not_Target,Not_Target,Myosin_5
ebra9757.t1,Not_Target,Not_Target,Not_Target
ebra14502.t1,Myosin_19,Myosin_19,Not_Target
ebra482.t1,Not_Target,Not_Target,Not_Target
ebra483.t1,Not_Target,Not_Target,Not_Target
ebra14456.t1,Not_Target,Not_Target,Not_Target
ebra11367.t1,Not_Target,Not_Target,Not_Target
ebra5.t1,Not_Target,Not_Target,Not_Target
ebra12618.t1,Not_Target,Myosin_5,Not_Target
ebra21532.t1,Not_Target,Not_Target,Not_Target
ebra11183.t1,Not_Target,Myosin_4,Not_Target
ebra4393.t1,Not_Target,Not_Target,Not_Target
ebra10821.t1,Not_Target,Not_Target,Not_Target
ebra5160.t1,Not_Target,Not_Target,Not_Target
ebra5161.t1,Not_Target,Not_Target,Not_Target
ebra9683.t1,Not_Target,Not_Target,Not_Target
ebra17448.t1,Not_Target,Not_Target,Not_Target
ebra13769.t1,Myosin_19,Myosin_19,Not_Target
ebra1881.t1,Myosin_27,Myosin_26,Not_Target
ebra1882.t1,Not_Target,Not_Target,Myosin_57
ebra3436.t1,Not_Target,Not_Target,Myosin_3
ebra3437.t1,Not_Target,Not_Target,Myosin_3
ebra3693.t1,Not_Target,Not_Target,Not_Target
ebra14986.t1,Not_Target,Not_Target,Not_Target
ebra14987.t1,Not_Target,Not_Target,Not_Target
ebra17955.t1,Not_Target,Myosin_26,Not_Target
ebra7259.t1,Not_Target,Not_Target,Not_Target
ebra5225.t1,Myosin_45,Not_Target,Not_Target
ebra691.t1,Not_Target,Not_Target,Not_Target
ebra692.t1,Not_Target,Myosin_5,Not_Target
ebra5262.t1,Not_Target,Not_Target,Not_Target
ebra9180.t1,Myosin_2,Not_Target,Not_Target
ebra12641.t1,Myosin_19,Myosin_19,Myosin_13
ebra15281.t1,Myosin_45,Not_Target,Not_Target
ebra5062.t1,Not_Target,Not_Target,Not_Target
ebra1670.t1,Myosin_19,Myosin_10,Myosin_1
ebra8342.t1,Not_Target,Not_Target,Not_Target
ebra15817.t1,Not_Target,Not_Target,Not_Target
ebra6048.t1,Myosin_45,Not_Target,Not_Target
ebra20050.t1,Not_Target,Not_Target,Not_Target
ebra16138.t1,Not_Target,Myosin_51,Not_Target
ebra5048.t1,Myosin_45,Not_Target,Not_Target
ebra16372.t1,Not_Target,Not_Target,Not_Target
ebra17409.t1,Not_Target,Not_Target,Not_Target
ebra21415.t1,Myosin_19,Not_Target,Not_Target
ebra18028.t1,Not_Target,Not_Target,Not_Target
ebra18029.t1,Not_Target,Not_Target,Not_Target
ebra14282.t1,Not_Target,Not_Target,Not_Target
ebra4989.t1,Not_Target,Not_Target,Not_Target
ebra15250.t1,Not_Target,Not_Target,Not_Target
ebra15251.t1,Not_Target,Not_Target,Not_Target
ebra7540.t1,Not_Target,Not_Target,Not_Target
ebra20170.t1,Not_Target,Myosin_10,Not_Target
ebra15900.t1,Not_Target,Not_Target,Not_Target
ebra2466.t1,Not_Target,Not_Target,Not_Target
ebra2467.t1,Not_Target,Myosin_27,Not_Target
ebra13592.t1,Not_Target,Not_Target,Myosin_6
ebra4874.t1,Not_Target,Not_Target,Not_Target
ebra13829.t1,Not_Target,Not_Target,Not_Target
ebra11327.t1,Not_Target,Not_Target,Not_Target
ebra11328.t1,Not_Target,Not_Target,Not_Target
ebra13302.t1,Not_Target,Not_Target,Myosin_43
ebra5448.t1,Myosin_19,Myosin_19,Myosin_11
ebra5449.t1,Myosin_19,Myosin_19,Not_Target
ebra10928.t1,Not_Target,Not_Target,Not_Target
ebra10929.t1,Myosin_1,Myosin_1,Not_Target
ebra16431.t1,Not_Target,Not_Target,Not_Target
ebra6750.t1,Not_Target,Not_Target,Not_Target
ebra13017.t1,Not_Target,Not_Target,Not_Target
ebra13367.t1,Not_Target,Not_Target,Not_Target
ebra13368.t1,Not_Target,Not_Target,Not_Target
ebra13937.t1,Not_Target,Not_Target,Not_Target
ebra7151.t1,Not_Target,Not_Target,Myosin_5
ebra10981.t1,Not_Target,Not_Target,Not_Target
ebra2718.t1,Myosin_19,Myosin_19,Not_Target
ebra2719.t1,Myosin_19,Myosin_19,Myosin_11
ebra16206.t1,Myosin_57,Not_Target,Not_Target
ebra10800.t1,Myosin_19,Myosin_19,Not_Target
ebra16874.t1,Not_Target,Not_Target,Not_Target
ebra3600.t1,Not_Target,Not_Target,Not_Target
ebra14413.t1,Not_Target,Not_Target,Not_Target
ebra16374.t1,Myosin_19,Myosin_19,Myosin_11
ebra1756.t1,Myosin_31,Myosin_18,Not_Target
ebra19849.t1,Not_Target,Not_Target,Not_Target
ebra12472.t1,Not_Target,Not_Target,Not_Target
ebra13376.t1,Not_Target,Not_Target,Not_Target
ebra14499.t1,Not_Target,Not_Target,Not_Target
ebra13540.t1,Not_Target,Not_Target,Not_Target
ebra16876.t1,Not_Target,Not_Target,Not_Target
ebra19406.t1,Not_Target,Not_Target,Not_Target
ebra7095.t1,Not_Target,Myosin_17,Not_Target
ebra1645.t1,Not_Target,Not_Target,Not_Target
ebra20977.t1,Not_Target,Not_Target,Not_Target
ebra6379.t1,Not_Target,Not_Target,Not_Target
ebra5702.t1,Not_Target,Not_Target,Not_Target
ebra5226.t1,Not_Target,Not_Target,Myosin_8
ebra2881.t1,Myosin_19,Myosin_19,Not_Target
ebra14957.t1,Not_Target,Myosin_5,Not_Target
ebra1669.t1,Not_Target,Not_Target,Not_Target
ebra11595.t1,Not_Target,Not_Target,Not_Target
ebra2142.t1,Myosin_19,Myosin_19,Myosin_11
ebra10305.t1,Not_Target,Not_Target,Not_Target
ebra9207.t1,Not_Target,Not_Target,Not_Target
ebra8594.t1,Not_Target,Not_Target,Not_Target
ebra8819.t1,Not_Target,Not_Target,Not_Target
ebra20618.t1,Not_Target,Not_Target,Not_Target
ebra8443.t1,Not_Target,Myosin_11,Myosin_8
ebra2081.t1,Not_Target,Not_Target,Not_Target
ebra2082.t1,Not_Target,Not_Target,Not_Target
ebra12187.t1,Not_Target,Myosin_5,Not_Target
ebra6240.t1,Not_Target,Not_Target,Not_Target
ebra16692.t1,Not_Target,Not_Target,Not_Target
ebra7548.t1,Not_Target,Not_Target,Not_Target
ebra6047.t1,Not_Target,Not_Target,Not_Target
ebra17998.t1,Myosin_19,Myosin_19,Myosin_13
ebra15231.t1,Myosin_45,Myosin_57,Not_Target
ebra16304.t1,Not_Target,Not_Target,Not_Target
ebra7848.t1,Not_Target,Myosin_19,Not_Target
ebra10347.t1,Myosin_19,Myosin_19,Myosin_13
ebra13952.t1,Not_Target,Not_Target,Not_Target
ebra13365.t1,Not_Target,Not_Target,Not_Target
ebra6931.t1,Not_Target,Not_Target,Not_Target
ebra6354.t1,Not_Target,Not_Target,Not_Target
ebra9856.t1,Not_Target,Not_Target,Not_Target
ebra9600.t1,Not_Target,Not_Target,Not_Target
ebra15240.t1,Not_Target,Not_Target,Not_Target
ebra6896.t1,Myosin_19,Myosin_19,Myosin_11
ebra14375.t1,Not_Target,Not_Target,Not_Target
ebra14376.t1,Myosin_74,Not_Target,Not_Target
ebra12079.t1,Myosin_19,Myosin_19,Myosin_43
ebra2800.t1,Not_Target,Not_Target,Not_Target
ebra444.t1,Not_Target,Not_Target,Not_Target
ebra12052.t1,Myosin_1,Myosin_1,Not_Target
ebra15867.t1,Not_Target,Not_Target,Not_Target
ebra15807.t1,Myosin_19,Myosin_19,Not_Target
ebra4440.t1,Not_Target,Not_Target,Not_Target
ebra7538.t1,Myosin_19,Myosin_19,Not_Target
ebra346.t1,Not_Target,Not_Target,Myosin_19
ebra20625.t1,Myosin_19,Myosin_19,Not_Target
ebra21078.t1,Myosin_19,Myosin_19,Not_Target
ebra7940.t1,Not_Target,Not_Target,Not_Target
ebra9115.t1,Not_Target,Not_Target,Not_Target
ebra20613.t1,Not_Target,Not_Target,Not_Target
ebra20614.t1,Not_Target,Not_Target,Not_Target
ebra6998.t1,Not_Target,Not_Target,Not_Target
ebra10410.t1,Not_Target,Not_Target,Not_Target
ebra16514.t1,Not_Target,Not_Target,Not_Target
ebra20245.t1,Myosin_5,Myosin_26,Not_Target
ebra2072.t1,Myosin_19,Myosin_19,Not_Target
ebra13433.t1,Myosin_19,Myosin_19,Not_Target
ebra16875.t1,Myosin_19,Myosin_19,Myosin_11
ebra20940.t1,Not_Target,Not_Target,Not_Target
ebra20941.t1,Not_Target,Myosin_6,Not_Target
ebra10554.t1,Not_Target,Not_Target,Not_Target
ebra3683.t1,Myosin_19,Myosin_19,Not_Target
ebra11619.t1,Myosin_19,Myosin_19,Myosin_11
ebra2.t1,Myosin_1,Not_Target,Not_Target
ebra183.t1,Myosin_71,Not_Target,Not_Target
ebra3488.t1,Not_Target,Not_Target,Not_Target
ebra11756.t1,Not_Target,Not_Target,Not_Target
ebra11757.t1,Not_Target,Not_Target,Not_Target
ebra21618.t1,Not_Target,Not_Target,Not_Target
ebra17449.t1,Myosin_18,Not_Target,Not_Target
ebra7995.t1,Not_Target,Myosin_24,Not_Target
ebra21000.t1,Myosin_1,Not_Target,Not_Target
ebra21001.t1,Not_Target,Not_Target,Not_Target
ebra1236.t1,Myosin_10,Not_Target,Not_Target
ebra7543.t1,Myosin_19,Myosin_19,Myosin_11
ebra11487.t1,Not_Target,Not_Target,Not_Target
ebra15356.t1,Myosin_31,Myosin_11,Not_Target
ebra6391.t1,Not_Target,Not_Target,Not_Target
ebra19076.t1,Myosin_31,Not_Target,Not_Target
ebra8916.t1,Myosin_45,Not_Target,Not_Target
ebra19509.t1,Myosin_19,Myosin_19,Myosin_11
ebra3268.t1,Not_Target,Not_Target,Not_Target
ebra19630.t1,Not_Target,Not_Target,Not_Target
ebra17541.t1,Myosin_19,Myosin_19,Not_Target
ebra16426.t1,Not_Target,Not_Target,Not_Target
ebra16353.t1,Not_Target,Not_Target,Not_Target
ebra20914.t1,Myosin_22,Not_Target,Not_Target
ebra6440.t1,Not_Target,Not_Target,Not_Target
ebra12272.t1,Myosin_19,Myosin_19,Myosin_19
ebra19297.t1,Myosin_19,Myosin_19,Myosin_11
ebra13589.t1,Not_Target,Not_Target,Not_Target
ebra17205.t1,Myosin_19,Myosin_19,Myosin_13
ebra16458.t1,Not_Target,Myosin_19,Not_Target
ebra14475.t1,Not_Target,Not_Target,Not_Target
ebra18071.t1,Myosin_19,Myosin_19,Myosin_13
ebra14241.t1,Myosin_19,Myosin_19,Not_Target
ebra21195.t1,Myosin_19,Myosin_19,Myosin_11
ebra8097.t1,Myosin_19,Myosin_19,Myosin_11
ebra7904.t1,Myosin_19,Myosin_19,Myosin_11
ebra2551.t1,Not_Target,Not_Target,Not_Target
ebra8343.t1,Myosin_19,Myosin_19,Not_Target
ebra6826.t1,Myosin_19,Myosin_19,Myosin_13
ebra1389.t1,Myosin_19,Myosin_19,Not_Target
ebra5190.t1,Myosin_2,Not_Target,Not_Target
ebra6860.t1,Not_Target,Myosin_6,Not_Target
ebra7550.t1,Myosin_19,Myosin_19,Not_Target
ebra6159.t1,Myosin_19,Myosin_19,Not_Target
ebra3614.t1,Myosin_19,Myosin_19,Myosin_13
ebra4887.t1,Myosin_18,Myosin_11,Not_Target
ebra17804.t1,Not_Target,Not_Target,Not_Target
ebra2048.t1,Myosin_19,Myosin_19,Not_Target
ebra9952.t1,Not_Target,Myosin_5,Not_Target
ebra18402.t1,Not_Target,Not_Target,Not_Target
ebra875.t1,Myosin_19,Myosin_19,Not_Target
ebra5841.t1,Not_Target,Not_Target,Not_Target
ebra12743.t1,Myosin_19,Myosin_19,Myosin_11
ebra7849.t1,Myosin_19,Myosin_19,Not_Target
ebra3374.t1,Not_Target,Not_Target,Not_Target
ebra7152.t1,Not_Target,Not_Target,Not_Target
ebra3073.t1,Myosin_19,Myosin_19,Myosin_11
ebra17137.t1,Myosin_19,Myosin_19,Not_Target
ebra9964.t1,Not_Target,Not_Target,Not_Target
ebra18462.t1,Myosin_19,Myosin_19,Myosin_11
ebra2890.t1,Not_Target,Not_Target,Myosin_1
ebra11500.t1,Not_Target,Myosin_6,Not_Target
ebra11559.t1,Myosin_19,Myosin_19,Not_Target
ebra16073.t1,Myosin_19,Myosin_19,Not_Target
ebra6511.t1,Not_Target,Myosin_28,Myosin_19
ebra6054.t1,Myosin_19,Myosin_19,Not_Target
ebra18831.t1,Not_Target,Myosin_4,Not_Target
ebra623.t1,Myosin_19,Myosin_19,Not_Target
ebra7419.t1,Not_Target,Not_Target,Not_Target
ebra13458.t1,Myosin_19,Myosin_19,Myosin_11
ebra11134.t1,Myosin_19,Myosin_19,Not_Target
ebra18017.t1,Not_Target,Myosin_5,Not_Target
ebra11102.t1,Not_Target,Not_Target,Not_Target
ebra10603.t1,Not_Target,Myosin_5,Not_Target
ebra19853.t1,Myosin_19,Myosin_19,Myosin_11
ebra9206.t1,Myosin_2,Myosin_2,Not_Target
ebra11086.t1,Myosin_19,Myosin_19,Myosin_11
ebra16069.t1,Myosin_57,Actin,Not_Target
ebra13457.t1,Myosin_19,Myosin_19,Myosin_11
ebra18051.t1,Not_Target,Not_Target,Not_Target
ebra7549.t1,Not_Target,Not_Target,Not_Target
ebra13756.t1,Myosin_19,Myosin_19,Not_Target
ebra1472.t1,Not_Target,Not_Target,Not_Target
ebra9970.t1,Not_Target,Not_Target,Not_Target
ebra9155.t1,Not_Target,Not_Target,Myosin_11
ebra12586.t1,Myosin_19,Myosin_19,Not_Target
ebra8728.t1,Not_Target,Myosin_1,Not_Target
ebra13029.t1,Myosin_19,Myosin_19,Not_Target
ebra13638.t1,Myosin_19,Myosin_19,Not_Target
ebra20547.t1,Myosin_19,Myosin_19,Myosin_11
ebra3300.t1,Myosin_19,Myosin_19,Myosin_11
ebra19503.t1,Myosin_19,Myosin_19,Myosin_11
ebra7206.t1,Myosin_19,Myosin_19,Not_Target
ebra14009.t1,Not_Target,Myosin_55,Not_Target
ebra6096.t1,Myosin_19,Myosin_19,Not_Target
ebra752.t1,Myosin_19,Myosin_19,Not_Target
ebra6150.t1,Not_Target,Not_Target,Not_Target
ebra19103.t1,Not_Target,Not_Target,Not_Target
ebra10500.t1,Myosin_19,Myosin_19,Not_Target
ebra11855.t1,Not_Target,Not_Target,Not_Target
ebra4395.t1,Myosin_19,Myosin_19,Not_Target
ebra4798.t1,Myosin_19,Myosin_19,Myosin_11
ebra741.t1,Myosin_19,Myosin_19,Myosin_11
ebra10921.t1,Myosin_19,Myosin_19,Not_Target
ebra8724.t1,Myosin_19,Myosin_19,Myosin_11
ebra18235.t1,Myosin_19,Myosin_19,Not_Target
ebra11368.t1,Myosin_31,Myosin_11,Not_Target
ebra20188.t1,Myosin_19,Myosin_19,Not_Target
ebra247.t1,Not_Target,Myosin_20,Myosin_71
ebra4892.t1,Not_Target,Not_Target,Myosin_8
