Title,Logistic_Regression,MLP,XGBoost
echi16485.t1,Not_Target,Not_Target,Myosin_20
echi16486.t1,Not_Target,Not_Target,Not_Target
echi16487.t1,Not_Target,Not_Target,Not_Target
echi16488.t1,Not_Target,Myosin_57,Not_Target
echi16489.t1,Not_Target,Not_Target,Not_Target
echi16490.t1,Myosin_1,Myosin_1,Myosin_1
echi16491.t1,Not_Target,Myosin_22,Not_Target
echi16492.t1,Not_Target,Myosin_5,Not_Target
echi16493.t1,Myosin_18,Myosin_57,Myosin_13
echi16494.t1,Myosin_18,Myosin_9,Myosin_15
echi16495.t1,Not_Target,Not_Target,Not_Target
echi16496.t1,Not_Target,Not_Target,Myosin_2
echi16497.t1,Not_Target,Not_Target,Not_Target
echi16498.t1,Not_Target,Myosin_51,Not_Target
echi16499.t1,Not_Target,Not_Target,Not_Target
echi16500.t1,Not_Target,Not_Target,Not_Target
echi16501.t1,Not_Target,Not_Target,Not_Target
echi16502.t1,Not_Target,Not_Target,Not_Target
echi16503.t1,Not_Target,Myosin_19,Not_Target
echi16504.t1,Myosin_7,Myosin_15,Myosin_15
echi16505.t1,Not_Target,Not_Target,Not_Target
echi16506.t1,Not_Target,Not_Target,Myosin_43
echi16507.t1,Not_Target,Myosin_19,Not_Target
echi16508.t1,Not_Target,Myosin_29,Myosin_8
echi16509.t1,Not_Target,Not_Target,Not_Target
echi16510.t1,Myosin_18,Myosin_2,Myosin_5
echi16511.t1,Not_Target,Not_Target,Myosin_36
echi16512.t1,Not_Target,Myosin_18,Myosin_23
echi16513.t1,Not_Target,Not_Target,Not_Target
echi16514.t1,Myosin_17,Myosin_17,Not_Target
echi16515.t1,Not_Target,Not_Target,Not_Target
echi16516.t1,Not_Target,Not_Target,Not_Target
echi16517.t1,Myosin_64,Myosin_64,Not_Target
echi16518.t1,Not_Target,Not_Target,Not_Target
echi16519.t1,Not_Target,Not_Target,Myosin_8
echi16520.t1,Myosin_46,Myosin_57,Not_Target
echi16521.t1,Not_Target,Not_Target,Not_Target
echi16522.t1,Not_Target,Not_Target,Not_Target
echi16523.t1,Not_Target,Not_Target,Myosin_4
echi16524.t1,Myosin_15,Not_Target,Myosin_57
echi16525.t1,Not_Target,Not_Target,Not_Target
echi16526.t1,Not_Target,Not_Target,Not_Target
echi16527.t1,Myosin_18,Myosin_18,Myosin_5
echi16528.t1,Not_Target,Not_Target,Not_Target
echi16529.t1,Myosin_5,Myosin_5,Myosin_24
echi16530.t1,Myosin_36,Myosin_23,Not_Target
echi16531.t1,Not_Target,Not_Target,Not_Target
echi16532.t1,Myosin_18,Myosin_29,Myosin_3
echi16533.t1,Not_Target,Not_Target,Not_Target
echi16534.t1,Not_Target,Not_Target,Myosin_1
echi16535.t1,Not_Target,Not_Target,Myosin_6
echi16536.t1,Not_Target,Myosin_26,Not_Target
echi16537.t1,Not_Target,Not_Target,Not_Target
echi16538.t1,Myosin_15,Myosin_15,Myosin_7
echi16539.t1,Myosin_5,Myosin_28,Myosin_5
echi16540.t1,Myosin_37,Not_Target,Myosin_37
echi16541.t1,Not_Target,Not_Target,Not_Target
echi16542.t1,Myosin_17,Not_Target,Myosin_6
echi16543.t1,Not_Target,Not_Target,Not_Target
echi16544.t1,Not_Target,Not_Target,Not_Target
echi16545.t1,Not_Target,Not_Target,Not_Target
echi16546.t1,Not_Target,Not_Target,Not_Target
echi16547.t1,Not_Target,Not_Target,Not_Target
echi16548.t1,Not_Target,Not_Target,Not_Target
echi16549.t1,Myosin_45,Not_Target,Myosin_5
echi16550.t1,Myosin_2,Not_Target,Not_Target
echi16551.t1,Not_Target,Not_Target,Not_Target
echi16552.t1,Not_Target,Not_Target,Not_Target
echi16553.t1,Not_Target,Not_Target,Not_Target
echi16554.t1,Not_Target,Not_Target,Not_Target
echi16555.t1,Not_Target,Myosin_2,Not_Target
echi16556.t1,Not_Target,Myosin_1,Not_Target
echi16557.t1,Myosin_45,Not_Target,Myosin_18
echi16558.t1,Myosin_45,Not_Target,Myosin_8
echi16559.t1,Not_Target,Not_Target,Not_Target
echi16560.t1,Myosin_25,Myosin_3,Myosin_81
echi16561.t1,Not_Target,Not_Target,Not_Target
echi16562.t1,Not_Target,Not_Target,Not_Target
echi16563.t1,Not_Target,Not_Target,Not_Target
echi16564.t1,Myosin_45,Not_Target,Not_Target
echi16565.t1,Not_Target,Not_Target,Not_Target
echi16566.t1,Myosin_72,Not_Target,Myosin_71
echi16567.t1,Not_Target,Myosin_8,Not_Target
echi3702.t1,Not_Target,Not_Target,Not_Target
echi3703.t1,Not_Target,Not_Target,Not_Target
echi3704.t1,Not_Target,Not_Target,Not_Target
echi3705.t1,Not_Target,Not_Target,Not_Target
echi3706.t1,Myosin_17,Not_Target,Not_Target
echi3707.t1,Myosin_18,Myosin_29,Myosin_15
echi3708.t1,Not_Target,Not_Target,Myosin_54
echi3709.t1,Not_Target,Not_Target,Not_Target
echi3710.t1,Myosin_36,Not_Target,Myosin_36
echi3711.t1,Not_Target,Myosin_16,Not_Target
echi3712.t1,Not_Target,Not_Target,Not_Target
echi3713.t1,Not_Target,Myosin_57,Not_Target
echi3714.t1,Myosin_51,Not_Target,Myosin_11
echi3715.t1,Not_Target,Myosin_1,Not_Target
echi3716.t1,Not_Target,Not_Target,Not_Target
echi3717.t1,Not_Target,Not_Target,Myosin_5
echi3718.t1,Not_Target,Not_Target,Not_Target
echi3719.t1,Not_Target,Not_Target,Myosin_1
echi3720.t1,Not_Target,Not_Target,Not_Target
echi3721.t1,Not_Target,Not_Target,Not_Target
echi3722.t1,Myosin_45,Not_Target,Myosin_51
echi3723.t1,Myosin_57,Myosin_57,Myosin_2
echi3724.t1,Myosin_45,Not_Target,Not_Target
echi3725.t1,Not_Target,Not_Target,Not_Target
echi3726.t1,Not_Target,Not_Target,Not_Target
echi3727.t1,Not_Target,Not_Target,Not_Target
echi3728.t1,Not_Target,Not_Target,Not_Target
echi3729.t1,Myosin_17,Myosin_22,Myosin_17
echi3730.t1,Myosin_17,Not_Target,Myosin_4
echi3731.t1,Myosin_22,Myosin_22,Not_Target
echi3732.t1,Myosin_45,Myosin_16,Not_Target
echi3733.t1,Myosin_18,Myosin_18,Myosin_6
echi3734.t1,Myosin_26,Myosin_74,Not_Target
echi3735.t1,Not_Target,Not_Target,Not_Target
echi3736.t1,Not_Target,Not_Target,Myosin_20
echi3737.t1,Myosin_4,Myosin_1,Myosin_1
echi3738.t1,Myosin_18,Myosin_18,Myosin_5
echi3739.t1,Myosin_18,Actin,Myosin_23
echi3740.t1,Not_Target,Not_Target,Myosin_20
echi3741.t1,Not_Target,Myosin_57,Not_Target
echi3742.t1,Not_Target,Not_Target,Myosin_5
echi3743.t1,Not_Target,Myosin_11,Not_Target
echi3744.t1,Myosin_45,Myosin_9,Not_Target
echi3745.t1,Not_Target,Not_Target,Not_Target
echi3746.t1,Not_Target,Myosin_18,Not_Target
echi3747.t1,Myosin_17,Not_Target,Myosin_9
echi3748.t1,Myosin_45,Not_Target,Not_Target
echi3749.t1,Myosin_45,Not_Target,Not_Target
echi3750.t1,Myosin_37,Not_Target,Myosin_37
echi3751.t1,Not_Target,Not_Target,Not_Target
echi3752.t1,Myosin_37,Myosin_37,Not_Target
echi3753.t1,Not_Target,Not_Target,Not_Target
echi3754.t1,Myosin_45,Not_Target,Myosin_3
echi3755.t1,Not_Target,Not_Target,Not_Target
echi3756.t1,Not_Target,Not_Target,Myosin_20
echi3757.t1,Not_Target,Not_Target,Not_Target
echi3758.t1,Not_Target,Myosin_26,Not_Target
echi3759.t1,Not_Target,Not_Target,Not_Target
echi3760.t1,Not_Target,Not_Target,Not_Target
echi3761.t1,Myosin_73,Myosin_28,Not_Target
echi3762.t1,Not_Target,Not_Target,Myosin_2
echi3763.t1,Not_Target,Not_Target,Not_Target
echi3764.t1,Not_Target,Myosin_43,Not_Target
echi3765.t1,Not_Target,Not_Target,Not_Target
echi3766.t1,Not_Target,Not_Target,Not_Target
echi3767.t1,Myosin_15,Myosin_22,Myosin_7
echi3768.t1,Not_Target,Not_Target,Not_Target
echi3769.t1,Not_Target,Not_Target,Not_Target
echi3770.t1,Not_Target,Not_Target,Myosin_2
echi293.t1,Not_Target,Not_Target,Not_Target
echi294.t1,Not_Target,Not_Target,Not_Target
echi295.t1,Not_Target,Not_Target,Not_Target
echi296.t1,Not_Target,Not_Target,Not_Target
echi297.t1,Myosin_31,Not_Target,Not_Target
echi298.t1,Not_Target,Not_Target,Not_Target
echi299.t1,Not_Target,Not_Target,Not_Target
echi300.t1,Not_Target,Not_Target,Not_Target
echi301.t1,Not_Target,Not_Target,Myosin_80
echi302.t1,Not_Target,Not_Target,Not_Target
echi303.t1,Not_Target,Myosin_1,Not_Target
echi304.t1,Not_Target,Myosin_1,Myosin_5
echi305.t1,Not_Target,Not_Target,Not_Target
echi306.t1,Not_Target,Not_Target,Not_Target
echi307.t1,Myosin_24,Not_Target,Myosin_64
echi308.t1,Not_Target,Not_Target,Myosin_51
echi309.t1,Not_Target,Not_Target,Not_Target
echi310.t1,Not_Target,Not_Target,Not_Target
echi311.t1,Myosin_17,Myosin_28,Myosin_5
echi312.t1,Not_Target,Not_Target,Not_Target
echi313.t1,Not_Target,Not_Target,Not_Target
echi314.t1,Not_Target,Not_Target,Not_Target
echi315.t1,Not_Target,Not_Target,Not_Target
echi316.t1,Not_Target,Not_Target,Not_Target
echi317.t1,Not_Target,Not_Target,Not_Target
echi318.t1,Myosin_19,Myosin_4,Not_Target
echi319.t1,Not_Target,Not_Target,Not_Target
echi320.t1,Myosin_19,Not_Target,Not_Target
echi321.t1,Not_Target,Not_Target,Not_Target
echi322.t1,Not_Target,Not_Target,Not_Target
echi323.t1,Not_Target,Not_Target,Not_Target
echi324.t1,Not_Target,Not_Target,Myosin_4
echi325.t1,Not_Target,Not_Target,Myosin_30
echi326.t1,Not_Target,Myosin_31,Not_Target
echi327.t1,Myosin_8,Not_Target,Not_Target
echi328.t1,Myosin_19,Myosin_19,Myosin_19
echi329.t1,Myosin_36,Myosin_36,Not_Target
echi330.t1,Myosin_5,Myosin_18,Myosin_5
echi331.t1,Not_Target,Not_Target,Not_Target
echi332.t1,Not_Target,Not_Target,Not_Target
echi333.t1,Myosin_17,Myosin_5,Myosin_26
echi334.t1,Not_Target,Myosin_26,Myosin_36
echi335.t1,Myosin_5,Myosin_5,Myosin_20
echi336.t1,Not_Target,Not_Target,Not_Target
echi337.t1,Not_Target,Not_Target,Myosin_20
echi338.t1,Not_Target,Not_Target,Not_Target
echi339.t1,Not_Target,Not_Target,Not_Target
echi340.t1,Myosin_8,Myosin_18,Not_Target
echi341.t1,Myosin_71,Myosin_26,Myosin_31
echi342.t1,Myosin_18,Myosin_18,Not_Target
echi343.t1,Myosin_45,Not_Target,Myosin_15
echi344.t1,Not_Target,Not_Target,Not_Target
echi345.t1,Not_Target,Not_Target,Not_Target
echi346.t1,Not_Target,Not_Target,Not_Target
echi347.t1,Myosin_5,Myosin_5,Not_Target
echi348.t1,Not_Target,Not_Target,Myosin_20
echi349.t1,Myosin_7,Not_Target,Not_Target
echi350.t1,Myosin_9,Myosin_9,Myosin_9
echi351.t1,Myosin_45,Myosin_17,Myosin_27
echi352.t1,Not_Target,Myosin_31,Not_Target
echi353.t1,Not_Target,Not_Target,Myosin_22
echi354.t1,Not_Target,Myosin_13,Not_Target
echi355.t1,Not_Target,Not_Target,Not_Target
echi356.t1,Not_Target,Not_Target,Not_Target
echi357.t1,Not_Target,Not_Target,Not_Target
echi358.t1,Not_Target,Not_Target,Myosin_1
echi359.t1,Not_Target,Not_Target,Myosin_1
echi360.t1,Not_Target,Not_Target,Not_Target
echi361.t1,Myosin_4,Myosin_22,Myosin_4
echi362.t1,Not_Target,Not_Target,Not_Target
echi363.t1,Not_Target,Not_Target,Not_Target
echi364.t1,Not_Target,Not_Target,Not_Target
echi365.t1,Not_Target,Myosin_19,Not_Target
echi17313.t1,Myosin_15,Myosin_15,Not_Target
echi17314.t1,Not_Target,Myosin_5,Not_Target
echi17315.t1,Myosin_6,Myosin_57,Myosin_13
echi17316.t1,Not_Target,Myosin_18,Not_Target
echi17317.t1,Myosin_6,Myosin_57,Myosin_6
echi17318.t1,Myosin_37,Myosin_57,Myosin_2
echi17319.t1,Myosin_15,Myosin_15,Myosin_17
echi17320.t1,Not_Target,Myosin_1,Not_Target
echi17321.t1,Not_Target,Not_Target,Not_Target
echi17322.t1,Not_Target,Not_Target,Not_Target
echi17323.t1,Myosin_18,Myosin_57,Myosin_2
echi17324.t1,Myosin_18,Myosin_18,Myosin_5
echi17325.t1,Not_Target,Not_Target,Not_Target
echi17326.t1,Not_Target,Not_Target,Not_Target
echi17327.t1,Not_Target,Not_Target,Not_Target
echi17328.t1,Myosin_15,Not_Target,Not_Target
echi17329.t1,Myosin_15,Not_Target,Not_Target
echi17330.t1,Myosin_2,Not_Target,Not_Target
echi17331.t1,Not_Target,Not_Target,Not_Target
echi17332.t1,Not_Target,Not_Target,Not_Target
echi17333.t1,Not_Target,Myosin_1,Not_Target
echi17334.t1,Myosin_45,Not_Target,Myosin_1
echi17335.t1,Not_Target,Not_Target,Not_Target
echi17336.t1,Not_Target,Myosin_50,Not_Target
echi17337.t1,Not_Target,Not_Target,Not_Target
echi17338.t1,Not_Target,Myosin_18,Myosin_27
echi17339.t1,Myosin_27,Myosin_22,Myosin_19
echi17340.t1,Not_Target,Not_Target,Not_Target
echi17341.t1,Not_Target,Not_Target,Myosin_18
echi17342.t1,Not_Target,Myosin_8,Not_Target
echi17343.t1,Not_Target,Not_Target,Myosin_6
echi17344.t1,Not_Target,Not_Target,Not_Target
echi17345.t1,Not_Target,Not_Target,Not_Target
echi17346.t1,Not_Target,Myosin_57,Not_Target
echi17347.t1,Not_Target,Not_Target,Not_Target
echi17348.t1,Not_Target,Not_Target,Not_Target
echi17349.t1,Not_Target,Not_Target,Myosin_20
echi17350.t1,Not_Target,Not_Target,Not_Target
echi17351.t1,Not_Target,Not_Target,Not_Target
echi17352.t1,Not_Target,Myosin_17,Not_Target
echi17353.t1,Myosin_16,Myosin_16,Myosin_57
echi17354.t1,Not_Target,Not_Target,Not_Target
echi17355.t1,Myosin_45,Myosin_16,Myosin_27
echi17356.t1,Not_Target,Myosin_1,Myosin_5
echi17357.t1,Not_Target,Not_Target,Myosin_2
echi17358.t1,Not_Target,Not_Target,Not_Target
echi17359.t1,Not_Target,Not_Target,Not_Target
echi17360.t1,Not_Target,Not_Target,Myosin_1
echi17361.t1,Not_Target,Not_Target,Not_Target
echi17362.t1,Not_Target,Not_Target,Not_Target
echi17363.t1,Myosin_17,Myosin_5,Myosin_4
echi17364.t1,Not_Target,Not_Target,Not_Target
echi17365.t1,Myosin_26,Not_Target,Not_Target
echi17366.t1,Not_Target,Not_Target,Myosin_14
echi17367.t1,Myosin_18,Not_Target,Myosin_30
echi17368.t1,Myosin_4,Myosin_15,Myosin_15
echi17369.t1,Myosin_9,Myosin_57,Not_Target
echi17370.t1,Not_Target,Myosin_19,Myosin_20
echi17371.t1,Not_Target,Not_Target,Not_Target
echi17372.t1,Not_Target,Not_Target,Not_Target
echi17373.t1,Myosin_5,Not_Target,Myosin_73
echi17374.t1,Not_Target,Not_Target,Not_Target
echi17375.t1,Myosin_45,Not_Target,Myosin_27
echi17376.t1,Not_Target,Not_Target,Not_Target
echi17377.t1,Not_Target,Not_Target,Not_Target
echi17378.t1,Myosin_30,Not_Target,Myosin_37
echi17379.t1,Myosin_8,Not_Target,Not_Target
echi17380.t1,Myosin_5,Myosin_5,Myosin_64
echi17381.t1,Not_Target,Not_Target,Myosin_14
echi17382.t1,Myosin_22,Not_Target,Myosin_63
echi17383.t1,Myosin_18,Not_Target,Myosin_57
echi17384.t1,Not_Target,Not_Target,Not_Target
echi17385.t1,Myosin_45,Not_Target,Not_Target
echi17386.t1,Not_Target,Not_Target,Not_Target
echi17387.t1,Not_Target,Not_Target,Not_Target
echi17388.t1,Not_Target,Myosin_17,Myosin_2
echi17389.t1,Not_Target,Not_Target,Not_Target
echi17390.t1,Not_Target,Not_Target,Not_Target
echi17391.t1,Myosin_30,Myosin_17,Myosin_36
echi17392.t1,Not_Target,Not_Target,Not_Target
echi17393.t1,Not_Target,Not_Target,Myosin_72
echi5963.t1,Not_Target,Not_Target,Not_Target
echi5964.t1,Not_Target,Not_Target,Not_Target
echi5965.t1,Myosin_45,Myosin_16,Not_Target
echi5966.t1,Not_Target,Not_Target,Myosin_8
echi5967.t1,Myosin_37,Myosin_66,Not_Target
echi5968.t1,Not_Target,Myosin_23,Not_Target
echi5969.t1,Not_Target,Not_Target,Not_Target
echi5970.t1,Not_Target,Myosin_56,Myosin_20
echi5971.t1,Myosin_45,Myosin_16,Not_Target
echi5972.t1,Myosin_2,Myosin_2,Myosin_2
echi5973.t1,Not_Target,Myosin_1,Myosin_20
echi5974.t1,Not_Target,Not_Target,Not_Target
echi5975.t1,Not_Target,Not_Target,Not_Target
echi5976.t1,Myosin_23,Myosin_23,Myosin_23
echi5977.t1,Not_Target,Not_Target,Not_Target
echi5978.t1,Myosin_57,Myosin_18,Myosin_23
echi5979.t1,Not_Target,Not_Target,Not_Target
echi5980.t1,Myosin_6,Not_Target,Myosin_1
echi5981.t1,Not_Target,Not_Target,Not_Target
echi5982.t1,Not_Target,Myosin_1,Myosin_51
echi5983.t1,Not_Target,Not_Target,Not_Target
echi5984.t1,Not_Target,Not_Target,Not_Target
echi5985.t1,Not_Target,Myosin_1,Not_Target
echi5986.t1,Not_Target,Not_Target,Not_Target
echi5987.t1,Not_Target,Not_Target,Not_Target
echi5988.t1,Not_Target,Not_Target,Not_Target
echi5989.t1,Myosin_18,Myosin_18,Myosin_18
echi5990.t1,Myosin_6,Not_Target,Myosin_2
echi5991.t1,Not_Target,Not_Target,Not_Target
echi5992.t1,Myosin_15,Myosin_15,Myosin_1
echi5993.t1,Myosin_18,Myosin_17,Myosin_31
echi5994.t1,Not_Target,Not_Target,Myosin_14
echi5995.t1,Myosin_1,Myosin_5,Myosin_28
echi5996.t1,Not_Target,Myosin_1,Not_Target
echi5997.t1,Not_Target,Not_Target,Not_Target
echi5998.t1,Not_Target,Not_Target,Not_Target
echi5999.t1,Not_Target,Not_Target,Not_Target
echi6000.t1,Myosin_30,Not_Target,Myosin_3
echi6001.t1,Not_Target,Not_Target,Not_Target
echi6002.t1,Not_Target,Not_Target,Not_Target
echi6003.t1,Not_Target,Not_Target,Not_Target
echi6004.t1,Not_Target,Not_Target,Not_Target
echi6005.t1,Not_Target,Not_Target,Not_Target
echi6006.t1,Not_Target,Not_Target,Not_Target
echi6007.t1,Not_Target,Myosin_57,Not_Target
echi6008.t1,Not_Target,Not_Target,Not_Target
echi6009.t1,Myosin_4,Myosin_55,Not_Target
echi6010.t1,Myosin_4,Myosin_55,Not_Target
echi6011.t1,Myosin_4,Myosin_1,Myosin_4
echi6012.t1,Myosin_17,Not_Target,Myosin_17
echi6013.t1,Not_Target,Myosin_26,Not_Target
echi6014.t1,Myosin_18,Not_Target,Myosin_47
echi6015.t1,Not_Target,Myosin_5,Myosin_19
echi6016.t1,Not_Target,Not_Target,Not_Target
echi6017.t1,Myosin_18,Not_Target,Myosin_20
echi6018.t1,Not_Target,Not_Target,Not_Target
echi6019.t1,Myosin_36,Myosin_1,Myosin_5
echi15518.t1,Myosin_6,Myosin_1,Myosin_25
echi15519.t1,Not_Target,Not_Target,Not_Target
echi15520.t1,Myosin_15,Not_Target,Myosin_7
echi15521.t1,Not_Target,Not_Target,Myosin_5
echi15522.t1,Not_Target,Not_Target,Myosin_37
echi15523.t1,Myosin_2,Not_Target,Not_Target
echi15524.t1,Not_Target,Not_Target,Myosin_81
echi15525.t1,Not_Target,Not_Target,Not_Target
echi15526.t1,Not_Target,Not_Target,Not_Target
echi15527.t1,Not_Target,Not_Target,Not_Target
echi15528.t1,Not_Target,Not_Target,Not_Target
echi15529.t1,Myosin_24,Not_Target,Myosin_3
echi15530.t1,Not_Target,Myosin_5,Not_Target
echi15531.t1,Myosin_66,Myosin_6,Myosin_1
echi15532.t1,Not_Target,Not_Target,Myosin_5
echi15533.t1,Myosin_19,Myosin_5,Not_Target
echi15534.t1,Not_Target,Myosin_8,Not_Target
echi15535.t1,Not_Target,Myosin_19,Not_Target
echi15536.t1,Not_Target,Not_Target,Not_Target
echi15537.t1,Not_Target,Myosin_28,Not_Target
echi15538.t1,Myosin_51,Not_Target,Myosin_51
echi15539.t1,Not_Target,Not_Target,Myosin_4
echi15540.t1,Not_Target,Not_Target,Myosin_4
echi15541.t1,Myosin_30,Not_Target,Myosin_2
echi15542.t1,Not_Target,Myosin_2,Not_Target
echi15543.t1,Myosin_51,Myosin_66,Myosin_1
echi15544.t1,Not_Target,Not_Target,Not_Target
echi15545.t1,Myosin_2,Not_Target,Not_Target
echi15546.t1,Not_Target,Not_Target,Not_Target
echi15547.t1,Not_Target,Not_Target,Not_Target
echi15548.t1,Not_Target,Not_Target,Myosin_1
echi15549.t1,Myosin_57,Myosin_19,Not_Target
echi15550.t1,Not_Target,Not_Target,Myosin_17
echi15551.t1,Not_Target,Not_Target,Not_Target
echi15552.t1,Not_Target,Myosin_18,Not_Target
echi15553.t1,Not_Target,Not_Target,Not_Target
echi15554.t1,Myosin_81,Myosin_81,Myosin_4
echi15555.t1,Not_Target,Not_Target,Myosin_51
echi15556.t1,Not_Target,Myosin_19,Myosin_62
echi15557.t1,Myosin_64,Myosin_45,Not_Target
echi15558.t1,Not_Target,Not_Target,Not_Target
echi15559.t1,Not_Target,Myosin_5,Myosin_5
echi15560.t1,Not_Target,Not_Target,Not_Target
echi15561.t1,Not_Target,Not_Target,Not_Target
echi15562.t1,Myosin_18,Not_Target,Not_Target
echi15563.t1,Not_Target,Not_Target,Not_Target
echi15564.t1,Not_Target,Not_Target,Not_Target
echi15565.t1,Not_Target,Not_Target,Myosin_1
echi15566.t1,Not_Target,Not_Target,Not_Target
echi15567.t1,Not_Target,Not_Target,Not_Target
echi15568.t1,Not_Target,Not_Target,Myosin_1
echi15569.t1,Not_Target,Not_Target,Not_Target
echi15570.t1,Not_Target,Not_Target,Not_Target
echi15571.t1,Myosin_1,Not_Target,Not_Target
echi15572.t1,Not_Target,Not_Target,Not_Target
echi15573.t1,Not_Target,Not_Target,Myosin_64
echi15574.t1,Myosin_45,Not_Target,Myosin_5
echi15575.t1,Not_Target,Not_Target,Myosin_16
echi10446.t1,Myosin_30,Not_Target,Not_Target
echi10447.t1,Not_Target,Not_Target,Not_Target
echi10448.t1,Not_Target,Not_Target,Not_Target
echi10449.t1,Not_Target,Myosin_16,Myosin_20
echi10450.t1,Not_Target,Not_Target,Not_Target
echi10451.t1,Myosin_15,Not_Target,Myosin_4
echi10452.t1,Not_Target,Not_Target,Not_Target
echi10453.t1,Myosin_18,Myosin_18,Myosin_5
echi10454.t1,Myosin_45,Myosin_76,Myosin_9
echi10455.t1,Not_Target,Not_Target,Not_Target
echi10456.t1,Not_Target,Not_Target,Not_Target
echi10457.t1,Not_Target,Not_Target,Not_Target
echi10458.t1,Myosin_26,Not_Target,Myosin_18
echi10459.t1,Myosin_45,Not_Target,Myosin_18
echi10460.t1,Not_Target,Myosin_8,Myosin_8
echi10461.t1,Not_Target,Not_Target,Not_Target
echi10462.t1,Myosin_18,Not_Target,Myosin_23
echi10463.t1,Not_Target,Not_Target,Not_Target
echi10464.t1,Not_Target,Not_Target,Not_Target
echi10465.t1,Not_Target,Not_Target,Myosin_18
echi10466.t1,Not_Target,Not_Target,Myosin_5
echi10467.t1,Not_Target,Myosin_1,Not_Target
echi10468.t1,Not_Target,Not_Target,Not_Target
echi10469.t1,Not_Target,Not_Target,Not_Target
echi10470.t1,Myosin_18,Not_Target,Myosin_1
echi10471.t1,Not_Target,Not_Target,Not_Target
echi10472.t1,Myosin_18,Myosin_6,Myosin_5
echi10473.t1,Not_Target,Myosin_74,Myosin_1
echi10474.t1,Not_Target,Not_Target,Not_Target
echi10475.t1,Not_Target,Not_Target,Not_Target
echi10476.t1,Not_Target,Not_Target,Not_Target
echi10477.t1,Myosin_26,Not_Target,Not_Target
echi10478.t1,Not_Target,Not_Target,Myosin_2
echi10479.t1,Myosin_45,Myosin_18,Myosin_31
echi10480.t1,Myosin_26,Not_Target,Myosin_51
echi10481.t1,Not_Target,Not_Target,Not_Target
echi10482.t1,Not_Target,Not_Target,Not_Target
echi10483.t1,Myosin_18,Myosin_57,Not_Target
echi10484.t1,Not_Target,Not_Target,Not_Target
echi10485.t1,Not_Target,Not_Target,Myosin_64
echi10486.t1,Not_Target,Not_Target,Not_Target
echi10487.t1,Myosin_1,Not_Target,Not_Target
echi10488.t1,Not_Target,Not_Target,Not_Target
echi10489.t1,Myosin_51,Not_Target,Myosin_2
echi10490.t1,Not_Target,Myosin_1,Myosin_19
echi10491.t1,Not_Target,Not_Target,Not_Target
echi10492.t1,Myosin_45,Myosin_9,Myosin_26
echi10493.t1,Not_Target,Not_Target,Not_Target
echi10494.t1,Not_Target,Not_Target,Not_Target
echi10495.t1,Not_Target,Not_Target,Not_Target
echi10496.t1,Not_Target,Myosin_57,Not_Target
echi10497.t1,Myosin_24,Myosin_26,Myosin_68
echi10498.t1,Not_Target,Not_Target,Not_Target
echi10499.t1,Myosin_69,Not_Target,Myosin_18
echi10500.t1,Not_Target,Not_Target,Not_Target
echi10501.t1,Myosin_18,Myosin_74,Myosin_5
echi10502.t1,Not_Target,Not_Target,Not_Target
echi10503.t1,Not_Target,Myosin_1,Not_Target
echi10504.t1,Not_Target,Not_Target,Not_Target
echi10505.t1,Not_Target,Not_Target,Not_Target
echi10506.t1,Myosin_31,Not_Target,Not_Target
echi10507.t1,Not_Target,Not_Target,Not_Target
echi10508.t1,Not_Target,Not_Target,Not_Target
echi10509.t1,Not_Target,Not_Target,Myosin_3
echi10510.t1,Not_Target,Not_Target,Myosin_27
echi10511.t1,Not_Target,Not_Target,Myosin_4
echi788.t1,Not_Target,Myosin_19,Not_Target
echi789.t1,Myosin_1,Myosin_1,Myosin_1
echi790.t1,Myosin_37,Myosin_6,Myosin_5
echi791.t1,Not_Target,Not_Target,Not_Target
echi792.t1,Not_Target,Myosin_19,Myosin_6
echi793.t1,Not_Target,Not_Target,Not_Target
echi794.t1,Not_Target,Myosin_8,Not_Target
echi795.t1,Not_Target,Not_Target,Not_Target
echi796.t1,Myosin_37,Not_Target,Myosin_2
echi797.t1,Myosin_32,Myosin_18,Myosin_23
echi798.t1,Myosin_5,Myosin_2,Myosin_2
echi799.t1,Not_Target,Not_Target,Myosin_2
echi800.t1,Not_Target,Not_Target,Not_Target
echi801.t1,Not_Target,Not_Target,Not_Target
echi802.t1,Not_Target,Myosin_11,Not_Target
echi803.t1,Not_Target,Not_Target,Not_Target
echi804.t1,Not_Target,Myosin_17,Not_Target
echi805.t1,Not_Target,Myosin_57,Not_Target
echi806.t1,Myosin_9,Not_Target,Myosin_51
echi807.t1,Not_Target,Not_Target,Not_Target
echi808.t1,Myosin_1,Myosin_1,Myosin_19
echi809.t1,Not_Target,Not_Target,Myosin_28
echi810.t1,Not_Target,Myosin_19,Not_Target
echi811.t1,Not_Target,Not_Target,Not_Target
echi812.t1,Not_Target,Not_Target,Not_Target
echi813.t1,Not_Target,Not_Target,Myosin_36
echi814.t1,Myosin_17,Not_Target,Myosin_51
echi815.t1,Myosin_18,Myosin_18,Myosin_2
echi816.t1,Myosin_19,Not_Target,Myosin_19
echi817.t1,Not_Target,Not_Target,Not_Target
echi818.t1,Myosin_18,Not_Target,Not_Target
echi819.t1,Not_Target,Not_Target,Myosin_64
echi820.t1,Myosin_6,Myosin_1,Myosin_25
echi821.t1,Myosin_18,Not_Target,Myosin_51
echi822.t1,Myosin_5,Myosin_5,Myosin_2
echi823.t1,Not_Target,Myosin_5,Not_Target
echi824.t1,Not_Target,Not_Target,Not_Target
echi825.t1,Not_Target,Not_Target,Not_Target
echi826.t1,Not_Target,Not_Target,Myosin_20
echi827.t1,Myosin_15,Myosin_15,Myosin_15
echi828.t1,Myosin_53,Not_Target,Myosin_57
echi829.t1,Myosin_27,Myosin_3,Myosin_19
echi830.t1,Not_Target,Not_Target,Not_Target
echi831.t1,Not_Target,Not_Target,Not_Target
echi832.t1,Myosin_74,Myosin_74,Myosin_57
echi833.t1,Myosin_18,Not_Target,Not_Target
echi834.t1,Not_Target,Myosin_28,Not_Target
echi835.t1,Not_Target,Not_Target,Myosin_8
echi836.t1,Myosin_36,Myosin_3,Myosin_36
echi837.t1,Not_Target,Not_Target,Not_Target
echi838.t1,Myosin_18,Myosin_18,Myosin_18
echi839.t1,Not_Target,Not_Target,Not_Target
echi840.t1,Not_Target,Not_Target,Not_Target
echi841.t1,Not_Target,Not_Target,Not_Target
echi842.t1,Myosin_19,Not_Target,Myosin_19
echi1747.t1,Myosin_9,Myosin_3,Myosin_15
echi1748.t1,Myosin_4,Myosin_4,Myosin_22
echi1749.t1,Not_Target,Not_Target,Not_Target
echi1750.t1,Not_Target,Not_Target,Not_Target
echi1751.t1,Not_Target,Not_Target,Not_Target
echi1752.t1,Myosin_5,Myosin_5,Not_Target
echi1753.t1,Not_Target,Not_Target,Not_Target
echi1754.t1,Myosin_1,Myosin_1,Not_Target
echi1755.t1,Not_Target,Myosin_1,Not_Target
echi1756.t1,Not_Target,Not_Target,Not_Target
echi1757.t1,Not_Target,Not_Target,Myosin_57
echi1758.t1,Not_Target,Not_Target,Myosin_24
echi1759.t1,Not_Target,Not_Target,Not_Target
echi1760.t1,Not_Target,Not_Target,Not_Target
echi1761.t1,Not_Target,Not_Target,Not_Target
echi1762.t1,Not_Target,Not_Target,Not_Target
echi1763.t1,Not_Target,Not_Target,Not_Target
echi1764.t1,Not_Target,Not_Target,Not_Target
echi1765.t1,Myosin_9,Not_Target,Myosin_57
echi1766.t1,Not_Target,Not_Target,Not_Target
echi1767.t1,Not_Target,Not_Target,Myosin_8
echi1768.t1,Myosin_71,Not_Target,Not_Target
echi1769.t1,Myosin_23,Myosin_66,Myosin_1
echi1770.t1,Not_Target,Not_Target,Not_Target
echi1771.t1,Not_Target,Not_Target,Not_Target
echi1772.t1,Not_Target,Not_Target,Not_Target
echi1773.t1,Not_Target,Not_Target,Not_Target
echi1774.t1,Not_Target,Not_Target,Not_Target
echi1775.t1,Myosin_24,Not_Target,Myosin_3
echi1776.t1,Not_Target,Not_Target,Myosin_16
echi1777.t1,Not_Target,Not_Target,Not_Target
echi1778.t1,Not_Target,Not_Target,Not_Target
echi1779.t1,Not_Target,Not_Target,Not_Target
echi1780.t1,Not_Target,Not_Target,Myosin_51
echi1781.t1,Not_Target,Not_Target,Not_Target
echi1782.t1,Not_Target,Myosin_66,Not_Target
echi1783.t1,Not_Target,Not_Target,Not_Target
echi1784.t1,Not_Target,Not_Target,Not_Target
echi1785.t1,Myosin_27,Myosin_27,Not_Target
echi1786.t1,Not_Target,Not_Target,Not_Target
echi1787.t1,Not_Target,Not_Target,Not_Target
echi1788.t1,Not_Target,Not_Target,Not_Target
echi1789.t1,Myosin_23,Myosin_5,Myosin_5
echi1790.t1,Myosin_57,Not_Target,Not_Target
echi1791.t1,Not_Target,Myosin_5,Not_Target
echi1792.t1,Not_Target,Not_Target,Not_Target
echi1793.t1,Myosin_15,Myosin_22,Myosin_17
echi1794.t1,Myosin_57,Not_Target,Not_Target
echi1795.t1,Not_Target,Not_Target,Myosin_67
echi1796.t1,Not_Target,Not_Target,Not_Target
echi1797.t1,Not_Target,Not_Target,Not_Target
echi1798.t1,Not_Target,Not_Target,Not_Target
echi1799.t1,Myosin_45,Not_Target,Myosin_3
echi1800.t1,Not_Target,Not_Target,Not_Target
echi1801.t1,Myosin_17,Not_Target,Not_Target
echi1802.t1,Not_Target,Not_Target,Not_Target
echi9938.t1,Myosin_45,Not_Target,Not_Target
echi9939.t1,Not_Target,Not_Target,Not_Target
echi9940.t1,Not_Target,Not_Target,Not_Target
echi9941.t1,Not_Target,Myosin_3,Myosin_5
echi9942.t1,Not_Target,Not_Target,Myosin_2
echi9943.t1,Myosin_26,Not_Target,Myosin_24
echi9944.t1,Myosin_18,Not_Target,Myosin_3
echi9945.t1,Myosin_22,Myosin_22,Myosin_5
echi9946.t1,Not_Target,Not_Target,Not_Target
echi9947.t1,Not_Target,Not_Target,Not_Target
echi9948.t1,Myosin_3,Myosin_3,Myosin_3
echi9949.t1,Not_Target,Myosin_1,Not_Target
echi9950.t1,Myosin_16,Not_Target,Myosin_6
echi9951.t1,Not_Target,Myosin_16,Not_Target
echi9952.t1,Not_Target,Not_Target,Not_Target
echi9953.t1,Not_Target,Not_Target,Not_Target
echi9954.t1,Myosin_18,Myosin_58,Not_Target
echi9955.t1,Not_Target,Myosin_18,Not_Target
echi9956.t1,Not_Target,Not_Target,Not_Target
echi9957.t1,Not_Target,Myosin_8,Not_Target
echi9958.t1,Not_Target,Not_Target,Not_Target
echi9959.t1,Not_Target,Not_Target,Not_Target
echi9960.t1,Not_Target,Not_Target,Not_Target
echi9961.t1,Not_Target,Not_Target,Not_Target
echi9962.t1,Not_Target,Myosin_57,Not_Target
echi9963.t1,Myosin_10,Myosin_5,Myosin_8
echi9964.t1,Myosin_2,Not_Target,Not_Target
echi9965.t1,Not_Target,Not_Target,Not_Target
echi9966.t1,Not_Target,Myosin_6,Not_Target
echi9967.t1,Myosin_18,Not_Target,Myosin_3
echi9968.t1,Myosin_51,Not_Target,Myosin_24
echi9969.t1,Myosin_74,Myosin_6,Not_Target
echi9970.t1,Not_Target,Not_Target,Not_Target
echi9971.t1,Myosin_18,Not_Target,Not_Target
echi9972.t1,Not_Target,Not_Target,Not_Target
echi9973.t1,Not_Target,Not_Target,Not_Target
echi9974.t1,Not_Target,Not_Target,Myosin_16
echi9975.t1,Myosin_3,Not_Target,Myosin_1
echi9976.t1,Myosin_20,Myosin_16,Not_Target
echi9977.t1,Not_Target,Not_Target,Not_Target
echi9978.t1,Not_Target,Not_Target,Not_Target
echi9979.t1,Not_Target,Not_Target,Not_Target
echi9980.t1,Not_Target,Myosin_26,Not_Target
echi9981.t1,Not_Target,Myosin_51,Not_Target
echi9982.t1,Not_Target,Not_Target,Not_Target
echi9983.t1,Not_Target,Myosin_1,Not_Target
echi9984.t1,Myosin_18,Not_Target,Not_Target
echi9985.t1,Not_Target,Not_Target,Not_Target
echi9986.t1,Not_Target,Myosin_10,Myosin_42
echi9987.t1,Myosin_53,Not_Target,Myosin_17
echi9988.t1,Not_Target,Not_Target,Not_Target
echi9989.t1,Not_Target,Not_Target,Not_Target
echi17417.t1,Not_Target,Not_Target,Not_Target
echi17418.t1,Not_Target,Not_Target,Not_Target
echi17419.t1,Myosin_18,Not_Target,Not_Target
echi17420.t1,Not_Target,Not_Target,Not_Target
echi17421.t1,Myosin_26,Myosin_26,Not_Target
echi17422.t1,Myosin_24,Myosin_27,Myosin_34
echi17423.t1,Not_Target,Not_Target,Not_Target
echi17424.t1,Myosin_16,Myosin_16,Myosin_52
echi17425.t1,Myosin_19,Not_Target,Myosin_51
echi17426.t1,Not_Target,Not_Target,Not_Target
echi17427.t1,Not_Target,Not_Target,Not_Target
echi17428.t1,Not_Target,Not_Target,Not_Target
echi17429.t1,Not_Target,Not_Target,Not_Target
echi17430.t1,Myosin_17,Myosin_17,Not_Target
echi17431.t1,Not_Target,Not_Target,Not_Target
echi17432.t1,Myosin_18,Not_Target,Not_Target
echi17433.t1,Myosin_20,Myosin_17,Myosin_16
echi17434.t1,Not_Target,Myosin_8,Not_Target
echi17435.t1,Not_Target,Not_Target,Not_Target
echi17436.t1,Not_Target,Not_Target,Not_Target
echi17437.t1,Myosin_15,Myosin_15,Myosin_15
echi17438.t1,Not_Target,Not_Target,Myosin_20
echi17439.t1,Not_Target,Not_Target,Not_Target
echi17440.t1,Not_Target,Not_Target,Not_Target
echi17441.t1,Not_Target,Not_Target,Not_Target
echi17442.t1,Not_Target,Not_Target,Not_Target
echi17443.t1,Not_Target,Not_Target,Myosin_19
echi17444.t1,Not_Target,Myosin_19,Not_Target
echi17445.t1,Not_Target,Not_Target,Myosin_3
echi17446.t1,Not_Target,Not_Target,Myosin_57
echi17447.t1,Myosin_18,Myosin_57,Myosin_20
echi17448.t1,Not_Target,Not_Target,Not_Target
echi17449.t1,Not_Target,Not_Target,Not_Target
echi17450.t1,Myosin_17,Myosin_43,Myosin_42
echi17451.t1,Not_Target,Not_Target,Not_Target
echi17452.t1,Not_Target,Not_Target,Not_Target
echi17453.t1,Not_Target,Not_Target,Not_Target
echi17454.t1,Myosin_18,Not_Target,Myosin_20
echi17455.t1,Myosin_18,Myosin_29,Myosin_9
echi17456.t1,Not_Target,Not_Target,Not_Target
echi17457.t1,Not_Target,Not_Target,Myosin_2
echi6642.t1,Not_Target,Not_Target,Not_Target
echi6643.t1,Myosin_17,Myosin_5,Myosin_5
echi6644.t1,Myosin_4,Myosin_4,Not_Target
echi6645.t1,Not_Target,Not_Target,Not_Target
echi6646.t1,Not_Target,Not_Target,Not_Target
echi6647.t1,Myosin_37,Not_Target,Myosin_23
echi6648.t1,Myosin_15,Myosin_15,Myosin_15
echi6649.t1,Myosin_71,Not_Target,Myosin_3
echi6650.t1,Myosin_15,Myosin_15,Myosin_15
echi6651.t1,Not_Target,Not_Target,Not_Target
echi6652.t1,Not_Target,Not_Target,Not_Target
echi6653.t1,Not_Target,Not_Target,Not_Target
echi6654.t1,Not_Target,Not_Target,Myosin_43
echi6655.t1,Not_Target,Not_Target,Not_Target
echi6656.t1,Not_Target,Not_Target,Not_Target
echi6657.t1,Not_Target,Not_Target,Myosin_51
echi6658.t1,Myosin_19,Myosin_5,Myosin_1
echi6659.t1,Not_Target,Not_Target,Not_Target
echi6660.t1,Myosin_45,Myosin_26,Not_Target
echi6661.t1,Myosin_18,Not_Target,Not_Target
echi6662.t1,Myosin_24,Not_Target,Myosin_74
echi6663.t1,Not_Target,Not_Target,Myosin_24
echi6664.t1,Not_Target,Not_Target,Not_Target
echi6665.t1,Not_Target,Myosin_6,Not_Target
echi6666.t1,Myosin_44,Myosin_15,Myosin_15
echi6667.t1,Myosin_17,Myosin_26,Myosin_51
echi6668.t1,Myosin_15,Not_Target,Myosin_37
echi6669.t1,Myosin_26,Myosin_26,Not_Target
echi6670.t1,Myosin_26,Not_Target,Not_Target
echi6671.t1,Not_Target,Not_Target,Not_Target
echi6672.t1,Myosin_30,Myosin_17,Not_Target
echi6673.t1,Not_Target,Not_Target,Not_Target
echi6674.t1,Not_Target,Not_Target,Not_Target
echi6675.t1,Not_Target,Not_Target,Not_Target
echi6676.t1,Myosin_45,Not_Target,Not_Target
echi6677.t1,Not_Target,Not_Target,Not_Target
echi6678.t1,Not_Target,Not_Target,Not_Target
echi6679.t1,Not_Target,Not_Target,Not_Target
echi6680.t1,Myosin_19,Myosin_19,Not_Target
echi17814.t1,Not_Target,Not_Target,Not_Target
echi17815.t1,Not_Target,Not_Target,Myosin_1
echi17816.t1,Not_Target,Not_Target,Not_Target
echi17817.t1,Myosin_44,Myosin_18,Myosin_26
echi17818.t1,Not_Target,Not_Target,Not_Target
echi17819.t1,Myosin_45,Myosin_18,Not_Target
echi17820.t1,Myosin_45,Myosin_45,Myosin_18
echi17821.t1,Myosin_45,Not_Target,Myosin_24
echi17822.t1,Myosin_23,Myosin_18,Myosin_49
echi17823.t1,Not_Target,Not_Target,Myosin_2
echi17824.t1,Not_Target,Not_Target,Not_Target
echi17825.t1,Not_Target,Not_Target,Not_Target
echi17826.t1,Not_Target,Not_Target,Myosin_71
echi17827.t1,Myosin_51,Not_Target,Not_Target
echi17828.t1,Not_Target,Not_Target,Not_Target
echi17829.t1,Not_Target,Not_Target,Not_Target
echi17830.t1,Not_Target,Not_Target,Not_Target
echi17831.t1,Not_Target,Not_Target,Not_Target
echi17832.t1,Myosin_18,Myosin_18,Myosin_19
echi17833.t1,Not_Target,Not_Target,Not_Target
echi17834.t1,Myosin_36,Myosin_17,Myosin_17
echi17835.t1,Myosin_5,Myosin_23,Not_Target
echi17836.t1,Myosin_4,Myosin_4,Myosin_15
echi17837.t1,Not_Target,Not_Target,Myosin_1
echi17838.t1,Not_Target,Not_Target,Not_Target
echi17839.t1,Not_Target,Not_Target,Not_Target
echi17840.t1,Not_Target,Not_Target,Myosin_24
echi17841.t1,Not_Target,Not_Target,Not_Target
echi17842.t1,Not_Target,Not_Target,Not_Target
echi17843.t1,Not_Target,Myosin_34,Not_Target
echi17844.t1,Not_Target,Myosin_57,Not_Target
echi17845.t1,Myosin_45,Not_Target,Myosin_71
echi17846.t1,Myosin_18,Myosin_18,Myosin_24
echi17847.t1,Not_Target,Not_Target,Myosin_4
echi17848.t1,Not_Target,Myosin_5,Not_Target
echi17849.t1,Not_Target,Not_Target,Myosin_1
echi17850.t1,Not_Target,Not_Target,Not_Target
echi17851.t1,Myosin_1,Not_Target,Not_Target
echi17852.t1,Myosin_19,Myosin_19,Myosin_19
echi17853.t1,Not_Target,Not_Target,Myosin_34
echi17854.t1,Myosin_5,Myosin_19,Myosin_23
echi17855.t1,Myosin_9,Myosin_31,Myosin_17
echi17856.t1,Not_Target,Not_Target,Myosin_16
echi17857.t1,Myosin_5,Myosin_5,Myosin_57
echi17858.t1,Not_Target,Not_Target,Not_Target
echi17859.t1,Myosin_45,Myosin_16,Not_Target
echi17860.t1,Not_Target,Not_Target,Not_Target
echi17861.t1,Not_Target,Not_Target,Not_Target
echi17862.t1,Not_Target,Not_Target,Not_Target
echi17863.t1,Actin,Actin,Actin
echi1364.t1,Not_Target,Myosin_47,Not_Target
echi1365.t1,Not_Target,Not_Target,Not_Target
echi1366.t1,Not_Target,Myosin_1,Not_Target
echi1367.t1,Not_Target,Not_Target,Myosin_2
echi1368.t1,Myosin_15,Myosin_11,Not_Target
echi1369.t1,Not_Target,Not_Target,Myosin_5
echi1370.t1,Not_Target,Not_Target,Not_Target
echi1371.t1,Myosin_5,Myosin_2,Myosin_64
echi1372.t1,Myosin_5,Myosin_5,Myosin_57
echi1373.t1,Not_Target,Not_Target,Not_Target
echi1374.t1,Not_Target,Not_Target,Myosin_57
echi1375.t1,Not_Target,Not_Target,Myosin_28
echi1376.t1,Not_Target,Myosin_11,Not_Target
echi1377.t1,Myosin_2,Not_Target,Not_Target
echi1378.t1,Not_Target,Not_Target,Myosin_2
echi1379.t1,Myosin_81,Myosin_22,Not_Target
echi1380.t1,Myosin_17,Myosin_17,Myosin_17
echi1381.t1,Not_Target,Not_Target,Myosin_36
echi1382.t1,Not_Target,Myosin_15,Not_Target
echi1383.t1,Myosin_5,Myosin_5,Myosin_5
echi1384.t1,Myosin_17,Not_Target,Myosin_2
echi1385.t1,Myosin_15,Myosin_15,Myosin_15
echi1386.t1,Not_Target,Not_Target,Not_Target
echi1387.t1,Not_Target,Not_Target,Myosin_2
echi1388.t1,Not_Target,Not_Target,Myosin_36
echi1389.t1,Myosin_1,Myosin_2,Not_Target
echi1390.t1,Not_Target,Not_Target,Myosin_3
echi1391.t1,Not_Target,Myosin_1,Not_Target
echi1392.t1,Not_Target,Not_Target,Not_Target
echi1393.t1,Myosin_71,Not_Target,Myosin_16
echi1394.t1,Not_Target,Not_Target,Not_Target
echi1395.t1,Not_Target,Myosin_16,Not_Target
echi1396.t1,Not_Target,Not_Target,Not_Target
echi1397.t1,Not_Target,Not_Target,Not_Target
echi1398.t1,Myosin_15,Myosin_15,Myosin_15
echi1399.t1,Not_Target,Not_Target,Not_Target
echi1400.t1,Not_Target,Not_Target,Myosin_16
echi1401.t1,Not_Target,Myosin_1,Myosin_20
echi1402.t1,Not_Target,Not_Target,Myosin_68
echi1403.t1,Not_Target,Not_Target,Not_Target
echi1404.t1,Myosin_19,Not_Target,Not_Target
echi1405.t1,Not_Target,Not_Target,Not_Target
echi1406.t1,Not_Target,Not_Target,Not_Target
echi1407.t1,Myosin_29,Myosin_1,Myosin_17
echi1408.t1,Myosin_5,Not_Target,Myosin_23
echi1409.t1,Myosin_5,Myosin_5,Myosin_5
echi1410.t1,Not_Target,Not_Target,Not_Target
echi1411.t1,Not_Target,Not_Target,Not_Target
echi1412.t1,Myosin_2,Myosin_2,Not_Target
echi1413.t1,Myosin_18,Myosin_18,Myosin_3
echi1414.t1,Not_Target,Not_Target,Myosin_4
echi1415.t1,Not_Target,Not_Target,Not_Target
echi1416.t1,Not_Target,Not_Target,Myosin_20
echi1417.t1,Myosin_19,Myosin_19,Not_Target
echi1816.t1,Not_Target,Not_Target,Not_Target
echi1817.t1,Myosin_76,Myosin_44,Myosin_18
echi1818.t1,Not_Target,Myosin_16,Not_Target
echi1819.t1,Myosin_4,Myosin_15,Myosin_15
echi1820.t1,Myosin_44,Myosin_17,Myosin_15
echi1821.t1,Myosin_17,Myosin_28,Myosin_26
echi1822.t1,Myosin_45,Myosin_45,Not_Target
echi1823.t1,Not_Target,Not_Target,Not_Target
echi1824.t1,Not_Target,Myosin_19,Myosin_55
echi1825.t1,Not_Target,Not_Target,Not_Target
echi1826.t1,Not_Target,Not_Target,Not_Target
echi1827.t1,Not_Target,Not_Target,Not_Target
echi1828.t1,Not_Target,Not_Target,Myosin_14
echi1829.t1,Not_Target,Not_Target,Not_Target
echi1830.t1,Not_Target,Not_Target,Myosin_5
echi1831.t1,Not_Target,Not_Target,Not_Target
echi1832.t1,Not_Target,Not_Target,Not_Target
echi1833.t1,Not_Target,Myosin_18,Myosin_11
echi1834.t1,Myosin_17,Myosin_17,Not_Target
echi1835.t1,Myosin_45,Not_Target,Myosin_51
echi1836.t1,Myosin_17,Myosin_17,Myosin_22
echi1837.t1,Not_Target,Not_Target,Not_Target
echi1838.t1,Not_Target,Not_Target,Not_Target
echi1839.t1,Not_Target,Not_Target,Not_Target
echi1840.t1,Not_Target,Not_Target,Not_Target
echi1841.t1,Not_Target,Not_Target,Myosin_55
echi1842.t1,Myosin_3,Myosin_6,Not_Target
echi1843.t1,Not_Target,Not_Target,Not_Target
echi1844.t1,Myosin_51,Myosin_26,Myosin_24
echi1845.t1,Not_Target,Not_Target,Myosin_14
echi1846.t1,Not_Target,Myosin_62,Not_Target
echi1847.t1,Not_Target,Not_Target,Not_Target
echi1848.t1,Myosin_18,Myosin_16,Myosin_3
echi1849.t1,Myosin_24,Myosin_6,Myosin_5
echi1850.t1,Not_Target,Not_Target,Myosin_1
echi1851.t1,Not_Target,Not_Target,Not_Target
echi1852.t1,Myosin_18,Myosin_6,Myosin_19
echi1853.t1,Myosin_45,Not_Target,Not_Target
echi1854.t1,Not_Target,Not_Target,Not_Target
echi6316.t1,Not_Target,Not_Target,Myosin_1
echi6317.t1,Not_Target,Myosin_18,Not_Target
echi6318.t1,Not_Target,Not_Target,Myosin_36
echi6319.t1,Myosin_1,Myosin_37,Not_Target
echi6320.t1,Not_Target,Not_Target,Myosin_4
echi6321.t1,Not_Target,Not_Target,Not_Target
echi6322.t1,Not_Target,Not_Target,Not_Target
echi6323.t1,Myosin_17,Not_Target,Myosin_5
echi6324.t1,Myosin_27,Myosin_15,Myosin_15
echi6325.t1,Myosin_5,Not_Target,Myosin_5
echi6326.t1,Not_Target,Not_Target,Not_Target
echi6327.t1,Not_Target,Not_Target,Not_Target
echi6328.t1,Myosin_5,Myosin_19,Not_Target
echi6329.t1,Not_Target,Not_Target,Not_Target
echi6330.t1,Not_Target,Not_Target,Not_Target
echi6331.t1,Myosin_51,Myosin_1,Myosin_20
echi6332.t1,Not_Target,Not_Target,Not_Target
echi6333.t1,Not_Target,Not_Target,Myosin_1
echi6334.t1,Not_Target,Not_Target,Not_Target
echi6335.t1,Not_Target,Not_Target,Not_Target
echi6336.t1,Not_Target,Not_Target,Not_Target
echi6337.t1,Not_Target,Not_Target,Myosin_57
echi6338.t1,Not_Target,Not_Target,Not_Target
echi6339.t1,Myosin_1,Myosin_1,Not_Target
echi6340.t1,Myosin_26,Myosin_1,Myosin_5
echi6341.t1,Not_Target,Not_Target,Myosin_11
echi6342.t1,Not_Target,Not_Target,Not_Target
echi6343.t1,Not_Target,Not_Target,Not_Target
echi6344.t1,Myosin_1,Myosin_1,Myosin_8
echi6345.t1,Not_Target,Not_Target,Not_Target
echi6346.t1,Not_Target,Not_Target,Myosin_28
echi6347.t1,Not_Target,Not_Target,Not_Target
echi6348.t1,Myosin_19,Not_Target,Myosin_25
echi6349.t1,Not_Target,Not_Target,Not_Target
echi6350.t1,Myosin_1,Myosin_1,Myosin_1
echi6351.t1,Myosin_37,Myosin_57,Myosin_5
echi6352.t1,Not_Target,Not_Target,Not_Target
echi6353.t1,Myosin_29,Myosin_29,Myosin_81
echi6354.t1,Myosin_19,Myosin_19,Myosin_19
echi6355.t1,Not_Target,Not_Target,Not_Target
echi2658.t1,Not_Target,Not_Target,Myosin_8
echi2659.t1,Myosin_17,Not_Target,Myosin_3
echi2660.t1,Not_Target,Not_Target,Not_Target
echi2661.t1,Not_Target,Myosin_17,Myosin_36
echi2662.t1,Not_Target,Not_Target,Myosin_1
echi2663.t1,Not_Target,Not_Target,Not_Target
echi2664.t1,Not_Target,Not_Target,Not_Target
echi2665.t1,Not_Target,Myosin_6,Not_Target
echi2666.t1,Not_Target,Not_Target,Not_Target
echi2667.t1,Myosin_17,Myosin_26,Myosin_16
echi2668.t1,Not_Target,Not_Target,Myosin_5
echi2669.t1,Myosin_45,Not_Target,Myosin_26
echi2670.t1,Not_Target,Not_Target,Myosin_2
echi2671.t1,Not_Target,Myosin_5,Myosin_8
echi2672.t1,Not_Target,Not_Target,Not_Target
echi2673.t1,Not_Target,Not_Target,Not_Target
echi2674.t1,Not_Target,Not_Target,Not_Target
echi2675.t1,Myosin_57,Myosin_57,Myosin_20
echi2676.t1,Myosin_19,Myosin_19,Myosin_6
echi2677.t1,Not_Target,Not_Target,Myosin_1
echi2678.t1,Not_Target,Not_Target,Not_Target
echi2679.t1,Not_Target,Not_Target,Not_Target
echi2680.t1,Not_Target,Not_Target,Myosin_19
echi2681.t1,Not_Target,Myosin_1,Myosin_1
echi2682.t1,Myosin_15,Myosin_3,Myosin_5
echi2683.t1,Not_Target,Not_Target,Not_Target
echi2684.t1,Not_Target,Not_Target,Not_Target
echi2685.t1,Myosin_17,Not_Target,Myosin_45
echi2686.t1,Not_Target,Myosin_16,Myosin_20
echi2687.t1,Not_Target,Not_Target,Myosin_5
echi2688.t1,Not_Target,Not_Target,Not_Target
echi2689.t1,Not_Target,Myosin_27,Myosin_8
echi2690.t1,Myosin_15,Myosin_15,Myosin_15
echi2691.t1,Myosin_6,Not_Target,Myosin_47
echi2692.t1,Not_Target,Not_Target,Not_Target
echi2693.t1,Not_Target,Not_Target,Not_Target
echi2694.t1,Not_Target,Not_Target,Myosin_59
echi2695.t1,Not_Target,Not_Target,Not_Target
echi2696.t1,Not_Target,Not_Target,Not_Target
echi2697.t1,Myosin_2,Myosin_2,Myosin_2
echi2698.t1,Not_Target,Not_Target,Not_Target
echi2699.t1,Not_Target,Not_Target,Not_Target
echi2700.t1,Not_Target,Not_Target,Not_Target
echi2701.t1,Myosin_19,Myosin_5,Myosin_67
echi2702.t1,Not_Target,Not_Target,Not_Target
echi2703.t1,Not_Target,Not_Target,Not_Target
echi2704.t1,Not_Target,Not_Target,Not_Target
echi2705.t1,Not_Target,Not_Target,Not_Target
echi2706.t1,Not_Target,Not_Target,Not_Target
echi2707.t1,Not_Target,Myosin_11,Not_Target
echi2708.t1,Not_Target,Myosin_28,Not_Target
echi2709.t1,Myosin_45,Myosin_74,Not_Target
echi2710.t1,Myosin_9,Not_Target,Myosin_2
echi2711.t1,Not_Target,Not_Target,Not_Target
echi5435.t1,Not_Target,Not_Target,Not_Target
echi5436.t1,Not_Target,Not_Target,Not_Target
echi5437.t1,Myosin_25,Myosin_17,Myosin_5
echi5438.t1,Not_Target,Not_Target,Not_Target
echi5439.t1,Myosin_1,Myosin_1,Myosin_1
echi5440.t1,Myosin_45,Myosin_16,Not_Target
echi5441.t1,Not_Target,Not_Target,Not_Target
echi5442.t1,Not_Target,Myosin_5,Not_Target
echi5443.t1,Not_Target,Not_Target,Not_Target
echi5444.t1,Not_Target,Not_Target,Not_Target
echi5445.t1,Not_Target,Not_Target,Not_Target
echi5446.t1,Not_Target,Not_Target,Not_Target
echi5447.t1,Not_Target,Not_Target,Not_Target
echi5448.t1,Not_Target,Not_Target,Not_Target
echi5449.t1,Not_Target,Myosin_19,Not_Target
echi5450.t1,Not_Target,Not_Target,Not_Target
echi5451.t1,Not_Target,Not_Target,Not_Target
echi5452.t1,Myosin_3,Myosin_19,Myosin_1
echi5453.t1,Not_Target,Not_Target,Myosin_14
echi5454.t1,Not_Target,Not_Target,Not_Target
echi5455.t1,Not_Target,Not_Target,Not_Target
echi5456.t1,Not_Target,Not_Target,Not_Target
echi5457.t1,Not_Target,Not_Target,Not_Target
echi5458.t1,Not_Target,Not_Target,Not_Target
echi5459.t1,Not_Target,Myosin_15,Not_Target
echi5460.t1,Not_Target,Not_Target,Not_Target
echi5461.t1,Not_Target,Not_Target,Not_Target
echi5462.t1,Not_Target,Myosin_16,Not_Target
echi5463.t1,Not_Target,Not_Target,Not_Target
echi5464.t1,Myosin_6,Not_Target,Not_Target
echi5465.t1,Not_Target,Not_Target,Not_Target
echi5466.t1,Not_Target,Not_Target,Not_Target
echi5467.t1,Not_Target,Not_Target,Not_Target
echi5468.t1,Not_Target,Not_Target,Myosin_1
echi5469.t1,Not_Target,Myosin_57,Myosin_61
echi5470.t1,Not_Target,Not_Target,Not_Target
echi5471.t1,Not_Target,Not_Target,Not_Target
echi5472.t1,Myosin_31,Not_Target,Not_Target
echi5473.t1,Not_Target,Not_Target,Not_Target
echi5474.t1,Not_Target,Myosin_57,Not_Target
echi5475.t1,Not_Target,Not_Target,Not_Target
echi5476.t1,Not_Target,Myosin_6,Not_Target
echi5477.t1,Not_Target,Not_Target,Myosin_64
echi5478.t1,Not_Target,Not_Target,Myosin_1
echi5479.t1,Myosin_19,Myosin_27,Not_Target
echi5480.t1,Myosin_45,Not_Target,Not_Target
echi5481.t1,Not_Target,Not_Target,Not_Target
echi5482.t1,Not_Target,Not_Target,Not_Target
echi5483.t1,Myosin_15,Myosin_15,Myosin_15
echi5484.t1,Myosin_19,Not_Target,Myosin_3
echi5485.t1,Not_Target,Not_Target,Not_Target
echi5486.t1,Not_Target,Not_Target,Not_Target
echi5487.t1,Myosin_17,Myosin_17,Myosin_4
echi5488.t1,Not_Target,Not_Target,Not_Target
echi5489.t1,Myosin_1,Myosin_1,Not_Target
echi5490.t1,Not_Target,Not_Target,Not_Target
echi11357.t1,Not_Target,Not_Target,Not_Target
echi11358.t1,Myosin_74,Not_Target,Myosin_74
echi11359.t1,Not_Target,Not_Target,Not_Target
echi11360.t1,Not_Target,Myosin_17,Not_Target
echi11361.t1,Myosin_5,Not_Target,Not_Target
echi11362.t1,Not_Target,Myosin_20,Not_Target
echi11363.t1,Not_Target,Not_Target,Not_Target
echi11364.t1,Not_Target,Myosin_19,Not_Target
echi11365.t1,Not_Target,Not_Target,Not_Target
echi11366.t1,Not_Target,Not_Target,Not_Target
echi11367.t1,Not_Target,Myosin_1,Not_Target
echi11368.t1,Not_Target,Not_Target,Not_Target
echi11369.t1,Not_Target,Not_Target,Myosin_24
echi11370.t1,Not_Target,Not_Target,Not_Target
echi11371.t1,Not_Target,Not_Target,Not_Target
echi11372.t1,Not_Target,Not_Target,Not_Target
echi11373.t1,Myosin_1,Myosin_18,Myosin_4
echi11374.t1,Not_Target,Not_Target,Not_Target
echi11375.t1,Not_Target,Not_Target,Not_Target
echi11376.t1,Not_Target,Not_Target,Not_Target
echi11377.t1,Not_Target,Not_Target,Not_Target
echi11378.t1,Not_Target,Not_Target,Not_Target
echi11379.t1,Not_Target,Not_Target,Myosin_66
echi11380.t1,Not_Target,Not_Target,Myosin_57
echi11381.t1,Not_Target,Not_Target,Not_Target
echi11382.t1,Myosin_5,Myosin_5,Myosin_5
echi11383.t1,Not_Target,Myosin_19,Myosin_19
echi11384.t1,Myosin_17,Myosin_3,Myosin_5
echi11385.t1,Not_Target,Not_Target,Myosin_4
echi11386.t1,Myosin_45,Not_Target,Myosin_16
echi11387.t1,Not_Target,Not_Target,Not_Target
echi11388.t1,Not_Target,Not_Target,Not_Target
echi11389.t1,Not_Target,Not_Target,Myosin_19
echi11390.t1,Myosin_18,Myosin_6,Myosin_2
echi11391.t1,Not_Target,Myosin_1,Not_Target
echi11392.t1,Not_Target,Not_Target,Not_Target
echi11393.t1,Myosin_1,Not_Target,Actin
echi11394.t1,Not_Target,Myosin_1,Not_Target
echi11395.t1,Not_Target,Not_Target,Not_Target
echi11396.t1,Not_Target,Not_Target,Not_Target
echi11397.t1,Not_Target,Myosin_19,Myosin_36
echi11398.t1,Not_Target,Myosin_4,Not_Target
echi11399.t1,Not_Target,Myosin_4,Myosin_31
echi11400.t1,Myosin_18,Myosin_18,Myosin_22
echi11401.t1,Not_Target,Myosin_5,Not_Target
echi11402.t1,Not_Target,Not_Target,Myosin_36
echi11403.t1,Not_Target,Not_Target,Not_Target
echi5664.t1,Not_Target,Not_Target,Not_Target
echi5665.t1,Not_Target,Not_Target,Not_Target
echi5666.t1,Myosin_19,Myosin_57,Myosin_4
echi5667.t1,Not_Target,Not_Target,Not_Target
echi5668.t1,Not_Target,Not_Target,Not_Target
echi5669.t1,Not_Target,Not_Target,Not_Target
echi5670.t1,Not_Target,Not_Target,Not_Target
echi5671.t1,Not_Target,Not_Target,Not_Target
echi5672.t1,Not_Target,Not_Target,Not_Target
echi5673.t1,Not_Target,Not_Target,Not_Target
echi5674.t1,Not_Target,Not_Target,Not_Target
echi5675.t1,Not_Target,Not_Target,Not_Target
echi5676.t1,Not_Target,Myosin_1,Not_Target
echi5677.t1,Not_Target,Not_Target,Not_Target
echi5678.t1,Not_Target,Not_Target,Not_Target
echi5679.t1,Myosin_41,Not_Target,Not_Target
echi5680.t1,Not_Target,Not_Target,Not_Target
echi5681.t1,Not_Target,Not_Target,Myosin_11
echi5682.t1,Myosin_18,Not_Target,Myosin_1
echi5683.t1,Myosin_4,Myosin_81,Not_Target
echi5684.t1,Not_Target,Not_Target,Not_Target
echi5685.t1,Not_Target,Not_Target,Not_Target
echi5686.t1,Not_Target,Not_Target,Myosin_43
echi5687.t1,Myosin_45,Myosin_5,Myosin_3
echi5688.t1,Not_Target,Not_Target,Myosin_20
echi5689.t1,Not_Target,Myosin_9,Myosin_4
echi5690.t1,Myosin_37,Not_Target,Not_Target
echi5691.t1,Not_Target,Not_Target,Not_Target
echi5692.t1,Not_Target,Myosin_1,Not_Target
echi5693.t1,Myosin_9,Myosin_9,Myosin_13
echi5694.t1,Not_Target,Not_Target,Not_Target
echi5695.t1,Not_Target,Not_Target,Not_Target
echi5696.t1,Not_Target,Not_Target,Not_Target
echi5697.t1,Not_Target,Not_Target,Not_Target
echi5698.t1,Not_Target,Myosin_1,Myosin_19
echi5699.t1,Not_Target,Not_Target,Not_Target
echi5700.t1,Not_Target,Not_Target,Not_Target
echi5701.t1,Myosin_5,Not_Target,Not_Target
echi5702.t1,Not_Target,Not_Target,Not_Target
echi5703.t1,Not_Target,Not_Target,Not_Target
echi5704.t1,Myosin_5,Myosin_18,Myosin_8
echi5705.t1,Not_Target,Not_Target,Not_Target
echi5706.t1,Myosin_45,Myosin_26,Myosin_5
echi5707.t1,Not_Target,Not_Target,Not_Target
echi5708.t1,Not_Target,Myosin_57,Not_Target
echi5709.t1,Not_Target,Myosin_57,Not_Target
echi5710.t1,Not_Target,Not_Target,Not_Target
echi5711.t1,Not_Target,Not_Target,Not_Target
echi5712.t1,Not_Target,Not_Target,Not_Target
echi5713.t1,Not_Target,Not_Target,Not_Target
echi5714.t1,Not_Target,Not_Target,Not_Target
echi5715.t1,Not_Target,Myosin_11,Not_Target
echi5716.t1,Myosin_45,Myosin_5,Not_Target
echi5717.t1,Not_Target,Not_Target,Not_Target
echi5718.t1,Myosin_24,Myosin_8,Myosin_23
echi5719.t1,Not_Target,Not_Target,Not_Target
echi5720.t1,Not_Target,Not_Target,Not_Target
echi5721.t1,Not_Target,Not_Target,Not_Target
echi5722.t1,Not_Target,Not_Target,Not_Target
echi5723.t1,Not_Target,Not_Target,Not_Target
echi5724.t1,Not_Target,Myosin_19,Not_Target
echi5725.t1,Myosin_5,Myosin_22,Myosin_16
echi5726.t1,Not_Target,Not_Target,Not_Target
echi5727.t1,Not_Target,Not_Target,Not_Target
echi5728.t1,Not_Target,Not_Target,Myosin_1
echi5729.t1,Not_Target,Not_Target,Not_Target
echi5730.t1,Not_Target,Not_Target,Not_Target
echi18029.t1,Not_Target,Myosin_19,Not_Target
echi18030.t1,Not_Target,Not_Target,Not_Target
echi18031.t1,Myosin_36,Myosin_36,Myosin_17
echi18032.t1,Myosin_28,Myosin_4,Myosin_1
echi18033.t1,Myosin_25,Not_Target,Myosin_27
echi18034.t1,Not_Target,Not_Target,Not_Target
echi18035.t1,Not_Target,Myosin_6,Not_Target
echi18036.t1,Not_Target,Not_Target,Not_Target
echi18037.t1,Not_Target,Not_Target,Myosin_64
echi18038.t1,Not_Target,Not_Target,Not_Target
echi18039.t1,Myosin_45,Not_Target,Myosin_3
echi18040.t1,Not_Target,Not_Target,Not_Target
echi18041.t1,Not_Target,Not_Target,Not_Target
echi18042.t1,Not_Target,Not_Target,Not_Target
echi18043.t1,Not_Target,Not_Target,Myosin_4
echi18044.t1,Myosin_30,Myosin_30,Myosin_34
echi18045.t1,Not_Target,Not_Target,Myosin_43
echi18046.t1,Not_Target,Not_Target,Not_Target
echi18047.t1,Not_Target,Not_Target,Not_Target
echi18048.t1,Myosin_9,Myosin_57,Myosin_1
echi18049.t1,Not_Target,Not_Target,Myosin_5
echi18050.t1,Not_Target,Not_Target,Not_Target
echi18051.t1,Not_Target,Not_Target,Myosin_1
echi18052.t1,Not_Target,Not_Target,Not_Target
echi18053.t1,Not_Target,Not_Target,Not_Target
echi18054.t1,Not_Target,Not_Target,Not_Target
echi18055.t1,Not_Target,Not_Target,Myosin_27
echi18056.t1,Myosin_17,Myosin_17,Myosin_17
echi18057.t1,Myosin_19,Myosin_19,Not_Target
echi18058.t1,Not_Target,Not_Target,Not_Target
echi18059.t1,Myosin_57,Myosin_57,Myosin_51
echi18060.t1,Not_Target,Not_Target,Not_Target
echi18061.t1,Not_Target,Not_Target,Not_Target
echi18062.t1,Not_Target,Not_Target,Not_Target
echi18063.t1,Not_Target,Not_Target,Not_Target
echi18064.t1,Not_Target,Not_Target,Not_Target
echi18065.t1,Myosin_5,Myosin_17,Myosin_5
echi18066.t1,Not_Target,Not_Target,Myosin_5
echi18067.t1,Not_Target,Not_Target,Not_Target
echi18068.t1,Myosin_16,Not_Target,Myosin_31
echi18069.t1,Myosin_18,Myosin_18,Not_Target
echi18070.t1,Not_Target,Not_Target,Not_Target
echi18071.t1,Not_Target,Not_Target,Myosin_8
echi18072.t1,Not_Target,Myosin_57,Not_Target
echi18073.t1,Not_Target,Not_Target,Not_Target
echi18074.t1,Not_Target,Not_Target,Not_Target
echi18075.t1,Not_Target,Not_Target,Not_Target
echi18076.t1,Not_Target,Not_Target,Not_Target
echi18077.t1,Myosin_5,Not_Target,Myosin_49
echi18078.t1,Not_Target,Not_Target,Not_Target
echi18079.t1,Myosin_27,Not_Target,Not_Target
echi1474.t1,Not_Target,Not_Target,Not_Target
echi1475.t1,Not_Target,Not_Target,Not_Target
echi1476.t1,Not_Target,Not_Target,Not_Target
echi1477.t1,Not_Target,Not_Target,Not_Target
echi1478.t1,Not_Target,Not_Target,Myosin_20
echi1479.t1,Not_Target,Not_Target,Not_Target
echi1480.t1,Not_Target,Not_Target,Not_Target
echi1481.t1,Not_Target,Myosin_1,Not_Target
echi1482.t1,Not_Target,Not_Target,Myosin_1
echi1483.t1,Myosin_45,Not_Target,Myosin_3
echi1484.t1,Myosin_3,Myosin_57,Not_Target
echi1485.t1,Not_Target,Not_Target,Myosin_3
echi1486.t1,Not_Target,Not_Target,Not_Target
echi1487.t1,Myosin_4,Myosin_11,Myosin_81
echi1488.t1,Not_Target,Not_Target,Not_Target
echi1489.t1,Not_Target,Myosin_20,Not_Target
echi1490.t1,Not_Target,Not_Target,Myosin_51
echi1491.t1,Not_Target,Not_Target,Not_Target
echi1492.t1,Not_Target,Not_Target,Myosin_51
echi1493.t1,Myosin_1,Myosin_1,Myosin_1
echi1494.t1,Myosin_26,Myosin_74,Not_Target
echi1495.t1,Not_Target,Not_Target,Not_Target
echi1496.t1,Not_Target,Not_Target,Not_Target
echi1497.t1,Not_Target,Not_Target,Not_Target
echi1498.t1,Not_Target,Not_Target,Not_Target
echi1499.t1,Not_Target,Not_Target,Not_Target
echi1500.t1,Not_Target,Not_Target,Not_Target
echi1501.t1,Not_Target,Not_Target,Not_Target
echi1502.t1,Myosin_1,Myosin_1,Myosin_4
echi1503.t1,Not_Target,Not_Target,Not_Target
echi1504.t1,Not_Target,Not_Target,Not_Target
echi1505.t1,Myosin_51,Not_Target,Myosin_37
echi1506.t1,Not_Target,Not_Target,Not_Target
echi1507.t1,Myosin_18,Myosin_5,Not_Target
echi1508.t1,Myosin_15,Myosin_22,Myosin_37
echi1509.t1,Myosin_74,Myosin_74,Not_Target
echi1510.t1,Myosin_1,Myosin_17,Myosin_5
echi1511.t1,Myosin_37,Not_Target,Myosin_6
echi1512.t1,Not_Target,Not_Target,Not_Target
echi1513.t1,Not_Target,Not_Target,Myosin_1
echi1514.t1,Not_Target,Not_Target,Not_Target
echi1515.t1,Not_Target,Myosin_30,Not_Target
echi1516.t1,Not_Target,Not_Target,Not_Target
echi12887.t1,Not_Target,Not_Target,Not_Target
echi12888.t1,Not_Target,Myosin_1,Not_Target
echi12889.t1,Not_Target,Myosin_1,Myosin_20
echi12890.t1,Not_Target,Not_Target,Not_Target
echi12891.t1,Myosin_15,Not_Target,Myosin_3
echi12892.t1,Not_Target,Not_Target,Not_Target
echi12893.t1,Not_Target,Not_Target,Not_Target
echi12894.t1,Not_Target,Not_Target,Not_Target
echi12895.t1,Not_Target,Not_Target,Not_Target
echi12896.t1,Myosin_45,Myosin_28,Myosin_18
echi12897.t1,Not_Target,Not_Target,Not_Target
echi12898.t1,Not_Target,Myosin_6,Myosin_2
echi12899.t1,Not_Target,Not_Target,Not_Target
echi12900.t1,Not_Target,Myosin_5,Not_Target
echi12901.t1,Not_Target,Not_Target,Myosin_1
echi12902.t1,Not_Target,Myosin_17,Not_Target
echi12903.t1,Myosin_51,Myosin_8,Not_Target
echi12904.t1,Not_Target,Not_Target,Myosin_6
echi12905.t1,Myosin_36,Not_Target,Myosin_26
echi12906.t1,Not_Target,Not_Target,Not_Target
echi12907.t1,Not_Target,Not_Target,Not_Target
echi12908.t1,Myosin_2,Myosin_23,Not_Target
echi12909.t1,Not_Target,Not_Target,Not_Target
echi12910.t1,Not_Target,Not_Target,Myosin_5
echi12911.t1,Not_Target,Myosin_19,Not_Target
echi12912.t1,Not_Target,Not_Target,Not_Target
echi12913.t1,Myosin_37,Not_Target,Not_Target
echi12914.t1,Not_Target,Myosin_19,Not_Target
echi12915.t1,Not_Target,Not_Target,Not_Target
echi12916.t1,Not_Target,Not_Target,Not_Target
echi12917.t1,Not_Target,Not_Target,Not_Target
echi12918.t1,Not_Target,Myosin_5,Not_Target
echi12919.t1,Not_Target,Myosin_5,Not_Target
echi12920.t1,Myosin_5,Myosin_17,Myosin_3
echi12921.t1,Not_Target,Not_Target,Not_Target
echi12922.t1,Not_Target,Not_Target,Not_Target
echi12923.t1,Not_Target,Not_Target,Not_Target
echi12924.t1,Myosin_45,Myosin_18,Not_Target
echi12925.t1,Myosin_45,Myosin_16,Not_Target
echi12926.t1,Not_Target,Myosin_19,Not_Target
echi12927.t1,Not_Target,Not_Target,Not_Target
echi12928.t1,Not_Target,Not_Target,Not_Target
echi12929.t1,Not_Target,Not_Target,Not_Target
echi12930.t1,Not_Target,Myosin_28,Not_Target
echi2798.t1,Myosin_27,Not_Target,Myosin_30
echi2799.t1,Myosin_76,Myosin_74,Myosin_10
echi2800.t1,Myosin_17,Not_Target,Myosin_36
echi2801.t1,Myosin_36,Not_Target,Myosin_36
echi2802.t1,Not_Target,Not_Target,Not_Target
echi2803.t1,Myosin_4,Myosin_11,Myosin_5
echi2804.t1,Not_Target,Not_Target,Myosin_57
echi2805.t1,Myosin_36,Myosin_36,Myosin_17
echi2806.t1,Not_Target,Not_Target,Not_Target
echi2807.t1,Not_Target,Myosin_36,Not_Target
echi2808.t1,Not_Target,Not_Target,Not_Target
echi2809.t1,Myosin_15,Myosin_22,Myosin_22
echi2810.t1,Not_Target,Not_Target,Not_Target
echi2811.t1,Not_Target,Not_Target,Not_Target
echi2812.t1,Myosin_2,Myosin_5,Myosin_20
echi2813.t1,Not_Target,Not_Target,Myosin_8
echi2814.t1,Myosin_23,Not_Target,Myosin_31
echi2815.t1,Not_Target,Not_Target,Not_Target
echi2816.t1,Myosin_15,Not_Target,Not_Target
echi2817.t1,Not_Target,Myosin_1,Not_Target
echi2818.t1,Myosin_26,Not_Target,Myosin_1
echi2819.t1,Not_Target,Myosin_26,Myosin_3
echi2820.t1,Myosin_30,Not_Target,Myosin_27
echi2821.t1,Myosin_15,Myosin_15,Myosin_15
echi2822.t1,Not_Target,Not_Target,Myosin_30
echi2823.t1,Myosin_25,Myosin_25,Not_Target
echi2824.t1,Not_Target,Myosin_1,Not_Target
echi2825.t1,Myosin_2,Myosin_6,Myosin_2
echi2826.t1,Not_Target,Not_Target,Not_Target
echi2827.t1,Not_Target,Not_Target,Myosin_20
echi2828.t1,Not_Target,Not_Target,Not_Target
echi2829.t1,Myosin_45,Myosin_74,Not_Target
echi2830.t1,Not_Target,Not_Target,Myosin_16
echi2831.t1,Not_Target,Not_Target,Not_Target
echi2832.t1,Not_Target,Not_Target,Not_Target
echi2833.t1,Myosin_17,Myosin_17,Not_Target
echi2834.t1,Not_Target,Not_Target,Not_Target
echi2835.t1,Myosin_45,Not_Target,Myosin_19
echi2836.t1,Myosin_2,Myosin_2,Not_Target
echi2837.t1,Not_Target,Not_Target,Not_Target
echi2838.t1,Not_Target,Not_Target,Not_Target
echi2839.t1,Not_Target,Myosin_55,Not_Target
echi2840.t1,Myosin_81,Not_Target,Not_Target
echi2841.t1,Not_Target,Not_Target,Not_Target
echi2842.t1,Not_Target,Not_Target,Not_Target
echi2843.t1,Not_Target,Myosin_2,Not_Target
echi2844.t1,Myosin_1,Myosin_80,Myosin_1
echi6731.t1,Myosin_81,Myosin_37,Myosin_2
echi6732.t1,Not_Target,Not_Target,Not_Target
echi6733.t1,Not_Target,Not_Target,Not_Target
echi6734.t1,Not_Target,Not_Target,Not_Target
echi6735.t1,Not_Target,Not_Target,Not_Target
echi6736.t1,Not_Target,Myosin_36,Myosin_51
echi6737.t1,Myosin_6,Myosin_6,Myosin_20
echi6738.t1,Not_Target,Not_Target,Not_Target
echi6739.t1,Not_Target,Not_Target,Not_Target
echi6740.t1,Myosin_5,Myosin_5,Myosin_57
echi6741.t1,Not_Target,Not_Target,Not_Target
echi6742.t1,Not_Target,Not_Target,Not_Target
echi6743.t1,Not_Target,Myosin_17,Myosin_27
echi6744.t1,Not_Target,Myosin_28,Myosin_2
echi6745.t1,Myosin_30,Myosin_28,Myosin_34
echi6746.t1,Myosin_2,Myosin_2,Not_Target
echi6747.t1,Not_Target,Not_Target,Not_Target
echi6748.t1,Not_Target,Not_Target,Not_Target
echi6749.t1,Not_Target,Not_Target,Not_Target
echi6750.t1,Myosin_2,Myosin_26,Not_Target
echi6751.t1,Myosin_18,Not_Target,Myosin_3
echi6752.t1,Not_Target,Myosin_1,Not_Target
echi6753.t1,Not_Target,Not_Target,Not_Target
echi6754.t1,Not_Target,Not_Target,Myosin_20
echi6755.t1,Not_Target,Not_Target,Not_Target
echi6756.t1,Not_Target,Not_Target,Not_Target
echi6757.t1,Not_Target,Not_Target,Not_Target
echi6758.t1,Not_Target,Not_Target,Not_Target
echi6759.t1,Myosin_29,Not_Target,Not_Target
echi6760.t1,Not_Target,Not_Target,Not_Target
echi6761.t1,Myosin_14,Not_Target,Myosin_2
echi6762.t1,Not_Target,Not_Target,Not_Target
echi6763.t1,Not_Target,Not_Target,Not_Target
echi6764.t1,Not_Target,Not_Target,Not_Target
echi6765.t1,Not_Target,Not_Target,Myosin_24
echi6766.t1,Myosin_3,Myosin_26,Myosin_1
echi6767.t1,Not_Target,Not_Target,Not_Target
echi6768.t1,Not_Target,Myosin_1,Not_Target
echi6769.t1,Not_Target,Not_Target,Not_Target
echi6770.t1,Not_Target,Not_Target,Not_Target
echi6771.t1,Not_Target,Not_Target,Not_Target
echi6772.t1,Not_Target,Not_Target,Not_Target
echi6773.t1,Not_Target,Not_Target,Not_Target
echi6774.t1,Myosin_1,Not_Target,Myosin_1
echi6775.t1,Not_Target,Not_Target,Not_Target
echi6776.t1,Not_Target,Not_Target,Not_Target
echi6777.t1,Not_Target,Myosin_17,Not_Target
echi6778.t1,Not_Target,Not_Target,Not_Target
echi6779.t1,Not_Target,Myosin_5,Not_Target
echi6780.t1,Not_Target,Not_Target,Not_Target
echi6781.t1,Not_Target,Not_Target,Not_Target
echi6782.t1,Myosin_45,Not_Target,Myosin_51
echi6783.t1,Not_Target,Myosin_4,Not_Target
echi6784.t1,Not_Target,Not_Target,Myosin_37
echi6785.t1,Not_Target,Myosin_18,Not_Target
echi6786.t1,Not_Target,Not_Target,Not_Target
echi6787.t1,Not_Target,Myosin_23,Not_Target
echi6788.t1,Not_Target,Not_Target,Myosin_24
echi6789.t1,Not_Target,Not_Target,Not_Target
echi6790.t1,Myosin_57,Not_Target,Myosin_8
echi6791.t1,Myosin_24,Not_Target,Not_Target
echi6792.t1,Not_Target,Not_Target,Not_Target
echi6793.t1,Not_Target,Not_Target,Myosin_37
echi6794.t1,Myosin_19,Not_Target,Myosin_1
echi6795.t1,Myosin_1,Not_Target,Not_Target
echi17026.t1,Myosin_20,Myosin_20,Myosin_8
echi17027.t1,Not_Target,Not_Target,Not_Target
echi17028.t1,Myosin_2,Myosin_2,Myosin_2
echi17029.t1,Not_Target,Not_Target,Not_Target
echi17030.t1,Myosin_18,Not_Target,Myosin_45
echi17031.t1,Not_Target,Not_Target,Not_Target
echi17032.t1,Not_Target,Not_Target,Not_Target
echi17033.t1,Not_Target,Not_Target,Not_Target
echi17034.t1,Not_Target,Not_Target,Not_Target
echi17035.t1,Not_Target,Myosin_19,Not_Target
echi17036.t1,Myosin_15,Myosin_15,Myosin_15
echi17037.t1,Not_Target,Not_Target,Myosin_13
echi17038.t1,Not_Target,Not_Target,Not_Target
echi17039.t1,Not_Target,Not_Target,Myosin_1
echi17040.t1,Not_Target,Not_Target,Not_Target
echi17041.t1,Myosin_3,Myosin_1,Not_Target
echi17042.t1,Not_Target,Not_Target,Not_Target
echi17043.t1,Myosin_57,Myosin_3,Myosin_14
echi17044.t1,Not_Target,Not_Target,Not_Target
echi17045.t1,Not_Target,Not_Target,Not_Target
echi17046.t1,Myosin_26,Myosin_26,Myosin_20
echi17047.t1,Not_Target,Not_Target,Not_Target
echi17048.t1,Myosin_5,Not_Target,Not_Target
echi17049.t1,Not_Target,Not_Target,Myosin_11
echi17050.t1,Myosin_18,Not_Target,Myosin_2
echi17051.t1,Myosin_15,Myosin_15,Myosin_15
echi17052.t1,Myosin_45,Myosin_45,Myosin_26
echi17053.t1,Not_Target,Not_Target,Not_Target
echi17054.t1,Not_Target,Not_Target,Not_Target
echi17055.t1,Not_Target,Myosin_20,Myosin_4
echi17056.t1,Not_Target,Not_Target,Not_Target
echi17057.t1,Not_Target,Not_Target,Not_Target
echi17058.t1,Not_Target,Myosin_18,Not_Target
echi17059.t1,Not_Target,Not_Target,Myosin_20
echi17060.t1,Myosin_30,Not_Target,Not_Target
echi17061.t1,Not_Target,Not_Target,Not_Target
echi17062.t1,Not_Target,Myosin_20,Not_Target
echi8816.t1,Myosin_5,Myosin_1,Myosin_5
echi8817.t1,Not_Target,Myosin_28,Not_Target
echi8818.t1,Not_Target,Not_Target,Not_Target
echi8819.t1,Not_Target,Not_Target,Not_Target
echi8820.t1,Myosin_19,Not_Target,Myosin_19
echi8821.t1,Myosin_3,Not_Target,Myosin_5
echi8822.t1,Myosin_45,Not_Target,Myosin_24
echi8823.t1,Myosin_15,Myosin_15,Myosin_15
echi8824.t1,Not_Target,Myosin_1,Not_Target
echi8825.t1,Myosin_45,Not_Target,Not_Target
echi8826.t1,Not_Target,Myosin_57,Myosin_57
echi8827.t1,Myosin_2,Myosin_2,Myosin_2
echi8828.t1,Myosin_18,Myosin_57,Myosin_24
echi8829.t1,Not_Target,Not_Target,Not_Target
echi8830.t1,Not_Target,Myosin_1,Not_Target
echi8831.t1,Not_Target,Not_Target,Not_Target
echi8832.t1,Not_Target,Not_Target,Not_Target
echi8833.t1,Not_Target,Myosin_2,Not_Target
echi8834.t1,Not_Target,Not_Target,Not_Target
echi8835.t1,Not_Target,Not_Target,Myosin_2
echi8836.t1,Myosin_19,Not_Target,Myosin_17
echi8837.t1,Not_Target,Not_Target,Not_Target
echi8838.t1,Not_Target,Myosin_13,Not_Target
echi8839.t1,Not_Target,Not_Target,Not_Target
echi8840.t1,Not_Target,Not_Target,Not_Target
echi8841.t1,Myosin_2,Myosin_57,Not_Target
echi8842.t1,Not_Target,Myosin_22,Not_Target
echi8843.t1,Myosin_2,Not_Target,Not_Target
echi8844.t1,Not_Target,Not_Target,Not_Target
echi8845.t1,Not_Target,Not_Target,Myosin_1
echi8846.t1,Not_Target,Not_Target,Not_Target
echi8847.t1,Not_Target,Not_Target,Not_Target
echi8848.t1,Myosin_2,Myosin_57,Myosin_5
echi8849.t1,Not_Target,Not_Target,Not_Target
echi8850.t1,Not_Target,Not_Target,Not_Target
echi8851.t1,Myosin_51,Not_Target,Myosin_51
echi8852.t1,Myosin_17,Myosin_17,Not_Target
echi8853.t1,Not_Target,Myosin_1,Not_Target
echi8854.t1,Not_Target,Not_Target,Myosin_8
echi8855.t1,Myosin_1,Myosin_1,Myosin_16
echi8856.t1,Not_Target,Not_Target,Not_Target
echi8857.t1,Not_Target,Not_Target,Not_Target
echi8858.t1,Not_Target,Not_Target,Myosin_24
echi8859.t1,Not_Target,Not_Target,Not_Target
echi8860.t1,Not_Target,Not_Target,Not_Target
echi8861.t1,Myosin_19,Not_Target,Myosin_4
echi8862.t1,Not_Target,Not_Target,Not_Target
echi3847.t1,Myosin_45,Myosin_64,Myosin_18
echi3848.t1,Myosin_36,Myosin_9,Myosin_36
echi3849.t1,Not_Target,Not_Target,Not_Target
echi3850.t1,Not_Target,Not_Target,Not_Target
echi3851.t1,Myosin_19,Not_Target,Myosin_19
echi3852.t1,Myosin_5,Myosin_5,Not_Target
echi3853.t1,Myosin_23,Not_Target,Myosin_16
echi3854.t1,Not_Target,Not_Target,Not_Target
echi3855.t1,Not_Target,Myosin_36,Myosin_22
echi3856.t1,Myosin_2,Not_Target,Myosin_24
echi3857.t1,Not_Target,Not_Target,Not_Target
echi3858.t1,Myosin_45,Not_Target,Myosin_18
echi3859.t1,Not_Target,Not_Target,Not_Target
echi3860.t1,Not_Target,Not_Target,Not_Target
echi3861.t1,Myosin_30,Myosin_3,Myosin_22
echi3862.t1,Not_Target,Not_Target,Not_Target
echi3863.t1,Not_Target,Not_Target,Not_Target
echi3864.t1,Not_Target,Not_Target,Myosin_1
echi3865.t1,Not_Target,Not_Target,Not_Target
echi3866.t1,Myosin_36,Myosin_26,Myosin_5
echi3867.t1,Not_Target,Not_Target,Not_Target
echi3868.t1,Not_Target,Not_Target,Not_Target
echi3869.t1,Not_Target,Not_Target,Not_Target
echi3870.t1,Not_Target,Not_Target,Not_Target
echi3871.t1,Myosin_18,Not_Target,Myosin_18
echi3872.t1,Not_Target,Not_Target,Myosin_8
echi3873.t1,Myosin_45,Myosin_43,Myosin_3
echi3874.t1,Not_Target,Not_Target,Not_Target
echi3875.t1,Myosin_17,Myosin_7,Myosin_25
echi3876.t1,Not_Target,Not_Target,Not_Target
echi3877.t1,Actin,Actin,Actin
echi3878.t1,Myosin_15,Myosin_5,Myosin_7
echi3879.t1,Not_Target,Not_Target,Not_Target
echi3880.t1,Not_Target,Not_Target,Myosin_64
echi3881.t1,Not_Target,Not_Target,Myosin_19
echi3882.t1,Myosin_3,Myosin_3,Myosin_3
echi3883.t1,Not_Target,Not_Target,Not_Target
echi3884.t1,Not_Target,Not_Target,Not_Target
echi3885.t1,Not_Target,Not_Target,Not_Target
echi3886.t1,Not_Target,Myosin_28,Not_Target
echi3887.t1,Not_Target,Not_Target,Not_Target
echi3888.t1,Myosin_5,Myosin_5,Not_Target
echi3889.t1,Myosin_17,Not_Target,Myosin_36
echi3890.t1,Myosin_74,Not_Target,Not_Target
echi3891.t1,Not_Target,Myosin_22,Not_Target
echi3892.t1,Myosin_57,Not_Target,Not_Target
echi3893.t1,Not_Target,Myosin_1,Not_Target
echi3894.t1,Not_Target,Myosin_28,Myosin_18
echi3895.t1,Not_Target,Not_Target,Not_Target
echi3896.t1,Not_Target,Not_Target,Not_Target
echi3897.t1,Not_Target,Not_Target,Not_Target
echi10352.t1,Myosin_24,Not_Target,Myosin_34
echi10353.t1,Not_Target,Myosin_5,Myosin_19
echi10354.t1,Not_Target,Not_Target,Not_Target
echi10355.t1,Not_Target,Not_Target,Not_Target
echi10356.t1,Myosin_73,Not_Target,Not_Target
echi10357.t1,Not_Target,Not_Target,Myosin_1
echi10358.t1,Not_Target,Not_Target,Myosin_2
echi10359.t1,Myosin_17,Myosin_17,Not_Target
echi10360.t1,Myosin_5,Myosin_5,Not_Target
echi10361.t1,Myosin_53,Not_Target,Myosin_68
echi10362.t1,Not_Target,Myosin_5,Not_Target
echi10363.t1,Not_Target,Not_Target,Not_Target
echi10364.t1,Myosin_23,Myosin_23,Not_Target
echi10365.t1,Not_Target,Not_Target,Not_Target
echi10366.t1,Not_Target,Myosin_23,Not_Target
echi10367.t1,Not_Target,Not_Target,Not_Target
echi10368.t1,Not_Target,Not_Target,Not_Target
echi10369.t1,Not_Target,Not_Target,Not_Target
echi10370.t1,Not_Target,Not_Target,Not_Target
echi10371.t1,Not_Target,Not_Target,Not_Target
echi10372.t1,Not_Target,Not_Target,Not_Target
echi10373.t1,Myosin_18,Myosin_18,Myosin_45
echi10374.t1,Not_Target,Not_Target,Not_Target
echi10375.t1,Not_Target,Not_Target,Not_Target
echi10376.t1,Not_Target,Not_Target,Not_Target
echi10377.t1,Not_Target,Not_Target,Myosin_19
echi10378.t1,Myosin_31,Myosin_17,Not_Target
echi10379.t1,Not_Target,Not_Target,Myosin_8
echi10380.t1,Not_Target,Not_Target,Not_Target
echi10381.t1,Not_Target,Myosin_1,Not_Target
echi10382.t1,Not_Target,Not_Target,Not_Target
echi10383.t1,Not_Target,Not_Target,Not_Target
echi10384.t1,Myosin_17,Myosin_17,Not_Target
echi10385.t1,Myosin_18,Myosin_18,Myosin_20
echi10386.t1,Not_Target,Not_Target,Not_Target
echi10387.t1,Not_Target,Myosin_36,Not_Target
echi10388.t1,Not_Target,Not_Target,Myosin_1
echi10389.t1,Not_Target,Not_Target,Not_Target
echi10390.t1,Not_Target,Not_Target,Not_Target
echi10391.t1,Not_Target,Not_Target,Not_Target
echi10392.t1,Not_Target,Not_Target,Not_Target
echi10393.t1,Not_Target,Not_Target,Not_Target
echi10394.t1,Not_Target,Myosin_5,Myosin_8
echi10395.t1,Not_Target,Not_Target,Not_Target
echi10396.t1,Not_Target,Not_Target,Myosin_11
echi12315.t1,Not_Target,Not_Target,Myosin_2
echi12316.t1,Myosin_15,Myosin_15,Myosin_15
echi12317.t1,Not_Target,Myosin_18,Not_Target
echi12318.t1,Myosin_74,Myosin_74,Not_Target
echi12319.t1,Not_Target,Not_Target,Myosin_51
echi12320.t1,Not_Target,Not_Target,Not_Target
echi12321.t1,Not_Target,Not_Target,Not_Target
echi12322.t1,Not_Target,Not_Target,Not_Target
echi12323.t1,Myosin_81,Myosin_81,Not_Target
echi12324.t1,Myosin_5,Myosin_6,Myosin_6
echi12325.t1,Not_Target,Not_Target,Not_Target
echi12326.t1,Not_Target,Not_Target,Not_Target
echi12327.t1,Not_Target,Not_Target,Not_Target
echi12328.t1,Not_Target,Not_Target,Not_Target
echi12329.t1,Not_Target,Not_Target,Not_Target
echi12330.t1,Not_Target,Myosin_5,Myosin_2
echi12331.t1,Not_Target,Not_Target,Not_Target
echi12332.t1,Not_Target,Not_Target,Not_Target
echi12333.t1,Not_Target,Not_Target,Myosin_63
echi12334.t1,Not_Target,Not_Target,Not_Target
echi12335.t1,Not_Target,Not_Target,Not_Target
echi12336.t1,Not_Target,Not_Target,Not_Target
echi12337.t1,Not_Target,Not_Target,Not_Target
echi12338.t1,Not_Target,Not_Target,Not_Target
echi12339.t1,Not_Target,Not_Target,Not_Target
echi12340.t1,Not_Target,Not_Target,Not_Target
echi12341.t1,Myosin_18,Myosin_18,Not_Target
echi12342.t1,Myosin_45,Not_Target,Myosin_9
echi12343.t1,Not_Target,Not_Target,Not_Target
echi12344.t1,Not_Target,Myosin_57,Myosin_2
echi12345.t1,Not_Target,Not_Target,Not_Target
echi12346.t1,Not_Target,Not_Target,Myosin_1
echi12347.t1,Actin,Actin,Actin
echi12348.t1,Myosin_45,Myosin_45,Not_Target
echi12349.t1,Not_Target,Not_Target,Not_Target
echi12350.t1,Actin,Actin,Actin
echi12351.t1,Not_Target,Myosin_17,Not_Target
echi12352.t1,Not_Target,Not_Target,Not_Target
echi12353.t1,Not_Target,Not_Target,Not_Target
echi12354.t1,Not_Target,Not_Target,Not_Target
echi12355.t1,Not_Target,Not_Target,Not_Target
echi12356.t1,Myosin_2,Not_Target,Not_Target
echi12357.t1,Myosin_27,Myosin_27,Myosin_27
echi12358.t1,Not_Target,Not_Target,Not_Target
echi12359.t1,Not_Target,Not_Target,Not_Target
echi12360.t1,Not_Target,Not_Target,Not_Target
echi12361.t1,Not_Target,Not_Target,Not_Target
echi12362.t1,Myosin_1,Not_Target,Myosin_5
echi9881.t1,Not_Target,Not_Target,Not_Target
echi9882.t1,Myosin_26,Not_Target,Not_Target
echi9883.t1,Not_Target,Not_Target,Not_Target
echi9884.t1,Not_Target,Myosin_6,Not_Target
echi9885.t1,Not_Target,Not_Target,Not_Target
echi9886.t1,Not_Target,Not_Target,Not_Target
echi9887.t1,Not_Target,Not_Target,Not_Target
echi9888.t1,Not_Target,Not_Target,Not_Target
echi9889.t1,Not_Target,Not_Target,Not_Target
echi9890.t1,Not_Target,Not_Target,Not_Target
echi9891.t1,Not_Target,Not_Target,Not_Target
echi9892.t1,Myosin_22,Not_Target,Myosin_64
echi9893.t1,Not_Target,Myosin_17,Not_Target
echi9894.t1,Myosin_26,Not_Target,Not_Target
echi9895.t1,Myosin_5,Myosin_5,Myosin_34
echi9896.t1,Not_Target,Myosin_19,Not_Target
echi9897.t1,Not_Target,Myosin_1,Myosin_1
echi9898.t1,Myosin_17,Myosin_17,Myosin_22
echi9899.t1,Not_Target,Not_Target,Myosin_20
echi9900.t1,Not_Target,Not_Target,Not_Target
echi9901.t1,Myosin_71,Not_Target,Not_Target
echi9902.t1,Not_Target,Not_Target,Not_Target
echi9903.t1,Not_Target,Not_Target,Not_Target
echi9904.t1,Not_Target,Not_Target,Not_Target
echi9905.t1,Not_Target,Not_Target,Not_Target
echi9906.t1,Myosin_15,Myosin_5,Myosin_15
echi9907.t1,Myosin_7,Myosin_15,Myosin_7
echi9908.t1,Not_Target,Not_Target,Not_Target
echi9909.t1,Not_Target,Not_Target,Not_Target
echi9910.t1,Myosin_17,Myosin_20,Myosin_3
echi9911.t1,Myosin_2,Not_Target,Not_Target
echi9912.t1,Not_Target,Not_Target,Not_Target
echi9913.t1,Not_Target,Not_Target,Not_Target
echi9914.t1,Not_Target,Not_Target,Not_Target
echi9915.t1,Not_Target,Myosin_11,Not_Target
echi9916.t1,Not_Target,Not_Target,Not_Target
echi9917.t1,Not_Target,Not_Target,Not_Target
echi9918.t1,Not_Target,Not_Target,Myosin_20
echi9919.t1,Not_Target,Not_Target,Not_Target
echi9920.t1,Not_Target,Not_Target,Not_Target
echi10616.t1,Not_Target,Myosin_5,Not_Target
echi10617.t1,Not_Target,Not_Target,Not_Target
echi10618.t1,Not_Target,Not_Target,Not_Target
echi10619.t1,Not_Target,Myosin_5,Not_Target
echi10620.t1,Myosin_9,Not_Target,Myosin_1
echi10621.t1,Not_Target,Not_Target,Not_Target
echi10622.t1,Not_Target,Not_Target,Not_Target
echi10623.t1,Not_Target,Not_Target,Not_Target
echi10624.t1,Not_Target,Not_Target,Not_Target
echi10625.t1,Not_Target,Not_Target,Not_Target
echi10626.t1,Not_Target,Not_Target,Not_Target
echi10627.t1,Myosin_30,Myosin_74,Myosin_45
echi10628.t1,Not_Target,Not_Target,Not_Target
echi10629.t1,Myosin_15,Myosin_46,Myosin_22
echi10630.t1,Myosin_1,Myosin_1,Not_Target
echi10631.t1,Not_Target,Not_Target,Not_Target
echi10632.t1,Not_Target,Not_Target,Not_Target
echi10633.t1,Not_Target,Not_Target,Not_Target
echi10634.t1,Not_Target,Not_Target,Not_Target
echi10635.t1,Myosin_22,Not_Target,Myosin_34
echi10636.t1,Myosin_3,Not_Target,Myosin_3
echi10637.t1,Not_Target,Not_Target,Myosin_20
echi10638.t1,Not_Target,Myosin_74,Not_Target
echi10639.t1,Myosin_45,Not_Target,Not_Target
echi10640.t1,Not_Target,Not_Target,Not_Target
echi10641.t1,Not_Target,Not_Target,Not_Target
echi10642.t1,Myosin_9,Myosin_6,Myosin_5
echi10643.t1,Myosin_64,Not_Target,Not_Target
echi10644.t1,Not_Target,Not_Target,Not_Target
echi10645.t1,Not_Target,Not_Target,Not_Target
echi10646.t1,Myosin_9,Myosin_5,Myosin_4
echi10647.t1,Myosin_16,Myosin_16,Myosin_16
echi10648.t1,Myosin_30,Not_Target,Myosin_2
echi10649.t1,Myosin_29,Myosin_29,Myosin_9
echi10650.t1,Not_Target,Not_Target,Not_Target
echi10651.t1,Not_Target,Not_Target,Not_Target
echi10652.t1,Myosin_18,Not_Target,Myosin_1
echi10653.t1,Not_Target,Not_Target,Not_Target
echi10654.t1,Not_Target,Not_Target,Not_Target
echi7026.t1,Not_Target,Not_Target,Not_Target
echi7027.t1,Not_Target,Not_Target,Not_Target
echi7028.t1,Not_Target,Not_Target,Not_Target
echi7029.t1,Not_Target,Not_Target,Myosin_43
echi7030.t1,Not_Target,Not_Target,Not_Target
echi7031.t1,Not_Target,Not_Target,Myosin_55
echi7032.t1,Not_Target,Not_Target,Not_Target
echi7033.t1,Not_Target,Myosin_11,Myosin_13
echi7034.t1,Not_Target,Myosin_80,Myosin_2
echi7035.t1,Not_Target,Not_Target,Not_Target
echi7036.t1,Myosin_4,Myosin_1,Not_Target
echi7037.t1,Not_Target,Not_Target,Myosin_13
echi7038.t1,Not_Target,Not_Target,Not_Target
echi7039.t1,Not_Target,Not_Target,Not_Target
echi7040.t1,Not_Target,Not_Target,Not_Target
echi7041.t1,Not_Target,Not_Target,Myosin_1
echi7042.t1,Not_Target,Not_Target,Myosin_43
echi7043.t1,Not_Target,Not_Target,Not_Target
echi7044.t1,Myosin_9,Myosin_3,Myosin_73
echi7045.t1,Not_Target,Not_Target,Not_Target
echi7046.t1,Myosin_26,Not_Target,Myosin_20
echi7047.t1,Not_Target,Not_Target,Not_Target
echi7048.t1,Myosin_6,Not_Target,Not_Target
echi7049.t1,Not_Target,Not_Target,Myosin_23
echi7050.t1,Myosin_19,Myosin_18,Myosin_68
echi7051.t1,Myosin_81,Not_Target,Myosin_5
echi7052.t1,Not_Target,Not_Target,Not_Target
echi7053.t1,Myosin_45,Not_Target,Myosin_40
echi7054.t1,Not_Target,Not_Target,Not_Target
echi7055.t1,Myosin_15,Myosin_15,Myosin_15
echi7056.t1,Myosin_15,Myosin_15,Myosin_15
echi7057.t1,Myosin_51,Not_Target,Myosin_42
echi7058.t1,Not_Target,Not_Target,Myosin_1
echi7059.t1,Not_Target,Not_Target,Not_Target
echi7060.t1,Not_Target,Not_Target,Not_Target
echi7061.t1,Not_Target,Not_Target,Not_Target
echi7062.t1,Myosin_57,Myosin_57,Not_Target
echi7063.t1,Not_Target,Not_Target,Myosin_2
echi7064.t1,Not_Target,Not_Target,Not_Target
echi1988.t1,Not_Target,Not_Target,Not_Target
echi1989.t1,Not_Target,Myosin_2,Not_Target
echi1990.t1,Not_Target,Not_Target,Myosin_24
echi1991.t1,Not_Target,Not_Target,Not_Target
echi1992.t1,Not_Target,Not_Target,Not_Target
echi1993.t1,Not_Target,Not_Target,Not_Target
echi1994.t1,Not_Target,Myosin_28,Not_Target
echi1995.t1,Not_Target,Not_Target,Not_Target
echi1996.t1,Myosin_1,Myosin_1,Not_Target
echi1997.t1,Not_Target,Not_Target,Not_Target
echi1998.t1,Not_Target,Not_Target,Not_Target
echi1999.t1,Myosin_18,Myosin_18,Not_Target
echi2000.t1,Not_Target,Not_Target,Not_Target
echi2001.t1,Myosin_45,Myosin_45,Not_Target
echi2002.t1,Not_Target,Not_Target,Not_Target
echi2003.t1,Not_Target,Not_Target,Myosin_4
echi2004.t1,Myosin_4,Not_Target,Myosin_4
echi2005.t1,Not_Target,Not_Target,Myosin_1
echi2006.t1,Myosin_45,Not_Target,Myosin_11
echi2007.t1,Not_Target,Not_Target,Not_Target
echi2008.t1,Not_Target,Not_Target,Myosin_19
echi2009.t1,Not_Target,Not_Target,Not_Target
echi2010.t1,Myosin_2,Not_Target,Not_Target
echi2011.t1,Not_Target,Not_Target,Not_Target
echi2012.t1,Not_Target,Not_Target,Myosin_57
echi2013.t1,Not_Target,Not_Target,Not_Target
echi2014.t1,Not_Target,Not_Target,Myosin_19
echi2015.t1,Not_Target,Myosin_11,Myosin_24
echi2016.t1,Myosin_36,Not_Target,Not_Target
echi2017.t1,Not_Target,Not_Target,Not_Target
echi2018.t1,Not_Target,Not_Target,Not_Target
echi2019.t1,Not_Target,Not_Target,Not_Target
echi2020.t1,Not_Target,Not_Target,Not_Target
echi2021.t1,Not_Target,Not_Target,Not_Target
echi2022.t1,Not_Target,Not_Target,Not_Target
echi2023.t1,Myosin_30,Not_Target,Myosin_16
echi3561.t1,Not_Target,Myosin_6,Not_Target
echi3562.t1,Not_Target,Not_Target,Not_Target
echi3563.t1,Not_Target,Myosin_5,Myosin_1
echi3564.t1,Not_Target,Not_Target,Myosin_19
echi3565.t1,Myosin_2,Myosin_2,Not_Target
echi3566.t1,Not_Target,Not_Target,Not_Target
echi3567.t1,Not_Target,Not_Target,Not_Target
echi3568.t1,Not_Target,Not_Target,Not_Target
echi3569.t1,Not_Target,Not_Target,Not_Target
echi3570.t1,Not_Target,Not_Target,Not_Target
echi3571.t1,Not_Target,Not_Target,Not_Target
echi3572.t1,Not_Target,Myosin_19,Not_Target
echi3573.t1,Myosin_36,Not_Target,Not_Target
echi3574.t1,Not_Target,Not_Target,Not_Target
echi3575.t1,Not_Target,Not_Target,Not_Target
echi3576.t1,Not_Target,Not_Target,Not_Target
echi3577.t1,Not_Target,Not_Target,Not_Target
echi3578.t1,Myosin_80,Myosin_57,Myosin_3
echi3579.t1,Not_Target,Not_Target,Not_Target
echi3580.t1,Not_Target,Not_Target,Not_Target
echi3581.t1,Myosin_20,Not_Target,Myosin_3
echi3582.t1,Not_Target,Not_Target,Not_Target
echi3583.t1,Myosin_20,Myosin_17,Myosin_19
echi3584.t1,Not_Target,Not_Target,Myosin_5
echi3585.t1,Myosin_4,Myosin_4,Myosin_81
echi3586.t1,Myosin_6,Myosin_55,Myosin_51
echi3587.t1,Not_Target,Not_Target,Not_Target
echi3588.t1,Not_Target,Myosin_18,Not_Target
echi3589.t1,Not_Target,Not_Target,Not_Target
echi3590.t1,Not_Target,Myosin_19,Myosin_19
echi3591.t1,Myosin_18,Not_Target,Myosin_18
echi3592.t1,Not_Target,Not_Target,Not_Target
echi3593.t1,Not_Target,Not_Target,Not_Target
echi3594.t1,Not_Target,Not_Target,Not_Target
echi3595.t1,Not_Target,Not_Target,Myosin_3
echi3596.t1,Not_Target,Not_Target,Myosin_1
echi3597.t1,Not_Target,Not_Target,Not_Target
echi3598.t1,Not_Target,Not_Target,Myosin_57
echi3599.t1,Not_Target,Myosin_74,Not_Target
echi3600.t1,Not_Target,Not_Target,Not_Target
echi3601.t1,Not_Target,Not_Target,Myosin_5
echi3602.t1,Not_Target,Not_Target,Not_Target
echi3603.t1,Not_Target,Not_Target,Not_Target
echi3604.t1,Not_Target,Not_Target,Myosin_43
echi3605.t1,Not_Target,Not_Target,Myosin_5
echi3606.t1,Not_Target,Myosin_2,Not_Target
echi3607.t1,Not_Target,Not_Target,Not_Target
echi3608.t1,Not_Target,Not_Target,Not_Target
echi3609.t1,Myosin_17,Not_Target,Myosin_5
echi12034.t1,Not_Target,Not_Target,Not_Target
echi12035.t1,Not_Target,Not_Target,Myosin_16
echi12036.t1,Myosin_45,Myosin_5,Myosin_27
echi12037.t1,Not_Target,Not_Target,Not_Target
echi12038.t1,Not_Target,Not_Target,Myosin_34
echi12039.t1,Not_Target,Not_Target,Not_Target
echi12040.t1,Not_Target,Myosin_57,Not_Target
echi12041.t1,Myosin_20,Not_Target,Myosin_15
echi12042.t1,Not_Target,Not_Target,Not_Target
echi12043.t1,Myosin_74,Myosin_3,Myosin_57
echi12044.t1,Myosin_26,Myosin_26,Not_Target
echi12045.t1,Not_Target,Myosin_1,Myosin_23
echi12046.t1,Not_Target,Not_Target,Not_Target
echi12047.t1,Myosin_1,Myosin_1,Myosin_1
echi12048.t1,Not_Target,Myosin_66,Not_Target
echi12049.t1,Not_Target,Not_Target,Not_Target
echi12050.t1,Not_Target,Not_Target,Not_Target
echi12051.t1,Not_Target,Not_Target,Not_Target
echi12052.t1,Myosin_17,Myosin_28,Myosin_23
echi12053.t1,Not_Target,Not_Target,Not_Target
echi12054.t1,Not_Target,Myosin_2,Not_Target
echi12055.t1,Not_Target,Not_Target,Myosin_23
echi12056.t1,Not_Target,Not_Target,Myosin_64
echi12057.t1,Not_Target,Not_Target,Not_Target
echi12058.t1,Not_Target,Myosin_6,Not_Target
echi12059.t1,Myosin_36,Myosin_17,Not_Target
echi12060.t1,Myosin_23,Myosin_26,Myosin_18
echi12061.t1,Not_Target,Not_Target,Not_Target
echi12062.t1,Myosin_24,Myosin_5,Myosin_20
echi12063.t1,Not_Target,Not_Target,Actin
echi12064.t1,Myosin_17,Myosin_36,Not_Target
echi12065.t1,Myosin_23,Not_Target,Myosin_1
echi12066.t1,Myosin_26,Not_Target,Not_Target
echi12067.t1,Not_Target,Not_Target,Not_Target
echi12068.t1,Not_Target,Myosin_1,Not_Target
echi12069.t1,Not_Target,Myosin_1,Not_Target
echi14627.t1,Not_Target,Not_Target,Not_Target
echi14628.t1,Not_Target,Not_Target,Not_Target
echi14629.t1,Not_Target,Not_Target,Not_Target
echi14630.t1,Not_Target,Myosin_19,Not_Target
echi14631.t1,Not_Target,Not_Target,Myosin_20
echi14632.t1,Myosin_1,Not_Target,Not_Target
echi14633.t1,Not_Target,Not_Target,Not_Target
echi14634.t1,Not_Target,Not_Target,Not_Target
echi14635.t1,Myosin_17,Myosin_17,Myosin_17
echi14636.t1,Myosin_17,Myosin_17,Myosin_51
echi14637.t1,Myosin_31,Not_Target,Myosin_24
echi14638.t1,Not_Target,Not_Target,Myosin_48
echi14639.t1,Myosin_18,Myosin_18,Myosin_24
echi14640.t1,Not_Target,Not_Target,Not_Target
echi14641.t1,Not_Target,Not_Target,Myosin_2
echi14642.t1,Not_Target,Myosin_26,Not_Target
echi14643.t1,Not_Target,Not_Target,Not_Target
echi14644.t1,Not_Target,Not_Target,Not_Target
echi14645.t1,Not_Target,Not_Target,Not_Target
echi14646.t1,Not_Target,Not_Target,Myosin_54
echi14647.t1,Not_Target,Not_Target,Not_Target
echi14648.t1,Myosin_45,Myosin_11,Not_Target
echi14649.t1,Not_Target,Myosin_17,Myosin_36
echi14650.t1,Myosin_17,Myosin_17,Myosin_17
echi14651.t1,Not_Target,Not_Target,Not_Target
echi14652.t1,Myosin_18,Not_Target,Myosin_81
echi14653.t1,Not_Target,Not_Target,Not_Target
echi14654.t1,Not_Target,Not_Target,Not_Target
echi14655.t1,Myosin_37,Not_Target,Myosin_3
echi14656.t1,Not_Target,Not_Target,Not_Target
echi14657.t1,Not_Target,Not_Target,Not_Target
echi14658.t1,Not_Target,Not_Target,Not_Target
echi14659.t1,Myosin_5,Myosin_5,Myosin_5
echi14660.t1,Not_Target,Not_Target,Not_Target
echi14661.t1,Myosin_45,Not_Target,Myosin_5
echi14662.t1,Myosin_51,Not_Target,Myosin_16
echi14663.t1,Not_Target,Myosin_4,Not_Target
echi14664.t1,Not_Target,Myosin_19,Myosin_5
echi14665.t1,Myosin_30,Not_Target,Myosin_4
echi14666.t1,Not_Target,Myosin_6,Not_Target
echi14667.t1,Not_Target,Not_Target,Myosin_20
echi12375.t1,Not_Target,Not_Target,Not_Target
echi12376.t1,Not_Target,Not_Target,Not_Target
echi12377.t1,Myosin_19,Myosin_19,Myosin_1
echi12378.t1,Not_Target,Not_Target,Not_Target
echi12379.t1,Not_Target,Not_Target,Not_Target
echi12380.t1,Not_Target,Not_Target,Not_Target
echi12381.t1,Not_Target,Not_Target,Not_Target
echi12382.t1,Myosin_17,Myosin_1,Myosin_37
echi12383.t1,Not_Target,Myosin_1,Not_Target
echi12384.t1,Not_Target,Not_Target,Not_Target
echi12385.t1,Not_Target,Not_Target,Not_Target
echi12386.t1,Myosin_18,Not_Target,Myosin_2
echi12387.t1,Not_Target,Not_Target,Not_Target
echi12388.t1,Not_Target,Not_Target,Not_Target
echi12389.t1,Myosin_22,Myosin_17,Myosin_22
echi12390.t1,Not_Target,Not_Target,Not_Target
echi12391.t1,Not_Target,Not_Target,Not_Target
echi12392.t1,Not_Target,Not_Target,Not_Target
echi12393.t1,Not_Target,Not_Target,Not_Target
echi12394.t1,Not_Target,Not_Target,Not_Target
echi12395.t1,Not_Target,Not_Target,Not_Target
echi12396.t1,Not_Target,Not_Target,Not_Target
echi12397.t1,Myosin_3,Myosin_8,Myosin_8
echi12398.t1,Not_Target,Not_Target,Not_Target
echi12399.t1,Not_Target,Not_Target,Not_Target
echi12400.t1,Not_Target,Not_Target,Not_Target
echi12401.t1,Not_Target,Not_Target,Not_Target
echi12402.t1,Not_Target,Not_Target,Not_Target
echi12403.t1,Myosin_18,Myosin_18,Myosin_1
echi12404.t1,Not_Target,Not_Target,Not_Target
echi12405.t1,Not_Target,Not_Target,Not_Target
echi12406.t1,Not_Target,Not_Target,Not_Target
echi12407.t1,Not_Target,Not_Target,Not_Target
echi12408.t1,Not_Target,Not_Target,Myosin_51
echi12409.t1,Not_Target,Not_Target,Not_Target
echi12410.t1,Not_Target,Not_Target,Myosin_27
echi12411.t1,Myosin_26,Not_Target,Myosin_26
echi12412.t1,Not_Target,Not_Target,Not_Target
echi12413.t1,Not_Target,Myosin_5,Not_Target
echi12414.t1,Not_Target,Not_Target,Myosin_19
echi12415.t1,Not_Target,Not_Target,Not_Target
echi12416.t1,Myosin_53,Myosin_3,Myosin_20
echi12417.t1,Myosin_17,Myosin_17,Not_Target
echi12418.t1,Myosin_57,Not_Target,Myosin_16
echi12419.t1,Myosin_6,Myosin_6,Myosin_2
echi12420.t1,Not_Target,Not_Target,Myosin_20
echi12421.t1,Not_Target,Myosin_28,Not_Target
echi12422.t1,Myosin_16,Myosin_43,Myosin_20
echi12423.t1,Not_Target,Myosin_1,Not_Target
echi12424.t1,Myosin_18,Myosin_1,Myosin_1
echi14984.t1,Myosin_17,Not_Target,Myosin_17
echi14985.t1,Not_Target,Not_Target,Not_Target
echi14986.t1,Not_Target,Not_Target,Myosin_24
echi14987.t1,Not_Target,Not_Target,Not_Target
echi14988.t1,Myosin_15,Myosin_15,Myosin_7
echi14989.t1,Not_Target,Not_Target,Not_Target
echi14990.t1,Not_Target,Not_Target,Not_Target
echi14991.t1,Not_Target,Not_Target,Not_Target
echi14992.t1,Not_Target,Not_Target,Not_Target
echi14993.t1,Not_Target,Not_Target,Not_Target
echi14994.t1,Not_Target,Myosin_16,Not_Target
echi14995.t1,Not_Target,Not_Target,Not_Target
echi14996.t1,Myosin_57,Not_Target,Not_Target
echi14997.t1,Not_Target,Not_Target,Not_Target
echi14998.t1,Not_Target,Myosin_51,Not_Target
echi14999.t1,Not_Target,Myosin_1,Not_Target
echi15000.t1,Not_Target,Not_Target,Not_Target
echi15001.t1,Myosin_45,Myosin_26,Not_Target
echi15002.t1,Not_Target,Not_Target,Not_Target
echi15003.t1,Not_Target,Not_Target,Myosin_1
echi15004.t1,Not_Target,Not_Target,Not_Target
echi15005.t1,Myosin_17,Myosin_19,Myosin_6
echi15006.t1,Not_Target,Not_Target,Not_Target
echi15007.t1,Not_Target,Not_Target,Not_Target
echi15008.t1,Myosin_2,Myosin_57,Not_Target
echi15009.t1,Myosin_15,Myosin_15,Myosin_15
echi15010.t1,Not_Target,Not_Target,Not_Target
echi15011.t1,Myosin_17,Not_Target,Myosin_9
echi15012.t1,Not_Target,Not_Target,Not_Target
echi15013.t1,Not_Target,Not_Target,Not_Target
echi15014.t1,Not_Target,Not_Target,Not_Target
echi15015.t1,Not_Target,Not_Target,Not_Target
echi10254.t1,Not_Target,Not_Target,Not_Target
echi10255.t1,Not_Target,Not_Target,Not_Target
echi10256.t1,Not_Target,Not_Target,Not_Target
echi10257.t1,Not_Target,Not_Target,Not_Target
echi10258.t1,Not_Target,Not_Target,Myosin_22
echi10259.t1,Myosin_5,Not_Target,Not_Target
echi10260.t1,Myosin_3,Not_Target,Not_Target
echi10261.t1,Not_Target,Myosin_2,Not_Target
echi10262.t1,Not_Target,Not_Target,Not_Target
echi10263.t1,Not_Target,Myosin_18,Myosin_8
echi10264.t1,Not_Target,Not_Target,Not_Target
echi10265.t1,Not_Target,Myosin_51,Myosin_64
echi10266.t1,Myosin_31,Myosin_74,Not_Target
echi10267.t1,Not_Target,Not_Target,Myosin_1
echi10268.t1,Myosin_19,Not_Target,Not_Target
echi10269.t1,Not_Target,Not_Target,Not_Target
echi10270.t1,Not_Target,Myosin_73,Not_Target
echi10271.t1,Not_Target,Myosin_23,Not_Target
echi10272.t1,Not_Target,Not_Target,Not_Target
echi10273.t1,Not_Target,Not_Target,Not_Target
echi10274.t1,Not_Target,Not_Target,Not_Target
echi10275.t1,Not_Target,Not_Target,Myosin_22
echi10276.t1,Myosin_45,Not_Target,Myosin_11
echi10277.t1,Not_Target,Not_Target,Not_Target
echi10278.t1,Not_Target,Not_Target,Not_Target
echi10279.t1,Not_Target,Not_Target,Not_Target
echi10280.t1,Not_Target,Not_Target,Not_Target
echi10281.t1,Myosin_22,Not_Target,Myosin_22
echi10282.t1,Not_Target,Not_Target,Myosin_25
echi10283.t1,Not_Target,Not_Target,Not_Target
echi10284.t1,Not_Target,Not_Target,Not_Target
echi10285.t1,Not_Target,Not_Target,Not_Target
echi10286.t1,Not_Target,Not_Target,Not_Target
echi10287.t1,Not_Target,Not_Target,Not_Target
echi10288.t1,Not_Target,Not_Target,Not_Target
echi10289.t1,Not_Target,Not_Target,Not_Target
echi10290.t1,Not_Target,Not_Target,Not_Target
echi10291.t1,Not_Target,Myosin_22,Not_Target
echi10292.t1,Not_Target,Not_Target,Myosin_1
echi10293.t1,Not_Target,Myosin_6,Myosin_24
echi10294.t1,Not_Target,Myosin_5,Not_Target
echi10295.t1,Not_Target,Not_Target,Not_Target
echi11789.t1,Not_Target,Myosin_19,Myosin_8
echi11790.t1,Not_Target,Not_Target,Myosin_8
echi11791.t1,Not_Target,Not_Target,Not_Target
echi11792.t1,Not_Target,Not_Target,Not_Target
echi11793.t1,Myosin_24,Not_Target,Myosin_3
echi11794.t1,Not_Target,Myosin_26,Not_Target
echi11795.t1,Myosin_45,Not_Target,Myosin_18
echi11796.t1,Not_Target,Not_Target,Not_Target
echi11797.t1,Not_Target,Not_Target,Not_Target
echi11798.t1,Myosin_37,Not_Target,Myosin_67
echi11799.t1,Myosin_2,Not_Target,Not_Target
echi11800.t1,Myosin_26,Myosin_51,Not_Target
echi11801.t1,Myosin_51,Not_Target,Myosin_17
echi11802.t1,Myosin_2,Not_Target,Not_Target
echi11803.t1,Myosin_19,Not_Target,Not_Target
echi11804.t1,Myosin_24,Not_Target,Myosin_14
echi11805.t1,Not_Target,Not_Target,Not_Target
echi11806.t1,Myosin_36,Myosin_17,Myosin_17
echi11807.t1,Not_Target,Not_Target,Not_Target
echi11808.t1,Myosin_16,Myosin_28,Myosin_3
echi11809.t1,Not_Target,Not_Target,Not_Target
echi11810.t1,Not_Target,Not_Target,Not_Target
echi11811.t1,Not_Target,Not_Target,Not_Target
echi11812.t1,Not_Target,Not_Target,Myosin_1
echi11813.t1,Not_Target,Not_Target,Not_Target
echi11814.t1,Not_Target,Not_Target,Not_Target
echi11815.t1,Not_Target,Not_Target,Not_Target
echi11816.t1,Not_Target,Not_Target,Not_Target
echi11817.t1,Not_Target,Not_Target,Not_Target
echi11818.t1,Not_Target,Not_Target,Not_Target
echi11819.t1,Not_Target,Not_Target,Not_Target
echi11820.t1,Not_Target,Not_Target,Myosin_57
echi11821.t1,Not_Target,Not_Target,Not_Target
echi11822.t1,Not_Target,Not_Target,Not_Target
echi11823.t1,Not_Target,Not_Target,Myosin_20
echi11824.t1,Not_Target,Not_Target,Not_Target
echi11825.t1,Myosin_57,Not_Target,Not_Target
echi11826.t1,Not_Target,Not_Target,Not_Target
echi11827.t1,Not_Target,Not_Target,Not_Target
echi11828.t1,Not_Target,Not_Target,Not_Target
echi11829.t1,Not_Target,Myosin_19,Not_Target
echi11830.t1,Not_Target,Not_Target,Not_Target
echi11831.t1,Not_Target,Not_Target,Not_Target
echi11832.t1,Myosin_1,Myosin_3,Not_Target
echi11833.t1,Not_Target,Not_Target,Not_Target
echi2748.t1,Not_Target,Not_Target,Not_Target
echi2749.t1,Not_Target,Not_Target,Not_Target
echi2750.t1,Not_Target,Not_Target,Not_Target
echi2751.t1,Not_Target,Not_Target,Not_Target
echi2752.t1,Not_Target,Myosin_53,Not_Target
echi2753.t1,Not_Target,Not_Target,Myosin_42
echi2754.t1,Myosin_1,Not_Target,Not_Target
echi2755.t1,Not_Target,Not_Target,Not_Target
echi2756.t1,Myosin_18,Myosin_18,Myosin_72
echi2757.t1,Not_Target,Myosin_57,Myosin_20
echi2758.t1,Not_Target,Not_Target,Myosin_5
echi2759.t1,Not_Target,Not_Target,Not_Target
echi2760.t1,Not_Target,Not_Target,Not_Target
echi2761.t1,Not_Target,Not_Target,Not_Target
echi2762.t1,Not_Target,Not_Target,Not_Target
echi2763.t1,Not_Target,Not_Target,Myosin_1
echi2764.t1,Not_Target,Not_Target,Not_Target
echi2765.t1,Not_Target,Not_Target,Not_Target
echi2766.t1,Not_Target,Not_Target,Myosin_4
echi2767.t1,Not_Target,Not_Target,Not_Target
echi2768.t1,Myosin_45,Not_Target,Not_Target
echi2769.t1,Myosin_18,Not_Target,Myosin_18
echi2770.t1,Not_Target,Not_Target,Not_Target
echi2771.t1,Myosin_45,Not_Target,Not_Target
echi2772.t1,Not_Target,Not_Target,Not_Target
echi2773.t1,Not_Target,Myosin_17,Myosin_1
echi2774.t1,Not_Target,Not_Target,Myosin_1
echi2775.t1,Myosin_6,Myosin_1,Not_Target
echi2776.t1,Myosin_16,Not_Target,Myosin_18
echi2777.t1,Myosin_18,Myosin_18,Myosin_2
echi2778.t1,Myosin_5,Not_Target,Myosin_5
echi2779.t1,Not_Target,Myosin_1,Not_Target
echi2780.t1,Not_Target,Not_Target,Not_Target
echi2781.t1,Not_Target,Myosin_17,Not_Target
echi2782.t1,Not_Target,Not_Target,Not_Target
echi2783.t1,Myosin_19,Not_Target,Myosin_19
echi2784.t1,Not_Target,Not_Target,Not_Target
echi2785.t1,Not_Target,Myosin_19,Myosin_42
echi2786.t1,Myosin_17,Not_Target,Not_Target
echi2787.t1,Myosin_27,Not_Target,Myosin_23
echi2788.t1,Not_Target,Not_Target,Not_Target
echi2789.t1,Not_Target,Not_Target,Not_Target
echi2790.t1,Not_Target,Myosin_5,Not_Target
echi2791.t1,Not_Target,Not_Target,Not_Target
echi2792.t1,Not_Target,Not_Target,Not_Target
echi2793.t1,Not_Target,Not_Target,Not_Target
echi2794.t1,Not_Target,Not_Target,Not_Target
echi2795.t1,Not_Target,Not_Target,Not_Target
echi8150.t1,Not_Target,Myosin_1,Not_Target
echi8151.t1,Not_Target,Not_Target,Not_Target
echi8152.t1,Not_Target,Not_Target,Not_Target
echi8153.t1,Not_Target,Not_Target,Not_Target
echi8154.t1,Myosin_1,Not_Target,Not_Target
echi8155.t1,Not_Target,Not_Target,Not_Target
echi8156.t1,Not_Target,Myosin_5,Not_Target
echi8157.t1,Myosin_18,Not_Target,Myosin_81
echi8158.t1,Myosin_17,Myosin_17,Myosin_17
echi8159.t1,Myosin_17,Myosin_17,Myosin_17
echi8160.t1,Myosin_45,Myosin_28,Myosin_20
echi8161.t1,Not_Target,Myosin_2,Not_Target
echi8162.t1,Not_Target,Not_Target,Not_Target
echi8163.t1,Not_Target,Not_Target,Myosin_1
echi8164.t1,Myosin_30,Myosin_3,Myosin_9
echi8165.t1,Myosin_15,Myosin_36,Myosin_15
echi8166.t1,Myosin_45,Myosin_18,Not_Target
echi8167.t1,Not_Target,Myosin_5,Not_Target
echi8168.t1,Not_Target,Not_Target,Myosin_20
echi8169.t1,Not_Target,Not_Target,Not_Target
echi8170.t1,Not_Target,Not_Target,Myosin_23
echi8171.t1,Not_Target,Not_Target,Not_Target
echi8172.t1,Not_Target,Not_Target,Myosin_20
echi8173.t1,Not_Target,Not_Target,Not_Target
echi8174.t1,Not_Target,Myosin_1,Not_Target
echi8175.t1,Not_Target,Not_Target,Not_Target
echi8176.t1,Not_Target,Not_Target,Not_Target
echi8177.t1,Myosin_30,Myosin_17,Myosin_19
echi8178.t1,Myosin_1,Not_Target,Not_Target
echi8179.t1,Not_Target,Myosin_55,Not_Target
echi8180.t1,Not_Target,Not_Target,Myosin_18
echi8181.t1,Not_Target,Not_Target,Not_Target
echi8182.t1,Not_Target,Not_Target,Not_Target
echi6801.t1,Myosin_18,Myosin_18,Myosin_18
echi6802.t1,Not_Target,Not_Target,Not_Target
echi6803.t1,Not_Target,Not_Target,Not_Target
echi6804.t1,Myosin_17,Myosin_17,Myosin_19
echi6805.t1,Myosin_18,Not_Target,Myosin_4
echi6806.t1,Not_Target,Myosin_1,Not_Target
echi6807.t1,Myosin_45,Not_Target,Not_Target
echi6808.t1,Not_Target,Myosin_5,Not_Target
echi6809.t1,Not_Target,Not_Target,Not_Target
echi6810.t1,Not_Target,Not_Target,Not_Target
echi6811.t1,Not_Target,Not_Target,Myosin_19
echi6812.t1,Not_Target,Not_Target,Myosin_4
echi6813.t1,Myosin_57,Not_Target,Not_Target
echi6814.t1,Not_Target,Myosin_3,Myosin_4
echi6815.t1,Not_Target,Myosin_1,Not_Target
echi6816.t1,Not_Target,Not_Target,Not_Target
echi6817.t1,Myosin_43,Not_Target,Myosin_1
echi6818.t1,Not_Target,Not_Target,Not_Target
echi6819.t1,Myosin_37,Not_Target,Myosin_18
echi6820.t1,Not_Target,Myosin_57,Myosin_8
echi6821.t1,Not_Target,Not_Target,Not_Target
echi6822.t1,Not_Target,Myosin_1,Not_Target
echi6823.t1,Not_Target,Not_Target,Not_Target
echi6824.t1,Myosin_45,Myosin_64,Not_Target
echi6825.t1,Myosin_2,Not_Target,Myosin_71
echi6826.t1,Not_Target,Not_Target,Myosin_20
echi6827.t1,Myosin_45,Not_Target,Myosin_3
echi6828.t1,Not_Target,Not_Target,Myosin_8
echi6829.t1,Not_Target,Not_Target,Not_Target
echi6830.t1,Myosin_30,Myosin_30,Myosin_74
echi1021.t1,Not_Target,Not_Target,Not_Target
echi1022.t1,Not_Target,Not_Target,Not_Target
echi1023.t1,Not_Target,Not_Target,Not_Target
echi1024.t1,Not_Target,Not_Target,Not_Target
echi1025.t1,Not_Target,Not_Target,Not_Target
echi1026.t1,Not_Target,Not_Target,Not_Target
echi1027.t1,Myosin_26,Not_Target,Myosin_1
echi1028.t1,Not_Target,Not_Target,Not_Target
echi1029.t1,Myosin_18,Myosin_6,Not_Target
echi1030.t1,Myosin_45,Not_Target,Not_Target
echi1031.t1,Myosin_16,Myosin_16,Not_Target
echi1032.t1,Myosin_19,Not_Target,Myosin_2
echi1033.t1,Not_Target,Not_Target,Not_Target
echi1034.t1,Not_Target,Not_Target,Not_Target
echi1035.t1,Not_Target,Not_Target,Not_Target
echi1036.t1,Not_Target,Not_Target,Myosin_51
echi1037.t1,Not_Target,Not_Target,Not_Target
echi1038.t1,Not_Target,Not_Target,Myosin_26
echi1039.t1,Myosin_64,Not_Target,Not_Target
echi1040.t1,Myosin_17,Myosin_17,Myosin_19
echi1041.t1,Myosin_17,Not_Target,Myosin_2
echi1042.t1,Myosin_17,Myosin_17,Myosin_36
echi1043.t1,Not_Target,Not_Target,Myosin_7
echi1044.t1,Myosin_45,Myosin_45,Myosin_8
echi1045.t1,Not_Target,Not_Target,Not_Target
echi1046.t1,Not_Target,Not_Target,Not_Target
echi1047.t1,Not_Target,Not_Target,Not_Target
echi1048.t1,Not_Target,Not_Target,Not_Target
echi1049.t1,Not_Target,Not_Target,Not_Target
echi1050.t1,Myosin_15,Myosin_9,Myosin_15
echi1051.t1,Myosin_71,Myosin_29,Myosin_71
echi1052.t1,Not_Target,Not_Target,Not_Target
echi1053.t1,Not_Target,Not_Target,Not_Target
echi1054.t1,Not_Target,Not_Target,Myosin_3
echi1055.t1,Myosin_17,Myosin_17,Myosin_51
echi1056.t1,Not_Target,Not_Target,Not_Target
echi1057.t1,Not_Target,Not_Target,Not_Target
echi1058.t1,Not_Target,Myosin_17,Not_Target
echi1059.t1,Not_Target,Not_Target,Not_Target
echi13185.t1,Not_Target,Not_Target,Not_Target
echi13186.t1,Myosin_17,Not_Target,Myosin_18
echi13187.t1,Not_Target,Not_Target,Not_Target
echi13188.t1,Myosin_18,Myosin_29,Not_Target
echi13189.t1,Not_Target,Not_Target,Not_Target
echi13190.t1,Not_Target,Not_Target,Not_Target
echi13191.t1,Myosin_18,Myosin_57,Not_Target
echi13193.t1,Myosin_45,Not_Target,Myosin_8
echi13194.t1,Not_Target,Not_Target,Not_Target
echi13195.t1,Not_Target,Not_Target,Myosin_1
echi13196.t1,Myosin_18,Myosin_57,Not_Target
echi13197.t1,Not_Target,Not_Target,Not_Target
echi13198.t1,Not_Target,Not_Target,Myosin_34
echi13199.t1,Not_Target,Not_Target,Not_Target
echi13200.t1,Not_Target,Not_Target,Myosin_22
echi13201.t1,Not_Target,Myosin_25,Not_Target
echi13202.t1,Not_Target,Not_Target,Not_Target
echi13203.t1,Not_Target,Not_Target,Not_Target
echi13204.t1,Not_Target,Not_Target,Not_Target
echi13205.t1,Myosin_15,Myosin_15,Myosin_15
echi13206.t1,Not_Target,Not_Target,Not_Target
echi13207.t1,Myosin_19,Not_Target,Myosin_62
echi13208.t1,Not_Target,Myosin_6,Not_Target
echi13209.t1,Not_Target,Not_Target,Not_Target
echi13210.t1,Not_Target,Not_Target,Not_Target
echi13211.t1,Not_Target,Not_Target,Not_Target
echi13212.t1,Not_Target,Not_Target,Not_Target
echi13213.t1,Myosin_74,Myosin_74,Myosin_1
echi13214.t1,Myosin_5,Myosin_5,Not_Target
echi13215.t1,Not_Target,Not_Target,Not_Target
echi13216.t1,Not_Target,Not_Target,Not_Target
echi13217.t1,Not_Target,Not_Target,Not_Target
echi13218.t1,Myosin_45,Myosin_43,Myosin_5
echi13219.t1,Not_Target,Not_Target,Not_Target
echi13220.t1,Not_Target,Myosin_6,Not_Target
echi13221.t1,Not_Target,Not_Target,Not_Target
echi13222.t1,Myosin_30,Not_Target,Myosin_2
echi5267.t1,Not_Target,Not_Target,Not_Target
echi5268.t1,Myosin_45,Not_Target,Not_Target
echi5269.t1,Not_Target,Not_Target,Myosin_1
echi5270.t1,Not_Target,Not_Target,Not_Target
echi5271.t1,Not_Target,Not_Target,Not_Target
echi5272.t1,Not_Target,Myosin_2,Not_Target
echi5273.t1,Myosin_30,Myosin_17,Myosin_30
echi5274.t1,Myosin_16,Myosin_16,Myosin_15
echi5275.t1,Not_Target,Not_Target,Not_Target
echi5276.t1,Not_Target,Not_Target,Not_Target
echi5277.t1,Myosin_57,Not_Target,Not_Target
echi5278.t1,Not_Target,Not_Target,Myosin_53
echi5279.t1,Not_Target,Not_Target,Not_Target
echi5280.t1,Not_Target,Not_Target,Not_Target
echi5281.t1,Not_Target,Not_Target,Myosin_1
echi5282.t1,Myosin_15,Myosin_22,Myosin_5
echi5283.t1,Myosin_16,Not_Target,Myosin_45
echi5284.t1,Not_Target,Not_Target,Not_Target
echi5285.t1,Myosin_4,Myosin_57,Myosin_6
echi5286.t1,Not_Target,Not_Target,Not_Target
echi5287.t1,Not_Target,Not_Target,Myosin_1
echi5288.t1,Not_Target,Myosin_28,Not_Target
echi5289.t1,Not_Target,Not_Target,Not_Target
echi5290.t1,Not_Target,Not_Target,Not_Target
echi5291.t1,Myosin_45,Not_Target,Myosin_3
echi5292.t1,Myosin_15,Not_Target,Myosin_3
echi5293.t1,Not_Target,Myosin_19,Not_Target
echi5294.t1,Not_Target,Not_Target,Not_Target
echi5295.t1,Not_Target,Not_Target,Myosin_19
echi5296.t1,Not_Target,Not_Target,Not_Target
echi5297.t1,Myosin_45,Myosin_5,Myosin_1
echi5298.t1,Not_Target,Not_Target,Not_Target
echi5299.t1,Not_Target,Not_Target,Not_Target
echi5300.t1,Not_Target,Not_Target,Not_Target
echi5301.t1,Myosin_3,Myosin_3,Myosin_69
echi5302.t1,Myosin_45,Myosin_5,Myosin_45
echi5303.t1,Myosin_31,Myosin_5,Not_Target
echi5304.t1,Not_Target,Not_Target,Not_Target
echi5305.t1,Not_Target,Not_Target,Not_Target
echi5306.t1,Not_Target,Not_Target,Myosin_20
echi5307.t1,Not_Target,Not_Target,Not_Target
echi9385.t1,Not_Target,Not_Target,Not_Target
echi9386.t1,Not_Target,Not_Target,Not_Target
echi9387.t1,Not_Target,Not_Target,Not_Target
echi9388.t1,Not_Target,Not_Target,Not_Target
echi9389.t1,Myosin_26,Myosin_1,Myosin_26
echi9390.t1,Myosin_17,Myosin_17,Myosin_62
echi9391.t1,Not_Target,Not_Target,Not_Target
echi9392.t1,Myosin_74,Not_Target,Not_Target
echi9393.t1,Not_Target,Not_Target,Not_Target
echi9394.t1,Myosin_15,Myosin_46,Not_Target
echi9395.t1,Myosin_19,Not_Target,Myosin_36
echi9396.t1,Not_Target,Not_Target,Not_Target
echi9397.t1,Not_Target,Not_Target,Not_Target
echi9398.t1,Myosin_36,Not_Target,Myosin_42
echi9399.t1,Not_Target,Not_Target,Not_Target
echi9400.t1,Myosin_45,Not_Target,Not_Target
echi9401.t1,Myosin_3,Not_Target,Myosin_45
echi9402.t1,Not_Target,Not_Target,Not_Target
echi9403.t1,Myosin_16,Myosin_16,Not_Target
echi9404.t1,Myosin_19,Not_Target,Not_Target
echi9405.t1,Myosin_27,Not_Target,Not_Target
echi9406.t1,Not_Target,Not_Target,Myosin_24
echi9407.t1,Myosin_4,Myosin_29,Myosin_7
echi9408.t1,Not_Target,Myosin_19,Not_Target
echi9409.t1,Myosin_45,Myosin_45,Not_Target
echi9410.t1,Not_Target,Not_Target,Not_Target
echi9411.t1,Not_Target,Not_Target,Myosin_45
echi9412.t1,Not_Target,Not_Target,Not_Target
echi9413.t1,Not_Target,Not_Target,Not_Target
echi9414.t1,Not_Target,Not_Target,Not_Target
echi9415.t1,Not_Target,Myosin_51,Not_Target
echi27.t1,Not_Target,Not_Target,Not_Target
echi28.t1,Not_Target,Not_Target,Not_Target
echi29.t1,Not_Target,Not_Target,Myosin_20
echi30.t1,Not_Target,Not_Target,Myosin_2
echi31.t1,Not_Target,Not_Target,Myosin_62
echi32.t1,Not_Target,Myosin_1,Not_Target
echi33.t1,Not_Target,Not_Target,Not_Target
echi34.t1,Myosin_37,Myosin_6,Myosin_69
echi35.t1,Not_Target,Myosin_2,Not_Target
echi36.t1,Myosin_20,Not_Target,Myosin_31
echi37.t1,Not_Target,Not_Target,Not_Target
echi38.t1,Myosin_45,Not_Target,Myosin_16
echi39.t1,Myosin_31,Not_Target,Not_Target
echi40.t1,Not_Target,Not_Target,Not_Target
echi41.t1,Not_Target,Not_Target,Not_Target
echi42.t1,Not_Target,Myosin_76,Not_Target
echi43.t1,Myosin_15,Myosin_26,Myosin_30
echi44.t1,Not_Target,Myosin_19,Myosin_51
echi45.t1,Not_Target,Not_Target,Not_Target
echi46.t1,Not_Target,Not_Target,Not_Target
echi47.t1,Not_Target,Not_Target,Not_Target
echi48.t1,Not_Target,Not_Target,Not_Target
echi49.t1,Myosin_17,Myosin_17,Myosin_5
echi50.t1,Not_Target,Not_Target,Myosin_19
echi51.t1,Myosin_45,Myosin_45,Myosin_45
echi52.t1,Myosin_45,Myosin_45,Myosin_31
echi53.t1,Not_Target,Not_Target,Not_Target
echi54.t1,Not_Target,Not_Target,Not_Target
echi55.t1,Myosin_3,Myosin_3,Myosin_27
echi56.t1,Not_Target,Not_Target,Not_Target
echi57.t1,Myosin_15,Myosin_15,Myosin_15
echi7790.t1,Not_Target,Not_Target,Not_Target
echi7791.t1,Not_Target,Not_Target,Myosin_55
echi7792.t1,Not_Target,Not_Target,Myosin_51
echi7793.t1,Not_Target,Not_Target,Myosin_23
echi7794.t1,Myosin_23,Not_Target,Not_Target
echi7795.t1,Myosin_36,Myosin_26,Myosin_17
echi7796.t1,Not_Target,Myosin_17,Not_Target
echi7797.t1,Not_Target,Not_Target,Not_Target
echi7798.t1,Not_Target,Not_Target,Myosin_24
echi7799.t1,Myosin_45,Myosin_45,Not_Target
echi7800.t1,Not_Target,Myosin_18,Not_Target
echi7801.t1,Not_Target,Not_Target,Not_Target
echi7802.t1,Not_Target,Not_Target,Not_Target
echi7803.t1,Not_Target,Not_Target,Myosin_19
echi7804.t1,Myosin_43,Myosin_28,Myosin_5
echi7805.t1,Not_Target,Not_Target,Not_Target
echi7806.t1,Myosin_45,Not_Target,Myosin_31
echi7807.t1,Not_Target,Myosin_57,Not_Target
echi7808.t1,Myosin_36,Not_Target,Not_Target
echi7809.t1,Myosin_45,Myosin_45,Myosin_22
echi7810.t1,Myosin_18,Not_Target,Not_Target
echi7811.t1,Not_Target,Not_Target,Not_Target
echi7812.t1,Myosin_20,Not_Target,Myosin_3
echi7813.t1,Myosin_36,Myosin_36,Not_Target
echi7855.t1,Not_Target,Not_Target,Not_Target
echi7856.t1,Myosin_17,Myosin_9,Myosin_15
echi7857.t1,Myosin_51,Myosin_26,Not_Target
echi7858.t1,Not_Target,Not_Target,Myosin_2
echi7859.t1,Not_Target,Not_Target,Not_Target
echi7860.t1,Myosin_8,Myosin_8,Myosin_8
echi7861.t1,Not_Target,Not_Target,Not_Target
echi7862.t1,Not_Target,Myosin_5,Not_Target
echi7863.t1,Not_Target,Myosin_38,Not_Target
echi7864.t1,Not_Target,Not_Target,Myosin_5
echi7865.t1,Myosin_19,Not_Target,Myosin_19
echi7866.t1,Not_Target,Not_Target,Not_Target
echi7867.t1,Not_Target,Myosin_16,Myosin_8
echi7868.t1,Not_Target,Myosin_19,Not_Target
echi7869.t1,Not_Target,Not_Target,Not_Target
echi7870.t1,Myosin_24,Not_Target,Myosin_3
echi7871.t1,Not_Target,Not_Target,Not_Target
echi7872.t1,Not_Target,Not_Target,Not_Target
echi7873.t1,Not_Target,Not_Target,Myosin_20
echi7874.t1,Not_Target,Not_Target,Not_Target
echi7875.t1,Not_Target,Not_Target,Not_Target
echi7876.t1,Not_Target,Not_Target,Not_Target
echi7877.t1,Not_Target,Not_Target,Not_Target
echi7878.t1,Not_Target,Not_Target,Not_Target
echi7879.t1,Not_Target,Not_Target,Not_Target
echi7880.t1,Not_Target,Not_Target,Not_Target
echi7881.t1,Not_Target,Not_Target,Myosin_1
echi7882.t1,Not_Target,Not_Target,Not_Target
echi7883.t1,Not_Target,Not_Target,Myosin_1
echi7884.t1,Not_Target,Not_Target,Not_Target
echi7885.t1,Not_Target,Not_Target,Not_Target
echi7886.t1,Not_Target,Not_Target,Not_Target
echi7887.t1,Myosin_18,Myosin_18,Myosin_11
echi7888.t1,Not_Target,Myosin_57,Not_Target
echi7889.t1,Not_Target,Not_Target,Not_Target
echi7890.t1,Not_Target,Myosin_1,Not_Target
echi7891.t1,Myosin_18,Myosin_5,Myosin_5
echi7892.t1,Myosin_18,Not_Target,Myosin_31
echi7893.t1,Not_Target,Not_Target,Not_Target
echi7894.t1,Not_Target,Not_Target,Not_Target
echi7895.t1,Not_Target,Not_Target,Myosin_3
echi7896.t1,Not_Target,Not_Target,Not_Target
echi7897.t1,Myosin_37,Myosin_37,Not_Target
echi7898.t1,Myosin_50,Not_Target,Not_Target
echi7899.t1,Myosin_51,Not_Target,Myosin_72
echi7900.t1,Myosin_5,Myosin_5,Myosin_8
echi4837.t1,Myosin_9,Myosin_7,Myosin_9
echi4838.t1,Not_Target,Not_Target,Not_Target
echi4839.t1,Myosin_1,Myosin_5,Myosin_1
echi4840.t1,Myosin_45,Not_Target,Not_Target
echi4841.t1,Not_Target,Not_Target,Not_Target
echi4842.t1,Not_Target,Not_Target,Not_Target
echi4843.t1,Myosin_27,Myosin_45,Myosin_15
echi4844.t1,Not_Target,Not_Target,Not_Target
echi4845.t1,Not_Target,Myosin_16,Not_Target
echi4846.t1,Not_Target,Myosin_1,Not_Target
echi4847.t1,Not_Target,Myosin_6,Not_Target
echi4848.t1,Not_Target,Not_Target,Not_Target
echi4849.t1,Not_Target,Not_Target,Not_Target
echi4850.t1,Myosin_6,Myosin_57,Not_Target
echi4851.t1,Not_Target,Not_Target,Not_Target
echi4852.t1,Myosin_45,Not_Target,Myosin_3
echi4853.t1,Not_Target,Not_Target,Not_Target
echi4854.t1,Myosin_18,Not_Target,Myosin_18
echi4855.t1,Not_Target,Not_Target,Not_Target
echi4856.t1,Myosin_7,Myosin_1,Myosin_8
echi4857.t1,Not_Target,Myosin_1,Myosin_8
echi4858.t1,Not_Target,Not_Target,Not_Target
echi4859.t1,Not_Target,Myosin_19,Not_Target
echi4860.t1,Myosin_19,Myosin_57,Myosin_72
echi4861.t1,Not_Target,Not_Target,Not_Target
echi4862.t1,Not_Target,Not_Target,Not_Target
echi4863.t1,Myosin_9,Myosin_9,Myosin_26
echi4864.t1,Myosin_19,Not_Target,Myosin_5
echi4865.t1,Not_Target,Not_Target,Myosin_1
echi4866.t1,Not_Target,Not_Target,Not_Target
echi4867.t1,Not_Target,Myosin_17,Not_Target
echi4868.t1,Not_Target,Not_Target,Myosin_8
echi17236.t1,Not_Target,Not_Target,Not_Target
echi17237.t1,Not_Target,Not_Target,Not_Target
echi17238.t1,Not_Target,Not_Target,Not_Target
echi17239.t1,Not_Target,Not_Target,Myosin_57
echi17240.t1,Not_Target,Not_Target,Myosin_4
echi17241.t1,Not_Target,Not_Target,Myosin_19
echi17242.t1,Not_Target,Not_Target,Not_Target
echi17243.t1,Not_Target,Not_Target,Not_Target
echi17244.t1,Myosin_15,Myosin_15,Myosin_15
echi17245.t1,Myosin_24,Myosin_1,Myosin_24
echi17246.t1,Not_Target,Not_Target,Myosin_20
echi17247.t1,Myosin_15,Myosin_37,Myosin_57
echi17248.t1,Not_Target,Myosin_26,Myosin_3
echi17249.t1,Myosin_45,Not_Target,Not_Target
echi17250.t1,Not_Target,Not_Target,Not_Target
echi17251.t1,Not_Target,Not_Target,Not_Target
echi17252.t1,Not_Target,Not_Target,Not_Target
echi17253.t1,Not_Target,Not_Target,Not_Target
echi17254.t1,Not_Target,Not_Target,Not_Target
echi17255.t1,Not_Target,Not_Target,Not_Target
echi17256.t1,Not_Target,Not_Target,Myosin_1
echi17257.t1,Not_Target,Not_Target,Not_Target
echi17258.t1,Myosin_45,Myosin_1,Not_Target
echi17259.t1,Myosin_1,Myosin_54,Not_Target
echi17260.t1,Not_Target,Not_Target,Not_Target
echi17261.t1,Not_Target,Not_Target,Not_Target
echi17262.t1,Not_Target,Not_Target,Not_Target
echi17263.t1,Not_Target,Not_Target,Not_Target
echi17264.t1,Not_Target,Not_Target,Not_Target
echi17265.t1,Myosin_15,Myosin_15,Myosin_15
echi17266.t1,Myosin_57,Myosin_38,Myosin_24
echi17267.t1,Myosin_17,Not_Target,Myosin_1
echi17268.t1,Myosin_17,Not_Target,Not_Target
echi17269.t1,Myosin_2,Not_Target,Not_Target
echi6557.t1,Not_Target,Not_Target,Not_Target
echi6558.t1,Not_Target,Not_Target,Not_Target
echi6559.t1,Myosin_17,Not_Target,Myosin_5
echi6560.t1,Not_Target,Not_Target,Not_Target
echi6561.t1,Myosin_19,Not_Target,Myosin_16
echi6562.t1,Not_Target,Not_Target,Not_Target
echi6563.t1,Not_Target,Not_Target,Not_Target
echi6564.t1,Not_Target,Not_Target,Myosin_1
echi6565.t1,Myosin_31,Not_Target,Not_Target
echi6566.t1,Not_Target,Not_Target,Not_Target
echi6567.t1,Not_Target,Not_Target,Not_Target
echi6568.t1,Not_Target,Not_Target,Not_Target
echi6569.t1,Not_Target,Not_Target,Not_Target
echi6570.t1,Not_Target,Not_Target,Not_Target
echi6571.t1,Not_Target,Myosin_2,Not_Target
echi6572.t1,Myosin_6,Myosin_6,Myosin_8
echi6573.t1,Myosin_1,Myosin_1,Myosin_4
echi6574.t1,Not_Target,Not_Target,Not_Target
echi6575.t1,Not_Target,Not_Target,Not_Target
echi6576.t1,Not_Target,Not_Target,Not_Target
echi6577.t1,Not_Target,Not_Target,Not_Target
echi6578.t1,Not_Target,Not_Target,Myosin_18
echi6579.t1,Myosin_18,Not_Target,Not_Target
echi6580.t1,Not_Target,Not_Target,Not_Target
echi6581.t1,Not_Target,Not_Target,Not_Target
echi6582.t1,Myosin_45,Myosin_45,Myosin_1
echi6583.t1,Not_Target,Not_Target,Not_Target
echi6584.t1,Not_Target,Myosin_5,Not_Target
echi6585.t1,Not_Target,Myosin_25,Not_Target
echi6586.t1,Not_Target,Not_Target,Not_Target
echi6587.t1,Not_Target,Myosin_16,Not_Target
echi6588.t1,Not_Target,Myosin_57,Myosin_2
echi6589.t1,Not_Target,Not_Target,Not_Target
echi6590.t1,Myosin_2,Myosin_2,Not_Target
echi6591.t1,Not_Target,Myosin_16,Myosin_3
echi6592.t1,Not_Target,Not_Target,Not_Target
echi6593.t1,Not_Target,Not_Target,Not_Target
echi16719.t1,Myosin_30,Not_Target,Not_Target
echi16720.t1,Myosin_45,Not_Target,Myosin_5
echi16721.t1,Myosin_2,Myosin_18,Myosin_2
echi16722.t1,Not_Target,Not_Target,Not_Target
echi16723.t1,Not_Target,Not_Target,Not_Target
echi16724.t1,Not_Target,Not_Target,Not_Target
echi16725.t1,Myosin_57,Myosin_57,Not_Target
echi16726.t1,Myosin_17,Not_Target,Myosin_22
echi16727.t1,Not_Target,Not_Target,Myosin_2
echi16728.t1,Myosin_17,Not_Target,Myosin_5
echi16729.t1,Myosin_22,Myosin_22,Myosin_22
echi16730.t1,Myosin_30,Not_Target,Myosin_19
echi16731.t1,Myosin_17,Myosin_17,Myosin_22
echi16732.t1,Not_Target,Not_Target,Not_Target
echi16733.t1,Not_Target,Not_Target,Not_Target
echi16734.t1,Not_Target,Not_Target,Not_Target
echi16735.t1,Not_Target,Not_Target,Not_Target
echi16736.t1,Not_Target,Not_Target,Not_Target
echi16737.t1,Myosin_1,Myosin_16,Myosin_1
echi16738.t1,Not_Target,Not_Target,Not_Target
echi16739.t1,Not_Target,Not_Target,Not_Target
echi16740.t1,Myosin_15,Myosin_15,Myosin_15
echi16741.t1,Myosin_18,Myosin_3,Myosin_16
echi16742.t1,Not_Target,Not_Target,Not_Target
echi16743.t1,Myosin_53,Myosin_3,Myosin_5
echi16744.t1,Myosin_44,Myosin_17,Myosin_5
echi16745.t1,Myosin_19,Myosin_19,Myosin_8
echi16746.t1,Not_Target,Not_Target,Not_Target
echi16747.t1,Not_Target,Not_Target,Not_Target
echi16748.t1,Not_Target,Not_Target,Not_Target
echi16749.t1,Not_Target,Myosin_19,Myosin_13
echi16750.t1,Not_Target,Not_Target,Not_Target
echi16751.t1,Not_Target,Not_Target,Not_Target
echi16752.t1,Not_Target,Myosin_23,Not_Target
echi16753.t1,Not_Target,Not_Target,Not_Target
echi16754.t1,Not_Target,Not_Target,Not_Target
echi16755.t1,Not_Target,Not_Target,Myosin_2
echi12690.t1,Myosin_3,Myosin_3,Myosin_72
echi12691.t1,Not_Target,Myosin_19,Not_Target
echi12692.t1,Not_Target,Not_Target,Not_Target
echi12693.t1,Myosin_9,Not_Target,Not_Target
echi12694.t1,Not_Target,Not_Target,Not_Target
echi12695.t1,Not_Target,Not_Target,Not_Target
echi12696.t1,Not_Target,Myosin_5,Not_Target
echi12697.t1,Not_Target,Not_Target,Myosin_36
echi12698.t1,Not_Target,Not_Target,Myosin_19
echi12699.t1,Not_Target,Myosin_20,Not_Target
echi12700.t1,Not_Target,Not_Target,Myosin_1
echi12701.t1,Myosin_18,Myosin_57,Not_Target
echi12702.t1,Not_Target,Not_Target,Not_Target
echi12703.t1,Not_Target,Not_Target,Not_Target
echi12704.t1,Not_Target,Not_Target,Not_Target
echi12705.t1,Myosin_4,Not_Target,Myosin_4
echi12706.t1,Not_Target,Not_Target,Not_Target
echi12707.t1,Not_Target,Not_Target,Myosin_64
echi12708.t1,Not_Target,Not_Target,Not_Target
echi12709.t1,Not_Target,Not_Target,Not_Target
echi12710.t1,Not_Target,Myosin_19,Not_Target
echi12711.t1,Not_Target,Not_Target,Not_Target
echi12712.t1,Not_Target,Not_Target,Not_Target
echi12713.t1,Not_Target,Not_Target,Not_Target
echi12714.t1,Not_Target,Not_Target,Myosin_37
echi12715.t1,Myosin_23,Not_Target,Myosin_15
echi12716.t1,Not_Target,Not_Target,Not_Target
echi12717.t1,Not_Target,Myosin_47,Myosin_23
echi12718.t1,Not_Target,Not_Target,Not_Target
echi12719.t1,Not_Target,Not_Target,Not_Target
echi12720.t1,Not_Target,Not_Target,Not_Target
echi12721.t1,Not_Target,Not_Target,Not_Target
echi12722.t1,Not_Target,Not_Target,Not_Target
echi12723.t1,Not_Target,Not_Target,Not_Target
echi12724.t1,Not_Target,Myosin_43,Not_Target
echi12725.t1,Not_Target,Not_Target,Not_Target
echi12726.t1,Not_Target,Not_Target,Not_Target
echi12727.t1,Not_Target,Not_Target,Not_Target
echi12728.t1,Not_Target,Not_Target,Not_Target
echi12729.t1,Not_Target,Not_Target,Myosin_2
echi12730.t1,Myosin_7,Myosin_4,Myosin_5
echi12731.t1,Not_Target,Not_Target,Not_Target
echi12732.t1,Not_Target,Not_Target,Not_Target
echi12733.t1,Myosin_23,Not_Target,Not_Target
echi12757.t1,Not_Target,Not_Target,Not_Target
echi12758.t1,Not_Target,Not_Target,Myosin_42
echi12759.t1,Not_Target,Not_Target,Not_Target
echi12760.t1,Myosin_26,Myosin_74,Myosin_1
echi12761.t1,Not_Target,Not_Target,Not_Target
echi12762.t1,Not_Target,Myosin_51,Myosin_6
echi12763.t1,Not_Target,Not_Target,Myosin_27
echi12764.t1,Myosin_22,Not_Target,Myosin_22
echi12765.t1,Myosin_26,Not_Target,Myosin_20
echi12766.t1,Not_Target,Not_Target,Not_Target
echi12767.t1,Not_Target,Not_Target,Myosin_1
echi12768.t1,Not_Target,Not_Target,Not_Target
echi12769.t1,Myosin_26,Not_Target,Myosin_18
echi12770.t1,Myosin_30,Myosin_30,Not_Target
echi12771.t1,Not_Target,Not_Target,Myosin_8
echi12772.t1,Not_Target,Not_Target,Not_Target
echi12773.t1,Not_Target,Not_Target,Not_Target
echi12774.t1,Not_Target,Not_Target,Not_Target
echi12775.t1,Not_Target,Not_Target,Not_Target
echi12776.t1,Not_Target,Not_Target,Not_Target
echi12777.t1,Myosin_2,Myosin_18,Myosin_2
echi12778.t1,Not_Target,Myosin_19,Not_Target
echi12779.t1,Not_Target,Not_Target,Not_Target
echi12780.t1,Not_Target,Not_Target,Myosin_4
echi12781.t1,Myosin_25,Myosin_25,Myosin_1
echi12782.t1,Not_Target,Not_Target,Not_Target
echi12783.t1,Not_Target,Myosin_36,Not_Target
echi12784.t1,Not_Target,Not_Target,Not_Target
echi12785.t1,Not_Target,Not_Target,Not_Target
echi12786.t1,Not_Target,Not_Target,Not_Target
echi12787.t1,Not_Target,Myosin_1,Myosin_28
echi12788.t1,Not_Target,Myosin_29,Myosin_34
echi12789.t1,Myosin_18,Not_Target,Not_Target
echi12790.t1,Not_Target,Not_Target,Not_Target
echi12791.t1,Myosin_18,Myosin_16,Not_Target
echi12792.t1,Not_Target,Not_Target,Not_Target
echi12793.t1,Myosin_16,Not_Target,Myosin_67
echi12794.t1,Myosin_37,Myosin_1,Not_Target
echi12795.t1,Not_Target,Myosin_50,Myosin_18
echi8207.t1,Not_Target,Myosin_15,Not_Target
echi8208.t1,Not_Target,Not_Target,Not_Target
echi8209.t1,Not_Target,Myosin_5,Not_Target
echi8210.t1,Not_Target,Myosin_16,Not_Target
echi8211.t1,Not_Target,Not_Target,Not_Target
echi8212.t1,Not_Target,Not_Target,Not_Target
echi8213.t1,Myosin_45,Not_Target,Not_Target
echi8214.t1,Not_Target,Not_Target,Not_Target
echi8215.t1,Not_Target,Myosin_8,Myosin_39
echi8216.t1,Not_Target,Not_Target,Not_Target
echi8217.t1,Myosin_51,Not_Target,Myosin_5
echi8218.t1,Not_Target,Not_Target,Not_Target
echi8219.t1,Myosin_6,Not_Target,Not_Target
echi8220.t1,Not_Target,Myosin_5,Not_Target
echi8221.t1,Myosin_32,Not_Target,Myosin_36
echi8222.t1,Myosin_36,Not_Target,Myosin_5
echi8223.t1,Not_Target,Not_Target,Not_Target
echi8224.t1,Not_Target,Not_Target,Not_Target
echi8225.t1,Myosin_45,Myosin_16,Myosin_15
echi8226.t1,Not_Target,Not_Target,Myosin_51
echi8227.t1,Not_Target,Not_Target,Not_Target
echi8228.t1,Not_Target,Not_Target,Myosin_48
echi8229.t1,Not_Target,Myosin_17,Not_Target
echi8230.t1,Not_Target,Not_Target,Not_Target
echi8231.t1,Not_Target,Myosin_17,Not_Target
echi8232.t1,Not_Target,Not_Target,Not_Target
echi11000.t1,Not_Target,Not_Target,Not_Target
echi11001.t1,Not_Target,Not_Target,Not_Target
echi11002.t1,Not_Target,Not_Target,Not_Target
echi11003.t1,Myosin_5,Myosin_5,Myosin_5
echi11004.t1,Not_Target,Not_Target,Not_Target
echi11005.t1,Not_Target,Not_Target,Not_Target
echi11006.t1,Not_Target,Not_Target,Not_Target
echi11007.t1,Not_Target,Not_Target,Not_Target
echi11008.t1,Myosin_45,Not_Target,Myosin_31
echi11009.t1,Myosin_3,Myosin_3,Myosin_16
echi11010.t1,Myosin_18,Myosin_76,Myosin_44
echi11011.t1,Myosin_37,Myosin_5,Myosin_5
echi11012.t1,Myosin_15,Myosin_15,Myosin_7
echi11013.t1,Not_Target,Not_Target,Myosin_8
echi11014.t1,Not_Target,Not_Target,Myosin_19
echi11015.t1,Not_Target,Not_Target,Myosin_5
echi11016.t1,Not_Target,Not_Target,Not_Target
echi11017.t1,Not_Target,Myosin_17,Not_Target
echi11018.t1,Myosin_3,Myosin_4,Myosin_17
echi11019.t1,Not_Target,Not_Target,Not_Target
echi11020.t1,Not_Target,Myosin_1,Myosin_13
echi11021.t1,Not_Target,Not_Target,Not_Target
echi11022.t1,Not_Target,Myosin_17,Not_Target
echi11023.t1,Not_Target,Not_Target,Not_Target
echi11024.t1,Myosin_5,Myosin_5,Myosin_7
echi11025.t1,Not_Target,Not_Target,Not_Target
echi11026.t1,Myosin_22,Myosin_22,Myosin_4
echi11027.t1,Not_Target,Not_Target,Not_Target
echi11028.t1,Myosin_4,Myosin_7,Myosin_22
echi14531.t1,Not_Target,Not_Target,Not_Target
echi14532.t1,Not_Target,Not_Target,Not_Target
echi14533.t1,Not_Target,Not_Target,Myosin_1
echi14534.t1,Not_Target,Not_Target,Myosin_1
echi14535.t1,Not_Target,Not_Target,Myosin_2
echi14536.t1,Not_Target,Myosin_34,Not_Target
echi14537.t1,Myosin_1,Myosin_3,Myosin_33
echi14538.t1,Not_Target,Not_Target,Not_Target
echi14539.t1,Not_Target,Not_Target,Not_Target
echi14540.t1,Myosin_18,Myosin_18,Not_Target
echi14541.t1,Not_Target,Not_Target,Not_Target
echi14542.t1,Not_Target,Not_Target,Not_Target
echi14543.t1,Not_Target,Not_Target,Not_Target
echi14544.t1,Not_Target,Not_Target,Not_Target
echi14545.t1,Myosin_2,Myosin_81,Myosin_2
echi14546.t1,Not_Target,Not_Target,Not_Target
echi14547.t1,Myosin_15,Myosin_15,Myosin_15
echi14548.t1,Myosin_15,Myosin_15,Myosin_15
echi14549.t1,Not_Target,Not_Target,Not_Target
echi14550.t1,Not_Target,Not_Target,Not_Target
echi14551.t1,Not_Target,Not_Target,Not_Target
echi14552.t1,Not_Target,Not_Target,Not_Target
echi14553.t1,Not_Target,Not_Target,Not_Target
echi14554.t1,Not_Target,Not_Target,Not_Target
echi14555.t1,Myosin_20,Myosin_16,Not_Target
echi14556.t1,Not_Target,Not_Target,Myosin_17
echi14557.t1,Not_Target,Not_Target,Not_Target
echi14558.t1,Myosin_15,Myosin_15,Myosin_7
echi14559.t1,Not_Target,Not_Target,Myosin_36
echi14560.t1,Not_Target,Not_Target,Not_Target
echi3163.t1,Not_Target,Not_Target,Myosin_1
echi3164.t1,Not_Target,Not_Target,Not_Target
echi3165.t1,Not_Target,Not_Target,Myosin_1
echi3166.t1,Not_Target,Not_Target,Not_Target
echi3167.t1,Not_Target,Not_Target,Not_Target
echi3168.t1,Not_Target,Not_Target,Not_Target
echi3169.t1,Not_Target,Not_Target,Not_Target
echi3170.t1,Not_Target,Not_Target,Not_Target
echi3171.t1,Myosin_18,Myosin_57,Myosin_18
echi3172.t1,Not_Target,Not_Target,Not_Target
echi3173.t1,Not_Target,Not_Target,Not_Target
echi3174.t1,Not_Target,Myosin_5,Not_Target
echi3175.t1,Not_Target,Not_Target,Not_Target
echi3176.t1,Not_Target,Not_Target,Not_Target
echi3177.t1,Myosin_45,Not_Target,Not_Target
echi3178.t1,Not_Target,Not_Target,Not_Target
echi3179.t1,Not_Target,Not_Target,Not_Target
echi3180.t1,Not_Target,Not_Target,Not_Target
echi3181.t1,Not_Target,Not_Target,Not_Target
echi3182.t1,Not_Target,Not_Target,Not_Target
echi3183.t1,Myosin_64,Myosin_64,Not_Target
echi3184.t1,Myosin_22,Myosin_22,Myosin_2
echi3185.t1,Not_Target,Not_Target,Myosin_23
echi3186.t1,Not_Target,Not_Target,Not_Target
echi3187.t1,Myosin_19,Not_Target,Not_Target
echi3188.t1,Not_Target,Not_Target,Not_Target
echi989.t1,Myosin_18,Myosin_18,Myosin_16
echi990.t1,Not_Target,Not_Target,Not_Target
echi991.t1,Not_Target,Not_Target,Myosin_13
echi992.t1,Not_Target,Not_Target,Not_Target
echi993.t1,Not_Target,Myosin_22,Not_Target
echi994.t1,Not_Target,Not_Target,Not_Target
echi995.t1,Not_Target,Myosin_1,Not_Target
echi996.t1,Not_Target,Not_Target,Not_Target
echi997.t1,Not_Target,Not_Target,Not_Target
echi998.t1,Not_Target,Not_Target,Not_Target
echi999.t1,Myosin_19,Myosin_16,Myosin_20
echi1000.t1,Myosin_36,Not_Target,Not_Target
echi1001.t1,Not_Target,Not_Target,Not_Target
echi1002.t1,Myosin_51,Not_Target,Myosin_5
echi1003.t1,Not_Target,Not_Target,Not_Target
echi1004.t1,Not_Target,Not_Target,Not_Target
echi1005.t1,Not_Target,Not_Target,Not_Target
echi1006.t1,Myosin_1,Myosin_57,Myosin_20
echi1007.t1,Myosin_18,Myosin_26,Myosin_27
echi1008.t1,Not_Target,Not_Target,Not_Target
echi1009.t1,Not_Target,Not_Target,Not_Target
echi1010.t1,Not_Target,Not_Target,Not_Target
echi1011.t1,Not_Target,Not_Target,Not_Target
echi1012.t1,Myosin_17,Not_Target,Myosin_57
echi1013.t1,Not_Target,Myosin_17,Not_Target
echi1014.t1,Not_Target,Not_Target,Myosin_64
echi1015.t1,Not_Target,Not_Target,Not_Target
echi1016.t1,Not_Target,Not_Target,Not_Target
echi1017.t1,Not_Target,Not_Target,Not_Target
echi1018.t1,Not_Target,Not_Target,Myosin_8
echi1019.t1,Myosin_37,Not_Target,Myosin_4
echi1020.t1,Not_Target,Not_Target,Not_Target
echi13645.t1,Not_Target,Not_Target,Not_Target
echi13646.t1,Not_Target,Not_Target,Myosin_20
echi13647.t1,Myosin_45,Not_Target,Myosin_20
echi13648.t1,Not_Target,Not_Target,Not_Target
echi13649.t1,Myosin_45,Myosin_1,Not_Target
echi13650.t1,Not_Target,Not_Target,Myosin_23
echi13651.t1,Myosin_45,Myosin_26,Not_Target
echi13652.t1,Not_Target,Not_Target,Not_Target
echi13653.t1,Myosin_17,Not_Target,Myosin_25
echi13654.t1,Not_Target,Not_Target,Not_Target
echi13655.t1,Not_Target,Myosin_16,Myosin_57
echi13656.t1,Not_Target,Not_Target,Not_Target
echi13657.t1,Myosin_18,Not_Target,Myosin_18
echi13658.t1,Not_Target,Not_Target,Not_Target
echi13659.t1,Not_Target,Not_Target,Not_Target
echi13660.t1,Myosin_57,Myosin_57,Not_Target
echi13661.t1,Not_Target,Not_Target,Myosin_27
echi13662.t1,Not_Target,Not_Target,Not_Target
echi13663.t1,Not_Target,Not_Target,Not_Target
echi13664.t1,Not_Target,Not_Target,Myosin_1
echi13665.t1,Not_Target,Not_Target,Myosin_5
echi13666.t1,Not_Target,Not_Target,Not_Target
echi13667.t1,Myosin_26,Not_Target,Myosin_30
echi13668.t1,Not_Target,Not_Target,Not_Target
echi13669.t1,Not_Target,Not_Target,Not_Target
echi13670.t1,Myosin_10,Myosin_22,Myosin_10
echi13671.t1,Not_Target,Not_Target,Not_Target
echi13672.t1,Not_Target,Not_Target,Not_Target
echi13673.t1,Myosin_36,Myosin_26,Myosin_17
echi13674.t1,Not_Target,Not_Target,Not_Target
echi13675.t1,Myosin_45,Not_Target,Not_Target
echi13676.t1,Not_Target,Not_Target,Not_Target
echi13677.t1,Not_Target,Not_Target,Myosin_20
echi13760.t1,Myosin_16,Myosin_28,Myosin_3
echi13761.t1,Not_Target,Not_Target,Not_Target
echi13762.t1,Not_Target,Not_Target,Not_Target
echi13763.t1,Myosin_9,Not_Target,Myosin_18
echi13764.t1,Not_Target,Myosin_18,Not_Target
echi13765.t1,Not_Target,Not_Target,Not_Target
echi13766.t1,Myosin_1,Myosin_1,Not_Target
echi13767.t1,Not_Target,Myosin_3,Myosin_18
echi13768.t1,Not_Target,Not_Target,Not_Target
echi13769.t1,Not_Target,Not_Target,Not_Target
echi13770.t1,Not_Target,Not_Target,Not_Target
echi13771.t1,Not_Target,Not_Target,Not_Target
echi13772.t1,Not_Target,Not_Target,Not_Target
echi13773.t1,Myosin_17,Myosin_26,Myosin_42
echi13774.t1,Not_Target,Not_Target,Myosin_62
echi13775.t1,Not_Target,Not_Target,Myosin_3
echi13776.t1,Not_Target,Not_Target,Not_Target
echi13777.t1,Myosin_26,Not_Target,Myosin_18
echi13778.t1,Not_Target,Myosin_19,Not_Target
echi13779.t1,Myosin_19,Myosin_19,Not_Target
echi13780.t1,Not_Target,Not_Target,Not_Target
echi13781.t1,Not_Target,Not_Target,Not_Target
echi13782.t1,Myosin_74,Myosin_74,Myosin_74
echi13783.t1,Myosin_3,Myosin_14,Myosin_1
echi13784.t1,Myosin_26,Myosin_74,Not_Target
echi13785.t1,Not_Target,Not_Target,Not_Target
echi13786.t1,Not_Target,Not_Target,Myosin_2
echi13787.t1,Not_Target,Not_Target,Not_Target
echi13788.t1,Not_Target,Not_Target,Not_Target
echi13789.t1,Not_Target,Not_Target,Myosin_2
echi13790.t1,Not_Target,Not_Target,Myosin_2
echi5787.t1,Not_Target,Not_Target,Not_Target
echi5788.t1,Not_Target,Not_Target,Not_Target
echi5789.t1,Myosin_9,Myosin_3,Myosin_5
echi5790.t1,Myosin_24,Myosin_26,Myosin_15
echi5791.t1,Myosin_45,Not_Target,Myosin_70
echi5792.t1,Not_Target,Not_Target,Myosin_1
echi5793.t1,Myosin_16,Myosin_16,Not_Target
echi5794.t1,Not_Target,Not_Target,Myosin_53
echi5795.t1,Not_Target,Not_Target,Not_Target
echi5796.t1,Not_Target,Not_Target,Not_Target
echi5797.t1,Not_Target,Not_Target,Not_Target
echi5798.t1,Not_Target,Myosin_11,Not_Target
echi5799.t1,Not_Target,Not_Target,Not_Target
echi5800.t1,Not_Target,Not_Target,Not_Target
echi5801.t1,Not_Target,Not_Target,Myosin_8
echi5802.t1,Not_Target,Not_Target,Not_Target
echi5803.t1,Myosin_22,Not_Target,Myosin_81
echi5804.t1,Not_Target,Myosin_19,Not_Target
echi5805.t1,Not_Target,Not_Target,Not_Target
echi5806.t1,Not_Target,Not_Target,Myosin_36
echi5807.t1,Not_Target,Not_Target,Myosin_7
echi5808.t1,Myosin_22,Myosin_22,Myosin_4
echi5809.t1,Myosin_45,Not_Target,Not_Target
echi5810.t1,Myosin_15,Myosin_5,Myosin_17
echi5811.t1,Myosin_1,Myosin_1,Myosin_8
echi5812.t1,Not_Target,Not_Target,Not_Target
echi5813.t1,Not_Target,Not_Target,Not_Target
echi5814.t1,Not_Target,Not_Target,Myosin_20
echi5815.t1,Myosin_51,Not_Target,Not_Target
echi5816.t1,Not_Target,Myosin_29,Not_Target
echi1560.t1,Not_Target,Not_Target,Not_Target
echi1561.t1,Not_Target,Not_Target,Not_Target
echi1562.t1,Not_Target,Not_Target,Not_Target
echi1563.t1,Not_Target,Not_Target,Not_Target
echi1564.t1,Not_Target,Not_Target,Not_Target
echi1565.t1,Not_Target,Not_Target,Not_Target
echi1566.t1,Not_Target,Not_Target,Not_Target
echi1567.t1,Not_Target,Not_Target,Not_Target
echi1568.t1,Not_Target,Not_Target,Not_Target
echi1569.t1,Not_Target,Not_Target,Not_Target
echi1570.t1,Not_Target,Not_Target,Not_Target
echi1571.t1,Not_Target,Not_Target,Not_Target
echi1572.t1,Not_Target,Not_Target,Not_Target
echi1573.t1,Not_Target,Not_Target,Not_Target
echi1574.t1,Myosin_30,Myosin_30,Myosin_3
echi1575.t1,Not_Target,Not_Target,Not_Target
echi1576.t1,Myosin_1,Not_Target,Not_Target
echi1577.t1,Not_Target,Not_Target,Myosin_1
echi1578.t1,Not_Target,Not_Target,Not_Target
echi1579.t1,Not_Target,Not_Target,Myosin_3
echi1580.t1,Not_Target,Not_Target,Not_Target
echi1581.t1,Myosin_45,Myosin_16,Not_Target
echi1582.t1,Not_Target,Not_Target,Not_Target
echi1583.t1,Myosin_45,Not_Target,Myosin_1
echi1584.t1,Not_Target,Not_Target,Not_Target
echi1585.t1,Myosin_37,Myosin_22,Not_Target
echi1586.t1,Not_Target,Not_Target,Myosin_1
echi1587.t1,Not_Target,Myosin_20,Not_Target
echi1588.t1,Not_Target,Not_Target,Not_Target
echi1589.t1,Not_Target,Not_Target,Not_Target
echi1590.t1,Not_Target,Not_Target,Not_Target
echi1591.t1,Myosin_4,Myosin_4,Myosin_4
echi1592.t1,Not_Target,Not_Target,Not_Target
echi1593.t1,Myosin_19,Not_Target,Myosin_3
echi1594.t1,Not_Target,Not_Target,Myosin_17
echi14580.t1,Not_Target,Not_Target,Not_Target
echi14581.t1,Myosin_25,Not_Target,Myosin_81
echi14582.t1,Not_Target,Not_Target,Myosin_3
echi14583.t1,Not_Target,Myosin_6,Not_Target
echi14584.t1,Not_Target,Not_Target,Not_Target
echi14585.t1,Not_Target,Not_Target,Not_Target
echi14586.t1,Not_Target,Not_Target,Not_Target
echi14587.t1,Not_Target,Myosin_1,Not_Target
echi14588.t1,Myosin_18,Myosin_7,Myosin_22
echi14589.t1,Not_Target,Not_Target,Not_Target
echi14590.t1,Not_Target,Not_Target,Not_Target
echi14591.t1,Not_Target,Myosin_5,Not_Target
echi14592.t1,Not_Target,Not_Target,Myosin_19
echi14593.t1,Not_Target,Not_Target,Not_Target
echi14594.t1,Not_Target,Not_Target,Not_Target
echi14595.t1,Not_Target,Not_Target,Myosin_8
echi14596.t1,Myosin_18,Not_Target,Myosin_8
echi14597.t1,Myosin_27,Not_Target,Myosin_19
echi14598.t1,Myosin_32,Myosin_45,Myosin_17
echi14599.t1,Not_Target,Not_Target,Not_Target
echi14600.t1,Not_Target,Not_Target,Not_Target
echi14601.t1,Not_Target,Not_Target,Not_Target
echi14602.t1,Not_Target,Not_Target,Not_Target
echi14603.t1,Myosin_15,Myosin_15,Myosin_15
echi14604.t1,Not_Target,Myosin_19,Not_Target
echi14605.t1,Not_Target,Myosin_19,Not_Target
echi14606.t1,Not_Target,Not_Target,Not_Target
echi10423.t1,Not_Target,Not_Target,Not_Target
echi10424.t1,Myosin_15,Myosin_15,Myosin_15
echi10425.t1,Myosin_71,Not_Target,Myosin_27
echi10426.t1,Myosin_57,Not_Target,Myosin_18
echi10427.t1,Myosin_17,Myosin_17,Not_Target
echi10428.t1,Myosin_53,Myosin_5,Myosin_5
echi10429.t1,Myosin_36,Not_Target,Myosin_17
echi10430.t1,Myosin_15,Myosin_15,Myosin_15
echi10431.t1,Myosin_57,Myosin_1,Myosin_8
echi10432.t1,Not_Target,Not_Target,Not_Target
echi10433.t1,Myosin_24,Myosin_6,Myosin_6
echi10434.t1,Not_Target,Not_Target,Not_Target
echi10435.t1,Myosin_71,Not_Target,Not_Target
echi10436.t1,Not_Target,Not_Target,Not_Target
echi10437.t1,Myosin_51,Myosin_26,Myosin_19
echi10438.t1,Not_Target,Myosin_19,Myosin_63
echi10439.t1,Not_Target,Not_Target,Not_Target
echi10440.t1,Not_Target,Not_Target,Not_Target
echi10441.t1,Not_Target,Not_Target,Not_Target
echi10954.t1,Not_Target,Not_Target,Not_Target
echi10955.t1,Myosin_17,Myosin_22,Myosin_25
echi10956.t1,Myosin_30,Myosin_62,Not_Target
echi10957.t1,Not_Target,Not_Target,Not_Target
echi10958.t1,Not_Target,Myosin_7,Not_Target
echi10959.t1,Not_Target,Not_Target,Myosin_64
echi10960.t1,Myosin_18,Myosin_18,Myosin_24
echi10961.t1,Not_Target,Myosin_1,Not_Target
echi10962.t1,Not_Target,Not_Target,Not_Target
echi10963.t1,Not_Target,Not_Target,Not_Target
echi10964.t1,Not_Target,Not_Target,Not_Target
echi10965.t1,Not_Target,Not_Target,Not_Target
echi10966.t1,Myosin_30,Myosin_17,Myosin_20
echi10967.t1,Not_Target,Myosin_1,Not_Target
echi10968.t1,Not_Target,Not_Target,Not_Target
echi10969.t1,Not_Target,Not_Target,Not_Target
echi10970.t1,Not_Target,Not_Target,Not_Target
echi10971.t1,Not_Target,Not_Target,Not_Target
echi10972.t1,Not_Target,Not_Target,Not_Target
echi10973.t1,Myosin_26,Myosin_74,Myosin_18
echi10974.t1,Myosin_45,Myosin_17,Myosin_26
echi10975.t1,Not_Target,Myosin_19,Not_Target
echi10976.t1,Myosin_18,Not_Target,Myosin_19
echi10977.t1,Not_Target,Not_Target,Not_Target
echi10978.t1,Not_Target,Myosin_3,Not_Target
echi10979.t1,Not_Target,Not_Target,Not_Target
echi10980.t1,Not_Target,Not_Target,Not_Target
echi10981.t1,Not_Target,Not_Target,Not_Target
echi10982.t1,Not_Target,Myosin_54,Not_Target
echi10983.t1,Myosin_44,Myosin_45,Myosin_44
echi10984.t1,Not_Target,Myosin_57,Not_Target
echi10985.t1,Myosin_1,Not_Target,Myosin_1
echi10986.t1,Not_Target,Not_Target,Not_Target
echi17864.t1,Not_Target,Myosin_2,Myosin_4
echi17865.t1,Not_Target,Myosin_26,Not_Target
echi17866.t1,Myosin_45,Myosin_45,Not_Target
echi17867.t1,Not_Target,Myosin_3,Not_Target
echi17868.t1,Not_Target,Not_Target,Myosin_23
echi17869.t1,Not_Target,Not_Target,Not_Target
echi17870.t1,Not_Target,Not_Target,Not_Target
echi17871.t1,Myosin_31,Not_Target,Not_Target
echi17872.t1,Myosin_5,Myosin_18,Myosin_17
echi17873.t1,Not_Target,Not_Target,Myosin_1
echi17874.t1,Not_Target,Not_Target,Not_Target
echi17875.t1,Not_Target,Myosin_17,Not_Target
echi17876.t1,Not_Target,Not_Target,Myosin_57
echi17877.t1,Not_Target,Myosin_17,Not_Target
echi17878.t1,Not_Target,Not_Target,Not_Target
echi17879.t1,Not_Target,Not_Target,Not_Target
echi17880.t1,Not_Target,Not_Target,Not_Target
echi17881.t1,Myosin_45,Not_Target,Not_Target
echi17882.t1,Not_Target,Not_Target,Not_Target
echi17883.t1,Not_Target,Not_Target,Not_Target
echi17884.t1,Myosin_15,Myosin_57,Myosin_22
echi17885.t1,Not_Target,Not_Target,Myosin_57
echi17886.t1,Myosin_55,Myosin_81,Myosin_1
echi17887.t1,Not_Target,Actin,Not_Target
echi17888.t1,Not_Target,Not_Target,Not_Target
echi17889.t1,Not_Target,Myosin_4,Not_Target
echi17890.t1,Not_Target,Myosin_5,Not_Target
echi17891.t1,Myosin_17,Not_Target,Not_Target
echi17892.t1,Not_Target,Not_Target,Not_Target
echi17893.t1,Myosin_17,Myosin_17,Myosin_17
echi17894.t1,Not_Target,Not_Target,Not_Target
echi17895.t1,Myosin_18,Myosin_17,Myosin_3
echi17896.t1,Not_Target,Not_Target,Not_Target
echi17897.t1,Not_Target,Not_Target,Not_Target
echi17898.t1,Not_Target,Not_Target,Not_Target
echi17899.t1,Myosin_45,Not_Target,Myosin_26
echi17900.t1,Not_Target,Myosin_51,Myosin_2
echi17901.t1,Not_Target,Not_Target,Not_Target
echi12123.t1,Not_Target,Not_Target,Not_Target
echi12124.t1,Not_Target,Not_Target,Not_Target
echi12125.t1,Not_Target,Not_Target,Myosin_19
echi12126.t1,Not_Target,Not_Target,Not_Target
echi12127.t1,Myosin_53,Not_Target,Myosin_23
echi12128.t1,Myosin_9,Myosin_9,Myosin_15
echi12129.t1,Not_Target,Not_Target,Not_Target
echi12130.t1,Not_Target,Not_Target,Not_Target
echi12131.t1,Not_Target,Not_Target,Not_Target
echi12132.t1,Not_Target,Not_Target,Not_Target
echi12133.t1,Not_Target,Not_Target,Not_Target
echi12134.t1,Myosin_19,Myosin_19,Not_Target
echi12135.t1,Not_Target,Myosin_19,Not_Target
echi12136.t1,Myosin_8,Myosin_1,Myosin_3
echi12137.t1,Myosin_45,Myosin_45,Not_Target
echi12138.t1,Myosin_17,Myosin_17,Myosin_20
echi12139.t1,Not_Target,Myosin_19,Not_Target
echi12140.t1,Myosin_17,Myosin_76,Myosin_20
echi12141.t1,Not_Target,Not_Target,Not_Target
echi12142.t1,Myosin_26,Not_Target,Not_Target
echi12143.t1,Not_Target,Not_Target,Not_Target
echi12144.t1,Not_Target,Not_Target,Not_Target
echi12145.t1,Myosin_30,Myosin_18,Myosin_30
echi12146.t1,Not_Target,Not_Target,Not_Target
echi12147.t1,Not_Target,Myosin_25,Not_Target
echi12148.t1,Not_Target,Not_Target,Not_Target
echi12149.t1,Not_Target,Not_Target,Not_Target
echi12150.t1,Not_Target,Not_Target,Not_Target
echi12151.t1,Not_Target,Not_Target,Not_Target
echi3318.t1,Myosin_45,Not_Target,Myosin_3
echi3319.t1,Not_Target,Not_Target,Not_Target
echi3320.t1,Not_Target,Not_Target,Not_Target
echi3321.t1,Not_Target,Not_Target,Not_Target
echi3322.t1,Not_Target,Myosin_5,Not_Target
echi3323.t1,Not_Target,Not_Target,Not_Target
echi3324.t1,Not_Target,Myosin_2,Myosin_48
echi3325.t1,Not_Target,Not_Target,Not_Target
echi3326.t1,Myosin_74,Myosin_74,Myosin_18
echi3327.t1,Not_Target,Not_Target,Not_Target
echi3328.t1,Not_Target,Not_Target,Not_Target
echi3329.t1,Myosin_24,Myosin_8,Not_Target
echi3330.t1,Myosin_45,Not_Target,Myosin_1
echi3331.t1,Myosin_74,Myosin_74,Myosin_3
echi3332.t1,Not_Target,Not_Target,Not_Target
echi3333.t1,Myosin_71,Not_Target,Myosin_47
echi3334.t1,Not_Target,Not_Target,Myosin_20
echi3335.t1,Not_Target,Not_Target,Not_Target
echi3336.t1,Not_Target,Not_Target,Not_Target
echi3337.t1,Not_Target,Not_Target,Not_Target
echi3338.t1,Not_Target,Myosin_1,Myosin_8
echi3339.t1,Not_Target,Not_Target,Not_Target
echi3340.t1,Myosin_18,Myosin_57,Myosin_18
echi3341.t1,Myosin_5,Myosin_5,Myosin_5
echi3342.t1,Not_Target,Myosin_16,Not_Target
echi3343.t1,Myosin_15,Myosin_4,Myosin_7
echi3344.t1,Myosin_1,Not_Target,Myosin_4
echi3345.t1,Myosin_1,Not_Target,Myosin_7
echi3346.t1,Myosin_18,Myosin_3,Myosin_18
echi3347.t1,Not_Target,Not_Target,Not_Target
echi3348.t1,Myosin_71,Myosin_11,Not_Target
echi3349.t1,Not_Target,Not_Target,Not_Target
echi3350.t1,Myosin_20,Myosin_16,Not_Target
echi3351.t1,Not_Target,Not_Target,Myosin_37
echi3352.t1,Not_Target,Not_Target,Not_Target
echi14877.t1,Not_Target,Not_Target,Not_Target
echi14878.t1,Myosin_17,Not_Target,Not_Target
echi14879.t1,Not_Target,Not_Target,Myosin_6
echi14880.t1,Not_Target,Not_Target,Myosin_19
echi14881.t1,Myosin_51,Not_Target,Myosin_18
echi14882.t1,Myosin_16,Not_Target,Myosin_1
echi14883.t1,Myosin_66,Not_Target,Not_Target
echi14884.t1,Not_Target,Not_Target,Not_Target
echi14885.t1,Not_Target,Not_Target,Not_Target
echi14886.t1,Myosin_3,Myosin_3,Myosin_3
echi14887.t1,Not_Target,Not_Target,Not_Target
echi14888.t1,Not_Target,Not_Target,Not_Target
echi14889.t1,Myosin_19,Myosin_19,Not_Target
echi14890.t1,Not_Target,Not_Target,Not_Target
echi14891.t1,Myosin_45,Myosin_45,Not_Target
echi14892.t1,Not_Target,Myosin_5,Not_Target
echi14893.t1,Not_Target,Not_Target,Not_Target
echi14894.t1,Not_Target,Not_Target,Not_Target
echi14895.t1,Myosin_11,Myosin_11,Not_Target
echi14896.t1,Not_Target,Not_Target,Not_Target
echi14897.t1,Not_Target,Myosin_5,Not_Target
echi14898.t1,Myosin_4,Myosin_22,Myosin_22
echi14899.t1,Not_Target,Not_Target,Not_Target
echi14900.t1,Not_Target,Not_Target,Not_Target
echi14901.t1,Not_Target,Not_Target,Not_Target
echi14902.t1,Myosin_25,Not_Target,Myosin_23
echi14903.t1,Not_Target,Not_Target,Not_Target
echi14904.t1,Not_Target,Not_Target,Not_Target
echi14905.t1,Not_Target,Not_Target,Not_Target
echi14906.t1,Myosin_16,Myosin_16,Myosin_8
echi14907.t1,Not_Target,Not_Target,Not_Target
echi6889.t1,Not_Target,Not_Target,Myosin_5
echi6890.t1,Not_Target,Myosin_19,Myosin_3
echi6891.t1,Myosin_1,Myosin_22,Not_Target
echi6892.t1,Not_Target,Not_Target,Not_Target
echi6893.t1,Myosin_24,Myosin_29,Myosin_5
echi6894.t1,Myosin_20,Myosin_17,Myosin_20
echi6895.t1,Not_Target,Not_Target,Not_Target
echi6896.t1,Myosin_2,Myosin_2,Myosin_2
echi6897.t1,Myosin_45,Myosin_45,Myosin_16
echi6898.t1,Not_Target,Not_Target,Not_Target
echi6899.t1,Not_Target,Not_Target,Myosin_72
echi6900.t1,Not_Target,Not_Target,Not_Target
echi6901.t1,Not_Target,Myosin_19,Not_Target
echi6902.t1,Myosin_15,Myosin_15,Myosin_31
echi6903.t1,Myosin_18,Myosin_18,Not_Target
echi6904.t1,Myosin_5,Myosin_5,Myosin_5
echi6905.t1,Not_Target,Not_Target,Not_Target
echi6906.t1,Myosin_6,Not_Target,Not_Target
echi6907.t1,Not_Target,Not_Target,Not_Target
echi6908.t1,Not_Target,Not_Target,Not_Target
echi6909.t1,Not_Target,Not_Target,Not_Target
echi6910.t1,Not_Target,Not_Target,Not_Target
echi6911.t1,Myosin_18,Myosin_5,Myosin_45
echi6912.t1,Not_Target,Not_Target,Not_Target
echi6913.t1,Myosin_2,Myosin_2,Myosin_8
echi6914.t1,Myosin_30,Not_Target,Myosin_30
echi4157.t1,Myosin_45,Myosin_17,Not_Target
echi4158.t1,Not_Target,Not_Target,Not_Target
echi4159.t1,Not_Target,Not_Target,Not_Target
echi4160.t1,Not_Target,Not_Target,Not_Target
echi4161.t1,Not_Target,Not_Target,Myosin_2
echi4162.t1,Not_Target,Not_Target,Not_Target
echi4163.t1,Not_Target,Not_Target,Not_Target
echi4164.t1,Not_Target,Myosin_81,Not_Target
echi4165.t1,Myosin_1,Not_Target,Not_Target
echi4166.t1,Not_Target,Not_Target,Not_Target
echi4167.t1,Myosin_5,Myosin_5,Myosin_5
echi4168.t1,Myosin_5,Myosin_37,Myosin_51
echi4169.t1,Not_Target,Not_Target,Myosin_36
echi4170.t1,Not_Target,Not_Target,Not_Target
echi4171.t1,Myosin_17,Myosin_17,Myosin_22
echi4172.t1,Not_Target,Not_Target,Myosin_8
echi4173.t1,Not_Target,Myosin_53,Not_Target
echi4174.t1,Myosin_2,Not_Target,Myosin_2
echi4175.t1,Not_Target,Not_Target,Not_Target
echi4176.t1,Not_Target,Not_Target,Not_Target
echi4177.t1,Not_Target,Not_Target,Not_Target
echi4178.t1,Not_Target,Not_Target,Not_Target
echi4179.t1,Not_Target,Not_Target,Myosin_17
echi4180.t1,Not_Target,Myosin_19,Myosin_20
echi4181.t1,Not_Target,Myosin_3,Not_Target
echi4182.t1,Myosin_1,Myosin_26,Myosin_9
echi4183.t1,Not_Target,Not_Target,Myosin_1
echi15082.t1,Not_Target,Not_Target,Not_Target
echi15083.t1,Not_Target,Not_Target,Not_Target
echi15084.t1,Not_Target,Not_Target,Not_Target
echi15085.t1,Not_Target,Not_Target,Not_Target
echi15086.t1,Myosin_19,Myosin_19,Not_Target
echi15087.t1,Not_Target,Not_Target,Not_Target
echi15088.t1,Not_Target,Myosin_57,Not_Target
echi15089.t1,Not_Target,Not_Target,Not_Target
echi15090.t1,Not_Target,Not_Target,Not_Target
echi15091.t1,Not_Target,Not_Target,Not_Target
echi15092.t1,Myosin_17,Myosin_17,Not_Target
echi15093.t1,Not_Target,Not_Target,Not_Target
echi15094.t1,Not_Target,Not_Target,Myosin_8
echi15095.t1,Not_Target,Not_Target,Not_Target
echi15096.t1,Not_Target,Not_Target,Not_Target
echi15097.t1,Not_Target,Not_Target,Not_Target
echi15098.t1,Myosin_26,Actin,Not_Target
echi15099.t1,Not_Target,Not_Target,Not_Target
echi15100.t1,Myosin_1,Myosin_1,Myosin_1
echi15101.t1,Not_Target,Not_Target,Not_Target
echi15102.t1,Not_Target,Not_Target,Not_Target
echi15103.t1,Myosin_45,Myosin_1,Myosin_18
echi15104.t1,Myosin_8,Myosin_8,Not_Target
echi15105.t1,Myosin_37,Myosin_51,Myosin_40
echi15106.t1,Not_Target,Not_Target,Not_Target
echi15107.t1,Myosin_25,Myosin_17,Myosin_4
echi15108.t1,Not_Target,Not_Target,Myosin_17
echi15109.t1,Not_Target,Not_Target,Myosin_2
echi15110.t1,Not_Target,Not_Target,Not_Target
echi15111.t1,Myosin_24,Not_Target,Myosin_6
echi15112.t1,Not_Target,Not_Target,Myosin_30
echi15113.t1,Not_Target,Not_Target,Not_Target
echi15114.t1,Myosin_3,Myosin_3,Myosin_3
echi15115.t1,Not_Target,Myosin_6,Myosin_11
echi15116.t1,Not_Target,Not_Target,Not_Target
echi15117.t1,Not_Target,Myosin_4,Not_Target
echi15831.t1,Not_Target,Myosin_19,Not_Target
echi15832.t1,Not_Target,Myosin_18,Myosin_11
echi15833.t1,Not_Target,Not_Target,Myosin_15
echi15834.t1,Not_Target,Not_Target,Not_Target
echi15835.t1,Not_Target,Not_Target,Not_Target
echi15836.t1,Not_Target,Not_Target,Not_Target
echi15837.t1,Myosin_22,Myosin_22,Not_Target
echi15838.t1,Myosin_31,Not_Target,Not_Target
echi15839.t1,Not_Target,Not_Target,Myosin_8
echi15840.t1,Not_Target,Not_Target,Not_Target
echi15841.t1,Not_Target,Not_Target,Not_Target
echi15842.t1,Myosin_45,Not_Target,Not_Target
echi15843.t1,Not_Target,Not_Target,Not_Target
echi15844.t1,Not_Target,Not_Target,Not_Target
echi15845.t1,Myosin_5,Not_Target,Not_Target
echi15846.t1,Not_Target,Not_Target,Not_Target
echi15847.t1,Myosin_1,Myosin_19,Myosin_1
echi15848.t1,Not_Target,Not_Target,Not_Target
echi15849.t1,Not_Target,Not_Target,Not_Target
echi15850.t1,Not_Target,Not_Target,Not_Target
echi15851.t1,Myosin_24,Not_Target,Not_Target
echi15852.t1,Not_Target,Not_Target,Not_Target
echi15853.t1,Myosin_36,Not_Target,Myosin_20
echi15854.t1,Myosin_18,Myosin_18,Myosin_18
echi15855.t1,Not_Target,Myosin_23,Myosin_8
echi15856.t1,Not_Target,Not_Target,Not_Target
echi15857.t1,Not_Target,Not_Target,Not_Target
echi15858.t1,Not_Target,Not_Target,Not_Target
echi15859.t1,Not_Target,Not_Target,Not_Target
echi15860.t1,Myosin_9,Myosin_9,Myosin_2
echi15861.t1,Myosin_6,Myosin_6,Myosin_81
echi15862.t1,Myosin_36,Myosin_7,Myosin_17
echi15863.t1,Not_Target,Not_Target,Not_Target
echi15864.t1,Myosin_31,Not_Target,Not_Target
echi15865.t1,Myosin_19,Not_Target,Not_Target
echi15866.t1,Not_Target,Not_Target,Not_Target
echi15867.t1,Not_Target,Myosin_8,Myosin_8
echi15868.t1,Not_Target,Not_Target,Not_Target
echi16797.t1,Myosin_51,Myosin_22,Myosin_5
echi16798.t1,Not_Target,Not_Target,Myosin_20
echi16799.t1,Myosin_15,Myosin_1,Myosin_7
echi16800.t1,Myosin_15,Myosin_15,Myosin_7
echi16801.t1,Not_Target,Not_Target,Myosin_51
echi16802.t1,Not_Target,Not_Target,Not_Target
echi16803.t1,Not_Target,Not_Target,Myosin_57
echi16804.t1,Not_Target,Not_Target,Not_Target
echi16805.t1,Myosin_3,Myosin_3,Not_Target
echi16806.t1,Not_Target,Myosin_7,Not_Target
echi16807.t1,Not_Target,Not_Target,Not_Target
echi16808.t1,Myosin_2,Myosin_1,Not_Target
echi16809.t1,Not_Target,Not_Target,Myosin_5
echi16810.t1,Not_Target,Not_Target,Not_Target
echi16811.t1,Myosin_64,Myosin_5,Myosin_5
echi16812.t1,Not_Target,Not_Target,Not_Target
echi16813.t1,Not_Target,Not_Target,Not_Target
echi16814.t1,Not_Target,Not_Target,Not_Target
echi16815.t1,Myosin_6,Not_Target,Not_Target
echi16816.t1,Myosin_17,Myosin_26,Not_Target
echi16817.t1,Not_Target,Not_Target,Myosin_1
echi16818.t1,Not_Target,Not_Target,Myosin_52
echi16819.t1,Not_Target,Myosin_19,Not_Target
echi16820.t1,Myosin_15,Not_Target,Myosin_72
echi16821.t1,Myosin_5,Not_Target,Not_Target
echi16822.t1,Myosin_15,Myosin_15,Myosin_14
echi16823.t1,Not_Target,Not_Target,Not_Target
echi16824.t1,Not_Target,Not_Target,Myosin_2
echi16825.t1,Myosin_3,Myosin_3,Myosin_3
echi7243.t1,Myosin_23,Myosin_55,Myosin_1
echi7244.t1,Not_Target,Myosin_24,Myosin_1
echi7245.t1,Not_Target,Not_Target,Myosin_3
echi7246.t1,Myosin_5,Myosin_6,Myosin_20
echi7247.t1,Not_Target,Myosin_6,Not_Target
echi7248.t1,Not_Target,Not_Target,Not_Target
echi7249.t1,Not_Target,Not_Target,Not_Target
echi7250.t1,Not_Target,Not_Target,Not_Target
echi7251.t1,Not_Target,Not_Target,Not_Target
echi7252.t1,Not_Target,Not_Target,Not_Target
echi7253.t1,Not_Target,Myosin_6,Not_Target
echi7254.t1,Not_Target,Not_Target,Myosin_19
echi7255.t1,Not_Target,Not_Target,Not_Target
echi7256.t1,Not_Target,Not_Target,Not_Target
echi7257.t1,Not_Target,Not_Target,Not_Target
echi7258.t1,Not_Target,Not_Target,Not_Target
echi7259.t1,Not_Target,Myosin_18,Not_Target
echi7260.t1,Not_Target,Not_Target,Not_Target
echi7261.t1,Not_Target,Not_Target,Myosin_8
echi7262.t1,Not_Target,Not_Target,Not_Target
echi7263.t1,Not_Target,Not_Target,Myosin_1
echi7264.t1,Not_Target,Not_Target,Myosin_1
echi7265.t1,Not_Target,Not_Target,Not_Target
echi7266.t1,Not_Target,Not_Target,Not_Target
echi7267.t1,Myosin_81,Myosin_5,Myosin_5
echi7268.t1,Not_Target,Not_Target,Not_Target
echi7269.t1,Not_Target,Not_Target,Not_Target
echi7270.t1,Not_Target,Not_Target,Myosin_5
echi7271.t1,Not_Target,Myosin_1,Not_Target
echi7272.t1,Not_Target,Myosin_1,Not_Target
echi7273.t1,Not_Target,Myosin_30,Myosin_47
echi7274.t1,Not_Target,Myosin_5,Not_Target
echi7275.t1,Not_Target,Myosin_18,Myosin_53
echi7276.t1,Not_Target,Not_Target,Myosin_2
echi7277.t1,Myosin_45,Not_Target,Myosin_16
echi7278.t1,Not_Target,Myosin_5,Not_Target
echi7279.t1,Myosin_45,Myosin_27,Myosin_18
echi7280.t1,Not_Target,Not_Target,Not_Target
echi17684.t1,Not_Target,Not_Target,Not_Target
echi17685.t1,Not_Target,Not_Target,Not_Target
echi17686.t1,Not_Target,Not_Target,Not_Target
echi17687.t1,Not_Target,Not_Target,Not_Target
echi17688.t1,Not_Target,Not_Target,Not_Target
echi17689.t1,Not_Target,Not_Target,Myosin_36
echi17690.t1,Not_Target,Not_Target,Not_Target
echi17691.t1,Myosin_16,Myosin_3,Myosin_5
echi17692.t1,Not_Target,Not_Target,Myosin_40
echi17693.t1,Not_Target,Not_Target,Myosin_19
echi17694.t1,Not_Target,Not_Target,Not_Target
echi17695.t1,Not_Target,Not_Target,Myosin_5
echi17696.t1,Not_Target,Not_Target,Not_Target
echi17697.t1,Myosin_15,Myosin_15,Myosin_15
echi17698.t1,Myosin_1,Myosin_1,Not_Target
echi17699.t1,Myosin_1,Myosin_1,Not_Target
echi17700.t1,Myosin_57,Myosin_18,Myosin_8
echi17701.t1,Myosin_5,Myosin_5,Not_Target
echi17702.t1,Not_Target,Not_Target,Not_Target
echi17703.t1,Myosin_1,Myosin_1,Myosin_1
echi17704.t1,Myosin_16,Myosin_16,Myosin_31
echi17705.t1,Myosin_22,Not_Target,Myosin_67
echi17706.t1,Not_Target,Not_Target,Not_Target
echi17707.t1,Not_Target,Myosin_18,Myosin_31
echi17708.t1,Not_Target,Not_Target,Not_Target
echi17709.t1,Not_Target,Not_Target,Myosin_8
echi17710.t1,Myosin_17,Myosin_17,Myosin_17
echi17711.t1,Not_Target,Not_Target,Not_Target
echi17712.t1,Not_Target,Not_Target,Not_Target
echi17522.t1,Not_Target,Not_Target,Not_Target
echi17523.t1,Not_Target,Not_Target,Not_Target
echi17524.t1,Not_Target,Not_Target,Not_Target
echi17525.t1,Myosin_45,Myosin_18,Myosin_45
echi17526.t1,Myosin_23,Myosin_1,Myosin_1
echi17527.t1,Not_Target,Not_Target,Not_Target
echi17528.t1,Not_Target,Not_Target,Not_Target
echi17529.t1,Myosin_37,Myosin_6,Myosin_2
echi17530.t1,Not_Target,Myosin_16,Not_Target
echi17531.t1,Myosin_15,Myosin_22,Myosin_15
echi17532.t1,Myosin_24,Myosin_28,Not_Target
echi17533.t1,Myosin_17,Not_Target,Not_Target
echi17534.t1,Myosin_30,Not_Target,Myosin_20
echi17535.t1,Not_Target,Not_Target,Not_Target
echi17536.t1,Not_Target,Not_Target,Not_Target
echi17537.t1,Myosin_15,Myosin_5,Myosin_64
echi17538.t1,Not_Target,Myosin_3,Myosin_4
echi17539.t1,Not_Target,Not_Target,Not_Target
echi17540.t1,Myosin_16,Myosin_16,Myosin_17
echi17541.t1,Not_Target,Not_Target,Not_Target
echi17542.t1,Not_Target,Not_Target,Not_Target
echi17543.t1,Not_Target,Not_Target,Not_Target
echi17544.t1,Not_Target,Not_Target,Not_Target
echi17545.t1,Not_Target,Not_Target,Not_Target
echi17546.t1,Myosin_24,Not_Target,Myosin_5
echi17547.t1,Not_Target,Not_Target,Not_Target
echi17548.t1,Myosin_37,Myosin_19,Not_Target
echi17549.t1,Not_Target,Not_Target,Not_Target
echi17550.t1,Not_Target,Not_Target,Myosin_1
echi17551.t1,Not_Target,Not_Target,Not_Target
echi17552.t1,Not_Target,Not_Target,Not_Target
echi17553.t1,Not_Target,Not_Target,Not_Target
echi2462.t1,Not_Target,Not_Target,Myosin_19
echi2463.t1,Not_Target,Not_Target,Myosin_5
echi2464.t1,Not_Target,Myosin_57,Myosin_19
echi2465.t1,Not_Target,Not_Target,Not_Target
echi2466.t1,Not_Target,Not_Target,Not_Target
echi2467.t1,Not_Target,Not_Target,Not_Target
echi2468.t1,Not_Target,Not_Target,Not_Target
echi2469.t1,Not_Target,Myosin_5,Myosin_57
echi2470.t1,Myosin_18,Myosin_16,Myosin_20
echi2471.t1,Not_Target,Not_Target,Not_Target
echi2472.t1,Not_Target,Not_Target,Not_Target
echi2473.t1,Myosin_15,Myosin_15,Not_Target
echi2474.t1,Not_Target,Not_Target,Not_Target
echi2475.t1,Not_Target,Not_Target,Myosin_14
echi2476.t1,Myosin_57,Myosin_57,Myosin_66
echi2477.t1,Myosin_23,Myosin_23,Not_Target
echi2478.t1,Not_Target,Not_Target,Myosin_31
echi2479.t1,Not_Target,Not_Target,Not_Target
echi2480.t1,Not_Target,Myosin_57,Not_Target
echi2481.t1,Not_Target,Not_Target,Not_Target
echi2482.t1,Not_Target,Not_Target,Not_Target
echi2483.t1,Not_Target,Not_Target,Not_Target
echi2484.t1,Not_Target,Myosin_22,Not_Target
echi2485.t1,Not_Target,Myosin_19,Not_Target
echi2486.t1,Myosin_2,Myosin_2,Not_Target
echi2487.t1,Not_Target,Not_Target,Not_Target
echi2488.t1,Not_Target,Not_Target,Not_Target
echi2489.t1,Myosin_2,Not_Target,Not_Target
echi2490.t1,Not_Target,Myosin_2,Not_Target
echi2491.t1,Not_Target,Not_Target,Not_Target
echi2492.t1,Myosin_45,Not_Target,Not_Target
echi2493.t1,Not_Target,Not_Target,Not_Target
echi2494.t1,Not_Target,Myosin_26,Myosin_24
echi2495.t1,Myosin_24,Myosin_28,Not_Target
echi2496.t1,Not_Target,Not_Target,Not_Target
echi2497.t1,Not_Target,Myosin_28,Not_Target
echi2498.t1,Not_Target,Not_Target,Not_Target
echi2499.t1,Not_Target,Not_Target,Not_Target
echi2500.t1,Myosin_17,Not_Target,Myosin_57
echi2501.t1,Not_Target,Not_Target,Not_Target
echi2502.t1,Myosin_19,Not_Target,Myosin_5
echi2503.t1,Not_Target,Not_Target,Not_Target
echi2504.t1,Not_Target,Not_Target,Not_Target
echi14696.t1,Not_Target,Not_Target,Not_Target
echi14697.t1,Myosin_37,Not_Target,Myosin_2
echi14698.t1,Not_Target,Myosin_55,Myosin_6
echi14699.t1,Myosin_19,Not_Target,Not_Target
echi14700.t1,Not_Target,Not_Target,Not_Target
echi14701.t1,Myosin_16,Myosin_5,Myosin_10
echi14702.t1,Not_Target,Not_Target,Not_Target
echi14703.t1,Not_Target,Not_Target,Not_Target
echi14704.t1,Not_Target,Not_Target,Not_Target
echi14705.t1,Not_Target,Not_Target,Not_Target
echi14706.t1,Not_Target,Not_Target,Not_Target
echi14707.t1,Not_Target,Myosin_26,Not_Target
echi14708.t1,Not_Target,Not_Target,Not_Target
echi14709.t1,Not_Target,Not_Target,Not_Target
echi14710.t1,Not_Target,Myosin_16,Not_Target
echi14711.t1,Not_Target,Myosin_14,Not_Target
echi14712.t1,Not_Target,Not_Target,Not_Target
echi14713.t1,Not_Target,Not_Target,Not_Target
echi14714.t1,Not_Target,Not_Target,Not_Target
echi14715.t1,Not_Target,Not_Target,Not_Target
echi14716.t1,Not_Target,Not_Target,Not_Target
echi14717.t1,Not_Target,Not_Target,Not_Target
echi14718.t1,Not_Target,Not_Target,Myosin_51
echi14719.t1,Myosin_5,Myosin_26,Myosin_71
echi14720.t1,Not_Target,Myosin_3,Not_Target
echi14721.t1,Not_Target,Not_Target,Not_Target
echi14722.t1,Not_Target,Not_Target,Not_Target
echi14723.t1,Not_Target,Not_Target,Not_Target
echi14724.t1,Not_Target,Not_Target,Not_Target
echi12155.t1,Not_Target,Not_Target,Not_Target
echi12156.t1,Myosin_19,Myosin_19,Not_Target
echi12157.t1,Myosin_57,Myosin_57,Not_Target
echi12158.t1,Not_Target,Not_Target,Not_Target
echi12159.t1,Not_Target,Not_Target,Myosin_8
echi12160.t1,Not_Target,Not_Target,Not_Target
echi12161.t1,Not_Target,Not_Target,Myosin_57
echi12162.t1,Myosin_30,Myosin_17,Myosin_81
echi12163.t1,Not_Target,Not_Target,Not_Target
echi12164.t1,Myosin_18,Myosin_3,Myosin_3
echi12165.t1,Not_Target,Myosin_1,Not_Target
echi12166.t1,Not_Target,Not_Target,Myosin_3
echi12167.t1,Myosin_17,Myosin_17,Myosin_23
echi12168.t1,Not_Target,Not_Target,Not_Target
echi12169.t1,Myosin_15,Myosin_29,Myosin_31
echi12170.t1,Not_Target,Not_Target,Myosin_23
echi12171.t1,Not_Target,Not_Target,Not_Target
echi12172.t1,Not_Target,Not_Target,Not_Target
echi12173.t1,Not_Target,Not_Target,Not_Target
echi12174.t1,Not_Target,Not_Target,Myosin_36
echi12175.t1,Not_Target,Not_Target,Not_Target
echi12176.t1,Myosin_45,Not_Target,Myosin_3
echi12177.t1,Not_Target,Not_Target,Not_Target
echi12178.t1,Not_Target,Myosin_19,Myosin_1
echi12179.t1,Not_Target,Not_Target,Not_Target
echi12180.t1,Not_Target,Not_Target,Not_Target
echi12181.t1,Not_Target,Not_Target,Myosin_16
echi12182.t1,Not_Target,Myosin_5,Myosin_36
echi12183.t1,Not_Target,Not_Target,Myosin_3
echi12184.t1,Not_Target,Not_Target,Not_Target
echi12185.t1,Not_Target,Not_Target,Not_Target
echi12186.t1,Not_Target,Not_Target,Not_Target
echi12187.t1,Not_Target,Not_Target,Not_Target
echi12188.t1,Not_Target,Not_Target,Myosin_48
echi12189.t1,Not_Target,Myosin_28,Myosin_8
echi6979.t1,Not_Target,Not_Target,Not_Target
echi6980.t1,Not_Target,Not_Target,Not_Target
echi6981.t1,Not_Target,Not_Target,Not_Target
echi6982.t1,Myosin_26,Not_Target,Not_Target
echi6983.t1,Not_Target,Not_Target,Not_Target
echi6984.t1,Not_Target,Not_Target,Not_Target
echi6985.t1,Myosin_37,Not_Target,Myosin_22
echi6986.t1,Not_Target,Not_Target,Not_Target
echi6987.t1,Not_Target,Not_Target,Myosin_57
echi6988.t1,Not_Target,Not_Target,Myosin_3
echi6989.t1,Not_Target,Not_Target,Not_Target
echi6990.t1,Not_Target,Not_Target,Not_Target
echi6991.t1,Myosin_81,Myosin_81,Myosin_37
echi6992.t1,Myosin_2,Myosin_2,Myosin_2
echi6993.t1,Not_Target,Myosin_18,Not_Target
echi6994.t1,Myosin_45,Not_Target,Not_Target
echi6995.t1,Myosin_3,Myosin_6,Myosin_1
echi6996.t1,Not_Target,Not_Target,Not_Target
echi6997.t1,Not_Target,Myosin_16,Not_Target
echi6998.t1,Myosin_20,Myosin_16,Not_Target
echi6999.t1,Not_Target,Not_Target,Not_Target
echi7000.t1,Not_Target,Not_Target,Not_Target
echi7001.t1,Myosin_5,Myosin_5,Myosin_5
echi7002.t1,Not_Target,Not_Target,Not_Target
echi7003.t1,Myosin_45,Myosin_26,Not_Target
echi7004.t1,Not_Target,Myosin_1,Not_Target
echi7005.t1,Myosin_45,Myosin_44,Not_Target
echi7006.t1,Myosin_17,Not_Target,Myosin_3
echi7007.t1,Not_Target,Myosin_8,Not_Target
echi7008.t1,Not_Target,Not_Target,Not_Target
echi7009.t1,Not_Target,Not_Target,Not_Target
echi7010.t1,Not_Target,Not_Target,Not_Target
echi7011.t1,Not_Target,Not_Target,Myosin_20
echi7012.t1,Not_Target,Not_Target,Not_Target
echi7013.t1,Not_Target,Not_Target,Not_Target
echi7014.t1,Not_Target,Not_Target,Not_Target
echi7604.t1,Myosin_4,Myosin_4,Not_Target
echi7605.t1,Not_Target,Myosin_18,Not_Target
echi7606.t1,Not_Target,Not_Target,Myosin_3
echi7607.t1,Myosin_51,Not_Target,Not_Target
echi7608.t1,Not_Target,Not_Target,Not_Target
echi7609.t1,Not_Target,Myosin_17,Not_Target
echi7610.t1,Not_Target,Myosin_17,Myosin_8
echi7611.t1,Myosin_20,Myosin_5,Not_Target
echi7612.t1,Not_Target,Not_Target,Not_Target
echi7613.t1,Not_Target,Myosin_20,Not_Target
echi7614.t1,Myosin_2,Not_Target,Not_Target
echi7615.t1,Not_Target,Myosin_17,Myosin_28
echi7616.t1,Not_Target,Not_Target,Not_Target
echi7617.t1,Not_Target,Not_Target,Not_Target
echi7618.t1,Not_Target,Not_Target,Not_Target
echi7619.t1,Myosin_18,Myosin_18,Myosin_2
echi7620.t1,Not_Target,Myosin_18,Not_Target
echi7621.t1,Myosin_3,Myosin_3,Myosin_5
echi7622.t1,Not_Target,Not_Target,Myosin_2
echi7623.t1,Not_Target,Not_Target,Not_Target
echi7624.t1,Not_Target,Not_Target,Myosin_20
echi7625.t1,Not_Target,Not_Target,Not_Target
echi7626.t1,Myosin_1,Not_Target,Not_Target
echi7627.t1,Not_Target,Not_Target,Myosin_4
echi7628.t1,Not_Target,Not_Target,Not_Target
echi7629.t1,Myosin_17,Myosin_17,Not_Target
echi7630.t1,Myosin_36,Myosin_1,Myosin_1
echi7631.t1,Myosin_36,Myosin_7,Myosin_22
echi16447.t1,Not_Target,Not_Target,Not_Target
echi16448.t1,Not_Target,Not_Target,Not_Target
echi16449.t1,Not_Target,Not_Target,Not_Target
echi16450.t1,Myosin_19,Not_Target,Myosin_57
echi16451.t1,Not_Target,Not_Target,Not_Target
echi16452.t1,Myosin_3,Not_Target,Not_Target
echi16453.t1,Not_Target,Myosin_54,Not_Target
echi16454.t1,Not_Target,Not_Target,Not_Target
echi16455.t1,Myosin_5,Myosin_1,Not_Target
echi16456.t1,Not_Target,Not_Target,Not_Target
echi16457.t1,Not_Target,Not_Target,Not_Target
echi16458.t1,Not_Target,Not_Target,Not_Target
echi16459.t1,Not_Target,Myosin_5,Not_Target
echi16460.t1,Not_Target,Not_Target,Not_Target
echi16461.t1,Not_Target,Not_Target,Myosin_5
echi16462.t1,Myosin_15,Myosin_15,Myosin_15
echi16463.t1,Not_Target,Not_Target,Not_Target
echi16464.t1,Not_Target,Myosin_3,Not_Target
echi16465.t1,Not_Target,Not_Target,Not_Target
echi16466.t1,Not_Target,Not_Target,Not_Target
echi16467.t1,Not_Target,Not_Target,Not_Target
echi4506.t1,Myosin_30,Myosin_1,Myosin_3
echi4507.t1,Not_Target,Not_Target,Not_Target
echi4508.t1,Not_Target,Not_Target,Myosin_20
echi4509.t1,Not_Target,Not_Target,Not_Target
echi4510.t1,Not_Target,Not_Target,Myosin_6
echi4511.t1,Not_Target,Not_Target,Not_Target
echi4512.t1,Not_Target,Not_Target,Not_Target
echi4513.t1,Not_Target,Myosin_57,Myosin_19
echi4514.t1,Not_Target,Not_Target,Not_Target
echi4515.t1,Not_Target,Not_Target,Not_Target
echi4516.t1,Myosin_17,Not_Target,Not_Target
echi4517.t1,Not_Target,Not_Target,Not_Target
echi4518.t1,Myosin_19,Myosin_55,Myosin_1
echi4519.t1,Not_Target,Not_Target,Not_Target
echi4520.t1,Not_Target,Not_Target,Myosin_40
echi4521.t1,Myosin_26,Myosin_18,Myosin_18
echi4522.t1,Not_Target,Not_Target,Not_Target
echi4523.t1,Myosin_45,Not_Target,Myosin_8
echi4524.t1,Not_Target,Not_Target,Not_Target
echi4525.t1,Not_Target,Not_Target,Not_Target
echi4526.t1,Not_Target,Not_Target,Not_Target
echi4527.t1,Not_Target,Not_Target,Not_Target
echi4528.t1,Myosin_45,Myosin_74,Myosin_41
echi4529.t1,Not_Target,Not_Target,Myosin_36
echi4530.t1,Not_Target,Not_Target,Not_Target
echi4531.t1,Not_Target,Myosin_1,Not_Target
echi4532.t1,Myosin_36,Myosin_17,Myosin_42
echi4533.t1,Not_Target,Not_Target,Not_Target
echi4534.t1,Not_Target,Not_Target,Not_Target
echi4535.t1,Not_Target,Not_Target,Not_Target
echi4536.t1,Not_Target,Not_Target,Not_Target
echi4537.t1,Not_Target,Not_Target,Not_Target
echi4538.t1,Not_Target,Not_Target,Not_Target
echi4539.t1,Not_Target,Myosin_1,Not_Target
echi13042.t1,Not_Target,Not_Target,Not_Target
echi13043.t1,Not_Target,Not_Target,Not_Target
echi13044.t1,Not_Target,Myosin_11,Not_Target
echi13045.t1,Not_Target,Not_Target,Not_Target
echi13046.t1,Not_Target,Not_Target,Not_Target
echi13047.t1,Not_Target,Not_Target,Not_Target
echi13048.t1,Myosin_6,Myosin_19,Myosin_10
echi13049.t1,Myosin_5,Myosin_5,Not_Target
echi13050.t1,Not_Target,Not_Target,Not_Target
echi13051.t1,Not_Target,Not_Target,Not_Target
echi13052.t1,Not_Target,Not_Target,Not_Target
echi13053.t1,Not_Target,Not_Target,Not_Target
echi13054.t1,Not_Target,Not_Target,Not_Target
echi13055.t1,Not_Target,Not_Target,Myosin_24
echi13056.t1,Myosin_57,Myosin_18,Not_Target
echi13057.t1,Not_Target,Not_Target,Not_Target
echi13058.t1,Not_Target,Not_Target,Myosin_8
echi13059.t1,Not_Target,Not_Target,Not_Target
echi13060.t1,Not_Target,Not_Target,Not_Target
echi13061.t1,Not_Target,Not_Target,Myosin_20
echi13062.t1,Myosin_15,Myosin_15,Myosin_46
echi13063.t1,Not_Target,Not_Target,Not_Target
echi13064.t1,Myosin_4,Not_Target,Myosin_3
echi13065.t1,Not_Target,Not_Target,Not_Target
echi13066.t1,Not_Target,Not_Target,Not_Target
echi13067.t1,Not_Target,Myosin_57,Not_Target
echi13068.t1,Not_Target,Not_Target,Not_Target
echi13069.t1,Not_Target,Not_Target,Not_Target
echi13070.t1,Not_Target,Not_Target,Not_Target
echi13071.t1,Not_Target,Not_Target,Myosin_19
echi14352.t1,Not_Target,Not_Target,Not_Target
echi14353.t1,Not_Target,Not_Target,Not_Target
echi14354.t1,Myosin_15,Myosin_3,Myosin_17
echi14355.t1,Not_Target,Myosin_3,Not_Target
echi14356.t1,Not_Target,Not_Target,Myosin_3
echi14357.t1,Not_Target,Myosin_17,Not_Target
echi14358.t1,Not_Target,Myosin_2,Not_Target
echi14359.t1,Not_Target,Not_Target,Not_Target
echi14360.t1,Not_Target,Not_Target,Not_Target
echi14361.t1,Not_Target,Not_Target,Not_Target
echi14362.t1,Myosin_45,Myosin_8,Not_Target
echi14363.t1,Myosin_45,Myosin_8,Myosin_8
echi14364.t1,Myosin_17,Myosin_17,Myosin_23
echi14365.t1,Not_Target,Not_Target,Not_Target
echi14366.t1,Not_Target,Not_Target,Not_Target
echi14367.t1,Myosin_45,Not_Target,Myosin_16
echi14368.t1,Not_Target,Not_Target,Not_Target
echi14369.t1,Myosin_15,Myosin_15,Myosin_15
echi14370.t1,Not_Target,Not_Target,Not_Target
echi14371.t1,Not_Target,Myosin_1,Myosin_27
echi14372.t1,Not_Target,Not_Target,Myosin_37
echi14373.t1,Myosin_9,Myosin_9,Myosin_24
echi14374.t1,Myosin_45,Not_Target,Not_Target
echi17973.t1,Not_Target,Not_Target,Not_Target
echi17974.t1,Not_Target,Not_Target,Not_Target
echi17975.t1,Myosin_1,Not_Target,Not_Target
echi17976.t1,Not_Target,Not_Target,Not_Target
echi17977.t1,Myosin_17,Not_Target,Myosin_15
echi17978.t1,Myosin_81,Myosin_1,Myosin_4
echi17979.t1,Not_Target,Not_Target,Not_Target
echi17980.t1,Not_Target,Not_Target,Not_Target
echi17981.t1,Myosin_44,Myosin_5,Not_Target
echi17982.t1,Myosin_17,Myosin_7,Not_Target
echi17983.t1,Not_Target,Not_Target,Not_Target
echi17984.t1,Not_Target,Not_Target,Not_Target
echi17985.t1,Not_Target,Myosin_55,Not_Target
echi17986.t1,Not_Target,Not_Target,Not_Target
echi17987.t1,Not_Target,Not_Target,Not_Target
echi17988.t1,Not_Target,Myosin_5,Not_Target
echi17989.t1,Myosin_18,Myosin_26,Myosin_3
echi17990.t1,Not_Target,Not_Target,Not_Target
echi17991.t1,Myosin_6,Myosin_6,Not_Target
echi17992.t1,Not_Target,Not_Target,Myosin_36
echi17993.t1,Not_Target,Not_Target,Not_Target
echi17994.t1,Not_Target,Myosin_17,Not_Target
echi17995.t1,Myosin_17,Not_Target,Not_Target
echi17996.t1,Not_Target,Myosin_17,Not_Target
echi17997.t1,Not_Target,Not_Target,Myosin_4
echi17998.t1,Myosin_18,Not_Target,Not_Target
echi17147.t1,Myosin_2,Myosin_2,Myosin_2
echi17148.t1,Myosin_45,Not_Target,Myosin_9
echi17149.t1,Not_Target,Not_Target,Not_Target
echi17150.t1,Not_Target,Myosin_17,Not_Target
echi17151.t1,Not_Target,Not_Target,Not_Target
echi17152.t1,Myosin_18,Myosin_29,Myosin_18
echi17153.t1,Not_Target,Not_Target,Not_Target
echi17154.t1,Not_Target,Myosin_26,Not_Target
echi17155.t1,Not_Target,Not_Target,Myosin_43
echi17156.t1,Not_Target,Not_Target,Not_Target
echi17157.t1,Myosin_18,Myosin_43,Myosin_43
echi17159.t1,Not_Target,Not_Target,Not_Target
echi17160.t1,Myosin_5,Myosin_5,Not_Target
echi17161.t1,Not_Target,Not_Target,Not_Target
echi17162.t1,Not_Target,Not_Target,Not_Target
echi17163.t1,Not_Target,Not_Target,Not_Target
echi17164.t1,Myosin_9,Myosin_4,Myosin_37
echi17165.t1,Not_Target,Not_Target,Not_Target
echi17166.t1,Myosin_24,Myosin_3,Not_Target
echi17167.t1,Not_Target,Not_Target,Not_Target
echi17168.t1,Myosin_45,Myosin_51,Myosin_20
echi17169.t1,Not_Target,Not_Target,Not_Target
echi17170.t1,Not_Target,Myosin_19,Myosin_57
echi17171.t1,Not_Target,Myosin_19,Myosin_57
echi4778.t1,Not_Target,Not_Target,Not_Target
echi4779.t1,Myosin_15,Myosin_15,Myosin_15
echi4780.t1,Not_Target,Not_Target,Not_Target
echi4781.t1,Not_Target,Not_Target,Not_Target
echi4782.t1,Not_Target,Not_Target,Not_Target
echi4783.t1,Myosin_45,Not_Target,Not_Target
echi4784.t1,Not_Target,Not_Target,Not_Target
echi4785.t1,Not_Target,Myosin_17,Not_Target
echi4786.t1,Not_Target,Myosin_74,Not_Target
echi4787.t1,Not_Target,Not_Target,Myosin_51
echi4788.t1,Myosin_5,Not_Target,Myosin_5
echi4789.t1,Not_Target,Not_Target,Not_Target
echi4790.t1,Not_Target,Not_Target,Not_Target
echi4791.t1,Myosin_81,Myosin_7,Myosin_25
echi4792.t1,Myosin_2,Myosin_57,Not_Target
echi4793.t1,Myosin_1,Myosin_1,Myosin_40
echi4794.t1,Not_Target,Not_Target,Myosin_1
echi4795.t1,Myosin_1,Myosin_11,Not_Target
echi4796.t1,Not_Target,Not_Target,Myosin_55
echi4797.t1,Not_Target,Not_Target,Not_Target
echi4798.t1,Myosin_30,Not_Target,Myosin_3
echi4799.t1,Not_Target,Myosin_19,Not_Target
echi4800.t1,Myosin_3,Myosin_3,Myosin_3
echi4801.t1,Not_Target,Myosin_1,Myosin_5
echi4802.t1,Not_Target,Not_Target,Not_Target
echi4803.t1,Not_Target,Not_Target,Myosin_1
echi4804.t1,Not_Target,Not_Target,Not_Target
echi4805.t1,Not_Target,Myosin_6,Not_Target
echi4806.t1,Not_Target,Not_Target,Myosin_20
echi4063.t1,Not_Target,Not_Target,Not_Target
echi4064.t1,Myosin_74,Not_Target,Not_Target
echi4065.t1,Not_Target,Not_Target,Not_Target
echi4066.t1,Not_Target,Not_Target,Not_Target
echi4067.t1,Not_Target,Not_Target,Myosin_23
echi4068.t1,Not_Target,Not_Target,Not_Target
echi4069.t1,Not_Target,Not_Target,Not_Target
echi4070.t1,Not_Target,Not_Target,Not_Target
echi4071.t1,Myosin_57,Myosin_6,Not_Target
echi4072.t1,Not_Target,Not_Target,Not_Target
echi4073.t1,Not_Target,Not_Target,Not_Target
echi4074.t1,Not_Target,Not_Target,Not_Target
echi4075.t1,Not_Target,Not_Target,Not_Target
echi4076.t1,Not_Target,Not_Target,Not_Target
echi4077.t1,Myosin_18,Not_Target,Myosin_3
echi4078.t1,Not_Target,Not_Target,Not_Target
echi4079.t1,Not_Target,Myosin_3,Not_Target
echi4080.t1,Not_Target,Not_Target,Not_Target
echi4081.t1,Myosin_6,Myosin_57,Myosin_2
echi4082.t1,Not_Target,Not_Target,Not_Target
echi4083.t1,Not_Target,Not_Target,Myosin_71
echi4084.t1,Not_Target,Not_Target,Not_Target
echi4085.t1,Not_Target,Not_Target,Myosin_37
echi4086.t1,Not_Target,Not_Target,Not_Target
echi14170.t1,Myosin_11,Not_Target,Not_Target
echi14171.t1,Myosin_15,Myosin_15,Myosin_15
echi14172.t1,Not_Target,Not_Target,Not_Target
echi14173.t1,Myosin_6,Not_Target,Myosin_2
echi14174.t1,Not_Target,Not_Target,Myosin_53
echi14175.t1,Not_Target,Not_Target,Myosin_3
echi14176.t1,Not_Target,Not_Target,Not_Target
echi14177.t1,Not_Target,Not_Target,Not_Target
echi14178.t1,Myosin_26,Not_Target,Not_Target
echi14179.t1,Not_Target,Not_Target,Not_Target
echi14180.t1,Myosin_6,Not_Target,Not_Target
echi14181.t1,Not_Target,Not_Target,Not_Target
echi14182.t1,Not_Target,Not_Target,Not_Target
echi14183.t1,Not_Target,Myosin_55,Not_Target
echi14184.t1,Not_Target,Myosin_28,Not_Target
echi14185.t1,Not_Target,Not_Target,Not_Target
echi14186.t1,Not_Target,Not_Target,Not_Target
echi14187.t1,Not_Target,Not_Target,Not_Target
echi14188.t1,Not_Target,Not_Target,Not_Target
echi14189.t1,Not_Target,Not_Target,Not_Target
echi14190.t1,Myosin_45,Not_Target,Not_Target
echi14191.t1,Myosin_18,Not_Target,Myosin_3
echi14192.t1,Not_Target,Not_Target,Not_Target
echi14193.t1,Not_Target,Not_Target,Myosin_11
echi14194.t1,Not_Target,Not_Target,Not_Target
echi14195.t1,Not_Target,Myosin_74,Not_Target
echi15641.t1,Not_Target,Not_Target,Not_Target
echi15642.t1,Not_Target,Not_Target,Not_Target
echi15643.t1,Not_Target,Not_Target,Not_Target
echi15644.t1,Not_Target,Not_Target,Myosin_20
echi15645.t1,Myosin_5,Myosin_5,Myosin_57
echi15646.t1,Not_Target,Myosin_11,Myosin_8
echi15647.t1,Myosin_30,Not_Target,Myosin_20
echi15648.t1,Not_Target,Not_Target,Not_Target
echi15649.t1,Not_Target,Not_Target,Not_Target
echi15650.t1,Not_Target,Not_Target,Not_Target
echi15651.t1,Not_Target,Not_Target,Not_Target
echi15652.t1,Myosin_45,Myosin_18,Myosin_20
echi15653.t1,Myosin_1,Myosin_1,Myosin_8
echi15654.t1,Not_Target,Myosin_11,Not_Target
echi15655.t1,Myosin_45,Not_Target,Not_Target
echi15656.t1,Not_Target,Not_Target,Myosin_1
echi15657.t1,Myosin_15,Myosin_15,Myosin_15
echi15658.t1,Not_Target,Not_Target,Not_Target
echi15659.t1,Not_Target,Myosin_19,Not_Target
echi15660.t1,Myosin_45,Myosin_45,Myosin_45
echi15661.t1,Myosin_19,Myosin_37,Myosin_19
echi15662.t1,Not_Target,Myosin_57,Not_Target
echi15663.t1,Not_Target,Myosin_51,Not_Target
echi15664.t1,Myosin_23,Myosin_23,Myosin_16
echi13701.t1,Myosin_30,Not_Target,Not_Target
echi13702.t1,Myosin_45,Myosin_16,Myosin_16
echi13703.t1,Not_Target,Not_Target,Not_Target
echi13704.t1,Myosin_3,Myosin_3,Myosin_15
echi13705.t1,Not_Target,Not_Target,Not_Target
echi13706.t1,Not_Target,Not_Target,Myosin_5
echi13707.t1,Not_Target,Myosin_14,Myosin_57
echi13708.t1,Not_Target,Not_Target,Not_Target
echi13709.t1,Not_Target,Not_Target,Not_Target
echi13710.t1,Not_Target,Not_Target,Not_Target
echi13711.t1,Myosin_1,Not_Target,Myosin_53
echi13712.t1,Not_Target,Not_Target,Not_Target
echi13713.t1,Not_Target,Not_Target,Not_Target
echi13715.t1,Myosin_30,Not_Target,Not_Target
echi13716.t1,Not_Target,Not_Target,Not_Target
echi13717.t1,Myosin_3,Not_Target,Myosin_57
echi13718.t1,Myosin_36,Myosin_36,Myosin_17
echi13719.t1,Not_Target,Not_Target,Not_Target
echi13720.t1,Not_Target,Not_Target,Myosin_36
echi13721.t1,Not_Target,Not_Target,Not_Target
echi13722.t1,Not_Target,Not_Target,Myosin_36
echi13723.t1,Not_Target,Not_Target,Not_Target
echi3776.t1,Not_Target,Myosin_5,Not_Target
echi3777.t1,Myosin_15,Myosin_15,Myosin_15
echi3778.t1,Not_Target,Not_Target,Myosin_1
echi3779.t1,Myosin_18,Not_Target,Myosin_24
echi3780.t1,Not_Target,Not_Target,Not_Target
echi3781.t1,Myosin_18,Myosin_18,Myosin_42
echi3782.t1,Not_Target,Not_Target,Not_Target
echi3783.t1,Myosin_30,Myosin_30,Myosin_6
echi3784.t1,Not_Target,Myosin_22,Not_Target
echi3785.t1,Not_Target,Not_Target,Not_Target
echi3786.t1,Not_Target,Not_Target,Myosin_43
echi3787.t1,Not_Target,Not_Target,Not_Target
echi3788.t1,Not_Target,Not_Target,Not_Target
echi3789.t1,Not_Target,Not_Target,Not_Target
echi3790.t1,Not_Target,Myosin_2,Not_Target
echi3791.t1,Not_Target,Not_Target,Not_Target
echi3792.t1,Myosin_18,Myosin_18,Myosin_18
echi3793.t1,Not_Target,Not_Target,Myosin_4
echi3794.t1,Not_Target,Not_Target,Not_Target
echi3795.t1,Not_Target,Not_Target,Not_Target
echi3796.t1,Not_Target,Not_Target,Not_Target
echi3797.t1,Not_Target,Not_Target,Not_Target
echi3798.t1,Myosin_45,Not_Target,Myosin_24
echi3799.t1,Myosin_9,Myosin_9,Myosin_5
echi3800.t1,Not_Target,Not_Target,Not_Target
echi3801.t1,Not_Target,Not_Target,Myosin_1
echi12623.t1,Myosin_42,Myosin_1,Not_Target
echi12624.t1,Not_Target,Not_Target,Not_Target
echi12625.t1,Not_Target,Not_Target,Not_Target
echi12626.t1,Not_Target,Not_Target,Not_Target
echi12627.t1,Not_Target,Not_Target,Not_Target
echi12628.t1,Myosin_22,Myosin_22,Myosin_22
echi12629.t1,Not_Target,Not_Target,Not_Target
echi12630.t1,Myosin_5,Not_Target,Myosin_45
echi12631.t1,Myosin_42,Not_Target,Not_Target
echi12632.t1,Not_Target,Not_Target,Not_Target
echi12633.t1,Myosin_42,Myosin_1,Not_Target
echi12634.t1,Not_Target,Not_Target,Not_Target
echi12635.t1,Not_Target,Not_Target,Myosin_24
echi12636.t1,Not_Target,Not_Target,Not_Target
echi12637.t1,Not_Target,Not_Target,Not_Target
echi12638.t1,Not_Target,Not_Target,Not_Target
echi12639.t1,Not_Target,Not_Target,Not_Target
echi12640.t1,Not_Target,Not_Target,Not_Target
echi12641.t1,Myosin_42,Not_Target,Not_Target
echi12642.t1,Not_Target,Not_Target,Myosin_17
echi12643.t1,Myosin_49,Not_Target,Not_Target
echi12644.t1,Not_Target,Not_Target,Myosin_3
echi12645.t1,Not_Target,Myosin_26,Not_Target
echi12646.t1,Myosin_30,Myosin_30,Myosin_27
echi12647.t1,Not_Target,Not_Target,Myosin_51
echi12648.t1,Myosin_57,Not_Target,Not_Target
echi12649.t1,Not_Target,Not_Target,Not_Target
echi12650.t1,Not_Target,Not_Target,Not_Target
echi12651.t1,Not_Target,Not_Target,Not_Target
echi12652.t1,Myosin_37,Not_Target,Not_Target
echi12653.t1,Not_Target,Not_Target,Not_Target
echi12654.t1,Not_Target,Not_Target,Not_Target
echi12655.t1,Not_Target,Not_Target,Not_Target
echi12656.t1,Not_Target,Not_Target,Not_Target
echi12657.t1,Myosin_4,Myosin_4,Myosin_1
echi12658.t1,Not_Target,Not_Target,Not_Target
echi12659.t1,Myosin_30,Not_Target,Myosin_28
echi12660.t1,Not_Target,Myosin_57,Not_Target
echi16891.t1,Not_Target,Not_Target,Not_Target
echi16892.t1,Myosin_19,Myosin_19,Not_Target
echi16893.t1,Not_Target,Myosin_18,Not_Target
echi16894.t1,Not_Target,Not_Target,Not_Target
echi16895.t1,Not_Target,Not_Target,Not_Target
echi16896.t1,Not_Target,Not_Target,Myosin_20
echi16897.t1,Not_Target,Not_Target,Not_Target
echi16898.t1,Not_Target,Not_Target,Not_Target
echi16899.t1,Myosin_45,Myosin_44,Myosin_45
echi16900.t1,Not_Target,Not_Target,Not_Target
echi16901.t1,Not_Target,Not_Target,Not_Target
echi16902.t1,Not_Target,Not_Target,Not_Target
echi16903.t1,Myosin_23,Myosin_17,Myosin_26
echi16904.t1,Myosin_26,Not_Target,Not_Target
echi16905.t1,Myosin_80,Myosin_74,Not_Target
echi16906.t1,Not_Target,Not_Target,Not_Target
echi16907.t1,Not_Target,Not_Target,Not_Target
echi16908.t1,Not_Target,Not_Target,Not_Target
echi16909.t1,Not_Target,Not_Target,Not_Target
echi16910.t1,Not_Target,Myosin_1,Myosin_8
echi16911.t1,Myosin_45,Not_Target,Myosin_20
echi16912.t1,Not_Target,Not_Target,Myosin_28
echi16913.t1,Not_Target,Not_Target,Not_Target
echi16914.t1,Not_Target,Not_Target,Not_Target
echi16915.t1,Not_Target,Not_Target,Myosin_20
echi16916.t1,Not_Target,Not_Target,Not_Target
echi16917.t1,Not_Target,Myosin_80,Not_Target
echi16918.t1,Not_Target,Myosin_57,Myosin_36
echi16919.t1,Not_Target,Not_Target,Not_Target
echi16920.t1,Myosin_27,Not_Target,Not_Target
echi16921.t1,Not_Target,Not_Target,Not_Target
echi16922.t1,Not_Target,Not_Target,Not_Target
echi16923.t1,Myosin_18,Not_Target,Myosin_64
echi16924.t1,Not_Target,Not_Target,Not_Target
echi17928.t1,Not_Target,Not_Target,Not_Target
echi17929.t1,Not_Target,Myosin_27,Not_Target
echi17930.t1,Myosin_19,Not_Target,Myosin_6
echi17931.t1,Myosin_1,Not_Target,Myosin_1
echi17932.t1,Myosin_1,Not_Target,Myosin_1
echi17933.t1,Not_Target,Myosin_26,Not_Target
echi17934.t1,Myosin_45,Not_Target,Not_Target
echi17935.t1,Not_Target,Not_Target,Not_Target
echi17936.t1,Not_Target,Not_Target,Myosin_24
echi17937.t1,Myosin_73,Myosin_73,Myosin_66
echi17938.t1,Myosin_6,Not_Target,Myosin_57
echi17939.t1,Not_Target,Not_Target,Myosin_24
echi17940.t1,Not_Target,Not_Target,Not_Target
echi17941.t1,Not_Target,Not_Target,Not_Target
echi17942.t1,Not_Target,Not_Target,Not_Target
echi17943.t1,Myosin_19,Myosin_19,Myosin_2
echi17944.t1,Not_Target,Myosin_8,Myosin_18
echi17945.t1,Not_Target,Not_Target,Not_Target
echi17946.t1,Myosin_36,Myosin_17,Myosin_36
echi17947.t1,Not_Target,Not_Target,Not_Target
echi17723.t1,Not_Target,Not_Target,Not_Target
echi17724.t1,Not_Target,Myosin_57,Not_Target
echi17725.t1,Not_Target,Not_Target,Myosin_16
echi17726.t1,Myosin_17,Not_Target,Myosin_23
echi17727.t1,Not_Target,Not_Target,Not_Target
echi17728.t1,Not_Target,Not_Target,Not_Target
echi17729.t1,Myosin_17,Not_Target,Myosin_4
echi17730.t1,Not_Target,Not_Target,Myosin_19
echi17731.t1,Not_Target,Not_Target,Myosin_5
echi17732.t1,Myosin_19,Not_Target,Myosin_72
echi17733.t1,Not_Target,Not_Target,Not_Target
echi17734.t1,Not_Target,Not_Target,Not_Target
echi17735.t1,Not_Target,Not_Target,Not_Target
echi17736.t1,Myosin_17,Not_Target,Not_Target
echi17737.t1,Not_Target,Not_Target,Not_Target
echi17738.t1,Not_Target,Not_Target,Not_Target
echi17739.t1,Not_Target,Not_Target,Not_Target
echi17740.t1,Not_Target,Not_Target,Not_Target
echi17741.t1,Not_Target,Myosin_16,Not_Target
echi17742.t1,Not_Target,Not_Target,Not_Target
echi17743.t1,Not_Target,Not_Target,Not_Target
echi17744.t1,Not_Target,Myosin_43,Not_Target
echi17745.t1,Not_Target,Not_Target,Not_Target
echi17746.t1,Not_Target,Not_Target,Not_Target
echi17747.t1,Not_Target,Not_Target,Myosin_81
echi17748.t1,Myosin_37,Not_Target,Myosin_20
echi17749.t1,Myosin_1,Myosin_1,Myosin_37
echi17750.t1,Not_Target,Not_Target,Not_Target
echi17751.t1,Not_Target,Not_Target,Myosin_5
echi10773.t1,Not_Target,Not_Target,Not_Target
echi10774.t1,Not_Target,Not_Target,Not_Target
echi10775.t1,Not_Target,Myosin_4,Not_Target
echi10776.t1,Not_Target,Not_Target,Not_Target
echi10777.t1,Not_Target,Myosin_1,Not_Target
echi10778.t1,Myosin_18,Not_Target,Not_Target
echi10779.t1,Not_Target,Myosin_1,Not_Target
echi10780.t1,Not_Target,Not_Target,Not_Target
echi10781.t1,Not_Target,Not_Target,Not_Target
echi10782.t1,Myosin_57,Not_Target,Not_Target
echi10783.t1,Not_Target,Not_Target,Not_Target
echi10784.t1,Myosin_17,Myosin_17,Not_Target
echi10785.t1,Myosin_3,Not_Target,Not_Target
echi10786.t1,Not_Target,Myosin_5,Not_Target
echi10787.t1,Myosin_45,Myosin_16,Not_Target
echi10788.t1,Not_Target,Not_Target,Not_Target
echi10789.t1,Not_Target,Not_Target,Not_Target
echi10790.t1,Not_Target,Myosin_19,Not_Target
echi10791.t1,Not_Target,Not_Target,Myosin_19
echi10792.t1,Not_Target,Not_Target,Not_Target
echi10793.t1,Not_Target,Not_Target,Myosin_8
echi10794.t1,Not_Target,Myosin_10,Not_Target
echi10795.t1,Not_Target,Not_Target,Not_Target
echi10796.t1,Not_Target,Not_Target,Not_Target
echi10797.t1,Not_Target,Not_Target,Not_Target
echi10798.t1,Not_Target,Not_Target,Myosin_5
echi2026.t1,Not_Target,Not_Target,Not_Target
echi2027.t1,Myosin_45,Myosin_18,Myosin_5
echi2028.t1,Not_Target,Myosin_5,Not_Target
echi2029.t1,Myosin_45,Myosin_11,Myosin_24
echi2030.t1,Myosin_3,Myosin_3,Not_Target
echi2031.t1,Myosin_15,Not_Target,Not_Target
echi2032.t1,Not_Target,Not_Target,Not_Target
echi2033.t1,Not_Target,Not_Target,Not_Target
echi2034.t1,Not_Target,Not_Target,Not_Target
echi2035.t1,Not_Target,Not_Target,Not_Target
echi2036.t1,Not_Target,Not_Target,Not_Target
echi2037.t1,Not_Target,Not_Target,Not_Target
echi2038.t1,Not_Target,Not_Target,Myosin_23
echi2039.t1,Not_Target,Myosin_19,Not_Target
echi2040.t1,Not_Target,Not_Target,Not_Target
echi2041.t1,Not_Target,Not_Target,Not_Target
echi2042.t1,Not_Target,Not_Target,Not_Target
echi2043.t1,Not_Target,Not_Target,Myosin_20
echi2044.t1,Not_Target,Not_Target,Not_Target
echi2045.t1,Not_Target,Not_Target,Not_Target
echi2046.t1,Not_Target,Not_Target,Not_Target
echi2047.t1,Not_Target,Not_Target,Not_Target
echi2048.t1,Not_Target,Myosin_10,Not_Target
echi2049.t1,Myosin_16,Not_Target,Not_Target
echi2050.t1,Not_Target,Not_Target,Not_Target
echi2051.t1,Not_Target,Myosin_4,Not_Target
echi2052.t1,Not_Target,Myosin_73,Not_Target
echi2053.t1,Myosin_9,Myosin_6,Myosin_5
echi2054.t1,Myosin_45,Myosin_18,Myosin_10
echi14441.t1,Myosin_17,Not_Target,Myosin_40
echi14442.t1,Not_Target,Not_Target,Myosin_36
echi14443.t1,Myosin_57,Not_Target,Myosin_11
echi14444.t1,Not_Target,Not_Target,Not_Target
echi14445.t1,Not_Target,Not_Target,Not_Target
echi14446.t1,Not_Target,Myosin_6,Not_Target
echi14447.t1,Myosin_6,Not_Target,Not_Target
echi14448.t1,Not_Target,Not_Target,Not_Target
echi14449.t1,Myosin_37,Not_Target,Not_Target
echi14450.t1,Not_Target,Not_Target,Not_Target
echi14451.t1,Not_Target,Not_Target,Not_Target
echi14452.t1,Not_Target,Myosin_17,Not_Target
echi14453.t1,Not_Target,Not_Target,Not_Target
echi14454.t1,Not_Target,Not_Target,Not_Target
echi14455.t1,Not_Target,Not_Target,Not_Target
echi14456.t1,Myosin_9,Myosin_1,Myosin_19
echi14457.t1,Not_Target,Myosin_6,Myosin_5
echi14458.t1,Not_Target,Not_Target,Not_Target
echi14459.t1,Myosin_57,Not_Target,Not_Target
echi14460.t1,Not_Target,Not_Target,Not_Target
echi14461.t1,Myosin_1,Myosin_1,Not_Target
echi14462.t1,Myosin_30,Myosin_30,Not_Target
echi14463.t1,Not_Target,Not_Target,Myosin_2
echi14464.t1,Not_Target,Not_Target,Not_Target
echi14465.t1,Not_Target,Not_Target,Not_Target
echi14466.t1,Not_Target,Not_Target,Not_Target
echi14467.t1,Not_Target,Myosin_16,Not_Target
echi14468.t1,Not_Target,Not_Target,Myosin_25
echi14469.t1,Not_Target,Not_Target,Not_Target
echi13594.t1,Myosin_17,Not_Target,Myosin_3
echi13595.t1,Not_Target,Myosin_80,Not_Target
echi13596.t1,Myosin_19,Not_Target,Not_Target
echi13597.t1,Not_Target,Myosin_5,Not_Target
echi13598.t1,Not_Target,Not_Target,Not_Target
echi13599.t1,Myosin_45,Not_Target,Myosin_11
echi13600.t1,Not_Target,Not_Target,Not_Target
echi13601.t1,Not_Target,Not_Target,Not_Target
echi13602.t1,Not_Target,Not_Target,Not_Target
echi13603.t1,Not_Target,Not_Target,Not_Target
echi13604.t1,Myosin_17,Not_Target,Myosin_23
echi13605.t1,Not_Target,Myosin_16,Not_Target
echi13606.t1,Myosin_45,Not_Target,Myosin_18
echi13607.t1,Not_Target,Not_Target,Not_Target
echi13608.t1,Not_Target,Myosin_28,Not_Target
echi13609.t1,Not_Target,Not_Target,Not_Target
echi13610.t1,Myosin_26,Myosin_26,Not_Target
echi13611.t1,Not_Target,Not_Target,Not_Target
echi13612.t1,Myosin_22,Myosin_22,Not_Target
echi13613.t1,Not_Target,Not_Target,Not_Target
echi13614.t1,Not_Target,Not_Target,Not_Target
echi13615.t1,Myosin_1,Not_Target,Not_Target
echi15287.t1,Myosin_45,Not_Target,Myosin_31
echi15288.t1,Not_Target,Not_Target,Not_Target
echi15289.t1,Not_Target,Not_Target,Not_Target
echi15290.t1,Myosin_8,Myosin_8,Not_Target
echi15291.t1,Not_Target,Not_Target,Not_Target
echi15292.t1,Not_Target,Not_Target,Not_Target
echi15293.t1,Not_Target,Not_Target,Not_Target
echi15294.t1,Not_Target,Not_Target,Not_Target
echi15295.t1,Not_Target,Not_Target,Not_Target
echi15296.t1,Not_Target,Not_Target,Myosin_3
echi15297.t1,Myosin_1,Not_Target,Not_Target
echi15298.t1,Not_Target,Not_Target,Myosin_36
echi15299.t1,Not_Target,Not_Target,Not_Target
echi15300.t1,Not_Target,Not_Target,Not_Target
echi15301.t1,Not_Target,Myosin_19,Not_Target
echi15302.t1,Myosin_45,Myosin_16,Not_Target
echi15303.t1,Not_Target,Not_Target,Not_Target
echi15304.t1,Not_Target,Not_Target,Not_Target
echi15305.t1,Not_Target,Not_Target,Not_Target
echi15306.t1,Not_Target,Not_Target,Myosin_17
echi15307.t1,Myosin_18,Myosin_16,Myosin_18
echi15308.t1,Not_Target,Not_Target,Not_Target
echi15309.t1,Not_Target,Not_Target,Not_Target
echi15310.t1,Not_Target,Not_Target,Not_Target
echi15311.t1,Not_Target,Not_Target,Not_Target
echi15312.t1,Not_Target,Not_Target,Not_Target
echi15313.t1,Not_Target,Not_Target,Not_Target
echi15314.t1,Myosin_15,Myosin_15,Myosin_15
echi15315.t1,Not_Target,Not_Target,Myosin_2
echi7576.t1,Not_Target,Not_Target,Not_Target
echi7577.t1,Not_Target,Not_Target,Not_Target
echi7578.t1,Not_Target,Not_Target,Not_Target
echi7579.t1,Not_Target,Not_Target,Myosin_49
echi7580.t1,Not_Target,Not_Target,Myosin_57
echi7581.t1,Myosin_24,Myosin_26,Not_Target
echi7582.t1,Not_Target,Not_Target,Not_Target
echi7583.t1,Not_Target,Myosin_6,Not_Target
echi7584.t1,Not_Target,Not_Target,Not_Target
echi7585.t1,Not_Target,Not_Target,Not_Target
echi7586.t1,Not_Target,Not_Target,Not_Target
echi7587.t1,Myosin_17,Not_Target,Myosin_17
echi7588.t1,Myosin_71,Not_Target,Myosin_71
echi7589.t1,Not_Target,Not_Target,Not_Target
echi7590.t1,Not_Target,Not_Target,Not_Target
echi7591.t1,Myosin_22,Myosin_22,Myosin_43
echi7592.t1,Myosin_15,Myosin_15,Myosin_22
echi7593.t1,Not_Target,Myosin_3,Not_Target
echi7594.t1,Myosin_37,Not_Target,Myosin_24
echi7595.t1,Not_Target,Not_Target,Not_Target
echi7596.t1,Not_Target,Not_Target,Myosin_2
echi7597.t1,Not_Target,Myosin_16,Myosin_20
echi7598.t1,Not_Target,Not_Target,Not_Target
echi7599.t1,Myosin_31,Not_Target,Not_Target
echi10404.t1,Myosin_45,Not_Target,Not_Target
echi10405.t1,Myosin_37,Myosin_5,Myosin_36
echi10406.t1,Not_Target,Not_Target,Not_Target
echi10407.t1,Not_Target,Not_Target,Not_Target
echi10408.t1,Not_Target,Not_Target,Not_Target
echi10409.t1,Not_Target,Not_Target,Myosin_81
echi10410.t1,Not_Target,Not_Target,Not_Target
echi10411.t1,Myosin_22,Myosin_22,Myosin_17
echi10412.t1,Myosin_18,Myosin_18,Myosin_3
echi10413.t1,Myosin_45,Not_Target,Myosin_18
echi10414.t1,Not_Target,Not_Target,Not_Target
echi10415.t1,Not_Target,Not_Target,Not_Target
echi10416.t1,Myosin_9,Myosin_9,Myosin_65
echi10417.t1,Not_Target,Not_Target,Not_Target
echi10418.t1,Myosin_3,Not_Target,Myosin_1
echi10419.t1,Myosin_15,Myosin_15,Myosin_5
echi10420.t1,Myosin_2,Not_Target,Myosin_2
echi10421.t1,Myosin_17,Myosin_7,Myosin_17
echi12272.t1,Not_Target,Not_Target,Not_Target
echi12273.t1,Myosin_24,Not_Target,Not_Target
echi12274.t1,Not_Target,Not_Target,Not_Target
echi12275.t1,Not_Target,Not_Target,Not_Target
echi12276.t1,Not_Target,Not_Target,Not_Target
echi12277.t1,Not_Target,Not_Target,Not_Target
echi12278.t1,Not_Target,Not_Target,Not_Target
echi12279.t1,Myosin_45,Myosin_28,Not_Target
echi12280.t1,Myosin_1,Not_Target,Not_Target
echi12281.t1,Not_Target,Not_Target,Not_Target
echi12282.t1,Not_Target,Not_Target,Not_Target
echi12283.t1,Not_Target,Not_Target,Not_Target
echi12284.t1,Not_Target,Not_Target,Not_Target
echi12285.t1,Not_Target,Myosin_50,Not_Target
echi12286.t1,Not_Target,Not_Target,Not_Target
echi12287.t1,Not_Target,Not_Target,Myosin_2
echi12288.t1,Not_Target,Myosin_17,Myosin_24
echi12289.t1,Myosin_17,Myosin_1,Myosin_49
echi12290.t1,Not_Target,Myosin_74,Myosin_3
echi12291.t1,Not_Target,Myosin_6,Not_Target
echi12292.t1,Not_Target,Not_Target,Not_Target
echi12293.t1,Not_Target,Not_Target,Not_Target
echi12294.t1,Not_Target,Not_Target,Not_Target
echi12295.t1,Not_Target,Not_Target,Not_Target
echi12296.t1,Not_Target,Not_Target,Not_Target
echi12297.t1,Not_Target,Myosin_28,Not_Target
echi12298.t1,Myosin_19,Not_Target,Myosin_71
echi12299.t1,Not_Target,Not_Target,Not_Target
echi12300.t1,Not_Target,Not_Target,Not_Target
echi12301.t1,Not_Target,Myosin_25,Not_Target
echi12302.t1,Myosin_5,Myosin_5,Myosin_18
echi12303.t1,Not_Target,Not_Target,Not_Target
echi12304.t1,Not_Target,Myosin_1,Not_Target
echi12305.t1,Myosin_5,Myosin_5,Myosin_18
echi12306.t1,Not_Target,Not_Target,Not_Target
echi15740.t1,Myosin_20,Myosin_18,Not_Target
echi15741.t1,Myosin_1,Myosin_1,Myosin_4
echi15742.t1,Not_Target,Myosin_38,Not_Target
echi15743.t1,Not_Target,Not_Target,Not_Target
echi15744.t1,Not_Target,Not_Target,Not_Target
echi15745.t1,Myosin_16,Not_Target,Not_Target
echi15746.t1,Myosin_3,Myosin_9,Myosin_3
echi15747.t1,Not_Target,Not_Target,Myosin_23
echi15748.t1,Not_Target,Not_Target,Not_Target
echi15749.t1,Not_Target,Not_Target,Not_Target
echi15750.t1,Not_Target,Not_Target,Not_Target
echi15751.t1,Not_Target,Not_Target,Not_Target
echi15752.t1,Not_Target,Not_Target,Not_Target
echi15753.t1,Not_Target,Not_Target,Not_Target
echi15754.t1,Not_Target,Not_Target,Not_Target
echi15755.t1,Not_Target,Not_Target,Not_Target
echi15756.t1,Not_Target,Not_Target,Not_Target
echi15757.t1,Myosin_17,Myosin_17,Myosin_3
echi15758.t1,Myosin_18,Myosin_18,Myosin_18
echi15759.t1,Not_Target,Not_Target,Not_Target
echi15760.t1,Not_Target,Not_Target,Not_Target
echi15761.t1,Not_Target,Not_Target,Not_Target
echi15762.t1,Not_Target,Myosin_18,Myosin_8
echi15763.t1,Not_Target,Myosin_19,Not_Target
echi15764.t1,Not_Target,Not_Target,Not_Target
echi15765.t1,Not_Target,Not_Target,Not_Target
echi15766.t1,Myosin_31,Not_Target,Not_Target
echi15767.t1,Myosin_2,Myosin_2,Myosin_2
echi15768.t1,Myosin_18,Myosin_18,Not_Target
echi15769.t1,Not_Target,Not_Target,Not_Target
echi15770.t1,Not_Target,Not_Target,Not_Target
echi15771.t1,Not_Target,Myosin_57,Not_Target
echi15772.t1,Myosin_3,Myosin_3,Not_Target
echi9179.t1,Not_Target,Myosin_1,Not_Target
echi9180.t1,Not_Target,Not_Target,Not_Target
echi9181.t1,Not_Target,Not_Target,Not_Target
echi9182.t1,Not_Target,Not_Target,Not_Target
echi9183.t1,Myosin_1,Myosin_1,Myosin_1
echi9184.t1,Myosin_30,Not_Target,Myosin_19
echi9185.t1,Myosin_16,Not_Target,Myosin_1
echi9186.t1,Myosin_18,Not_Target,Not_Target
echi9187.t1,Not_Target,Not_Target,Myosin_28
echi9188.t1,Myosin_18,Myosin_18,Myosin_45
echi9189.t1,Not_Target,Not_Target,Not_Target
echi9190.t1,Myosin_57,Not_Target,Myosin_5
echi9191.t1,Not_Target,Myosin_5,Not_Target
echi9192.t1,Myosin_18,Myosin_6,Myosin_3
echi9193.t1,Not_Target,Not_Target,Myosin_26
echi9194.t1,Myosin_18,Not_Target,Myosin_8
echi9195.t1,Not_Target,Not_Target,Not_Target
echi9196.t1,Not_Target,Myosin_19,Not_Target
echi9197.t1,Not_Target,Not_Target,Not_Target
echi9198.t1,Myosin_44,Myosin_5,Not_Target
echi9199.t1,Myosin_1,Myosin_1,Not_Target
echi9200.t1,Myosin_25,Myosin_25,Myosin_57
echi9201.t1,Myosin_18,Myosin_3,Myosin_18
echi9202.t1,Not_Target,Not_Target,Not_Target
echi9203.t1,Myosin_5,Myosin_5,Not_Target
echi9204.t1,Not_Target,Not_Target,Not_Target
echi9205.t1,Not_Target,Not_Target,Not_Target
echi9206.t1,Not_Target,Not_Target,Not_Target
echi9207.t1,Myosin_5,Not_Target,Myosin_16
echi16769.t1,Not_Target,Not_Target,Not_Target
echi16770.t1,Not_Target,Not_Target,Not_Target
echi16771.t1,Myosin_2,Myosin_51,Myosin_2
echi16772.t1,Not_Target,Not_Target,Not_Target
echi16773.t1,Myosin_17,Not_Target,Myosin_31
echi16774.t1,Not_Target,Not_Target,Myosin_47
echi16775.t1,Not_Target,Not_Target,Myosin_8
echi16776.t1,Not_Target,Not_Target,Not_Target
echi16777.t1,Myosin_17,Myosin_5,Myosin_22
echi16778.t1,Not_Target,Myosin_27,Not_Target
echi16779.t1,Not_Target,Not_Target,Not_Target
echi16780.t1,Not_Target,Not_Target,Not_Target
echi16781.t1,Not_Target,Not_Target,Not_Target
echi16782.t1,Not_Target,Not_Target,Myosin_5
echi16783.t1,Not_Target,Not_Target,Not_Target
echi16784.t1,Not_Target,Not_Target,Not_Target
echi16785.t1,Myosin_17,Myosin_3,Myosin_3
echi16786.t1,Not_Target,Not_Target,Myosin_20
echi16787.t1,Myosin_19,Myosin_19,Myosin_57
echi16788.t1,Myosin_2,Not_Target,Not_Target
echi16789.t1,Not_Target,Not_Target,Myosin_20
echi16790.t1,Myosin_2,Not_Target,Not_Target
echi16791.t1,Not_Target,Not_Target,Not_Target
echi16792.t1,Myosin_1,Myosin_17,Myosin_49
echi16793.t1,Myosin_6,Not_Target,Myosin_42
echi16794.t1,Myosin_45,Myosin_45,Myosin_27
echi16795.t1,Not_Target,Not_Target,Not_Target
echi11318.t1,Not_Target,Not_Target,Not_Target
echi11319.t1,Not_Target,Not_Target,Myosin_3
echi11320.t1,Not_Target,Not_Target,Not_Target
echi11321.t1,Not_Target,Myosin_1,Not_Target
echi11322.t1,Not_Target,Not_Target,Not_Target
echi11323.t1,Not_Target,Not_Target,Not_Target
echi11324.t1,Not_Target,Not_Target,Myosin_20
echi11325.t1,Not_Target,Myosin_18,Not_Target
echi11326.t1,Not_Target,Not_Target,Not_Target
echi11327.t1,Not_Target,Not_Target,Not_Target
echi11328.t1,Not_Target,Not_Target,Not_Target
echi11329.t1,Not_Target,Not_Target,Not_Target
echi11330.t1,Not_Target,Myosin_19,Not_Target
echi11331.t1,Myosin_36,Myosin_5,Myosin_2
echi11332.t1,Myosin_45,Not_Target,Not_Target
echi11333.t1,Not_Target,Not_Target,Not_Target
echi11334.t1,Not_Target,Not_Target,Not_Target
echi11335.t1,Not_Target,Not_Target,Not_Target
echi11336.t1,Not_Target,Not_Target,Not_Target
echi11337.t1,Not_Target,Not_Target,Myosin_8
echi11338.t1,Not_Target,Not_Target,Myosin_2
echi11339.t1,Not_Target,Not_Target,Not_Target
echi11340.t1,Myosin_4,Myosin_81,Myosin_4
echi11341.t1,Not_Target,Not_Target,Not_Target
echi11342.t1,Not_Target,Not_Target,Not_Target
echi11343.t1,Not_Target,Not_Target,Not_Target
echi11344.t1,Myosin_81,Myosin_19,Myosin_57
echi10585.t1,Myosin_3,Not_Target,Myosin_1
echi10586.t1,Myosin_20,Not_Target,Myosin_3
echi10587.t1,Myosin_45,Myosin_18,Myosin_5
echi10588.t1,Not_Target,Myosin_17,Myosin_17
echi10589.t1,Myosin_45,Not_Target,Not_Target
echi10590.t1,Myosin_30,Not_Target,Myosin_3
echi10591.t1,Not_Target,Not_Target,Not_Target
echi10592.t1,Not_Target,Not_Target,Not_Target
echi10593.t1,Not_Target,Not_Target,Not_Target
echi10594.t1,Myosin_45,Myosin_26,Not_Target
echi10595.t1,Not_Target,Not_Target,Not_Target
echi10596.t1,Not_Target,Not_Target,Not_Target
echi10597.t1,Not_Target,Myosin_26,Not_Target
echi10598.t1,Not_Target,Not_Target,Not_Target
echi10599.t1,Not_Target,Not_Target,Myosin_3
echi10600.t1,Not_Target,Not_Target,Not_Target
echi10601.t1,Myosin_17,Myosin_17,Myosin_33
echi10602.t1,Not_Target,Not_Target,Not_Target
echi10603.t1,Not_Target,Not_Target,Not_Target
echi10604.t1,Not_Target,Not_Target,Not_Target
echi10605.t1,Not_Target,Not_Target,Not_Target
echi10606.t1,Not_Target,Not_Target,Not_Target
echi10607.t1,Not_Target,Not_Target,Not_Target
echi10608.t1,Myosin_36,Myosin_17,Myosin_36
echi10609.t1,Not_Target,Not_Target,Not_Target
echi10611.t1,Not_Target,Not_Target,Not_Target
echi16643.t1,Myosin_6,Myosin_1,Myosin_1
echi16644.t1,Not_Target,Not_Target,Myosin_2
echi16645.t1,Not_Target,Not_Target,Not_Target
echi16646.t1,Myosin_45,Myosin_45,Myosin_45
echi16647.t1,Not_Target,Not_Target,Not_Target
echi16648.t1,Myosin_31,Myosin_26,Myosin_26
echi16649.t1,Not_Target,Not_Target,Not_Target
echi16650.t1,Myosin_18,Myosin_18,Myosin_2
echi16651.t1,Not_Target,Not_Target,Not_Target
echi16652.t1,Not_Target,Myosin_5,Not_Target
echi16653.t1,Not_Target,Not_Target,Not_Target
echi16654.t1,Not_Target,Not_Target,Not_Target
echi16655.t1,Not_Target,Not_Target,Not_Target
echi16656.t1,Not_Target,Not_Target,Not_Target
echi16657.t1,Not_Target,Not_Target,Not_Target
echi16658.t1,Not_Target,Myosin_28,Not_Target
echi16659.t1,Myosin_1,Myosin_1,Myosin_6
echi16660.t1,Not_Target,Not_Target,Not_Target
echi16661.t1,Not_Target,Not_Target,Not_Target
echi16662.t1,Not_Target,Myosin_5,Myosin_8
echi16663.t1,Not_Target,Not_Target,Not_Target
echi9732.t1,Not_Target,Not_Target,Not_Target
echi9733.t1,Myosin_17,Myosin_44,Myosin_15
echi9734.t1,Not_Target,Not_Target,Not_Target
echi9735.t1,Myosin_30,Not_Target,Not_Target
echi9736.t1,Not_Target,Not_Target,Not_Target
echi9737.t1,Myosin_15,Not_Target,Myosin_4
echi9738.t1,Not_Target,Not_Target,Not_Target
echi9739.t1,Not_Target,Not_Target,Myosin_43
echi9740.t1,Not_Target,Not_Target,Not_Target
echi9741.t1,Myosin_17,Myosin_17,Not_Target
echi9742.t1,Not_Target,Not_Target,Myosin_3
echi9743.t1,Myosin_37,Myosin_11,Myosin_43
echi9744.t1,Not_Target,Myosin_19,Not_Target
echi9745.t1,Not_Target,Myosin_26,Not_Target
echi9746.t1,Not_Target,Not_Target,Not_Target
echi9747.t1,Not_Target,Myosin_1,Not_Target
echi9748.t1,Not_Target,Myosin_5,Not_Target
echi9749.t1,Not_Target,Not_Target,Not_Target
echi9750.t1,Not_Target,Not_Target,Not_Target
echi9751.t1,Myosin_45,Not_Target,Not_Target
echi9752.t1,Not_Target,Not_Target,Not_Target
echi9753.t1,Not_Target,Not_Target,Not_Target
echi9754.t1,Not_Target,Not_Target,Myosin_57
echi9755.t1,Myosin_18,Not_Target,Not_Target
echi9756.t1,Not_Target,Myosin_17,Myosin_8
echi10195.t1,Myosin_15,Not_Target,Not_Target
echi10196.t1,Not_Target,Not_Target,Not_Target
echi10197.t1,Myosin_45,Myosin_45,Not_Target
echi10198.t1,Myosin_18,Myosin_18,Not_Target
echi10199.t1,Not_Target,Not_Target,Not_Target
echi10200.t1,Not_Target,Not_Target,Not_Target
echi10201.t1,Not_Target,Myosin_11,Not_Target
echi10202.t1,Not_Target,Not_Target,Not_Target
echi10203.t1,Myosin_45,Myosin_64,Myosin_18
echi10204.t1,Not_Target,Myosin_57,Not_Target
echi10205.t1,Not_Target,Not_Target,Not_Target
echi10206.t1,Not_Target,Not_Target,Not_Target
echi10207.t1,Not_Target,Not_Target,Not_Target
echi10208.t1,Not_Target,Not_Target,Not_Target
echi10209.t1,Myosin_2,Not_Target,Not_Target
echi10210.t1,Not_Target,Myosin_1,Not_Target
echi10211.t1,Myosin_51,Not_Target,Myosin_36
echi10212.t1,Myosin_1,Myosin_1,Not_Target
echi10213.t1,Myosin_45,Not_Target,Myosin_11
echi10214.t1,Not_Target,Not_Target,Not_Target
echi10215.t1,Not_Target,Not_Target,Not_Target
echi10216.t1,Myosin_71,Myosin_51,Not_Target
echi10217.t1,Not_Target,Myosin_24,Not_Target
echi8466.t1,Not_Target,Not_Target,Not_Target
echi8467.t1,Not_Target,Myosin_1,Not_Target
echi8468.t1,Not_Target,Not_Target,Myosin_1
echi8469.t1,Not_Target,Myosin_19,Not_Target
echi8470.t1,Not_Target,Not_Target,Not_Target
echi8471.t1,Myosin_31,Myosin_16,Myosin_6
echi8472.t1,Myosin_18,Not_Target,Myosin_2
echi8473.t1,Not_Target,Not_Target,Not_Target
echi8474.t1,Not_Target,Not_Target,Not_Target
echi8475.t1,Not_Target,Myosin_26,Myosin_36
echi8476.t1,Not_Target,Myosin_19,Myosin_81
echi8477.t1,Not_Target,Not_Target,Myosin_51
echi8478.t1,Myosin_17,Not_Target,Not_Target
echi8479.t1,Not_Target,Not_Target,Not_Target
echi8480.t1,Myosin_70,Myosin_22,Myosin_2
echi8481.t1,Not_Target,Not_Target,Not_Target
echi8482.t1,Myosin_37,Not_Target,Not_Target
echi8483.t1,Myosin_45,Not_Target,Not_Target
echi8484.t1,Not_Target,Not_Target,Not_Target
echi8485.t1,Myosin_45,Myosin_16,Not_Target
echi8486.t1,Not_Target,Not_Target,Not_Target
echi8487.t1,Not_Target,Not_Target,Not_Target
echi8488.t1,Not_Target,Not_Target,Not_Target
echi8489.t1,Not_Target,Not_Target,Myosin_23
echi8490.t1,Not_Target,Not_Target,Not_Target
echi10907.t1,Not_Target,Not_Target,Myosin_3
echi10908.t1,Myosin_18,Myosin_18,Not_Target
echi10909.t1,Myosin_15,Myosin_23,Myosin_5
echi10910.t1,Myosin_15,Myosin_15,Myosin_15
echi10911.t1,Not_Target,Not_Target,Not_Target
echi10912.t1,Not_Target,Myosin_1,Not_Target
echi10913.t1,Not_Target,Not_Target,Not_Target
echi10914.t1,Not_Target,Not_Target,Not_Target
echi10915.t1,Myosin_17,Myosin_17,Myosin_17
echi10916.t1,Not_Target,Myosin_17,Not_Target
echi10917.t1,Not_Target,Not_Target,Not_Target
echi10918.t1,Not_Target,Myosin_4,Not_Target
echi10919.t1,Not_Target,Not_Target,Not_Target
echi10920.t1,Not_Target,Not_Target,Not_Target
echi10921.t1,Not_Target,Not_Target,Not_Target
echi10922.t1,Myosin_74,Myosin_74,Not_Target
echi10923.t1,Not_Target,Not_Target,Not_Target
echi10924.t1,Myosin_19,Myosin_37,Not_Target
echi10925.t1,Myosin_74,Not_Target,Not_Target
echi10926.t1,Not_Target,Not_Target,Not_Target
echi10927.t1,Not_Target,Not_Target,Not_Target
echi10928.t1,Not_Target,Not_Target,Not_Target
echi10929.t1,Not_Target,Not_Target,Not_Target
echi10930.t1,Myosin_45,Myosin_1,Myosin_31
echi10931.t1,Not_Target,Not_Target,Not_Target
echi10932.t1,Not_Target,Not_Target,Not_Target
echi13113.t1,Myosin_7,Myosin_29,Not_Target
echi13114.t1,Not_Target,Not_Target,Myosin_19
echi13115.t1,Not_Target,Not_Target,Not_Target
echi13116.t1,Not_Target,Myosin_17,Not_Target
echi13117.t1,Not_Target,Myosin_30,Not_Target
echi13118.t1,Not_Target,Not_Target,Not_Target
echi13119.t1,Not_Target,Not_Target,Myosin_17
echi13120.t1,Not_Target,Not_Target,Not_Target
echi13121.t1,Not_Target,Not_Target,Not_Target
echi13122.t1,Not_Target,Not_Target,Not_Target
echi13123.t1,Not_Target,Not_Target,Not_Target
echi13124.t1,Not_Target,Not_Target,Not_Target
echi13125.t1,Not_Target,Not_Target,Not_Target
echi13126.t1,Not_Target,Not_Target,Not_Target
echi13127.t1,Not_Target,Not_Target,Myosin_1
echi13128.t1,Not_Target,Myosin_5,Not_Target
echi13129.t1,Myosin_15,Myosin_1,Not_Target
echi13130.t1,Not_Target,Myosin_28,Myosin_24
echi13131.t1,Not_Target,Not_Target,Not_Target
echi13132.t1,Not_Target,Not_Target,Myosin_17
echi13133.t1,Not_Target,Not_Target,Not_Target
echi13134.t1,Not_Target,Not_Target,Not_Target
echi13135.t1,Not_Target,Not_Target,Not_Target
echi13136.t1,Myosin_19,Not_Target,Myosin_19
echi13137.t1,Myosin_19,Not_Target,Myosin_19
echi13138.t1,Not_Target,Not_Target,Not_Target
echi17562.t1,Not_Target,Not_Target,Not_Target
echi17563.t1,Myosin_6,Not_Target,Not_Target
echi17564.t1,Myosin_18,Myosin_16,Myosin_18
echi17565.t1,Not_Target,Not_Target,Not_Target
echi17566.t1,Not_Target,Not_Target,Myosin_4
echi17567.t1,Not_Target,Not_Target,Not_Target
echi17568.t1,Not_Target,Not_Target,Myosin_1
echi17569.t1,Not_Target,Myosin_5,Not_Target
echi17570.t1,Not_Target,Not_Target,Not_Target
echi17571.t1,Myosin_37,Myosin_37,Myosin_5
echi17572.t1,Not_Target,Not_Target,Not_Target
echi17573.t1,Myosin_5,Myosin_5,Myosin_5
echi17574.t1,Not_Target,Not_Target,Not_Target
echi17575.t1,Myosin_30,Myosin_11,Not_Target
echi17576.t1,Myosin_36,Myosin_17,Myosin_36
echi17577.t1,Myosin_17,Myosin_17,Myosin_22
echi17578.t1,Myosin_36,Myosin_7,Myosin_7
echi7827.t1,Myosin_4,Myosin_55,Myosin_1
echi7828.t1,Myosin_19,Not_Target,Myosin_15
echi7829.t1,Not_Target,Myosin_19,Myosin_37
echi7830.t1,Not_Target,Myosin_3,Not_Target
echi7831.t1,Not_Target,Not_Target,Not_Target
echi7832.t1,Myosin_17,Myosin_17,Myosin_17
echi7833.t1,Not_Target,Not_Target,Not_Target
echi7834.t1,Not_Target,Not_Target,Not_Target
echi7835.t1,Myosin_17,Not_Target,Myosin_17
echi7836.t1,Not_Target,Myosin_28,Myosin_37
echi7837.t1,Not_Target,Not_Target,Not_Target
echi7838.t1,Not_Target,Not_Target,Not_Target
echi7839.t1,Not_Target,Not_Target,Not_Target
echi7840.t1,Not_Target,Not_Target,Not_Target
echi7841.t1,Not_Target,Not_Target,Myosin_20
echi7842.t1,Not_Target,Not_Target,Not_Target
echi7843.t1,Not_Target,Not_Target,Myosin_11
echi7844.t1,Not_Target,Myosin_19,Not_Target
echi7845.t1,Not_Target,Not_Target,Not_Target
echi7846.t1,Myosin_18,Myosin_26,Myosin_18
echi7847.t1,Myosin_30,Not_Target,Myosin_11
echi7848.t1,Not_Target,Not_Target,Myosin_1
echi7849.t1,Myosin_15,Myosin_15,Myosin_15
echi5817.t1,Myosin_19,Myosin_37,Not_Target
echi5818.t1,Not_Target,Not_Target,Not_Target
echi5819.t1,Not_Target,Not_Target,Myosin_1
echi5820.t1,Not_Target,Not_Target,Not_Target
echi5821.t1,Not_Target,Not_Target,Not_Target
echi5822.t1,Myosin_19,Not_Target,Not_Target
echi5823.t1,Not_Target,Not_Target,Not_Target
echi5824.t1,Not_Target,Not_Target,Not_Target
echi5825.t1,Not_Target,Not_Target,Myosin_19
echi5826.t1,Myosin_16,Not_Target,Myosin_81
echi5827.t1,Not_Target,Not_Target,Not_Target
echi5828.t1,Not_Target,Not_Target,Not_Target
echi5829.t1,Not_Target,Not_Target,Not_Target
echi5830.t1,Not_Target,Not_Target,Not_Target
echi5831.t1,Myosin_37,Myosin_37,Myosin_37
echi5832.t1,Myosin_15,Not_Target,Not_Target
echi5833.t1,Not_Target,Not_Target,Not_Target
echi5834.t1,Myosin_1,Myosin_1,Not_Target
echi5835.t1,Not_Target,Myosin_11,Not_Target
echi5836.t1,Not_Target,Myosin_11,Not_Target
echi5837.t1,Myosin_26,Myosin_74,Myosin_5
echi5838.t1,Not_Target,Myosin_47,Not_Target
echi5839.t1,Myosin_36,Myosin_5,Myosin_5
echi5840.t1,Not_Target,Not_Target,Not_Target
echi5841.t1,Not_Target,Not_Target,Not_Target
echi5842.t1,Myosin_4,Myosin_4,Myosin_36
echi5843.t1,Myosin_26,Myosin_27,Not_Target
echi5844.t1,Not_Target,Not_Target,Not_Target
echi4900.t1,Myosin_26,Myosin_74,Myosin_3
echi4901.t1,Not_Target,Not_Target,Not_Target
echi4902.t1,Not_Target,Myosin_57,Not_Target
echi4903.t1,Not_Target,Not_Target,Not_Target
echi4904.t1,Not_Target,Not_Target,Not_Target
echi4905.t1,Not_Target,Not_Target,Not_Target
echi4906.t1,Not_Target,Not_Target,Myosin_62
echi4907.t1,Not_Target,Not_Target,Not_Target
echi4908.t1,Not_Target,Not_Target,Myosin_7
echi4909.t1,Not_Target,Not_Target,Not_Target
echi4910.t1,Myosin_17,Myosin_17,Myosin_17
echi4911.t1,Myosin_17,Not_Target,Not_Target
echi4912.t1,Myosin_17,Not_Target,Myosin_8
echi4913.t1,Myosin_19,Not_Target,Not_Target
echi4914.t1,Not_Target,Not_Target,Not_Target
echi4915.t1,Not_Target,Myosin_1,Myosin_57
echi4916.t1,Not_Target,Not_Target,Not_Target
echi4917.t1,Myosin_36,Not_Target,Myosin_20
echi4918.t1,Not_Target,Not_Target,Not_Target
echi4919.t1,Not_Target,Not_Target,Not_Target
echi4920.t1,Myosin_1,Myosin_1,Not_Target
echi4921.t1,Myosin_15,Not_Target,Myosin_1
echi4922.t1,Not_Target,Myosin_1,Not_Target
echi4923.t1,Not_Target,Not_Target,Not_Target
echi4924.t1,Not_Target,Not_Target,Not_Target
echi4925.t1,Myosin_45,Not_Target,Not_Target
echi2919.t1,Not_Target,Not_Target,Not_Target
echi2920.t1,Myosin_18,Myosin_43,Myosin_3
echi2921.t1,Not_Target,Myosin_17,Not_Target
echi2922.t1,Not_Target,Not_Target,Myosin_5
echi2923.t1,Not_Target,Not_Target,Myosin_3
echi2924.t1,Not_Target,Not_Target,Not_Target
echi2925.t1,Not_Target,Not_Target,Not_Target
echi2926.t1,Not_Target,Myosin_1,Not_Target
echi2927.t1,Myosin_1,Myosin_1,Myosin_57
echi2928.t1,Not_Target,Not_Target,Myosin_1
echi2929.t1,Not_Target,Not_Target,Not_Target
echi2930.t1,Not_Target,Not_Target,Not_Target
echi2931.t1,Not_Target,Not_Target,Not_Target
echi2932.t1,Not_Target,Not_Target,Not_Target
echi2933.t1,Not_Target,Not_Target,Not_Target
echi2934.t1,Not_Target,Not_Target,Not_Target
echi2935.t1,Not_Target,Not_Target,Not_Target
echi2936.t1,Not_Target,Not_Target,Not_Target
echi2937.t1,Not_Target,Not_Target,Not_Target
echi2938.t1,Not_Target,Not_Target,Not_Target
echi2939.t1,Myosin_5,Myosin_18,Myosin_5
echi2940.t1,Not_Target,Myosin_26,Myosin_3
echi2941.t1,Not_Target,Not_Target,Not_Target
echi2942.t1,Myosin_18,Myosin_18,Myosin_2
echi2943.t1,Myosin_81,Not_Target,Not_Target
echi11928.t1,Not_Target,Myosin_57,Not_Target
echi11929.t1,Not_Target,Not_Target,Not_Target
echi11930.t1,Not_Target,Not_Target,Not_Target
echi11931.t1,Myosin_45,Myosin_18,Myosin_3
echi11932.t1,Not_Target,Myosin_17,Not_Target
echi11933.t1,Not_Target,Myosin_3,Not_Target
echi11934.t1,Myosin_18,Myosin_26,Myosin_30
echi11935.t1,Not_Target,Not_Target,Not_Target
echi11936.t1,Not_Target,Not_Target,Not_Target
echi11937.t1,Myosin_4,Myosin_3,Myosin_5
echi11938.t1,Not_Target,Not_Target,Not_Target
echi11939.t1,Not_Target,Not_Target,Not_Target
echi11940.t1,Myosin_4,Myosin_7,Myosin_17
echi11941.t1,Not_Target,Not_Target,Myosin_42
echi11942.t1,Not_Target,Not_Target,Myosin_80
echi11943.t1,Not_Target,Not_Target,Not_Target
echi11944.t1,Myosin_15,Myosin_15,Myosin_15
echi11945.t1,Not_Target,Not_Target,Myosin_40
echi11946.t1,Myosin_30,Not_Target,Myosin_36
echi11947.t1,Not_Target,Not_Target,Not_Target
echi11948.t1,Myosin_3,Myosin_3,Myosin_9
echi8285.t1,Not_Target,Not_Target,Not_Target
echi8286.t1,Not_Target,Not_Target,Not_Target
echi8287.t1,Not_Target,Not_Target,Not_Target
echi8288.t1,Not_Target,Not_Target,Not_Target
echi8289.t1,Myosin_30,Myosin_16,Myosin_3
echi8290.t1,Not_Target,Not_Target,Not_Target
echi8291.t1,Not_Target,Myosin_26,Not_Target
echi8292.t1,Myosin_18,Not_Target,Myosin_5
echi8293.t1,Not_Target,Not_Target,Not_Target
echi8294.t1,Myosin_1,Myosin_1,Not_Target
echi8296.t1,Myosin_45,Not_Target,Myosin_9
echi8297.t1,Myosin_30,Not_Target,Myosin_5
echi8298.t1,Myosin_1,Myosin_1,Not_Target
echi8299.t1,Not_Target,Myosin_17,Not_Target
echi8300.t1,Myosin_3,Not_Target,Not_Target
echi8301.t1,Not_Target,Not_Target,Not_Target
echi8302.t1,Not_Target,Not_Target,Not_Target
echi8303.t1,Myosin_26,Myosin_74,Myosin_18
echi8304.t1,Not_Target,Not_Target,Not_Target
echi8305.t1,Not_Target,Not_Target,Not_Target
echi8306.t1,Not_Target,Myosin_19,Myosin_73
echi8307.t1,Myosin_17,Not_Target,Myosin_36
echi8308.t1,Not_Target,Not_Target,Myosin_22
echi8309.t1,Myosin_45,Not_Target,Not_Target
echi4439.t1,Not_Target,Not_Target,Myosin_51
echi4440.t1,Not_Target,Not_Target,Not_Target
echi4441.t1,Not_Target,Not_Target,Not_Target
echi4442.t1,Not_Target,Myosin_7,Not_Target
echi4443.t1,Not_Target,Not_Target,Not_Target
echi4444.t1,Not_Target,Not_Target,Not_Target
echi4445.t1,Not_Target,Not_Target,Myosin_51
echi4446.t1,Not_Target,Not_Target,Not_Target
echi4447.t1,Not_Target,Not_Target,Not_Target
echi4448.t1,Myosin_9,Myosin_9,Myosin_5
echi4449.t1,Not_Target,Not_Target,Not_Target
echi4450.t1,Not_Target,Not_Target,Not_Target
echi4451.t1,Not_Target,Not_Target,Myosin_57
echi4452.t1,Not_Target,Not_Target,Myosin_64
echi4453.t1,Not_Target,Not_Target,Myosin_25
echi4454.t1,Not_Target,Myosin_5,Not_Target
echi4455.t1,Not_Target,Not_Target,Not_Target
echi4456.t1,Not_Target,Not_Target,Not_Target
echi4457.t1,Not_Target,Not_Target,Not_Target
echi4458.t1,Not_Target,Not_Target,Not_Target
echi5534.t1,Not_Target,Not_Target,Not_Target
echi5535.t1,Myosin_24,Not_Target,Myosin_37
echi5536.t1,Myosin_18,Not_Target,Myosin_18
echi5537.t1,Not_Target,Not_Target,Not_Target
echi5538.t1,Myosin_17,Myosin_17,Myosin_17
echi5539.t1,Not_Target,Myosin_47,Not_Target
echi5540.t1,Not_Target,Not_Target,Not_Target
echi5541.t1,Not_Target,Myosin_5,Not_Target
echi5542.t1,Myosin_45,Myosin_5,Not_Target
echi5543.t1,Not_Target,Not_Target,Not_Target
echi5544.t1,Myosin_3,Myosin_74,Myosin_2
echi5545.t1,Not_Target,Not_Target,Not_Target
echi5546.t1,Not_Target,Not_Target,Not_Target
echi5547.t1,Myosin_9,Myosin_3,Myosin_37
echi5548.t1,Not_Target,Not_Target,Not_Target
echi5549.t1,Not_Target,Myosin_19,Not_Target
echi5550.t1,Not_Target,Not_Target,Not_Target
echi5551.t1,Not_Target,Not_Target,Not_Target
echi5552.t1,Not_Target,Myosin_19,Not_Target
echi5553.t1,Not_Target,Not_Target,Not_Target
echi5554.t1,Not_Target,Myosin_19,Not_Target
echi5555.t1,Myosin_17,Not_Target,Myosin_19
echi5556.t1,Not_Target,Myosin_1,Myosin_82
echi5557.t1,Not_Target,Myosin_2,Not_Target
echi5558.t1,Not_Target,Myosin_29,Not_Target
echi5559.t1,Not_Target,Not_Target,Not_Target
echi5560.t1,Not_Target,Not_Target,Not_Target
echi5561.t1,Not_Target,Not_Target,Not_Target
echi8996.t1,Not_Target,Not_Target,Not_Target
echi8997.t1,Not_Target,Not_Target,Not_Target
echi8998.t1,Myosin_36,Myosin_36,Not_Target
echi8999.t1,Not_Target,Not_Target,Not_Target
echi9000.t1,Not_Target,Not_Target,Not_Target
echi9001.t1,Not_Target,Not_Target,Not_Target
echi9002.t1,Myosin_3,Myosin_3,Myosin_27
echi9003.t1,Not_Target,Not_Target,Not_Target
echi9004.t1,Not_Target,Myosin_1,Not_Target
echi9005.t1,Not_Target,Not_Target,Not_Target
echi9006.t1,Not_Target,Not_Target,Myosin_37
echi9007.t1,Not_Target,Not_Target,Not_Target
echi9008.t1,Not_Target,Not_Target,Not_Target
echi9009.t1,Myosin_18,Not_Target,Myosin_8
echi9010.t1,Myosin_45,Myosin_26,Not_Target
echi9011.t1,Not_Target,Not_Target,Not_Target
echi9012.t1,Not_Target,Not_Target,Myosin_30
echi9013.t1,Not_Target,Not_Target,Not_Target
echi9014.t1,Myosin_81,Myosin_8,Not_Target
echi9015.t1,Not_Target,Not_Target,Not_Target
echi9016.t1,Not_Target,Not_Target,Not_Target
echi9017.t1,Myosin_9,Myosin_6,Not_Target
echi9018.t1,Not_Target,Not_Target,Myosin_18
echi9019.t1,Not_Target,Not_Target,Myosin_5
echi9020.t1,Not_Target,Not_Target,Not_Target
echi7675.t1,Not_Target,Not_Target,Not_Target
echi7676.t1,Not_Target,Not_Target,Not_Target
echi7677.t1,Not_Target,Not_Target,Not_Target
echi7678.t1,Myosin_17,Not_Target,Not_Target
echi7679.t1,Not_Target,Not_Target,Myosin_20
echi7680.t1,Not_Target,Not_Target,Not_Target
echi7681.t1,Not_Target,Not_Target,Myosin_8
echi7682.t1,Not_Target,Myosin_5,Not_Target
echi7683.t1,Not_Target,Not_Target,Myosin_34
echi7684.t1,Not_Target,Not_Target,Not_Target
echi7685.t1,Not_Target,Not_Target,Not_Target
echi7686.t1,Myosin_15,Myosin_7,Myosin_18
echi7687.t1,Not_Target,Myosin_23,Not_Target
echi7688.t1,Not_Target,Myosin_18,Myosin_2
echi7689.t1,Not_Target,Not_Target,Not_Target
echi7690.t1,Myosin_3,Not_Target,Not_Target
echi7691.t1,Not_Target,Not_Target,Myosin_5
echi7692.t1,Myosin_4,Myosin_4,Myosin_16
echi7693.t1,Not_Target,Not_Target,Not_Target
echi7694.t1,Myosin_45,Myosin_26,Myosin_10
echi7695.t1,Not_Target,Myosin_5,Not_Target
echi7696.t1,Not_Target,Not_Target,Not_Target
echi7697.t1,Not_Target,Not_Target,Not_Target
echi7698.t1,Not_Target,Not_Target,Not_Target
echi7699.t1,Myosin_31,Myosin_1,Not_Target
echi7700.t1,Myosin_18,Myosin_2,Not_Target
echi7701.t1,Not_Target,Not_Target,Not_Target
echi7702.t1,Myosin_15,Myosin_43,Not_Target
echi12832.t1,Not_Target,Not_Target,Not_Target
echi12833.t1,Not_Target,Myosin_23,Myosin_53
echi12834.t1,Not_Target,Not_Target,Not_Target
echi12835.t1,Not_Target,Not_Target,Myosin_36
echi12836.t1,Not_Target,Not_Target,Myosin_43
echi12837.t1,Not_Target,Not_Target,Not_Target
echi12838.t1,Not_Target,Not_Target,Not_Target
echi12839.t1,Not_Target,Not_Target,Myosin_59
echi12840.t1,Not_Target,Not_Target,Not_Target
echi12841.t1,Myosin_36,Myosin_56,Myosin_17
echi12842.t1,Not_Target,Not_Target,Not_Target
echi12843.t1,Not_Target,Not_Target,Not_Target
echi12844.t1,Myosin_17,Not_Target,Myosin_17
echi12845.t1,Not_Target,Not_Target,Not_Target
echi12846.t1,Not_Target,Not_Target,Myosin_1
echi12847.t1,Not_Target,Not_Target,Not_Target
echi12848.t1,Not_Target,Not_Target,Not_Target
echi12849.t1,Not_Target,Not_Target,Not_Target
echi12850.t1,Not_Target,Not_Target,Not_Target
echi12851.t1,Not_Target,Myosin_18,Not_Target
echi12852.t1,Not_Target,Not_Target,Not_Target
echi15250.t1,Myosin_17,Not_Target,Not_Target
echi15251.t1,Myosin_81,Myosin_37,Myosin_2
echi15252.t1,Not_Target,Not_Target,Not_Target
echi15253.t1,Not_Target,Not_Target,Not_Target
echi15254.t1,Not_Target,Not_Target,Not_Target
echi15255.t1,Not_Target,Not_Target,Not_Target
echi15256.t1,Myosin_1,Not_Target,Myosin_5
echi15257.t1,Myosin_45,Myosin_18,Not_Target
echi15258.t1,Not_Target,Not_Target,Myosin_5
echi15259.t1,Not_Target,Not_Target,Not_Target
echi15260.t1,Myosin_20,Myosin_17,Not_Target
echi15261.t1,Myosin_15,Myosin_15,Myosin_15
echi15262.t1,Not_Target,Not_Target,Not_Target
echi15263.t1,Not_Target,Not_Target,Not_Target
echi15264.t1,Not_Target,Not_Target,Not_Target
echi15265.t1,Myosin_18,Myosin_18,Myosin_45
echi15266.t1,Not_Target,Not_Target,Myosin_14
echi15267.t1,Not_Target,Not_Target,Not_Target
echi15268.t1,Not_Target,Myosin_5,Myosin_1
echi1240.t1,Not_Target,Not_Target,Not_Target
echi1241.t1,Not_Target,Not_Target,Not_Target
echi1242.t1,Not_Target,Not_Target,Not_Target
echi1243.t1,Not_Target,Not_Target,Not_Target
echi1244.t1,Myosin_17,Not_Target,Not_Target
echi1245.t1,Not_Target,Not_Target,Not_Target
echi1246.t1,Not_Target,Not_Target,Not_Target
echi1247.t1,Not_Target,Not_Target,Not_Target
echi1248.t1,Not_Target,Myosin_16,Myosin_5
echi1249.t1,Myosin_19,Not_Target,Myosin_3
echi1250.t1,Not_Target,Not_Target,Myosin_20
echi1251.t1,Not_Target,Not_Target,Not_Target
echi1252.t1,Not_Target,Not_Target,Not_Target
echi1253.t1,Myosin_1,Not_Target,Not_Target
echi1254.t1,Not_Target,Not_Target,Not_Target
echi1255.t1,Not_Target,Not_Target,Not_Target
echi1256.t1,Not_Target,Myosin_51,Myosin_17
echi1257.t1,Not_Target,Not_Target,Not_Target
echi1258.t1,Not_Target,Not_Target,Not_Target
echi8367.t1,Myosin_46,Myosin_25,Not_Target
echi8368.t1,Not_Target,Not_Target,Not_Target
echi8369.t1,Not_Target,Not_Target,Not_Target
echi8370.t1,Not_Target,Not_Target,Not_Target
echi8371.t1,Myosin_20,Not_Target,Not_Target
echi8372.t1,Not_Target,Not_Target,Not_Target
echi8373.t1,Not_Target,Myosin_2,Not_Target
echi8374.t1,Myosin_81,Myosin_19,Myosin_1
echi8375.t1,Not_Target,Not_Target,Myosin_19
echi8376.t1,Not_Target,Not_Target,Not_Target
echi8377.t1,Not_Target,Not_Target,Not_Target
echi8378.t1,Not_Target,Not_Target,Myosin_34
echi8379.t1,Not_Target,Myosin_11,Not_Target
echi8380.t1,Myosin_5,Myosin_17,Not_Target
echi8381.t1,Not_Target,Not_Target,Not_Target
echi8382.t1,Not_Target,Not_Target,Not_Target
echi8383.t1,Not_Target,Myosin_74,Not_Target
echi8384.t1,Myosin_5,Myosin_5,Not_Target
echi8385.t1,Myosin_26,Myosin_36,Myosin_4
echi8386.t1,Not_Target,Myosin_5,Not_Target
echi8387.t1,Not_Target,Myosin_5,Not_Target
echi17470.t1,Myosin_15,Myosin_26,Myosin_26
echi17471.t1,Myosin_17,Not_Target,Not_Target
echi17472.t1,Myosin_17,Not_Target,Myosin_30
echi17473.t1,Not_Target,Not_Target,Not_Target
echi17474.t1,Myosin_36,Myosin_22,Myosin_20
echi17475.t1,Not_Target,Not_Target,Not_Target
echi17476.t1,Not_Target,Not_Target,Myosin_8
echi17477.t1,Myosin_1,Myosin_30,Myosin_24
echi17478.t1,Myosin_15,Not_Target,Myosin_17
echi17479.t1,Myosin_37,Myosin_23,Myosin_19
echi17480.t1,Not_Target,Myosin_2,Not_Target
echi17481.t1,Not_Target,Not_Target,Not_Target
echi17482.t1,Not_Target,Not_Target,Not_Target
echi17483.t1,Not_Target,Not_Target,Not_Target
echi17484.t1,Myosin_2,Myosin_47,Not_Target
echi17485.t1,Not_Target,Not_Target,Myosin_4
echi17486.t1,Not_Target,Not_Target,Myosin_15
echi17487.t1,Not_Target,Myosin_5,Not_Target
echi17488.t1,Not_Target,Myosin_19,Myosin_13
echi7101.t1,Not_Target,Myosin_17,Myosin_22
echi7102.t1,Not_Target,Not_Target,Not_Target
echi7103.t1,Not_Target,Not_Target,Not_Target
echi7104.t1,Myosin_45,Not_Target,Myosin_10
echi7105.t1,Not_Target,Not_Target,Not_Target
echi7106.t1,Myosin_57,Myosin_57,Myosin_64
echi7107.t1,Not_Target,Not_Target,Myosin_1
echi7108.t1,Not_Target,Not_Target,Not_Target
echi7109.t1,Not_Target,Not_Target,Not_Target
echi7110.t1,Myosin_18,Not_Target,Myosin_20
echi7111.t1,Myosin_26,Not_Target,Not_Target
echi7112.t1,Not_Target,Myosin_5,Not_Target
echi7113.t1,Not_Target,Not_Target,Not_Target
echi7114.t1,Not_Target,Not_Target,Not_Target
echi7115.t1,Not_Target,Myosin_18,Myosin_2
echi7116.t1,Not_Target,Not_Target,Not_Target
echi7117.t1,Not_Target,Not_Target,Not_Target
echi7118.t1,Not_Target,Myosin_5,Not_Target
echi7119.t1,Not_Target,Myosin_8,Not_Target
echi7120.t1,Not_Target,Not_Target,Not_Target
echi7121.t1,Not_Target,Not_Target,Not_Target
echi7122.t1,Not_Target,Not_Target,Not_Target
echi7123.t1,Not_Target,Not_Target,Not_Target
echi7124.t1,Myosin_22,Myosin_22,Myosin_1
echi7125.t1,Myosin_5,Myosin_5,Myosin_34
echi7126.t1,Myosin_5,Not_Target,Myosin_16
echi15317.t1,Myosin_73,Myosin_73,Not_Target
echi15318.t1,Myosin_18,Myosin_20,Myosin_64
echi15319.t1,Not_Target,Not_Target,Not_Target
echi15320.t1,Not_Target,Not_Target,Not_Target
echi15321.t1,Myosin_19,Myosin_19,Myosin_37
echi15322.t1,Not_Target,Myosin_8,Not_Target
echi15323.t1,Myosin_45,Not_Target,Myosin_3
echi15324.t1,Not_Target,Myosin_30,Not_Target
echi15325.t1,Myosin_5,Myosin_5,Myosin_24
echi15326.t1,Not_Target,Not_Target,Not_Target
echi15327.t1,Not_Target,Not_Target,Myosin_2
echi15328.t1,Not_Target,Not_Target,Not_Target
echi15329.t1,Not_Target,Not_Target,Myosin_53
echi15330.t1,Not_Target,Not_Target,Not_Target
echi15331.t1,Not_Target,Not_Target,Not_Target
echi15332.t1,Not_Target,Not_Target,Not_Target
echi15333.t1,Not_Target,Not_Target,Not_Target
echi15334.t1,Not_Target,Not_Target,Not_Target
echi15335.t1,Not_Target,Not_Target,Not_Target
echi15336.t1,Not_Target,Not_Target,Not_Target
echi15337.t1,Myosin_19,Myosin_6,Myosin_1
echi15338.t1,Not_Target,Not_Target,Not_Target
echi15339.t1,Myosin_20,Not_Target,Myosin_20
echi15340.t1,Not_Target,Not_Target,Myosin_7
echi15588.t1,Myosin_31,Myosin_31,Not_Target
echi15589.t1,Not_Target,Myosin_57,Myosin_19
echi15590.t1,Not_Target,Not_Target,Not_Target
echi15591.t1,Myosin_15,Myosin_15,Myosin_22
echi15592.t1,Not_Target,Not_Target,Not_Target
echi15593.t1,Not_Target,Not_Target,Not_Target
echi15594.t1,Myosin_57,Not_Target,Not_Target
echi15595.t1,Not_Target,Not_Target,Not_Target
echi15596.t1,Myosin_45,Not_Target,Myosin_53
echi15597.t1,Myosin_31,Not_Target,Myosin_57
echi15598.t1,Not_Target,Not_Target,Not_Target
echi15599.t1,Not_Target,Not_Target,Not_Target
echi15600.t1,Not_Target,Not_Target,Not_Target
echi15601.t1,Myosin_17,Not_Target,Myosin_1
echi15602.t1,Not_Target,Not_Target,Not_Target
echi15603.t1,Myosin_53,Not_Target,Not_Target
echi15604.t1,Myosin_17,Myosin_17,Myosin_25
echi15605.t1,Myosin_74,Myosin_74,Myosin_1
echi15606.t1,Myosin_37,Myosin_81,Myosin_14
echi15607.t1,Myosin_51,Not_Target,Not_Target
echi15608.t1,Not_Target,Myosin_1,Not_Target
echi3495.t1,Myosin_22,Not_Target,Not_Target
echi3496.t1,Not_Target,Not_Target,Not_Target
echi3497.t1,Not_Target,Myosin_80,Not_Target
echi3498.t1,Myosin_15,Myosin_15,Myosin_15
echi3499.t1,Not_Target,Not_Target,Not_Target
echi3500.t1,Not_Target,Not_Target,Not_Target
echi3501.t1,Not_Target,Not_Target,Not_Target
echi3502.t1,Not_Target,Myosin_2,Not_Target
echi3503.t1,Not_Target,Not_Target,Myosin_36
echi3504.t1,Myosin_32,Not_Target,Not_Target
echi3505.t1,Not_Target,Myosin_19,Not_Target
echi3506.t1,Not_Target,Not_Target,Not_Target
echi3507.t1,Not_Target,Myosin_1,Not_Target
echi3508.t1,Not_Target,Myosin_51,Not_Target
echi3509.t1,Not_Target,Not_Target,Not_Target
echi3510.t1,Not_Target,Not_Target,Not_Target
echi3511.t1,Not_Target,Not_Target,Myosin_1
echi3512.t1,Myosin_30,Not_Target,Myosin_14
echi8585.t1,Not_Target,Not_Target,Not_Target
echi8586.t1,Not_Target,Myosin_28,Myosin_22
echi8587.t1,Myosin_15,Myosin_4,Myosin_17
echi8588.t1,Not_Target,Not_Target,Not_Target
echi8589.t1,Not_Target,Not_Target,Not_Target
echi8590.t1,Myosin_53,Myosin_17,Myosin_40
echi8591.t1,Not_Target,Not_Target,Myosin_1
echi8592.t1,Myosin_1,Myosin_1,Myosin_1
echi8593.t1,Not_Target,Myosin_1,Myosin_1
echi8594.t1,Myosin_30,Not_Target,Myosin_51
echi8595.t1,Not_Target,Not_Target,Not_Target
echi8596.t1,Not_Target,Myosin_19,Not_Target
echi8597.t1,Not_Target,Not_Target,Myosin_1
echi8598.t1,Not_Target,Not_Target,Myosin_16
echi8599.t1,Not_Target,Not_Target,Not_Target
echi8600.t1,Myosin_18,Myosin_3,Myosin_18
echi16157.t1,Not_Target,Not_Target,Not_Target
echi16158.t1,Not_Target,Not_Target,Myosin_24
echi16159.t1,Not_Target,Not_Target,Myosin_1
echi16160.t1,Myosin_17,Myosin_1,Not_Target
echi16161.t1,Myosin_25,Myosin_18,Myosin_19
echi16162.t1,Not_Target,Not_Target,Not_Target
echi16163.t1,Not_Target,Not_Target,Actin
echi16164.t1,Myosin_20,Myosin_45,Myosin_5
echi16165.t1,Myosin_5,Myosin_26,Myosin_5
echi16166.t1,Not_Target,Not_Target,Not_Target
echi16167.t1,Not_Target,Not_Target,Not_Target
echi16168.t1,Not_Target,Not_Target,Not_Target
echi16169.t1,Myosin_26,Myosin_57,Myosin_77
echi16170.t1,Myosin_30,Myosin_4,Myosin_1
echi16171.t1,Not_Target,Myosin_17,Not_Target
echi16172.t1,Not_Target,Not_Target,Not_Target
echi16173.t1,Myosin_2,Not_Target,Myosin_64
echi16174.t1,Not_Target,Not_Target,Not_Target
echi16175.t1,Myosin_24,Myosin_5,Myosin_24
echi16176.t1,Myosin_36,Myosin_17,Myosin_1
echi16177.t1,Myosin_53,Not_Target,Myosin_53
echi16178.t1,Myosin_18,Myosin_16,Myosin_18
echi16179.t1,Myosin_19,Myosin_6,Myosin_2
echi16180.t1,Not_Target,Not_Target,Not_Target
echi532.t1,Not_Target,Not_Target,Not_Target
echi533.t1,Not_Target,Not_Target,Myosin_53
echi534.t1,Myosin_17,Myosin_19,Not_Target
echi535.t1,Not_Target,Not_Target,Myosin_51
echi536.t1,Myosin_18,Not_Target,Myosin_71
echi537.t1,Not_Target,Not_Target,Not_Target
echi538.t1,Not_Target,Not_Target,Not_Target
echi539.t1,Not_Target,Myosin_6,Not_Target
echi540.t1,Not_Target,Not_Target,Myosin_2
echi541.t1,Not_Target,Not_Target,Not_Target
echi542.t1,Not_Target,Not_Target,Myosin_8
echi543.t1,Not_Target,Not_Target,Not_Target
echi544.t1,Not_Target,Myosin_28,Not_Target
echi545.t1,Not_Target,Not_Target,Not_Target
echi546.t1,Not_Target,Myosin_5,Not_Target
echi547.t1,Not_Target,Not_Target,Not_Target
echi548.t1,Not_Target,Not_Target,Not_Target
echi549.t1,Myosin_17,Not_Target,Myosin_17
echi550.t1,Not_Target,Not_Target,Not_Target
echi551.t1,Myosin_1,Not_Target,Myosin_4
echi552.t1,Myosin_16,Myosin_26,Myosin_15
echi553.t1,Not_Target,Not_Target,Not_Target
echi554.t1,Not_Target,Not_Target,Not_Target
echi555.t1,Not_Target,Not_Target,Not_Target
echi5898.t1,Myosin_45,Myosin_18,Not_Target
echi5899.t1,Not_Target,Not_Target,Not_Target
echi5900.t1,Not_Target,Not_Target,Myosin_8
echi5901.t1,Myosin_6,Not_Target,Myosin_6
echi5902.t1,Not_Target,Not_Target,Not_Target
echi5903.t1,Not_Target,Not_Target,Myosin_16
echi5904.t1,Not_Target,Not_Target,Not_Target
echi5905.t1,Not_Target,Not_Target,Not_Target
echi5906.t1,Myosin_3,Myosin_3,Myosin_37
echi5907.t1,Not_Target,Not_Target,Myosin_8
echi5908.t1,Not_Target,Not_Target,Not_Target
echi5909.t1,Not_Target,Not_Target,Not_Target
echi5910.t1,Myosin_1,Myosin_1,Not_Target
echi5911.t1,Not_Target,Not_Target,Not_Target
echi5912.t1,Not_Target,Not_Target,Not_Target
echi5913.t1,Not_Target,Not_Target,Not_Target
echi5914.t1,Not_Target,Not_Target,Myosin_1
echi5915.t1,Not_Target,Not_Target,Not_Target
echi5916.t1,Myosin_2,Myosin_18,Myosin_2
echi5917.t1,Not_Target,Myosin_17,Myosin_20
echi5918.t1,Not_Target,Myosin_57,Not_Target
echi5919.t1,Not_Target,Myosin_1,Not_Target
echi5920.t1,Not_Target,Not_Target,Myosin_27
echi7977.t1,Myosin_45,Myosin_17,Myosin_45
echi7978.t1,Myosin_15,Not_Target,Myosin_20
echi7979.t1,Not_Target,Not_Target,Not_Target
echi7980.t1,Myosin_5,Myosin_5,Myosin_18
echi7981.t1,Not_Target,Not_Target,Not_Target
echi7982.t1,Myosin_45,Not_Target,Myosin_3
echi7983.t1,Myosin_9,Myosin_57,Myosin_20
echi7984.t1,Not_Target,Not_Target,Myosin_30
echi7985.t1,Not_Target,Not_Target,Not_Target
echi7986.t1,Not_Target,Not_Target,Myosin_36
echi7987.t1,Not_Target,Not_Target,Not_Target
echi7988.t1,Not_Target,Not_Target,Not_Target
echi7989.t1,Myosin_2,Not_Target,Not_Target
echi7990.t1,Not_Target,Not_Target,Not_Target
echi7991.t1,Not_Target,Myosin_6,Not_Target
echi7992.t1,Not_Target,Myosin_57,Not_Target
echi7993.t1,Not_Target,Not_Target,Not_Target
echi7994.t1,Myosin_37,Not_Target,Myosin_5
echi7995.t1,Not_Target,Not_Target,Not_Target
echi7996.t1,Myosin_2,Myosin_2,Not_Target
echi7997.t1,Not_Target,Not_Target,Not_Target
echi7998.t1,Not_Target,Not_Target,Not_Target
echi7999.t1,Myosin_30,Myosin_6,Myosin_9
echi8000.t1,Not_Target,Not_Target,Not_Target
echi8001.t1,Not_Target,Not_Target,Not_Target
echi13681.t1,Myosin_4,Myosin_3,Myosin_15
echi13682.t1,Not_Target,Not_Target,Myosin_5
echi13683.t1,Not_Target,Not_Target,Not_Target
echi13684.t1,Not_Target,Not_Target,Not_Target
echi13685.t1,Not_Target,Myosin_19,Not_Target
echi13686.t1,Not_Target,Not_Target,Not_Target
echi13687.t1,Not_Target,Not_Target,Not_Target
echi13688.t1,Not_Target,Not_Target,Not_Target
echi13689.t1,Not_Target,Not_Target,Myosin_1
echi13690.t1,Myosin_17,Myosin_17,Myosin_5
echi13691.t1,Myosin_15,Myosin_15,Myosin_15
echi13692.t1,Myosin_1,Myosin_1,Not_Target
echi13693.t1,Myosin_15,Myosin_15,Myosin_15
echi13694.t1,Not_Target,Not_Target,Not_Target
echi13695.t1,Not_Target,Not_Target,Myosin_3
echi13696.t1,Myosin_30,Myosin_11,Not_Target
echi2394.t1,Not_Target,Not_Target,Not_Target
echi2395.t1,Myosin_5,Not_Target,Not_Target
echi2396.t1,Not_Target,Myosin_17,Not_Target
echi2397.t1,Not_Target,Not_Target,Not_Target
echi2398.t1,Not_Target,Myosin_19,Not_Target
echi2399.t1,Not_Target,Not_Target,Not_Target
echi2400.t1,Not_Target,Not_Target,Not_Target
echi2401.t1,Not_Target,Not_Target,Not_Target
echi2402.t1,Myosin_45,Myosin_20,Myosin_45
echi2403.t1,Not_Target,Myosin_80,Not_Target
echi2404.t1,Not_Target,Not_Target,Not_Target
echi2405.t1,Not_Target,Myosin_17,Myosin_17
echi2406.t1,Myosin_36,Myosin_17,Myosin_62
echi2407.t1,Myosin_31,Not_Target,Not_Target
echi2408.t1,Not_Target,Not_Target,Not_Target
echi2409.t1,Not_Target,Myosin_19,Not_Target
echi2410.t1,Not_Target,Not_Target,Not_Target
echi2411.t1,Myosin_27,Not_Target,Myosin_22
echi2412.t1,Not_Target,Myosin_17,Not_Target
echi2413.t1,Not_Target,Not_Target,Not_Target
echi2414.t1,Not_Target,Not_Target,Myosin_20
echi2415.t1,Not_Target,Not_Target,Myosin_20
echi2416.t1,Not_Target,Not_Target,Myosin_20
echi890.t1,Myosin_19,Not_Target,Myosin_81
echi891.t1,Not_Target,Not_Target,Myosin_18
echi892.t1,Not_Target,Not_Target,Not_Target
echi893.t1,Myosin_64,Myosin_6,Not_Target
echi894.t1,Not_Target,Not_Target,Not_Target
echi895.t1,Not_Target,Not_Target,Not_Target
echi896.t1,Not_Target,Not_Target,Myosin_19
echi897.t1,Not_Target,Myosin_28,Myosin_71
echi898.t1,Myosin_24,Not_Target,Myosin_69
echi899.t1,Not_Target,Not_Target,Myosin_1
echi900.t1,Not_Target,Not_Target,Not_Target
echi901.t1,Not_Target,Myosin_54,Not_Target
echi902.t1,Myosin_18,Myosin_18,Not_Target
echi903.t1,Not_Target,Not_Target,Not_Target
echi904.t1,Myosin_27,Myosin_1,Not_Target
echi905.t1,Not_Target,Not_Target,Not_Target
echi906.t1,Myosin_1,Myosin_16,Myosin_5
echi907.t1,Not_Target,Myosin_1,Not_Target
echi908.t1,Myosin_71,Not_Target,Myosin_4
echi909.t1,Not_Target,Not_Target,Myosin_2
echi858.t1,Myosin_45,Myosin_16,Myosin_40
echi859.t1,Not_Target,Not_Target,Not_Target
echi860.t1,Not_Target,Not_Target,Not_Target
echi861.t1,Not_Target,Not_Target,Myosin_8
echi862.t1,Not_Target,Not_Target,Not_Target
echi863.t1,Myosin_57,Myosin_57,Myosin_20
echi864.t1,Not_Target,Not_Target,Myosin_27
echi865.t1,Not_Target,Not_Target,Not_Target
echi866.t1,Not_Target,Myosin_19,Not_Target
echi867.t1,Myosin_37,Myosin_57,Myosin_2
echi868.t1,Myosin_2,Myosin_2,Not_Target
echi869.t1,Myosin_18,Not_Target,Myosin_18
echi870.t1,Not_Target,Not_Target,Not_Target
echi871.t1,Not_Target,Not_Target,Myosin_23
echi872.t1,Not_Target,Not_Target,Not_Target
echi873.t1,Not_Target,Not_Target,Not_Target
echi874.t1,Not_Target,Not_Target,Not_Target
echi875.t1,Myosin_45,Not_Target,Myosin_20
echi876.t1,Not_Target,Not_Target,Not_Target
echi877.t1,Not_Target,Not_Target,Not_Target
echi878.t1,Myosin_36,Myosin_17,Myosin_19
echi879.t1,Not_Target,Not_Target,Myosin_6
echi880.t1,Not_Target,Actin,Not_Target
echi881.t1,Myosin_2,Myosin_2,Not_Target
echi882.t1,Not_Target,Not_Target,Myosin_63
echi883.t1,Not_Target,Not_Target,Not_Target
echi884.t1,Not_Target,Not_Target,Not_Target
echi885.t1,Not_Target,Myosin_81,Not_Target
echi886.t1,Not_Target,Not_Target,Not_Target
echi887.t1,Not_Target,Myosin_19,Not_Target
echi11568.t1,Not_Target,Not_Target,Myosin_22
echi11569.t1,Not_Target,Not_Target,Not_Target
echi11570.t1,Not_Target,Myosin_22,Myosin_1
echi11571.t1,Not_Target,Not_Target,Myosin_20
echi11572.t1,Not_Target,Not_Target,Myosin_3
echi11573.t1,Not_Target,Not_Target,Not_Target
echi11574.t1,Not_Target,Not_Target,Not_Target
echi11575.t1,Myosin_1,Not_Target,Not_Target
echi11576.t1,Not_Target,Myosin_1,Not_Target
echi11577.t1,Not_Target,Not_Target,Not_Target
echi11578.t1,Myosin_26,Not_Target,Not_Target
echi11579.t1,Myosin_1,Not_Target,Not_Target
echi11580.t1,Not_Target,Not_Target,Not_Target
echi11581.t1,Myosin_37,Myosin_5,Not_Target
echi11582.t1,Not_Target,Not_Target,Not_Target
echi11583.t1,Myosin_15,Myosin_15,Myosin_5
echi11584.t1,Not_Target,Not_Target,Not_Target
echi11585.t1,Not_Target,Not_Target,Not_Target
echi11586.t1,Not_Target,Not_Target,Not_Target
echi11587.t1,Not_Target,Not_Target,Not_Target
echi11588.t1,Not_Target,Not_Target,Not_Target
echi11589.t1,Not_Target,Not_Target,Not_Target
echi11590.t1,Not_Target,Not_Target,Not_Target
echi11591.t1,Not_Target,Myosin_19,Not_Target
echi11592.t1,Not_Target,Not_Target,Not_Target
echi11593.t1,Not_Target,Myosin_80,Not_Target
echi11594.t1,Not_Target,Myosin_1,Not_Target
echi11477.t1,Not_Target,Not_Target,Not_Target
echi11478.t1,Not_Target,Not_Target,Not_Target
echi11479.t1,Not_Target,Myosin_17,Not_Target
echi11480.t1,Myosin_17,Myosin_25,Myosin_36
echi11481.t1,Not_Target,Not_Target,Not_Target
echi11482.t1,Not_Target,Not_Target,Not_Target
echi11483.t1,Not_Target,Not_Target,Not_Target
echi11484.t1,Not_Target,Myosin_5,Not_Target
echi11485.t1,Not_Target,Not_Target,Not_Target
echi11486.t1,Not_Target,Myosin_7,Not_Target
echi11487.t1,Myosin_3,Myosin_3,Myosin_15
echi11488.t1,Not_Target,Not_Target,Not_Target
echi11489.t1,Not_Target,Not_Target,Not_Target
echi11490.t1,Myosin_37,Myosin_22,Not_Target
echi11491.t1,Not_Target,Myosin_18,Myosin_8
echi11492.t1,Myosin_45,Not_Target,Not_Target
echi11493.t1,Myosin_19,Myosin_1,Not_Target
echi11494.t1,Not_Target,Not_Target,Not_Target
echi11495.t1,Myosin_17,Not_Target,Myosin_22
echi11496.t1,Not_Target,Not_Target,Not_Target
echi11497.t1,Not_Target,Not_Target,Not_Target
echi11498.t1,Not_Target,Not_Target,Not_Target
echi11499.t1,Not_Target,Not_Target,Not_Target
echi11500.t1,Not_Target,Not_Target,Myosin_71
echi2201.t1,Not_Target,Myosin_8,Not_Target
echi2202.t1,Myosin_15,Myosin_9,Myosin_9
echi2203.t1,Not_Target,Not_Target,Not_Target
echi2204.t1,Not_Target,Not_Target,Not_Target
echi2205.t1,Not_Target,Myosin_19,Not_Target
echi2206.t1,Not_Target,Myosin_5,Not_Target
echi2207.t1,Not_Target,Not_Target,Not_Target
echi2208.t1,Myosin_36,Myosin_17,Myosin_22
echi2209.t1,Myosin_26,Not_Target,Myosin_3
echi2210.t1,Not_Target,Myosin_19,Not_Target
echi2211.t1,Not_Target,Not_Target,Not_Target
echi2212.t1,Myosin_17,Myosin_17,Myosin_10
echi2213.t1,Not_Target,Not_Target,Not_Target
echi2214.t1,Myosin_36,Myosin_18,Myosin_17
echi2215.t1,Not_Target,Not_Target,Not_Target
echi2216.t1,Not_Target,Not_Target,Not_Target
echi2217.t1,Myosin_18,Not_Target,Not_Target
echi2218.t1,Myosin_18,Myosin_18,Not_Target
echi8768.t1,Not_Target,Not_Target,Myosin_42
echi8769.t1,Not_Target,Myosin_43,Myosin_51
echi8770.t1,Not_Target,Not_Target,Not_Target
echi8771.t1,Not_Target,Not_Target,Not_Target
echi8772.t1,Myosin_26,Not_Target,Not_Target
echi8773.t1,Not_Target,Not_Target,Not_Target
echi8774.t1,Myosin_36,Not_Target,Myosin_36
echi8775.t1,Myosin_18,Myosin_18,Myosin_18
echi8776.t1,Myosin_53,Not_Target,Myosin_67
echi8777.t1,Myosin_1,Not_Target,Not_Target
echi8778.t1,Myosin_15,Myosin_15,Myosin_7
echi8779.t1,Myosin_5,Myosin_5,Not_Target
echi8780.t1,Myosin_26,Myosin_3,Not_Target
echi8781.t1,Not_Target,Not_Target,Not_Target
echi8782.t1,Myosin_26,Myosin_3,Not_Target
echi8783.t1,Myosin_1,Not_Target,Myosin_5
echi8784.t1,Not_Target,Not_Target,Not_Target
echi8785.t1,Not_Target,Not_Target,Not_Target
echi431.t1,Not_Target,Not_Target,Not_Target
echi432.t1,Not_Target,Not_Target,Not_Target
echi433.t1,Not_Target,Not_Target,Myosin_20
echi434.t1,Not_Target,Not_Target,Myosin_3
echi435.t1,Actin,Actin,Actin
echi436.t1,Not_Target,Not_Target,Not_Target
echi437.t1,Myosin_31,Not_Target,Not_Target
echi438.t1,Myosin_3,Myosin_3,Myosin_1
echi439.t1,Not_Target,Not_Target,Not_Target
echi440.t1,Not_Target,Myosin_17,Myosin_17
echi441.t1,Not_Target,Myosin_19,Not_Target
echi442.t1,Not_Target,Myosin_19,Not_Target
echi443.t1,Not_Target,Not_Target,Not_Target
echi444.t1,Myosin_6,Myosin_57,Myosin_57
echi445.t1,Myosin_45,Not_Target,Not_Target
echi446.t1,Not_Target,Not_Target,Not_Target
echi447.t1,Not_Target,Not_Target,Not_Target
echi448.t1,Myosin_69,Myosin_5,Myosin_5
echi449.t1,Myosin_57,Myosin_57,Not_Target
echi450.t1,Not_Target,Not_Target,Not_Target
echi451.t1,Not_Target,Not_Target,Not_Target
echi452.t1,Not_Target,Not_Target,Not_Target
echi453.t1,Not_Target,Not_Target,Not_Target
echi454.t1,Myosin_26,Not_Target,Myosin_3
echi455.t1,Not_Target,Not_Target,Myosin_20
echi456.t1,Not_Target,Not_Target,Myosin_20
echi457.t1,Not_Target,Not_Target,Not_Target
echi458.t1,Myosin_3,Myosin_3,Myosin_3
echi4459.t1,Myosin_9,Not_Target,Myosin_4
echi4460.t1,Not_Target,Not_Target,Not_Target
echi4461.t1,Not_Target,Not_Target,Not_Target
echi4462.t1,Not_Target,Myosin_20,Not_Target
echi4463.t1,Myosin_20,Not_Target,Myosin_20
echi4464.t1,Myosin_5,Myosin_5,Myosin_5
echi4465.t1,Not_Target,Not_Target,Not_Target
echi4466.t1,Not_Target,Not_Target,Not_Target
echi4467.t1,Not_Target,Not_Target,Not_Target
echi4468.t1,Not_Target,Myosin_5,Not_Target
echi4469.t1,Not_Target,Myosin_19,Not_Target
echi4470.t1,Not_Target,Not_Target,Not_Target
echi4471.t1,Not_Target,Not_Target,Not_Target
echi4472.t1,Not_Target,Not_Target,Not_Target
echi4473.t1,Not_Target,Not_Target,Not_Target
echi4474.t1,Not_Target,Myosin_57,Myosin_19
echi4475.t1,Myosin_1,Myosin_64,Myosin_10
echi4476.t1,Myosin_17,Not_Target,Myosin_17
echi4477.t1,Not_Target,Not_Target,Not_Target
echi4478.t1,Not_Target,Not_Target,Not_Target
echi4479.t1,Not_Target,Not_Target,Not_Target
echi4480.t1,Myosin_15,Myosin_15,Myosin_15
echi4481.t1,Not_Target,Not_Target,Not_Target
echi4482.t1,Not_Target,Not_Target,Not_Target
echi4483.t1,Myosin_77,Myosin_45,Not_Target
echi4484.t1,Myosin_57,Not_Target,Myosin_3
echi4485.t1,Myosin_51,Myosin_1,Myosin_81
echi5044.t1,Not_Target,Not_Target,Not_Target
echi5045.t1,Not_Target,Not_Target,Not_Target
echi5046.t1,Myosin_3,Myosin_9,Myosin_16
echi5047.t1,Not_Target,Not_Target,Myosin_24
echi5048.t1,Myosin_45,Myosin_16,Myosin_16
echi5049.t1,Myosin_2,Myosin_1,Not_Target
echi5050.t1,Myosin_17,Myosin_17,Myosin_64
echi5051.t1,Myosin_23,Myosin_23,Myosin_5
echi5052.t1,Myosin_45,Not_Target,Myosin_8
echi5053.t1,Not_Target,Not_Target,Myosin_8
echi5054.t1,Myosin_64,Myosin_5,Not_Target
echi5055.t1,Not_Target,Myosin_5,Not_Target
echi5056.t1,Myosin_74,Not_Target,Not_Target
echi5057.t1,Not_Target,Myosin_19,Not_Target
echi5058.t1,Not_Target,Not_Target,Not_Target
echi5059.t1,Not_Target,Not_Target,Not_Target
echi5060.t1,Myosin_26,Not_Target,Myosin_1
echi5061.t1,Myosin_18,Myosin_6,Myosin_2
echi5062.t1,Myosin_29,Not_Target,Myosin_13
echi14224.t1,Not_Target,Not_Target,Myosin_1
echi14225.t1,Not_Target,Not_Target,Not_Target
echi14226.t1,Not_Target,Not_Target,Not_Target
echi14227.t1,Not_Target,Not_Target,Myosin_2
echi14228.t1,Myosin_17,Not_Target,Myosin_17
echi14229.t1,Not_Target,Not_Target,Not_Target
echi14230.t1,Myosin_45,Not_Target,Myosin_11
echi14231.t1,Not_Target,Not_Target,Not_Target
echi14232.t1,Not_Target,Not_Target,Not_Target
echi14233.t1,Not_Target,Not_Target,Not_Target
echi14234.t1,Not_Target,Not_Target,Not_Target
echi14235.t1,Not_Target,Not_Target,Not_Target
echi14236.t1,Not_Target,Not_Target,Myosin_20
echi14237.t1,Not_Target,Not_Target,Not_Target
echi14238.t1,Not_Target,Not_Target,Not_Target
echi14239.t1,Myosin_45,Myosin_74,Myosin_1
echi14240.t1,Not_Target,Not_Target,Not_Target
echi14241.t1,Myosin_15,Not_Target,Myosin_1
echi14242.t1,Myosin_6,Not_Target,Not_Target
echi14243.t1,Not_Target,Myosin_26,Not_Target
echi14244.t1,Not_Target,Not_Target,Myosin_71
echi14245.t1,Myosin_5,Myosin_5,Myosin_57
echi14246.t1,Not_Target,Not_Target,Myosin_16
echi14247.t1,Not_Target,Not_Target,Not_Target
echi14248.t1,Not_Target,Myosin_5,Myosin_53
echi9224.t1,Not_Target,Not_Target,Myosin_19
echi9225.t1,Not_Target,Not_Target,Not_Target
echi9226.t1,Myosin_5,Myosin_5,Myosin_5
echi9227.t1,Myosin_5,Myosin_5,Myosin_27
echi9228.t1,Not_Target,Not_Target,Not_Target
echi9229.t1,Myosin_18,Myosin_43,Myosin_72
echi9230.t1,Not_Target,Not_Target,Not_Target
echi9231.t1,Not_Target,Not_Target,Myosin_2
echi9232.t1,Not_Target,Not_Target,Myosin_40
echi9233.t1,Not_Target,Not_Target,Not_Target
echi9234.t1,Not_Target,Not_Target,Not_Target
echi9235.t1,Myosin_22,Myosin_22,Myosin_22
echi9236.t1,Not_Target,Not_Target,Myosin_14
echi9237.t1,Not_Target,Not_Target,Not_Target
echi9238.t1,Not_Target,Not_Target,Not_Target
echi9239.t1,Not_Target,Not_Target,Not_Target
echi9240.t1,Myosin_45,Not_Target,Myosin_5
echi9241.t1,Not_Target,Not_Target,Not_Target
echi9242.t1,Not_Target,Not_Target,Not_Target
echi9243.t1,Not_Target,Not_Target,Not_Target
echi9244.t1,Myosin_5,Myosin_5,Myosin_5
echi10164.t1,Myosin_51,Not_Target,Myosin_23
echi10165.t1,Not_Target,Not_Target,Not_Target
echi10166.t1,Myosin_18,Not_Target,Myosin_5
echi10167.t1,Not_Target,Not_Target,Not_Target
echi10168.t1,Not_Target,Not_Target,Not_Target
echi10169.t1,Not_Target,Myosin_6,Not_Target
echi10170.t1,Myosin_4,Myosin_3,Myosin_4
echi10171.t1,Myosin_15,Myosin_15,Myosin_15
echi10172.t1,Myosin_18,Not_Target,Myosin_54
echi10173.t1,Not_Target,Not_Target,Not_Target
echi10174.t1,Myosin_15,Myosin_15,Myosin_15
echi10175.t1,Not_Target,Not_Target,Not_Target
echi10176.t1,Not_Target,Not_Target,Myosin_51
echi10177.t1,Myosin_45,Myosin_5,Myosin_26
echi10178.t1,Not_Target,Not_Target,Not_Target
echi10179.t1,Not_Target,Not_Target,Not_Target
echi10180.t1,Myosin_31,Not_Target,Not_Target
echi10181.t1,Not_Target,Myosin_1,Not_Target
echi10182.t1,Not_Target,Not_Target,Not_Target
echi15946.t1,Not_Target,Not_Target,Not_Target
echi15947.t1,Not_Target,Not_Target,Not_Target
echi15948.t1,Not_Target,Not_Target,Myosin_37
echi15949.t1,Not_Target,Myosin_6,Not_Target
echi15950.t1,Not_Target,Myosin_1,Myosin_57
echi15951.t1,Not_Target,Myosin_27,Not_Target
echi15952.t1,Not_Target,Not_Target,Myosin_24
echi15953.t1,Not_Target,Not_Target,Not_Target
echi15954.t1,Myosin_2,Not_Target,Not_Target
echi15955.t1,Not_Target,Not_Target,Myosin_8
echi15956.t1,Myosin_16,Myosin_16,Myosin_67
echi15957.t1,Not_Target,Not_Target,Not_Target
echi15958.t1,Not_Target,Not_Target,Myosin_64
echi15959.t1,Myosin_51,Not_Target,Myosin_19
echi15960.t1,Not_Target,Myosin_5,Not_Target
echi15961.t1,Myosin_36,Not_Target,Myosin_36
echi15962.t1,Myosin_1,Not_Target,Not_Target
echi15963.t1,Not_Target,Not_Target,Myosin_1
echi15964.t1,Not_Target,Not_Target,Not_Target
echi15965.t1,Myosin_15,Myosin_22,Myosin_15
echi15966.t1,Myosin_6,Not_Target,Not_Target
echi15967.t1,Myosin_1,Myosin_1,Not_Target
echi15968.t1,Not_Target,Not_Target,Myosin_19
echi129.t1,Myosin_45,Not_Target,Myosin_15
echi130.t1,Not_Target,Not_Target,Not_Target
echi131.t1,Not_Target,Not_Target,Not_Target
echi132.t1,Not_Target,Not_Target,Myosin_2
echi133.t1,Not_Target,Not_Target,Not_Target
echi134.t1,Not_Target,Myosin_2,Not_Target
echi135.t1,Not_Target,Not_Target,Not_Target
echi136.t1,Not_Target,Myosin_5,Not_Target
echi137.t1,Not_Target,Not_Target,Not_Target
echi138.t1,Myosin_81,Not_Target,Not_Target
echi139.t1,Not_Target,Not_Target,Myosin_54
echi140.t1,Not_Target,Not_Target,Not_Target
echi141.t1,Not_Target,Not_Target,Myosin_4
echi142.t1,Myosin_37,Myosin_37,Not_Target
echi143.t1,Not_Target,Not_Target,Not_Target
echi144.t1,Myosin_15,Myosin_6,Myosin_3
echi145.t1,Myosin_23,Myosin_45,Myosin_9
echi146.t1,Myosin_74,Not_Target,Myosin_27
echi147.t1,Not_Target,Not_Target,Not_Target
echi148.t1,Not_Target,Not_Target,Not_Target
echi149.t1,Myosin_45,Not_Target,Myosin_11
echi150.t1,Not_Target,Not_Target,Not_Target
echi1955.t1,Not_Target,Not_Target,Not_Target
echi1956.t1,Not_Target,Not_Target,Not_Target
echi1957.t1,Myosin_1,Not_Target,Myosin_18
echi1958.t1,Myosin_18,Myosin_6,Myosin_18
echi1959.t1,Not_Target,Not_Target,Not_Target
echi1960.t1,Myosin_37,Not_Target,Not_Target
echi1961.t1,Myosin_20,Not_Target,Myosin_24
echi1962.t1,Not_Target,Not_Target,Not_Target
echi1963.t1,Myosin_18,Myosin_18,Myosin_18
echi1964.t1,Not_Target,Not_Target,Not_Target
echi1965.t1,Not_Target,Not_Target,Not_Target
echi1966.t1,Not_Target,Not_Target,Not_Target
echi1967.t1,Not_Target,Actin,Not_Target
echi1968.t1,Not_Target,Not_Target,Not_Target
echi1969.t1,Not_Target,Not_Target,Myosin_5
echi1970.t1,Not_Target,Not_Target,Not_Target
echi1971.t1,Not_Target,Not_Target,Not_Target
echi1972.t1,Myosin_45,Myosin_16,Not_Target
echi1973.t1,Myosin_1,Not_Target,Not_Target
echi1974.t1,Not_Target,Not_Target,Not_Target
echi1975.t1,Myosin_19,Not_Target,Not_Target
echi1976.t1,Not_Target,Myosin_2,Not_Target
echi1977.t1,Not_Target,Not_Target,Not_Target
echi1978.t1,Not_Target,Myosin_3,Not_Target
echi1979.t1,Not_Target,Not_Target,Not_Target
echi1980.t1,Not_Target,Not_Target,Not_Target
echi1981.t1,Myosin_2,Myosin_2,Myosin_2
echi1982.t1,Myosin_18,Myosin_5,Myosin_19
echi1983.t1,Not_Target,Myosin_17,Not_Target
echi9519.t1,Not_Target,Not_Target,Myosin_13
echi9520.t1,Not_Target,Myosin_11,Not_Target
echi9521.t1,Myosin_2,Myosin_57,Not_Target
echi9522.t1,Not_Target,Not_Target,Not_Target
echi9523.t1,Not_Target,Not_Target,Not_Target
echi9524.t1,Not_Target,Myosin_19,Not_Target
echi9525.t1,Myosin_2,Myosin_54,Not_Target
echi9526.t1,Myosin_45,Myosin_5,Myosin_18
echi9527.t1,Not_Target,Not_Target,Not_Target
echi9528.t1,Not_Target,Not_Target,Not_Target
echi9529.t1,Not_Target,Myosin_17,Not_Target
echi9530.t1,Not_Target,Myosin_18,Not_Target
echi9531.t1,Not_Target,Not_Target,Myosin_4
echi9532.t1,Myosin_3,Not_Target,Myosin_3
echi9533.t1,Not_Target,Not_Target,Not_Target
echi9534.t1,Not_Target,Not_Target,Not_Target
echi9535.t1,Not_Target,Not_Target,Not_Target
echi9536.t1,Myosin_5,Myosin_5,Myosin_5
echi9537.t1,Not_Target,Myosin_19,Not_Target
echi9538.t1,Myosin_45,Not_Target,Not_Target
echi9539.t1,Not_Target,Not_Target,Not_Target
echi9540.t1,Not_Target,Not_Target,Not_Target
echi9541.t1,Not_Target,Not_Target,Not_Target
echi9542.t1,Myosin_18,Myosin_5,Myosin_68
echi9543.t1,Not_Target,Not_Target,Not_Target
echi11900.t1,Not_Target,Not_Target,Not_Target
echi11901.t1,Not_Target,Not_Target,Not_Target
echi11902.t1,Myosin_26,Not_Target,Not_Target
echi11903.t1,Not_Target,Myosin_11,Not_Target
echi11904.t1,Not_Target,Not_Target,Not_Target
echi11905.t1,Myosin_45,Not_Target,Not_Target
echi11906.t1,Not_Target,Not_Target,Not_Target
echi11907.t1,Not_Target,Myosin_8,Myosin_11
echi11908.t1,Not_Target,Not_Target,Myosin_3
echi11909.t1,Not_Target,Not_Target,Not_Target
echi11910.t1,Not_Target,Not_Target,Not_Target
echi11911.t1,Not_Target,Not_Target,Not_Target
echi11912.t1,Not_Target,Not_Target,Not_Target
echi11913.t1,Not_Target,Not_Target,Not_Target
echi11914.t1,Not_Target,Not_Target,Not_Target
echi11915.t1,Not_Target,Not_Target,Not_Target
echi11916.t1,Not_Target,Not_Target,Not_Target
echi11917.t1,Not_Target,Not_Target,Not_Target
echi11918.t1,Not_Target,Not_Target,Myosin_1
echi11919.t1,Not_Target,Not_Target,Myosin_51
echi11920.t1,Not_Target,Not_Target,Myosin_3
echi11921.t1,Myosin_45,Myosin_57,Not_Target
echi11922.t1,Not_Target,Not_Target,Not_Target
echi11923.t1,Not_Target,Not_Target,Not_Target
echi11924.t1,Not_Target,Myosin_8,Not_Target
echi11925.t1,Not_Target,Not_Target,Not_Target
echi9264.t1,Not_Target,Myosin_4,Not_Target
echi9265.t1,Not_Target,Myosin_1,Not_Target
echi9266.t1,Not_Target,Myosin_17,Myosin_17
echi9267.t1,Myosin_3,Myosin_26,Myosin_16
echi9268.t1,Not_Target,Not_Target,Not_Target
echi9269.t1,Not_Target,Not_Target,Not_Target
echi9270.t1,Not_Target,Myosin_7,Myosin_6
echi9271.t1,Myosin_19,Myosin_19,Myosin_4
echi9272.t1,Not_Target,Not_Target,Not_Target
echi9273.t1,Myosin_6,Not_Target,Not_Target
echi9274.t1,Not_Target,Not_Target,Not_Target
echi9275.t1,Not_Target,Not_Target,Not_Target
echi9276.t1,Not_Target,Not_Target,Not_Target
echi9277.t1,Myosin_1,Not_Target,Myosin_37
echi9278.t1,Not_Target,Not_Target,Myosin_19
echi9279.t1,Not_Target,Not_Target,Not_Target
echi9280.t1,Not_Target,Myosin_5,Not_Target
echi9281.t1,Myosin_71,Not_Target,Not_Target
echi9282.t1,Myosin_71,Not_Target,Myosin_30
echi9283.t1,Not_Target,Not_Target,Not_Target
echi9284.t1,Not_Target,Not_Target,Not_Target
echi9285.t1,Not_Target,Not_Target,Myosin_28
echi9286.t1,Not_Target,Not_Target,Myosin_1
echi12516.t1,Myosin_16,Not_Target,Not_Target
echi12517.t1,Not_Target,Not_Target,Not_Target
echi12518.t1,Not_Target,Not_Target,Not_Target
echi12519.t1,Not_Target,Not_Target,Not_Target
echi12520.t1,Not_Target,Myosin_2,Not_Target
echi12521.t1,Not_Target,Not_Target,Not_Target
echi12522.t1,Not_Target,Not_Target,Not_Target
echi12523.t1,Not_Target,Not_Target,Not_Target
echi12524.t1,Myosin_31,Not_Target,Not_Target
echi12525.t1,Not_Target,Not_Target,Not_Target
echi12526.t1,Not_Target,Not_Target,Not_Target
echi12527.t1,Not_Target,Not_Target,Myosin_20
echi12528.t1,Not_Target,Not_Target,Not_Target
echi12529.t1,Not_Target,Not_Target,Not_Target
echi12530.t1,Not_Target,Not_Target,Not_Target
echi12531.t1,Not_Target,Not_Target,Not_Target
echi12532.t1,Myosin_68,Myosin_68,Myosin_37
echi12533.t1,Not_Target,Not_Target,Myosin_1
echi12534.t1,Not_Target,Not_Target,Not_Target
echi12535.t1,Not_Target,Not_Target,Myosin_24
echi12536.t1,Myosin_15,Myosin_22,Myosin_15
echi15467.t1,Not_Target,Not_Target,Not_Target
echi15468.t1,Not_Target,Not_Target,Not_Target
echi15469.t1,Not_Target,Not_Target,Not_Target
echi15470.t1,Not_Target,Not_Target,Not_Target
echi15471.t1,Not_Target,Myosin_1,Myosin_6
echi15472.t1,Myosin_81,Myosin_6,Not_Target
echi15473.t1,Not_Target,Not_Target,Not_Target
echi15474.t1,Myosin_45,Myosin_16,Myosin_16
echi15475.t1,Not_Target,Myosin_57,Myosin_57
echi15476.t1,Myosin_18,Not_Target,Not_Target
echi15477.t1,Not_Target,Not_Target,Myosin_5
echi15478.t1,Not_Target,Not_Target,Not_Target
echi15479.t1,Myosin_5,Myosin_5,Myosin_16
echi15480.t1,Myosin_30,Myosin_1,Myosin_3
echi15481.t1,Myosin_8,Not_Target,Not_Target
echi15482.t1,Myosin_26,Not_Target,Myosin_52
echi15483.t1,Myosin_81,Not_Target,Not_Target
echi15484.t1,Not_Target,Not_Target,Not_Target
echi15485.t1,Not_Target,Myosin_1,Not_Target
echi15486.t1,Not_Target,Not_Target,Myosin_64
echi15487.t1,Not_Target,Not_Target,Not_Target
echi11232.t1,Myosin_17,Myosin_1,Myosin_37
echi11233.t1,Not_Target,Not_Target,Not_Target
echi11234.t1,Not_Target,Not_Target,Not_Target
echi11235.t1,Not_Target,Myosin_5,Not_Target
echi11236.t1,Not_Target,Not_Target,Not_Target
echi11237.t1,Not_Target,Myosin_17,Myosin_57
echi11238.t1,Not_Target,Not_Target,Not_Target
echi11239.t1,Not_Target,Not_Target,Not_Target
echi11240.t1,Not_Target,Not_Target,Myosin_19
echi11241.t1,Not_Target,Not_Target,Not_Target
echi11242.t1,Not_Target,Not_Target,Myosin_53
echi11243.t1,Not_Target,Not_Target,Not_Target
echi11244.t1,Not_Target,Not_Target,Myosin_71
echi11245.t1,Not_Target,Not_Target,Not_Target
echi11246.t1,Not_Target,Not_Target,Myosin_19
echi11247.t1,Not_Target,Not_Target,Not_Target
echi11248.t1,Not_Target,Not_Target,Not_Target
echi11249.t1,Myosin_9,Myosin_26,Myosin_36
echi11250.t1,Not_Target,Not_Target,Not_Target
echi11251.t1,Not_Target,Not_Target,Myosin_40
echi11252.t1,Not_Target,Not_Target,Not_Target
echi11253.t1,Not_Target,Not_Target,Not_Target
echi11254.t1,Not_Target,Not_Target,Myosin_1
echi5385.t1,Myosin_6,Myosin_6,Myosin_73
echi5386.t1,Not_Target,Not_Target,Myosin_11
echi5387.t1,Not_Target,Myosin_51,Not_Target
echi5388.t1,Not_Target,Not_Target,Myosin_20
echi5389.t1,Not_Target,Not_Target,Not_Target
echi5390.t1,Not_Target,Not_Target,Not_Target
echi5391.t1,Not_Target,Myosin_26,Not_Target
echi5392.t1,Myosin_24,Myosin_11,Myosin_4
echi5393.t1,Not_Target,Not_Target,Not_Target
echi5394.t1,Not_Target,Not_Target,Not_Target
echi5395.t1,Not_Target,Myosin_43,Not_Target
echi5396.t1,Not_Target,Myosin_2,Not_Target
echi5397.t1,Not_Target,Not_Target,Not_Target
echi5398.t1,Not_Target,Not_Target,Myosin_51
echi5400.t1,Not_Target,Not_Target,Myosin_20
echi5401.t1,Myosin_34,Not_Target,Myosin_78
echi5402.t1,Myosin_18,Myosin_19,Myosin_5
echi5403.t1,Not_Target,Not_Target,Myosin_57
echi5404.t1,Not_Target,Not_Target,Myosin_57
echi5405.t1,Myosin_18,Myosin_19,Myosin_5
echi5406.t1,Not_Target,Not_Target,Not_Target
echi5608.t1,Not_Target,Not_Target,Myosin_20
echi5609.t1,Not_Target,Not_Target,Not_Target
echi5610.t1,Not_Target,Not_Target,Not_Target
echi5611.t1,Myosin_45,Myosin_45,Myosin_16
echi5612.t1,Not_Target,Not_Target,Not_Target
echi5613.t1,Not_Target,Not_Target,Not_Target
echi5614.t1,Not_Target,Myosin_43,Myosin_5
echi5615.t1,Myosin_8,Myosin_5,Not_Target
echi5616.t1,Not_Target,Not_Target,Myosin_36
echi5617.t1,Myosin_17,Not_Target,Not_Target
echi5618.t1,Not_Target,Not_Target,Not_Target
echi5619.t1,Not_Target,Not_Target,Not_Target
echi5620.t1,Not_Target,Not_Target,Myosin_24
echi5621.t1,Not_Target,Not_Target,Myosin_14
echi5622.t1,Not_Target,Not_Target,Myosin_23
echi5623.t1,Not_Target,Not_Target,Not_Target
echi5624.t1,Myosin_15,Not_Target,Myosin_3
echi5625.t1,Not_Target,Not_Target,Not_Target
echi5626.t1,Not_Target,Not_Target,Not_Target
echi5627.t1,Not_Target,Not_Target,Not_Target
echi5628.t1,Not_Target,Not_Target,Not_Target
echi2141.t1,Not_Target,Not_Target,Not_Target
echi2142.t1,Myosin_5,Myosin_5,Myosin_10
echi2143.t1,Not_Target,Not_Target,Not_Target
echi2144.t1,Myosin_17,Not_Target,Myosin_1
echi2145.t1,Myosin_45,Not_Target,Myosin_18
echi2146.t1,Not_Target,Not_Target,Myosin_3
echi2147.t1,Not_Target,Not_Target,Not_Target
echi2148.t1,Myosin_17,Not_Target,Myosin_22
echi2149.t1,Myosin_2,Not_Target,Not_Target
echi2150.t1,Myosin_26,Not_Target,Myosin_8
echi2151.t1,Myosin_26,Not_Target,Not_Target
echi2152.t1,Myosin_18,Myosin_16,Myosin_3
echi2153.t1,Not_Target,Myosin_16,Not_Target
echi2154.t1,Not_Target,Not_Target,Not_Target
echi2155.t1,Not_Target,Not_Target,Not_Target
echi9486.t1,Not_Target,Not_Target,Not_Target
echi9487.t1,Not_Target,Not_Target,Myosin_45
echi9488.t1,Not_Target,Not_Target,Not_Target
echi9489.t1,Myosin_18,Myosin_18,Myosin_3
echi9490.t1,Not_Target,Not_Target,Myosin_18
echi9491.t1,Myosin_15,Myosin_15,Myosin_15
echi9492.t1,Not_Target,Not_Target,Myosin_5
echi9493.t1,Myosin_45,Myosin_16,Myosin_26
echi9494.t1,Not_Target,Not_Target,Not_Target
echi9495.t1,Not_Target,Not_Target,Not_Target
echi9496.t1,Not_Target,Not_Target,Not_Target
echi9497.t1,Myosin_15,Myosin_15,Myosin_18
echi9498.t1,Not_Target,Myosin_5,Not_Target
echi9499.t1,Not_Target,Myosin_18,Not_Target
echi7911.t1,Myosin_1,Myosin_1,Myosin_5
echi7912.t1,Not_Target,Not_Target,Not_Target
echi7913.t1,Not_Target,Myosin_51,Not_Target
echi7914.t1,Not_Target,Not_Target,Not_Target
echi7915.t1,Not_Target,Not_Target,Not_Target
echi7916.t1,Not_Target,Not_Target,Not_Target
echi7917.t1,Myosin_6,Myosin_6,Myosin_6
echi7918.t1,Myosin_45,Not_Target,Not_Target
echi7919.t1,Myosin_17,Myosin_17,Not_Target
echi7920.t1,Not_Target,Not_Target,Myosin_1
echi7921.t1,Myosin_5,Myosin_5,Myosin_5
echi7922.t1,Myosin_37,Myosin_11,Myosin_20
echi7923.t1,Not_Target,Not_Target,Not_Target
echi7924.t1,Myosin_15,Myosin_4,Myosin_7
echi7925.t1,Not_Target,Myosin_81,Not_Target
echi7926.t1,Not_Target,Not_Target,Not_Target
echi7927.t1,Not_Target,Not_Target,Not_Target
echi7928.t1,Not_Target,Not_Target,Myosin_43
echi7929.t1,Not_Target,Not_Target,Not_Target
echi7930.t1,Myosin_20,Myosin_16,Not_Target
echi7931.t1,Myosin_15,Myosin_15,Myosin_68
echi7932.t1,Not_Target,Not_Target,Not_Target
echi7933.t1,Not_Target,Not_Target,Myosin_23
echi7934.t1,Not_Target,Myosin_19,Not_Target
echi7935.t1,Myosin_82,Not_Target,Myosin_64
echi8103.t1,Myosin_23,Not_Target,Myosin_27
echi8104.t1,Not_Target,Not_Target,Not_Target
echi8105.t1,Myosin_2,Not_Target,Not_Target
echi8106.t1,Not_Target,Not_Target,Not_Target
echi8107.t1,Myosin_15,Myosin_7,Myosin_8
echi8108.t1,Not_Target,Not_Target,Not_Target
echi8109.t1,Not_Target,Not_Target,Myosin_23
echi8110.t1,Not_Target,Not_Target,Not_Target
echi8111.t1,Myosin_6,Not_Target,Not_Target
echi8112.t1,Not_Target,Not_Target,Not_Target
echi8113.t1,Not_Target,Not_Target,Not_Target
echi8114.t1,Not_Target,Not_Target,Not_Target
echi8115.t1,Not_Target,Not_Target,Not_Target
echi8116.t1,Not_Target,Myosin_28,Myosin_36
echi8117.t1,Not_Target,Not_Target,Not_Target
echi8118.t1,Not_Target,Not_Target,Myosin_3
echi8119.t1,Not_Target,Not_Target,Not_Target
echi8120.t1,Not_Target,Not_Target,Myosin_2
echi8121.t1,Not_Target,Not_Target,Not_Target
echi8122.t1,Myosin_1,Myosin_1,Not_Target
echi8123.t1,Myosin_31,Myosin_31,Not_Target
echi8124.t1,Not_Target,Not_Target,Not_Target
echi8125.t1,Not_Target,Not_Target,Myosin_1
echi8126.t1,Not_Target,Myosin_19,Myosin_4
echi8127.t1,Not_Target,Not_Target,Not_Target
echi8128.t1,Myosin_24,Not_Target,Myosin_5
echi8129.t1,Not_Target,Myosin_6,Myosin_20
echi8130.t1,Not_Target,Not_Target,Myosin_3
echi8324.t1,Not_Target,Not_Target,Not_Target
echi8325.t1,Not_Target,Not_Target,Not_Target
echi8326.t1,Not_Target,Not_Target,Not_Target
echi8327.t1,Not_Target,Myosin_19,Not_Target
echi8328.t1,Not_Target,Not_Target,Myosin_2
echi8329.t1,Not_Target,Not_Target,Not_Target
echi8330.t1,Not_Target,Not_Target,Not_Target
echi8331.t1,Not_Target,Not_Target,Not_Target
echi8332.t1,Not_Target,Not_Target,Not_Target
echi8333.t1,Not_Target,Not_Target,Not_Target
echi8334.t1,Not_Target,Not_Target,Not_Target
echi8335.t1,Myosin_17,Not_Target,Myosin_19
echi8336.t1,Not_Target,Myosin_7,Not_Target
echi8337.t1,Not_Target,Not_Target,Myosin_3
echi8338.t1,Not_Target,Not_Target,Not_Target
echi8339.t1,Myosin_17,Myosin_17,Myosin_22
echi8340.t1,Not_Target,Not_Target,Not_Target
echi8341.t1,Not_Target,Not_Target,Not_Target
echi8342.t1,Not_Target,Myosin_16,Myosin_19
echi4104.t1,Not_Target,Myosin_19,Not_Target
echi4105.t1,Not_Target,Myosin_57,Not_Target
echi4106.t1,Not_Target,Not_Target,Not_Target
echi4107.t1,Not_Target,Not_Target,Not_Target
echi4108.t1,Not_Target,Myosin_18,Not_Target
echi4109.t1,Myosin_45,Not_Target,Not_Target
echi4110.t1,Myosin_16,Myosin_22,Myosin_20
echi4111.t1,Not_Target,Myosin_19,Not_Target
echi4112.t1,Not_Target,Myosin_19,Myosin_1
echi4113.t1,Not_Target,Myosin_20,Not_Target
echi4114.t1,Not_Target,Myosin_5,Not_Target
echi4115.t1,Not_Target,Not_Target,Not_Target
echi4116.t1,Not_Target,Not_Target,Not_Target
echi4117.t1,Myosin_23,Myosin_23,Myosin_51
echi4118.t1,Not_Target,Not_Target,Not_Target
echi4119.t1,Not_Target,Not_Target,Not_Target
echi4120.t1,Not_Target,Not_Target,Not_Target
echi4121.t1,Myosin_45,Not_Target,Not_Target
echi4122.t1,Not_Target,Not_Target,Not_Target
echi4123.t1,Not_Target,Myosin_19,Myosin_18
echi4124.t1,Not_Target,Not_Target,Myosin_24
echi16081.t1,Not_Target,Not_Target,Myosin_34
echi16082.t1,Not_Target,Not_Target,Not_Target
echi16083.t1,Not_Target,Not_Target,Not_Target
echi16084.t1,Not_Target,Not_Target,Not_Target
echi16085.t1,Myosin_32,Myosin_29,Myosin_15
echi16086.t1,Myosin_17,Myosin_17,Myosin_33
echi16087.t1,Not_Target,Not_Target,Not_Target
echi16088.t1,Not_Target,Myosin_19,Not_Target
echi16089.t1,Myosin_1,Myosin_1,Myosin_2
echi16090.t1,Not_Target,Not_Target,Not_Target
echi16091.t1,Myosin_18,Not_Target,Myosin_3
echi16092.t1,Not_Target,Not_Target,Not_Target
echi16093.t1,Myosin_16,Myosin_16,Myosin_3
echi16094.t1,Not_Target,Myosin_5,Not_Target
echi16095.t1,Not_Target,Myosin_5,Not_Target
echi16096.t1,Not_Target,Not_Target,Myosin_5
echi16097.t1,Not_Target,Not_Target,Not_Target
echi16098.t1,Not_Target,Not_Target,Not_Target
echi16099.t1,Not_Target,Not_Target,Myosin_4
echi16100.t1,Not_Target,Not_Target,Myosin_1
echi16101.t1,Not_Target,Myosin_1,Not_Target
echi13624.t1,Not_Target,Not_Target,Not_Target
echi13625.t1,Not_Target,Not_Target,Not_Target
echi13626.t1,Not_Target,Not_Target,Myosin_4
echi13627.t1,Not_Target,Myosin_19,Not_Target
echi13628.t1,Myosin_17,Not_Target,Myosin_80
echi13629.t1,Myosin_6,Not_Target,Not_Target
echi13630.t1,Not_Target,Not_Target,Myosin_58
echi13631.t1,Myosin_2,Myosin_2,Not_Target
echi13632.t1,Not_Target,Not_Target,Not_Target
echi13633.t1,Not_Target,Not_Target,Not_Target
echi13634.t1,Not_Target,Not_Target,Not_Target
echi13635.t1,Not_Target,Not_Target,Not_Target
echi13636.t1,Myosin_45,Not_Target,Not_Target
echi13637.t1,Not_Target,Not_Target,Not_Target
echi13638.t1,Myosin_4,Not_Target,Not_Target
echi13639.t1,Not_Target,Not_Target,Myosin_20
echi13640.t1,Not_Target,Not_Target,Not_Target
echi13641.t1,Not_Target,Myosin_57,Myosin_2
echi13642.t1,Not_Target,Not_Target,Myosin_2
echi13643.t1,Not_Target,Not_Target,Not_Target
echi15057.t1,Not_Target,Not_Target,Not_Target
echi15058.t1,Not_Target,Not_Target,Not_Target
echi15059.t1,Not_Target,Not_Target,Not_Target
echi15060.t1,Not_Target,Myosin_1,Not_Target
echi15061.t1,Not_Target,Not_Target,Myosin_8
echi15062.t1,Not_Target,Myosin_19,Not_Target
echi15063.t1,Myosin_26,Not_Target,Not_Target
echi15064.t1,Myosin_45,Myosin_5,Not_Target
echi15065.t1,Not_Target,Myosin_22,Not_Target
echi15066.t1,Not_Target,Not_Target,Not_Target
echi15067.t1,Not_Target,Not_Target,Myosin_8
echi15068.t1,Not_Target,Not_Target,Not_Target
echi15069.t1,Not_Target,Not_Target,Not_Target
echi15070.t1,Not_Target,Not_Target,Not_Target
echi15071.t1,Not_Target,Not_Target,Not_Target
echi15072.t1,Not_Target,Not_Target,Not_Target
echi15073.t1,Not_Target,Myosin_1,Myosin_1
echi15074.t1,Not_Target,Not_Target,Not_Target
echi15075.t1,Not_Target,Not_Target,Not_Target
echi15076.t1,Myosin_17,Myosin_17,Not_Target
echi15077.t1,Not_Target,Not_Target,Not_Target
echi15078.t1,Not_Target,Not_Target,Not_Target
echi15079.t1,Myosin_57,Myosin_6,Not_Target
echi15080.t1,Myosin_18,Myosin_18,Not_Target
echi15081.t1,Not_Target,Not_Target,Not_Target
echi6122.t1,Not_Target,Not_Target,Not_Target
echi6123.t1,Not_Target,Not_Target,Myosin_20
echi6124.t1,Not_Target,Not_Target,Not_Target
echi6125.t1,Not_Target,Myosin_14,Not_Target
echi6126.t1,Not_Target,Not_Target,Not_Target
echi6127.t1,Not_Target,Not_Target,Not_Target
echi6128.t1,Not_Target,Not_Target,Not_Target
echi6129.t1,Not_Target,Not_Target,Not_Target
echi6130.t1,Not_Target,Not_Target,Not_Target
echi6131.t1,Not_Target,Not_Target,Not_Target
echi6132.t1,Not_Target,Not_Target,Not_Target
echi6133.t1,Myosin_6,Myosin_6,Not_Target
echi6134.t1,Not_Target,Myosin_16,Myosin_4
echi6135.t1,Not_Target,Myosin_8,Myosin_1
echi6136.t1,Myosin_17,Not_Target,Myosin_17
echi6137.t1,Not_Target,Not_Target,Not_Target
echi6138.t1,Not_Target,Not_Target,Myosin_20
echi6139.t1,Not_Target,Myosin_5,Myosin_5
echi6140.t1,Not_Target,Not_Target,Not_Target
echi6141.t1,Not_Target,Not_Target,Not_Target
echi6142.t1,Not_Target,Not_Target,Not_Target
echi6143.t1,Not_Target,Myosin_1,Myosin_1
echi6144.t1,Myosin_3,Myosin_15,Myosin_68
echi6145.t1,Not_Target,Not_Target,Not_Target
echi6146.t1,Not_Target,Not_Target,Not_Target
echi7439.t1,Myosin_17,Not_Target,Myosin_49
echi7440.t1,Myosin_74,Not_Target,Myosin_1
echi7441.t1,Myosin_71,Not_Target,Myosin_73
echi7442.t1,Not_Target,Not_Target,Not_Target
echi7443.t1,Myosin_37,Myosin_3,Myosin_43
echi7444.t1,Myosin_1,Not_Target,Myosin_1
echi7445.t1,Not_Target,Not_Target,Not_Target
echi7446.t1,Myosin_15,Myosin_15,Myosin_15
echi7447.t1,Not_Target,Not_Target,Not_Target
echi7448.t1,Myosin_18,Myosin_18,Myosin_5
echi7449.t1,Not_Target,Not_Target,Not_Target
echi7450.t1,Myosin_45,Not_Target,Myosin_1
echi7451.t1,Not_Target,Not_Target,Not_Target
echi7452.t1,Not_Target,Not_Target,Not_Target
echi7453.t1,Not_Target,Myosin_16,Not_Target
echi7454.t1,Myosin_69,Myosin_1,Myosin_5
echi7455.t1,Not_Target,Not_Target,Not_Target
echi4238.t1,Myosin_22,Myosin_22,Myosin_22
echi4239.t1,Not_Target,Not_Target,Not_Target
echi4240.t1,Not_Target,Not_Target,Not_Target
echi4241.t1,Not_Target,Not_Target,Not_Target
echi4242.t1,Not_Target,Myosin_1,Not_Target
echi4243.t1,Not_Target,Not_Target,Myosin_18
echi4244.t1,Not_Target,Not_Target,Not_Target
echi4245.t1,Not_Target,Not_Target,Not_Target
echi4246.t1,Myosin_15,Myosin_15,Myosin_17
echi4247.t1,Not_Target,Not_Target,Not_Target
echi4248.t1,Myosin_18,Myosin_18,Myosin_16
echi4249.t1,Myosin_1,Myosin_1,Not_Target
echi4250.t1,Not_Target,Not_Target,Not_Target
echi4251.t1,Not_Target,Not_Target,Not_Target
echi4252.t1,Myosin_16,Myosin_16,Myosin_20
echi4253.t1,Not_Target,Myosin_71,Not_Target
echi4254.t1,Not_Target,Not_Target,Not_Target
echi4255.t1,Not_Target,Not_Target,Not_Target
echi16010.t1,Not_Target,Not_Target,Not_Target
echi16011.t1,Not_Target,Not_Target,Not_Target
echi16012.t1,Myosin_36,Myosin_17,Myosin_8
echi16013.t1,Not_Target,Not_Target,Not_Target
echi16014.t1,Not_Target,Not_Target,Not_Target
echi16015.t1,Not_Target,Not_Target,Not_Target
echi16016.t1,Not_Target,Not_Target,Not_Target
echi16017.t1,Not_Target,Not_Target,Not_Target
echi16018.t1,Myosin_29,Not_Target,Myosin_4
echi16019.t1,Myosin_17,Myosin_17,Myosin_5
echi16020.t1,Not_Target,Myosin_17,Myosin_2
echi16021.t1,Not_Target,Myosin_3,Myosin_22
echi16022.t1,Not_Target,Not_Target,Myosin_6
echi16023.t1,Not_Target,Not_Target,Myosin_4
echi16024.t1,Not_Target,Not_Target,Not_Target
echi16025.t1,Not_Target,Not_Target,Not_Target
echi8247.t1,Not_Target,Not_Target,Not_Target
echi8248.t1,Myosin_2,Not_Target,Not_Target
echi8249.t1,Not_Target,Myosin_18,Not_Target
echi8250.t1,Myosin_17,Myosin_17,Myosin_22
echi8251.t1,Myosin_17,Not_Target,Myosin_8
echi8252.t1,Not_Target,Not_Target,Not_Target
echi8253.t1,Not_Target,Not_Target,Not_Target
echi8254.t1,Not_Target,Not_Target,Not_Target
echi8255.t1,Myosin_36,Myosin_54,Myosin_9
echi8256.t1,Myosin_17,Myosin_1,Myosin_22
echi8257.t1,Not_Target,Not_Target,Not_Target
echi8258.t1,Myosin_19,Not_Target,Not_Target
echi8259.t1,Not_Target,Myosin_57,Myosin_57
echi8260.t1,Myosin_44,Myosin_44,Myosin_22
echi8261.t1,Not_Target,Not_Target,Not_Target
echi8262.t1,Not_Target,Not_Target,Not_Target
echi8263.t1,Not_Target,Myosin_19,Myosin_2
echi8264.t1,Not_Target,Not_Target,Not_Target
echi8265.t1,Not_Target,Myosin_5,Not_Target
echi8266.t1,Not_Target,Not_Target,Myosin_6
echi8267.t1,Not_Target,Not_Target,Not_Target
echi9855.t1,Not_Target,Not_Target,Myosin_8
echi9856.t1,Not_Target,Not_Target,Not_Target
echi9857.t1,Not_Target,Not_Target,Not_Target
echi9858.t1,Myosin_17,Myosin_3,Myosin_16
echi9859.t1,Not_Target,Not_Target,Not_Target
echi9860.t1,Myosin_18,Myosin_16,Myosin_18
echi9861.t1,Myosin_45,Myosin_18,Not_Target
echi9862.t1,Not_Target,Not_Target,Not_Target
echi9863.t1,Not_Target,Myosin_23,Not_Target
echi9864.t1,Not_Target,Not_Target,Myosin_1
echi9865.t1,Not_Target,Not_Target,Not_Target
echi9866.t1,Not_Target,Not_Target,Myosin_20
echi9867.t1,Myosin_24,Myosin_18,Myosin_18
echi9868.t1,Not_Target,Not_Target,Not_Target
echi9869.t1,Not_Target,Not_Target,Not_Target
echi13458.t1,Myosin_2,Not_Target,Not_Target
echi13459.t1,Myosin_15,Myosin_3,Myosin_14
echi13460.t1,Not_Target,Not_Target,Not_Target
echi13461.t1,Not_Target,Not_Target,Not_Target
echi13462.t1,Not_Target,Myosin_3,Not_Target
echi13463.t1,Myosin_20,Not_Target,Myosin_5
echi13464.t1,Not_Target,Not_Target,Not_Target
echi13465.t1,Not_Target,Not_Target,Not_Target
echi13466.t1,Not_Target,Myosin_29,Myosin_81
echi13467.t1,Not_Target,Not_Target,Myosin_2
echi13468.t1,Not_Target,Myosin_6,Myosin_6
echi13469.t1,Not_Target,Not_Target,Not_Target
echi13470.t1,Not_Target,Not_Target,Not_Target
echi13471.t1,Myosin_17,Myosin_5,Myosin_5
echi13472.t1,Not_Target,Not_Target,Not_Target
echi13473.t1,Myosin_45,Myosin_29,Myosin_24
echi13474.t1,Not_Target,Not_Target,Not_Target
echi13475.t1,Not_Target,Not_Target,Not_Target
echi1596.t1,Not_Target,Not_Target,Not_Target
echi1597.t1,Not_Target,Not_Target,Not_Target
echi1598.t1,Not_Target,Myosin_1,Not_Target
echi1599.t1,Not_Target,Not_Target,Myosin_23
echi1600.t1,Not_Target,Not_Target,Not_Target
echi1601.t1,Not_Target,Not_Target,Not_Target
echi1602.t1,Not_Target,Not_Target,Not_Target
echi1603.t1,Not_Target,Not_Target,Not_Target
echi1604.t1,Not_Target,Not_Target,Not_Target
echi1605.t1,Not_Target,Not_Target,Not_Target
echi1606.t1,Not_Target,Not_Target,Not_Target
echi1607.t1,Not_Target,Not_Target,Not_Target
echi1608.t1,Not_Target,Not_Target,Not_Target
echi1609.t1,Myosin_9,Myosin_26,Myosin_62
echi1610.t1,Myosin_1,Myosin_1,Not_Target
echi1611.t1,Myosin_31,Myosin_2,Not_Target
echi1612.t1,Not_Target,Not_Target,Myosin_24
echi1613.t1,Not_Target,Not_Target,Myosin_20
echi1614.t1,Not_Target,Not_Target,Myosin_8
echi1615.t1,Myosin_25,Myosin_3,Myosin_5
echi1616.t1,Not_Target,Myosin_6,Not_Target
echi1617.t1,Myosin_45,Not_Target,Not_Target
echi1618.t1,Not_Target,Myosin_3,Myosin_51
echi9040.t1,Not_Target,Not_Target,Not_Target
echi9041.t1,Myosin_24,Not_Target,Myosin_14
echi9042.t1,Not_Target,Not_Target,Not_Target
echi9043.t1,Not_Target,Myosin_3,Myosin_3
echi9044.t1,Not_Target,Not_Target,Not_Target
echi9045.t1,Not_Target,Not_Target,Not_Target
echi9046.t1,Not_Target,Not_Target,Not_Target
echi9047.t1,Not_Target,Not_Target,Not_Target
echi9048.t1,Not_Target,Not_Target,Not_Target
echi9049.t1,Not_Target,Not_Target,Not_Target
echi9050.t1,Not_Target,Myosin_1,Not_Target
echi9051.t1,Not_Target,Not_Target,Not_Target
echi9052.t1,Not_Target,Not_Target,Not_Target
echi9053.t1,Not_Target,Not_Target,Not_Target
echi9054.t1,Not_Target,Not_Target,Not_Target
echi9055.t1,Not_Target,Not_Target,Not_Target
echi9056.t1,Not_Target,Not_Target,Not_Target
echi9057.t1,Not_Target,Not_Target,Not_Target
echi9058.t1,Not_Target,Not_Target,Not_Target
echi9059.t1,Not_Target,Not_Target,Myosin_25
echi9060.t1,Not_Target,Not_Target,Not_Target
echi11762.t1,Not_Target,Not_Target,Not_Target
echi11763.t1,Not_Target,Not_Target,Myosin_8
echi11764.t1,Not_Target,Not_Target,Not_Target
echi11765.t1,Not_Target,Not_Target,Not_Target
echi11766.t1,Not_Target,Not_Target,Not_Target
echi11767.t1,Myosin_19,Not_Target,Not_Target
echi11768.t1,Not_Target,Myosin_19,Not_Target
echi11769.t1,Myosin_19,Not_Target,Not_Target
echi11770.t1,Not_Target,Not_Target,Not_Target
echi11771.t1,Not_Target,Myosin_6,Not_Target
echi11772.t1,Not_Target,Not_Target,Not_Target
echi11773.t1,Not_Target,Not_Target,Not_Target
echi11774.t1,Not_Target,Not_Target,Not_Target
echi11775.t1,Not_Target,Not_Target,Not_Target
echi11776.t1,Not_Target,Not_Target,Not_Target
echi11777.t1,Not_Target,Not_Target,Not_Target
echi11778.t1,Not_Target,Not_Target,Not_Target
echi11779.t1,Not_Target,Myosin_17,Myosin_40
echi11780.t1,Not_Target,Myosin_16,Myosin_20
echi11781.t1,Not_Target,Not_Target,Not_Target
echi11782.t1,Not_Target,Not_Target,Not_Target
echi11783.t1,Myosin_45,Myosin_5,Myosin_5
echi11784.t1,Not_Target,Not_Target,Not_Target
echi11785.t1,Not_Target,Not_Target,Not_Target
echi11786.t1,Not_Target,Not_Target,Not_Target
echi11787.t1,Myosin_1,Myosin_1,Myosin_27
echi14607.t1,Not_Target,Not_Target,Not_Target
echi14608.t1,Not_Target,Not_Target,Not_Target
echi14609.t1,Myosin_45,Not_Target,Myosin_23
echi14610.t1,Not_Target,Not_Target,Not_Target
echi14611.t1,Myosin_36,Myosin_1,Myosin_2
echi14612.t1,Not_Target,Not_Target,Not_Target
echi14613.t1,Not_Target,Not_Target,Myosin_19
echi14614.t1,Not_Target,Not_Target,Not_Target
echi14615.t1,Myosin_51,Not_Target,Myosin_5
echi14616.t1,Not_Target,Not_Target,Myosin_8
echi14617.t1,Not_Target,Not_Target,Myosin_4
echi14618.t1,Not_Target,Myosin_17,Not_Target
echi14619.t1,Myosin_45,Not_Target,Not_Target
echi14620.t1,Not_Target,Not_Target,Myosin_19
echi14621.t1,Myosin_16,Not_Target,Myosin_16
echi14622.t1,Not_Target,Not_Target,Not_Target
echi14623.t1,Not_Target,Not_Target,Myosin_8
echi14624.t1,Myosin_17,Myosin_1,Not_Target
echi14625.t1,Myosin_1,Myosin_1,Myosin_34
echi12572.t1,Not_Target,Not_Target,Not_Target
echi12573.t1,Not_Target,Not_Target,Not_Target
echi12574.t1,Not_Target,Not_Target,Not_Target
echi12575.t1,Not_Target,Not_Target,Not_Target
echi12576.t1,Myosin_45,Not_Target,Myosin_22
echi12577.t1,Not_Target,Not_Target,Not_Target
echi12578.t1,Not_Target,Not_Target,Not_Target
echi12579.t1,Not_Target,Not_Target,Not_Target
echi12580.t1,Myosin_26,Myosin_26,Not_Target
echi12581.t1,Myosin_26,Myosin_26,Not_Target
echi12582.t1,Myosin_30,Myosin_2,Myosin_2
echi12583.t1,Myosin_22,Myosin_22,Myosin_22
echi12584.t1,Not_Target,Myosin_10,Not_Target
echi12585.t1,Myosin_18,Myosin_16,Myosin_3
echi12586.t1,Myosin_18,Not_Target,Myosin_2
echi12587.t1,Not_Target,Not_Target,Not_Target
echi12588.t1,Not_Target,Not_Target,Not_Target
echi12589.t1,Not_Target,Not_Target,Not_Target
echi10135.t1,Not_Target,Not_Target,Not_Target
echi10136.t1,Not_Target,Not_Target,Not_Target
echi10137.t1,Myosin_26,Myosin_5,Myosin_11
echi10138.t1,Myosin_45,Not_Target,Myosin_18
echi10139.t1,Not_Target,Not_Target,Not_Target
echi10140.t1,Not_Target,Myosin_1,Not_Target
echi10141.t1,Not_Target,Not_Target,Not_Target
echi10142.t1,Not_Target,Not_Target,Not_Target
echi10143.t1,Not_Target,Not_Target,Not_Target
echi10144.t1,Not_Target,Not_Target,Not_Target
echi10145.t1,Myosin_37,Myosin_57,Myosin_5
echi10146.t1,Not_Target,Not_Target,Not_Target
echi10147.t1,Not_Target,Not_Target,Not_Target
echi10148.t1,Myosin_1,Myosin_5,Not_Target
echi10149.t1,Not_Target,Not_Target,Myosin_36
echi10150.t1,Myosin_17,Not_Target,Not_Target
echi10151.t1,Not_Target,Not_Target,Myosin_25
echi10152.t1,Myosin_1,Not_Target,Myosin_1
echi10153.t1,Not_Target,Not_Target,Not_Target
echi10154.t1,Myosin_4,Myosin_66,Myosin_4
echi9433.t1,Not_Target,Myosin_22,Not_Target
echi9434.t1,Myosin_53,Myosin_76,Myosin_31
echi9435.t1,Not_Target,Not_Target,Myosin_1
echi9436.t1,Not_Target,Not_Target,Myosin_19
echi9437.t1,Not_Target,Not_Target,Myosin_20
echi9438.t1,Not_Target,Not_Target,Not_Target
echi9439.t1,Not_Target,Myosin_20,Not_Target
echi9440.t1,Myosin_5,Myosin_5,Myosin_4
echi9441.t1,Myosin_5,Myosin_5,Myosin_18
echi9442.t1,Not_Target,Not_Target,Not_Target
echi9443.t1,Myosin_81,Myosin_22,Myosin_81
echi9444.t1,Not_Target,Myosin_57,Not_Target
echi9445.t1,Myosin_45,Myosin_45,Not_Target
echi9446.t1,Myosin_45,Myosin_11,Not_Target
echi9447.t1,Not_Target,Myosin_5,Not_Target
echi9448.t1,Not_Target,Not_Target,Not_Target
echi9449.t1,Not_Target,Not_Target,Not_Target
echi13374.t1,Myosin_18,Myosin_3,Myosin_3
echi13375.t1,Not_Target,Not_Target,Not_Target
echi13376.t1,Not_Target,Not_Target,Not_Target
echi13377.t1,Not_Target,Not_Target,Not_Target
echi13378.t1,Not_Target,Not_Target,Myosin_11
echi13379.t1,Not_Target,Not_Target,Not_Target
echi13380.t1,Not_Target,Myosin_1,Not_Target
echi13381.t1,Not_Target,Not_Target,Not_Target
echi13382.t1,Myosin_23,Not_Target,Myosin_1
echi13383.t1,Not_Target,Not_Target,Not_Target
echi13384.t1,Myosin_3,Myosin_16,Myosin_4
echi13385.t1,Not_Target,Not_Target,Not_Target
echi13386.t1,Not_Target,Not_Target,Not_Target
echi13387.t1,Not_Target,Myosin_23,Not_Target
echi13388.t1,Myosin_45,Not_Target,Myosin_3
echi13389.t1,Not_Target,Not_Target,Not_Target
echi13405.t1,Not_Target,Not_Target,Not_Target
echi13406.t1,Myosin_15,Myosin_15,Myosin_15
echi13407.t1,Not_Target,Not_Target,Myosin_3
echi13408.t1,Myosin_17,Not_Target,Myosin_64
echi13409.t1,Not_Target,Not_Target,Not_Target
echi13410.t1,Myosin_2,Not_Target,Not_Target
echi13411.t1,Not_Target,Myosin_17,Not_Target
echi13412.t1,Not_Target,Not_Target,Myosin_30
echi13413.t1,Not_Target,Not_Target,Not_Target
echi13414.t1,Not_Target,Not_Target,Not_Target
echi13415.t1,Myosin_17,Myosin_17,Myosin_5
echi13416.t1,Not_Target,Not_Target,Not_Target
echi13417.t1,Not_Target,Not_Target,Not_Target
echi13418.t1,Not_Target,Not_Target,Myosin_8
echi13419.t1,Not_Target,Not_Target,Not_Target
echi13420.t1,Myosin_18,Myosin_5,Myosin_61
echi13421.t1,Not_Target,Not_Target,Not_Target
echi11174.t1,Not_Target,Not_Target,Myosin_13
echi11175.t1,Not_Target,Not_Target,Not_Target
echi11176.t1,Not_Target,Not_Target,Myosin_55
echi11177.t1,Myosin_26,Not_Target,Not_Target
echi11178.t1,Not_Target,Not_Target,Myosin_36
echi11179.t1,Not_Target,Myosin_19,Not_Target
echi11180.t1,Not_Target,Not_Target,Not_Target
echi11181.t1,Not_Target,Not_Target,Not_Target
echi11182.t1,Myosin_2,Myosin_4,Myosin_2
echi11183.t1,Not_Target,Not_Target,Not_Target
echi11184.t1,Not_Target,Not_Target,Not_Target
echi11185.t1,Myosin_31,Myosin_3,Myosin_6
echi11186.t1,Not_Target,Not_Target,Not_Target
echi11187.t1,Myosin_18,Myosin_18,Myosin_24
echi11188.t1,Not_Target,Myosin_17,Not_Target
echi11189.t1,Not_Target,Myosin_5,Not_Target
echi11190.t1,Not_Target,Not_Target,Not_Target
echi11191.t1,Not_Target,Not_Target,Myosin_1
echi11192.t1,Not_Target,Not_Target,Not_Target
echi11193.t1,Not_Target,Not_Target,Not_Target
echi11194.t1,Not_Target,Not_Target,Not_Target
echi11195.t1,Not_Target,Not_Target,Not_Target
echi11196.t1,Not_Target,Not_Target,Not_Target
echi11197.t1,Not_Target,Not_Target,Not_Target
echi11198.t1,Not_Target,Not_Target,Not_Target
echi11199.t1,Not_Target,Not_Target,Not_Target
echi11200.t1,Not_Target,Not_Target,Not_Target
echi11717.t1,Not_Target,Not_Target,Not_Target
echi11718.t1,Not_Target,Not_Target,Not_Target
echi11719.t1,Not_Target,Not_Target,Myosin_20
echi11720.t1,Not_Target,Myosin_5,Not_Target
echi11721.t1,Not_Target,Not_Target,Not_Target
echi11722.t1,Not_Target,Not_Target,Not_Target
echi11723.t1,Not_Target,Myosin_1,Not_Target
echi11724.t1,Not_Target,Not_Target,Not_Target
echi11725.t1,Not_Target,Not_Target,Not_Target
echi11726.t1,Myosin_31,Not_Target,Not_Target
echi11727.t1,Myosin_19,Not_Target,Myosin_19
echi11728.t1,Myosin_16,Not_Target,Not_Target
echi11729.t1,Not_Target,Not_Target,Not_Target
echi11730.t1,Not_Target,Not_Target,Not_Target
echi11731.t1,Not_Target,Not_Target,Not_Target
echi11732.t1,Not_Target,Not_Target,Not_Target
echi11733.t1,Not_Target,Myosin_2,Not_Target
echi11734.t1,Not_Target,Not_Target,Not_Target
echi11735.t1,Not_Target,Not_Target,Myosin_20
echi11736.t1,Not_Target,Not_Target,Myosin_20
echi11737.t1,Not_Target,Myosin_51,Not_Target
echi11738.t1,Myosin_53,Myosin_51,Not_Target
echi11739.t1,Not_Target,Not_Target,Not_Target
echi11740.t1,Not_Target,Myosin_57,Not_Target
echi11741.t1,Not_Target,Not_Target,Myosin_20
echi2583.t1,Not_Target,Not_Target,Myosin_4
echi2584.t1,Not_Target,Myosin_5,Not_Target
echi2585.t1,Not_Target,Not_Target,Not_Target
echi2586.t1,Not_Target,Not_Target,Not_Target
echi2587.t1,Not_Target,Not_Target,Myosin_19
echi2588.t1,Myosin_19,Myosin_17,Myosin_17
echi2589.t1,Not_Target,Not_Target,Myosin_1
echi2590.t1,Myosin_5,Myosin_18,Myosin_23
echi2591.t1,Myosin_36,Myosin_17,Myosin_30
echi2592.t1,Not_Target,Not_Target,Not_Target
echi2593.t1,Not_Target,Not_Target,Not_Target
echi2594.t1,Myosin_26,Myosin_51,Not_Target
echi2595.t1,Not_Target,Not_Target,Myosin_20
echi2596.t1,Not_Target,Not_Target,Myosin_20
echi6699.t1,Not_Target,Not_Target,Not_Target
echi6700.t1,Not_Target,Not_Target,Myosin_20
echi6701.t1,Myosin_19,Not_Target,Myosin_18
echi6702.t1,Not_Target,Not_Target,Not_Target
echi6703.t1,Not_Target,Not_Target,Not_Target
echi6704.t1,Not_Target,Not_Target,Not_Target
echi6705.t1,Not_Target,Not_Target,Not_Target
echi6706.t1,Myosin_1,Not_Target,Not_Target
echi6707.t1,Not_Target,Myosin_17,Not_Target
echi6708.t1,Not_Target,Not_Target,Not_Target
echi6709.t1,Not_Target,Not_Target,Not_Target
echi6710.t1,Not_Target,Not_Target,Not_Target
echi6711.t1,Not_Target,Not_Target,Not_Target
echi6712.t1,Not_Target,Not_Target,Myosin_1
echi6713.t1,Myosin_30,Myosin_30,Myosin_34
echi6714.t1,Not_Target,Myosin_57,Myosin_5
echi6715.t1,Myosin_31,Not_Target,Not_Target
echi6716.t1,Myosin_18,Not_Target,Myosin_31
echi6717.t1,Not_Target,Not_Target,Not_Target
echi6718.t1,Myosin_45,Myosin_64,Not_Target
echi6719.t1,Not_Target,Not_Target,Myosin_4
echi6720.t1,Not_Target,Not_Target,Not_Target
echi6721.t1,Not_Target,Not_Target,Myosin_30
echi2274.t1,Not_Target,Myosin_26,Not_Target
echi2275.t1,Not_Target,Not_Target,Myosin_20
echi2276.t1,Not_Target,Myosin_16,Not_Target
echi2277.t1,Not_Target,Myosin_4,Not_Target
echi2278.t1,Not_Target,Not_Target,Not_Target
echi2279.t1,Not_Target,Not_Target,Not_Target
echi2280.t1,Not_Target,Myosin_1,Not_Target
echi2281.t1,Not_Target,Myosin_1,Myosin_5
echi2282.t1,Myosin_17,Not_Target,Not_Target
echi2283.t1,Not_Target,Not_Target,Not_Target
echi2284.t1,Myosin_2,Myosin_2,Not_Target
echi2285.t1,Myosin_2,Not_Target,Not_Target
echi2286.t1,Not_Target,Not_Target,Not_Target
echi2287.t1,Myosin_2,Myosin_11,Not_Target
echi2288.t1,Not_Target,Not_Target,Not_Target
echi2289.t1,Not_Target,Not_Target,Not_Target
echi2290.t1,Not_Target,Not_Target,Not_Target
echi2291.t1,Not_Target,Not_Target,Myosin_64
echi2292.t1,Not_Target,Not_Target,Not_Target
echi2293.t1,Not_Target,Not_Target,Not_Target
echi2294.t1,Not_Target,Not_Target,Not_Target
echi2295.t1,Not_Target,Not_Target,Not_Target
echi1067.t1,Myosin_31,Not_Target,Myosin_30
echi1068.t1,Myosin_57,Myosin_57,Myosin_16
echi1069.t1,Myosin_15,Myosin_15,Myosin_15
echi1070.t1,Not_Target,Not_Target,Not_Target
echi1071.t1,Not_Target,Not_Target,Not_Target
echi1072.t1,Myosin_17,Not_Target,Myosin_27
echi1073.t1,Myosin_8,Not_Target,Myosin_8
echi1074.t1,Myosin_27,Myosin_19,Not_Target
echi1075.t1,Not_Target,Not_Target,Not_Target
echi1076.t1,Myosin_29,Myosin_10,Not_Target
echi1077.t1,Not_Target,Not_Target,Not_Target
echi1078.t1,Myosin_36,Myosin_17,Myosin_17
echi1079.t1,Myosin_64,Myosin_18,Not_Target
echi1080.t1,Not_Target,Not_Target,Not_Target
echi1081.t1,Not_Target,Not_Target,Not_Target
echi1082.t1,Not_Target,Not_Target,Myosin_1
echi1083.t1,Not_Target,Not_Target,Not_Target
echi1084.t1,Myosin_71,Myosin_22,Myosin_57
echi8569.t1,Not_Target,Not_Target,Not_Target
echi8570.t1,Myosin_15,Myosin_15,Myosin_22
echi8571.t1,Not_Target,Not_Target,Not_Target
echi8572.t1,Not_Target,Myosin_1,Not_Target
echi8573.t1,Myosin_1,Not_Target,Not_Target
echi8574.t1,Myosin_15,Myosin_15,Myosin_22
echi8575.t1,Myosin_36,Not_Target,Myosin_16
echi8576.t1,Myosin_15,Myosin_15,Myosin_5
echi8577.t1,Myosin_45,Not_Target,Myosin_11
echi8578.t1,Not_Target,Myosin_16,Not_Target
echi8579.t1,Not_Target,Not_Target,Not_Target
echi8580.t1,Not_Target,Not_Target,Not_Target
echi8581.t1,Myosin_15,Myosin_15,Myosin_25
echi8621.t1,Myosin_5,Myosin_1,Not_Target
echi8622.t1,Not_Target,Not_Target,Not_Target
echi8623.t1,Not_Target,Myosin_19,Not_Target
echi8624.t1,Myosin_71,Myosin_18,Myosin_8
echi8625.t1,Myosin_20,Myosin_18,Myosin_18
echi8626.t1,Myosin_17,Not_Target,Myosin_17
echi8627.t1,Not_Target,Not_Target,Myosin_68
echi8628.t1,Not_Target,Myosin_17,Myosin_17
echi8629.t1,Not_Target,Not_Target,Not_Target
echi8630.t1,Myosin_15,Myosin_17,Myosin_37
echi8631.t1,Not_Target,Not_Target,Myosin_34
echi8632.t1,Not_Target,Not_Target,Not_Target
echi8633.t1,Not_Target,Not_Target,Not_Target
echi8634.t1,Not_Target,Not_Target,Not_Target
echi8635.t1,Not_Target,Not_Target,Not_Target
echi10067.t1,Myosin_19,Not_Target,Not_Target
echi10068.t1,Not_Target,Not_Target,Myosin_2
echi10069.t1,Not_Target,Not_Target,Not_Target
echi10070.t1,Not_Target,Not_Target,Not_Target
echi10071.t1,Not_Target,Not_Target,Not_Target
echi10072.t1,Not_Target,Not_Target,Myosin_71
echi10073.t1,Myosin_45,Myosin_44,Myosin_9
echi10074.t1,Myosin_45,Myosin_18,Not_Target
echi10075.t1,Not_Target,Not_Target,Not_Target
echi10076.t1,Not_Target,Myosin_29,Not_Target
echi10077.t1,Myosin_17,Not_Target,Not_Target
echi10078.t1,Not_Target,Not_Target,Not_Target
echi10079.t1,Myosin_18,Myosin_18,Myosin_1
echi10080.t1,Myosin_24,Myosin_74,Myosin_3
echi10081.t1,Not_Target,Not_Target,Not_Target
echi10082.t1,Myosin_17,Myosin_5,Not_Target
echi11117.t1,Not_Target,Not_Target,Not_Target
echi11118.t1,Myosin_81,Not_Target,Not_Target
echi11119.t1,Myosin_1,Myosin_1,Not_Target
echi11120.t1,Not_Target,Not_Target,Myosin_2
echi11121.t1,Myosin_5,Myosin_17,Myosin_36
echi11122.t1,Not_Target,Not_Target,Not_Target
echi11123.t1,Myosin_61,Myosin_18,Not_Target
echi11124.t1,Not_Target,Myosin_19,Not_Target
echi11125.t1,Not_Target,Not_Target,Not_Target
echi11126.t1,Myosin_18,Myosin_3,Myosin_3
echi11127.t1,Not_Target,Myosin_11,Myosin_43
echi11128.t1,Not_Target,Myosin_57,Not_Target
echi11129.t1,Not_Target,Not_Target,Not_Target
echi11130.t1,Not_Target,Not_Target,Myosin_64
echi11131.t1,Not_Target,Not_Target,Not_Target
echi11132.t1,Myosin_18,Not_Target,Myosin_19
echi11133.t1,Not_Target,Not_Target,Myosin_48
echi14056.t1,Not_Target,Not_Target,Not_Target
echi14057.t1,Not_Target,Not_Target,Not_Target
echi14058.t1,Not_Target,Not_Target,Not_Target
echi14059.t1,Not_Target,Not_Target,Not_Target
echi14060.t1,Myosin_30,Myosin_30,Myosin_14
echi14061.t1,Not_Target,Not_Target,Not_Target
echi14062.t1,Myosin_4,Myosin_1,Myosin_1
echi14063.t1,Not_Target,Not_Target,Not_Target
echi14064.t1,Not_Target,Not_Target,Not_Target
echi14065.t1,Not_Target,Not_Target,Not_Target
echi14066.t1,Not_Target,Myosin_6,Not_Target
echi14067.t1,Myosin_51,Myosin_51,Not_Target
echi14068.t1,Not_Target,Myosin_1,Not_Target
echi14069.t1,Not_Target,Myosin_36,Not_Target
echi14070.t1,Not_Target,Not_Target,Myosin_1
echi14071.t1,Not_Target,Not_Target,Myosin_4
echi14072.t1,Not_Target,Not_Target,Not_Target
echi14073.t1,Not_Target,Not_Target,Not_Target
echi14074.t1,Myosin_17,Myosin_9,Myosin_37
echi14075.t1,Not_Target,Not_Target,Not_Target
echi6599.t1,Myosin_17,Myosin_17,Myosin_20
echi6600.t1,Myosin_45,Not_Target,Myosin_45
echi6601.t1,Myosin_37,Not_Target,Not_Target
echi6602.t1,Myosin_16,Not_Target,Myosin_16
echi6603.t1,Not_Target,Not_Target,Not_Target
echi6604.t1,Not_Target,Not_Target,Myosin_51
echi6605.t1,Not_Target,Not_Target,Not_Target
echi6606.t1,Not_Target,Not_Target,Not_Target
echi6607.t1,Not_Target,Not_Target,Myosin_71
echi6608.t1,Myosin_57,Myosin_18,Myosin_2
echi6609.t1,Myosin_45,Myosin_18,Myosin_5
echi6610.t1,Not_Target,Not_Target,Not_Target
echi11844.t1,Not_Target,Not_Target,Not_Target
echi11845.t1,Myosin_6,Myosin_6,Not_Target
echi11846.t1,Not_Target,Not_Target,Not_Target
echi11847.t1,Not_Target,Not_Target,Not_Target
echi11848.t1,Not_Target,Myosin_11,Not_Target
echi11849.t1,Myosin_19,Myosin_19,Myosin_22
echi11850.t1,Myosin_19,Myosin_1,Myosin_4
echi11851.t1,Not_Target,Not_Target,Not_Target
echi11852.t1,Not_Target,Not_Target,Not_Target
echi11853.t1,Not_Target,Not_Target,Not_Target
echi11854.t1,Not_Target,Not_Target,Not_Target
echi11855.t1,Not_Target,Myosin_17,Not_Target
echi11856.t1,Not_Target,Not_Target,Myosin_51
echi11857.t1,Not_Target,Not_Target,Not_Target
echi11858.t1,Not_Target,Not_Target,Not_Target
echi11859.t1,Not_Target,Not_Target,Not_Target
echi11860.t1,Not_Target,Myosin_27,Not_Target
echi11861.t1,Myosin_31,Myosin_27,Not_Target
echi11862.t1,Not_Target,Myosin_27,Not_Target
echi11863.t1,Not_Target,Myosin_5,Myosin_1
echi11864.t1,Not_Target,Not_Target,Not_Target
echi11865.t1,Not_Target,Not_Target,Not_Target
echi11866.t1,Not_Target,Not_Target,Not_Target
echi12008.t1,Myosin_45,Myosin_5,Myosin_1
echi12009.t1,Not_Target,Not_Target,Not_Target
echi12010.t1,Not_Target,Not_Target,Not_Target
echi12011.t1,Not_Target,Not_Target,Not_Target
echi12012.t1,Myosin_3,Myosin_3,Myosin_36
echi12013.t1,Myosin_36,Myosin_3,Myosin_71
echi12014.t1,Not_Target,Myosin_8,Not_Target
echi12015.t1,Myosin_17,Myosin_26,Myosin_5
echi12016.t1,Myosin_31,Myosin_17,Myosin_17
echi12017.t1,Not_Target,Not_Target,Not_Target
echi12018.t1,Myosin_22,Not_Target,Myosin_40
echi12019.t1,Not_Target,Myosin_1,Not_Target
echi12020.t1,Not_Target,Not_Target,Not_Target
echi12021.t1,Not_Target,Myosin_26,Myosin_43
echi12022.t1,Myosin_15,Myosin_29,Myosin_19
echi13563.t1,Not_Target,Not_Target,Not_Target
echi13564.t1,Not_Target,Myosin_5,Not_Target
echi13565.t1,Not_Target,Myosin_1,Not_Target
echi13566.t1,Myosin_57,Myosin_18,Not_Target
echi13567.t1,Not_Target,Not_Target,Not_Target
echi13568.t1,Myosin_32,Myosin_29,Myosin_4
echi13569.t1,Not_Target,Not_Target,Not_Target
echi13570.t1,Not_Target,Not_Target,Myosin_36
echi13571.t1,Not_Target,Not_Target,Not_Target
echi13572.t1,Not_Target,Not_Target,Myosin_51
echi13573.t1,Not_Target,Not_Target,Not_Target
echi13574.t1,Not_Target,Not_Target,Myosin_51
echi13575.t1,Not_Target,Myosin_19,Not_Target
echi13576.t1,Myosin_17,Myosin_17,Myosin_16
echi13577.t1,Myosin_31,Not_Target,Myosin_3
echi13578.t1,Myosin_19,Myosin_18,Myosin_26
echi13579.t1,Not_Target,Not_Target,Not_Target
echi13580.t1,Not_Target,Not_Target,Not_Target
echi13581.t1,Not_Target,Not_Target,Not_Target
echi13582.t1,Not_Target,Myosin_16,Not_Target
echi13583.t1,Not_Target,Not_Target,Myosin_2
echi13584.t1,Not_Target,Not_Target,Not_Target
echi13585.t1,Not_Target,Not_Target,Not_Target
echi13586.t1,Not_Target,Not_Target,Not_Target
echi13728.t1,Not_Target,Not_Target,Not_Target
echi13729.t1,Not_Target,Not_Target,Not_Target
echi13730.t1,Not_Target,Not_Target,Not_Target
echi13731.t1,Not_Target,Not_Target,Not_Target
echi13732.t1,Myosin_19,Myosin_19,Not_Target
echi13733.t1,Myosin_37,Myosin_22,Myosin_1
echi13734.t1,Not_Target,Not_Target,Not_Target
echi13735.t1,Not_Target,Not_Target,Myosin_57
echi13736.t1,Myosin_9,Myosin_1,Myosin_34
echi13737.t1,Not_Target,Not_Target,Not_Target
echi13738.t1,Not_Target,Not_Target,Not_Target
echi13739.t1,Myosin_15,Myosin_15,Myosin_15
echi13740.t1,Myosin_4,Myosin_29,Myosin_5
echi11256.t1,Not_Target,Not_Target,Myosin_16
echi11257.t1,Not_Target,Myosin_19,Not_Target
echi11258.t1,Not_Target,Not_Target,Not_Target
echi11259.t1,Myosin_18,Not_Target,Myosin_11
echi11260.t1,Not_Target,Not_Target,Myosin_5
echi11261.t1,Not_Target,Myosin_22,Not_Target
echi11262.t1,Not_Target,Not_Target,Not_Target
echi11263.t1,Not_Target,Not_Target,Not_Target
echi11264.t1,Not_Target,Myosin_17,Not_Target
echi11265.t1,Not_Target,Myosin_26,Not_Target
echi11266.t1,Not_Target,Not_Target,Not_Target
echi11267.t1,Myosin_17,Not_Target,Not_Target
echi11268.t1,Myosin_16,Not_Target,Not_Target
echi11269.t1,Not_Target,Not_Target,Not_Target
echi11270.t1,Not_Target,Not_Target,Not_Target
echi11271.t1,Myosin_5,Myosin_5,Myosin_3
echi11272.t1,Not_Target,Not_Target,Not_Target
echi11273.t1,Not_Target,Not_Target,Not_Target
echi11274.t1,Not_Target,Not_Target,Not_Target
echi11275.t1,Not_Target,Not_Target,Not_Target
echi11276.t1,Not_Target,Not_Target,Not_Target
echi11277.t1,Not_Target,Not_Target,Not_Target
echi9805.t1,Myosin_81,Myosin_1,Myosin_47
echi9806.t1,Not_Target,Not_Target,Not_Target
echi9807.t1,Not_Target,Not_Target,Not_Target
echi9808.t1,Not_Target,Not_Target,Myosin_19
echi9809.t1,Not_Target,Myosin_5,Myosin_3
echi9810.t1,Not_Target,Not_Target,Not_Target
echi9811.t1,Not_Target,Not_Target,Not_Target
echi9812.t1,Not_Target,Not_Target,Not_Target
echi9813.t1,Not_Target,Not_Target,Not_Target
echi9814.t1,Not_Target,Myosin_5,Myosin_8
echi9815.t1,Myosin_5,Myosin_5,Not_Target
echi9816.t1,Not_Target,Not_Target,Not_Target
echi9817.t1,Not_Target,Not_Target,Not_Target
echi9818.t1,Not_Target,Not_Target,Not_Target
echi9819.t1,Not_Target,Not_Target,Not_Target
echi9820.t1,Myosin_24,Myosin_18,Not_Target
echi9821.t1,Not_Target,Not_Target,Myosin_20
echi9822.t1,Not_Target,Myosin_7,Not_Target
echi9823.t1,Not_Target,Myosin_2,Myosin_5
echi9824.t1,Not_Target,Not_Target,Not_Target
echi9825.t1,Not_Target,Myosin_51,Not_Target
echi9826.t1,Not_Target,Not_Target,Not_Target
echi9827.t1,Not_Target,Not_Target,Not_Target
echi11431.t1,Not_Target,Myosin_18,Not_Target
echi11432.t1,Not_Target,Not_Target,Not_Target
echi11433.t1,Not_Target,Myosin_17,Not_Target
echi11434.t1,Not_Target,Not_Target,Not_Target
echi11435.t1,Not_Target,Myosin_17,Not_Target
echi11436.t1,Myosin_20,Myosin_17,Not_Target
echi11437.t1,Myosin_45,Not_Target,Myosin_72
echi11438.t1,Myosin_1,Not_Target,Myosin_27
echi11439.t1,Myosin_17,Not_Target,Myosin_17
echi11440.t1,Not_Target,Not_Target,Not_Target
echi11441.t1,Not_Target,Not_Target,Not_Target
echi11442.t1,Not_Target,Not_Target,Myosin_37
echi11443.t1,Not_Target,Not_Target,Not_Target
echi11444.t1,Not_Target,Not_Target,Not_Target
echi11445.t1,Not_Target,Not_Target,Not_Target
echi11446.t1,Not_Target,Not_Target,Not_Target
echi11447.t1,Not_Target,Not_Target,Myosin_36
echi6163.t1,Not_Target,Myosin_19,Not_Target
echi6164.t1,Not_Target,Not_Target,Not_Target
echi6165.t1,Myosin_5,Myosin_19,Myosin_73
echi6166.t1,Myosin_45,Myosin_64,Not_Target
echi6167.t1,Not_Target,Not_Target,Not_Target
echi6168.t1,Not_Target,Not_Target,Not_Target
echi6169.t1,Myosin_17,Not_Target,Myosin_17
echi6170.t1,Myosin_73,Myosin_28,Myosin_57
echi6171.t1,Not_Target,Myosin_30,Myosin_20
echi6172.t1,Not_Target,Myosin_19,Not_Target
echi6173.t1,Myosin_19,Not_Target,Myosin_28
echi6174.t1,Not_Target,Not_Target,Not_Target
echi6175.t1,Not_Target,Not_Target,Myosin_20
echi6176.t1,Not_Target,Not_Target,Not_Target
echi6177.t1,Not_Target,Myosin_5,Not_Target
echi6178.t1,Not_Target,Not_Target,Not_Target
echi6179.t1,Not_Target,Myosin_2,Not_Target
echi6180.t1,Myosin_73,Not_Target,Not_Target
echi6181.t1,Myosin_22,Not_Target,Myosin_36
echi6182.t1,Not_Target,Not_Target,Not_Target
echi6183.t1,Not_Target,Not_Target,Not_Target
echi6184.t1,Not_Target,Not_Target,Not_Target
echi6185.t1,Not_Target,Myosin_19,Not_Target
echi6186.t1,Myosin_50,Not_Target,Myosin_2
echi6187.t1,Myosin_53,Myosin_18,Myosin_5
echi6188.t1,Not_Target,Not_Target,Not_Target
echi1451.t1,Not_Target,Not_Target,Not_Target
echi1452.t1,Not_Target,Not_Target,Not_Target
echi1453.t1,Not_Target,Not_Target,Not_Target
echi1454.t1,Not_Target,Not_Target,Not_Target
echi1455.t1,Not_Target,Not_Target,Not_Target
echi1456.t1,Not_Target,Not_Target,Myosin_1
echi1457.t1,Not_Target,Not_Target,Not_Target
echi1458.t1,Not_Target,Not_Target,Myosin_36
echi1459.t1,Not_Target,Not_Target,Not_Target
echi1460.t1,Not_Target,Not_Target,Not_Target
echi1461.t1,Not_Target,Not_Target,Not_Target
echi1462.t1,Myosin_45,Not_Target,Myosin_45
echi1463.t1,Not_Target,Not_Target,Not_Target
echi1464.t1,Not_Target,Not_Target,Not_Target
echi1465.t1,Not_Target,Not_Target,Not_Target
echi1466.t1,Not_Target,Not_Target,Not_Target
echi1467.t1,Not_Target,Not_Target,Not_Target
echi1468.t1,Not_Target,Not_Target,Not_Target
echi1469.t1,Myosin_5,Not_Target,Myosin_2
echi1470.t1,Not_Target,Myosin_17,Myosin_51
echi1471.t1,Not_Target,Not_Target,Not_Target
echi3137.t1,Not_Target,Not_Target,Not_Target
echi3138.t1,Not_Target,Myosin_5,Myosin_51
echi3139.t1,Myosin_15,Myosin_15,Myosin_26
echi3140.t1,Myosin_5,Myosin_5,Myosin_5
echi3141.t1,Not_Target,Myosin_4,Not_Target
echi3142.t1,Myosin_20,Myosin_16,Not_Target
echi3143.t1,Not_Target,Not_Target,Not_Target
echi3144.t1,Not_Target,Not_Target,Not_Target
echi3145.t1,Not_Target,Not_Target,Not_Target
echi3146.t1,Not_Target,Not_Target,Not_Target
echi3147.t1,Not_Target,Not_Target,Not_Target
echi3148.t1,Myosin_81,Myosin_81,Myosin_7
echi3149.t1,Not_Target,Not_Target,Not_Target
echi3150.t1,Not_Target,Not_Target,Not_Target
echi3151.t1,Not_Target,Not_Target,Not_Target
echi3152.t1,Not_Target,Not_Target,Not_Target
echi3153.t1,Not_Target,Myosin_38,Not_Target
echi6476.t1,Myosin_57,Not_Target,Myosin_72
echi6477.t1,Not_Target,Not_Target,Not_Target
echi6478.t1,Not_Target,Not_Target,Not_Target
echi6479.t1,Not_Target,Not_Target,Not_Target
echi6480.t1,Myosin_19,Not_Target,Myosin_59
echi6481.t1,Not_Target,Not_Target,Not_Target
echi6482.t1,Not_Target,Myosin_26,Myosin_19
echi6483.t1,Myosin_18,Myosin_3,Myosin_20
echi6484.t1,Not_Target,Not_Target,Not_Target
echi6485.t1,Myosin_18,Myosin_57,Myosin_26
echi6486.t1,Not_Target,Not_Target,Not_Target
echi6487.t1,Not_Target,Not_Target,Not_Target
echi6488.t1,Not_Target,Not_Target,Not_Target
echi6489.t1,Not_Target,Not_Target,Not_Target
echi6490.t1,Myosin_3,Not_Target,Myosin_81
echi6491.t1,Myosin_1,Myosin_1,Myosin_28
echi6492.t1,Myosin_5,Myosin_5,Myosin_5
echi6493.t1,Not_Target,Not_Target,Myosin_51
echi409.t1,Myosin_45,Not_Target,Myosin_1
echi410.t1,Myosin_37,Myosin_37,Myosin_5
echi411.t1,Not_Target,Not_Target,Not_Target
echi412.t1,Not_Target,Not_Target,Not_Target
echi413.t1,Not_Target,Myosin_1,Not_Target
echi414.t1,Not_Target,Not_Target,Not_Target
echi415.t1,Myosin_73,Not_Target,Myosin_24
echi416.t1,Myosin_16,Not_Target,Not_Target
echi417.t1,Not_Target,Not_Target,Not_Target
echi418.t1,Myosin_45,Myosin_18,Myosin_31
echi419.t1,Not_Target,Not_Target,Not_Target
echi420.t1,Not_Target,Not_Target,Myosin_51
echi421.t1,Not_Target,Not_Target,Not_Target
echi422.t1,Myosin_1,Myosin_1,Myosin_1
echi423.t1,Myosin_15,Myosin_22,Myosin_15
echi424.t1,Not_Target,Not_Target,Not_Target
echi7714.t1,Not_Target,Not_Target,Not_Target
echi7715.t1,Not_Target,Myosin_17,Not_Target
echi7716.t1,Not_Target,Not_Target,Not_Target
echi7717.t1,Not_Target,Not_Target,Myosin_2
echi7718.t1,Not_Target,Not_Target,Not_Target
echi7719.t1,Not_Target,Not_Target,Not_Target
echi7720.t1,Not_Target,Not_Target,Myosin_45
echi7721.t1,Not_Target,Not_Target,Myosin_19
echi7722.t1,Not_Target,Not_Target,Myosin_1
echi7723.t1,Myosin_81,Myosin_22,Myosin_1
echi7724.t1,Myosin_18,Myosin_18,Myosin_18
echi7725.t1,Not_Target,Not_Target,Not_Target
echi7726.t1,Not_Target,Not_Target,Not_Target
echi7727.t1,Not_Target,Not_Target,Myosin_30
echi7728.t1,Myosin_18,Myosin_18,Myosin_66
echi7729.t1,Not_Target,Not_Target,Not_Target
echi7730.t1,Not_Target,Myosin_6,Not_Target
echi5582.t1,Myosin_6,Not_Target,Not_Target
echi5583.t1,Not_Target,Not_Target,Not_Target
echi5584.t1,Not_Target,Not_Target,Myosin_5
echi5585.t1,Myosin_27,Myosin_6,Myosin_22
echi5586.t1,Not_Target,Not_Target,Not_Target
echi5587.t1,Not_Target,Not_Target,Not_Target
echi5588.t1,Not_Target,Not_Target,Not_Target
echi5589.t1,Not_Target,Not_Target,Not_Target
echi5590.t1,Myosin_15,Not_Target,Myosin_22
echi5591.t1,Not_Target,Not_Target,Myosin_20
echi5592.t1,Myosin_18,Myosin_2,Not_Target
echi5593.t1,Myosin_26,Myosin_16,Myosin_20
echi5594.t1,Not_Target,Not_Target,Not_Target
echi5595.t1,Myosin_51,Not_Target,Myosin_1
echi5331.t1,Not_Target,Not_Target,Not_Target
echi5332.t1,Not_Target,Myosin_47,Not_Target
echi5333.t1,Not_Target,Not_Target,Not_Target
echi5334.t1,Not_Target,Not_Target,Not_Target
echi5335.t1,Not_Target,Not_Target,Not_Target
echi5336.t1,Not_Target,Not_Target,Myosin_36
echi5337.t1,Not_Target,Myosin_5,Myosin_5
echi5338.t1,Not_Target,Not_Target,Myosin_37
echi5339.t1,Not_Target,Not_Target,Not_Target
echi5340.t1,Not_Target,Not_Target,Not_Target
echi5341.t1,Not_Target,Not_Target,Not_Target
echi5342.t1,Not_Target,Not_Target,Not_Target
echi5343.t1,Myosin_1,Myosin_1,Not_Target
echi5344.t1,Not_Target,Not_Target,Not_Target
echi5345.t1,Myosin_30,Myosin_30,Not_Target
echi5346.t1,Not_Target,Not_Target,Myosin_4
echi5347.t1,Myosin_19,Myosin_19,Myosin_2
echi5348.t1,Not_Target,Not_Target,Not_Target
echi5349.t1,Not_Target,Not_Target,Not_Target
echi5350.t1,Not_Target,Myosin_17,Myosin_36
echi5351.t1,Not_Target,Myosin_42,Not_Target
echi5352.t1,Not_Target,Not_Target,Not_Target
echi655.t1,Not_Target,Not_Target,Not_Target
echi656.t1,Myosin_19,Myosin_19,Not_Target
echi657.t1,Not_Target,Myosin_6,Myosin_2
echi658.t1,Not_Target,Not_Target,Not_Target
echi659.t1,Not_Target,Not_Target,Myosin_1
echi660.t1,Not_Target,Not_Target,Not_Target
echi661.t1,Not_Target,Not_Target,Not_Target
echi662.t1,Not_Target,Not_Target,Not_Target
echi663.t1,Myosin_15,Myosin_5,Myosin_36
echi664.t1,Not_Target,Not_Target,Not_Target
echi665.t1,Not_Target,Not_Target,Myosin_19
echi666.t1,Myosin_71,Myosin_19,Not_Target
echi667.t1,Not_Target,Not_Target,Not_Target
echi668.t1,Not_Target,Not_Target,Not_Target
echi669.t1,Not_Target,Myosin_1,Not_Target
echi670.t1,Not_Target,Not_Target,Not_Target
echi671.t1,Not_Target,Myosin_19,Not_Target
echi672.t1,Not_Target,Not_Target,Not_Target
echi673.t1,Not_Target,Not_Target,Not_Target
echi674.t1,Not_Target,Myosin_5,Myosin_1
echi675.t1,Not_Target,Not_Target,Not_Target
echi3821.t1,Not_Target,Not_Target,Not_Target
echi3822.t1,Not_Target,Not_Target,Not_Target
echi3823.t1,Not_Target,Not_Target,Myosin_1
echi3824.t1,Myosin_1,Not_Target,Myosin_1
echi3825.t1,Not_Target,Not_Target,Not_Target
echi3826.t1,Not_Target,Not_Target,Not_Target
echi3827.t1,Not_Target,Not_Target,Not_Target
echi3828.t1,Not_Target,Not_Target,Myosin_1
echi3829.t1,Not_Target,Not_Target,Not_Target
echi3830.t1,Not_Target,Not_Target,Not_Target
echi3831.t1,Myosin_18,Myosin_18,Myosin_18
echi3832.t1,Not_Target,Not_Target,Not_Target
echi3833.t1,Not_Target,Not_Target,Not_Target
echi3834.t1,Myosin_15,Myosin_15,Myosin_15
echi3835.t1,Not_Target,Myosin_1,Not_Target
echi15723.t1,Not_Target,Not_Target,Myosin_2
echi15724.t1,Not_Target,Not_Target,Myosin_27
echi15725.t1,Myosin_45,Myosin_8,Myosin_8
echi15726.t1,Myosin_23,Not_Target,Not_Target
echi15727.t1,Myosin_15,Not_Target,Not_Target
echi15728.t1,Not_Target,Myosin_19,Not_Target
echi15729.t1,Not_Target,Not_Target,Myosin_51
echi15730.t1,Not_Target,Not_Target,Not_Target
echi15731.t1,Not_Target,Not_Target,Not_Target
echi15732.t1,Not_Target,Not_Target,Not_Target
echi15733.t1,Myosin_77,Myosin_18,Not_Target
echi15734.t1,Not_Target,Not_Target,Not_Target
echi15735.t1,Not_Target,Not_Target,Not_Target
echi15736.t1,Not_Target,Not_Target,Not_Target
echi15737.t1,Not_Target,Not_Target,Not_Target
echi15738.t1,Not_Target,Not_Target,Myosin_31
echi18296.t1,Myosin_16,Not_Target,Myosin_17
echi18297.t1,Myosin_26,Myosin_74,Not_Target
echi18298.t1,Not_Target,Not_Target,Myosin_1
echi18299.t1,Not_Target,Not_Target,Not_Target
echi18300.t1,Myosin_26,Myosin_74,Not_Target
echi18301.t1,Myosin_37,Not_Target,Not_Target
echi18302.t1,Myosin_6,Myosin_6,Not_Target
echi18303.t1,Myosin_15,Not_Target,Myosin_3
echi18304.t1,Not_Target,Not_Target,Not_Target
echi18305.t1,Myosin_14,Myosin_14,Not_Target
echi18306.t1,Not_Target,Not_Target,Not_Target
echi18307.t1,Not_Target,Not_Target,Not_Target
echi18308.t1,Not_Target,Not_Target,Not_Target
echi18309.t1,Myosin_1,Myosin_1,Not_Target
echi18310.t1,Not_Target,Not_Target,Not_Target
echi18311.t1,Myosin_45,Not_Target,Myosin_3
echi18312.t1,Not_Target,Not_Target,Myosin_8
echi18313.t1,Not_Target,Not_Target,Not_Target
echi18314.t1,Not_Target,Not_Target,Myosin_1
echi18315.t1,Not_Target,Not_Target,Not_Target
echi18316.t1,Myosin_8,Not_Target,Not_Target
echi16666.t1,Not_Target,Not_Target,Not_Target
echi16667.t1,Not_Target,Myosin_1,Not_Target
echi16668.t1,Myosin_19,Myosin_81,Myosin_81
echi16669.t1,Not_Target,Myosin_18,Not_Target
echi16670.t1,Not_Target,Not_Target,Not_Target
echi16671.t1,Not_Target,Not_Target,Not_Target
echi16672.t1,Not_Target,Not_Target,Not_Target
echi16673.t1,Not_Target,Not_Target,Not_Target
echi16674.t1,Not_Target,Not_Target,Not_Target
echi16675.t1,Myosin_26,Myosin_74,Not_Target
echi16676.t1,Myosin_24,Myosin_11,Not_Target
echi16677.t1,Not_Target,Not_Target,Not_Target
echi16678.t1,Myosin_16,Not_Target,Myosin_18
echi16679.t1,Not_Target,Not_Target,Not_Target
echi16680.t1,Not_Target,Not_Target,Not_Target
echi16681.t1,Myosin_30,Not_Target,Myosin_5
echi16682.t1,Myosin_14,Not_Target,Not_Target
echi16683.t1,Myosin_1,Not_Target,Myosin_1
echi16684.t1,Not_Target,Not_Target,Myosin_24
echi16685.t1,Not_Target,Not_Target,Myosin_24
echi16686.t1,Not_Target,Myosin_5,Not_Target
echi18197.t1,Not_Target,Myosin_28,Not_Target
echi18198.t1,Not_Target,Not_Target,Not_Target
echi18199.t1,Not_Target,Not_Target,Not_Target
echi18200.t1,Not_Target,Not_Target,Not_Target
echi18201.t1,Not_Target,Not_Target,Not_Target
echi18202.t1,Not_Target,Myosin_8,Not_Target
echi18203.t1,Myosin_5,Myosin_26,Not_Target
echi18204.t1,Myosin_19,Myosin_17,Myosin_20
echi18205.t1,Not_Target,Not_Target,Not_Target
echi18206.t1,Myosin_7,Myosin_7,Myosin_7
echi18207.t1,Not_Target,Not_Target,Not_Target
echi18208.t1,Not_Target,Not_Target,Myosin_1
echi18209.t1,Not_Target,Not_Target,Not_Target
echi18210.t1,Not_Target,Not_Target,Not_Target
echi18211.t1,Not_Target,Not_Target,Not_Target
echi18212.t1,Not_Target,Not_Target,Not_Target
echi18213.t1,Myosin_1,Myosin_81,Not_Target
echi18214.t1,Not_Target,Not_Target,Not_Target
echi5859.t1,Not_Target,Not_Target,Myosin_57
echi5860.t1,Not_Target,Not_Target,Myosin_1
echi5861.t1,Not_Target,Not_Target,Myosin_51
echi5862.t1,Myosin_25,Not_Target,Myosin_28
echi5863.t1,Not_Target,Not_Target,Myosin_30
echi5864.t1,Not_Target,Not_Target,Not_Target
echi5865.t1,Not_Target,Myosin_1,Not_Target
echi5866.t1,Myosin_15,Myosin_15,Myosin_15
echi5867.t1,Myosin_36,Myosin_28,Myosin_36
echi5868.t1,Myosin_45,Myosin_11,Not_Target
echi5869.t1,Not_Target,Not_Target,Myosin_8
echi5870.t1,Not_Target,Myosin_6,Myosin_48
echi4682.t1,Myosin_15,Myosin_15,Myosin_34
echi4683.t1,Myosin_26,Not_Target,Myosin_1
echi4684.t1,Not_Target,Not_Target,Not_Target
echi4685.t1,Not_Target,Not_Target,Not_Target
echi4686.t1,Myosin_57,Myosin_74,Myosin_3
echi4687.t1,Myosin_16,Not_Target,Myosin_17
echi4688.t1,Not_Target,Not_Target,Myosin_65
echi4689.t1,Not_Target,Myosin_1,Not_Target
echi4690.t1,Not_Target,Myosin_1,Not_Target
echi4691.t1,Myosin_5,Myosin_5,Myosin_5
echi4692.t1,Not_Target,Not_Target,Myosin_5
echi4693.t1,Myosin_17,Myosin_17,Myosin_31
echi4694.t1,Myosin_5,Not_Target,Myosin_16
echi4695.t1,Myosin_45,Not_Target,Myosin_24
echi4696.t1,Not_Target,Not_Target,Not_Target
echi4697.t1,Not_Target,Not_Target,Not_Target
echi4698.t1,Not_Target,Not_Target,Not_Target
echi4699.t1,Not_Target,Not_Target,Not_Target
echi9687.t1,Myosin_18,Myosin_17,Myosin_57
echi9688.t1,Not_Target,Not_Target,Not_Target
echi9689.t1,Not_Target,Not_Target,Not_Target
echi9690.t1,Not_Target,Not_Target,Not_Target
echi9691.t1,Not_Target,Not_Target,Not_Target
echi9692.t1,Not_Target,Myosin_57,Not_Target
echi9693.t1,Not_Target,Not_Target,Not_Target
echi9694.t1,Not_Target,Not_Target,Not_Target
echi9695.t1,Not_Target,Not_Target,Not_Target
echi9696.t1,Not_Target,Not_Target,Not_Target
echi9697.t1,Not_Target,Myosin_1,Not_Target
echi9698.t1,Not_Target,Myosin_5,Not_Target
echi9699.t1,Not_Target,Not_Target,Not_Target
echi9700.t1,Not_Target,Not_Target,Not_Target
echi9701.t1,Not_Target,Not_Target,Not_Target
echi9702.t1,Not_Target,Myosin_1,Not_Target
echi9703.t1,Not_Target,Not_Target,Not_Target
echi9704.t1,Not_Target,Not_Target,Myosin_26
echi9705.t1,Not_Target,Not_Target,Not_Target
echi9706.t1,Not_Target,Not_Target,Not_Target
echi18407.t1,Not_Target,Not_Target,Not_Target
echi18408.t1,Not_Target,Not_Target,Not_Target
echi18409.t1,Not_Target,Not_Target,Myosin_51
echi18410.t1,Myosin_5,Myosin_5,Myosin_30
echi18411.t1,Myosin_4,Myosin_1,Not_Target
echi18412.t1,Not_Target,Not_Target,Not_Target
echi18413.t1,Myosin_57,Myosin_26,Myosin_3
echi18414.t1,Myosin_5,Myosin_5,Myosin_5
echi18415.t1,Not_Target,Not_Target,Myosin_1
echi18416.t1,Not_Target,Not_Target,Not_Target
echi18417.t1,Myosin_5,Myosin_5,Not_Target
echi18418.t1,Not_Target,Myosin_29,Myosin_19
echi18419.t1,Not_Target,Not_Target,Myosin_24
echi18420.t1,Not_Target,Not_Target,Not_Target
echi18421.t1,Myosin_30,Myosin_6,Myosin_20
echi18422.t1,Not_Target,Myosin_2,Not_Target
echi18423.t1,Not_Target,Not_Target,Not_Target
echi18424.t1,Myosin_24,Not_Target,Myosin_24
echi18425.t1,Not_Target,Not_Target,Not_Target
echi13544.t1,Not_Target,Not_Target,Not_Target
echi13545.t1,Not_Target,Not_Target,Not_Target
echi13546.t1,Not_Target,Myosin_11,Myosin_8
echi13547.t1,Not_Target,Not_Target,Not_Target
echi13548.t1,Myosin_74,Myosin_74,Not_Target
echi13549.t1,Not_Target,Myosin_19,Not_Target
echi13550.t1,Myosin_24,Not_Target,Myosin_3
echi13551.t1,Not_Target,Not_Target,Not_Target
echi13552.t1,Not_Target,Not_Target,Not_Target
echi13553.t1,Not_Target,Myosin_1,Myosin_23
echi13554.t1,Not_Target,Myosin_3,Not_Target
echi13555.t1,Not_Target,Not_Target,Not_Target
echi13556.t1,Not_Target,Myosin_6,Not_Target
echi13557.t1,Myosin_45,Not_Target,Not_Target
echi13558.t1,Not_Target,Not_Target,Not_Target
echi13559.t1,Myosin_3,Not_Target,Myosin_57
echi13560.t1,Myosin_3,Myosin_3,Myosin_3
echi12661.t1,Not_Target,Not_Target,Myosin_20
echi12662.t1,Myosin_3,Myosin_5,Not_Target
echi12663.t1,Not_Target,Not_Target,Myosin_31
echi12664.t1,Not_Target,Myosin_1,Not_Target
echi12665.t1,Not_Target,Not_Target,Not_Target
echi12666.t1,Not_Target,Not_Target,Not_Target
echi12667.t1,Not_Target,Not_Target,Myosin_42
echi12668.t1,Not_Target,Not_Target,Not_Target
echi12669.t1,Not_Target,Not_Target,Not_Target
echi12670.t1,Myosin_15,Myosin_3,Myosin_17
echi12671.t1,Myosin_17,Myosin_22,Myosin_14
echi12672.t1,Not_Target,Not_Target,Not_Target
echi12590.t1,Not_Target,Not_Target,Not_Target
echi12591.t1,Not_Target,Not_Target,Not_Target
echi12592.t1,Not_Target,Not_Target,Not_Target
echi12593.t1,Myosin_3,Myosin_3,Myosin_36
echi12594.t1,Not_Target,Not_Target,Not_Target
echi12595.t1,Not_Target,Not_Target,Not_Target
echi12596.t1,Not_Target,Not_Target,Not_Target
echi12597.t1,Myosin_15,Myosin_15,Myosin_15
echi12598.t1,Not_Target,Not_Target,Not_Target
echi12599.t1,Not_Target,Not_Target,Not_Target
echi12600.t1,Not_Target,Not_Target,Not_Target
echi12601.t1,Not_Target,Not_Target,Not_Target
echi18001.t1,Not_Target,Not_Target,Not_Target
echi18002.t1,Not_Target,Not_Target,Not_Target
echi18003.t1,Myosin_31,Myosin_19,Not_Target
echi18004.t1,Not_Target,Not_Target,Not_Target
echi18005.t1,Not_Target,Not_Target,Not_Target
echi18006.t1,Not_Target,Not_Target,Not_Target
echi18007.t1,Not_Target,Not_Target,Not_Target
echi18008.t1,Not_Target,Not_Target,Not_Target
echi18009.t1,Not_Target,Not_Target,Not_Target
echi18010.t1,Not_Target,Not_Target,Not_Target
echi18011.t1,Not_Target,Not_Target,Not_Target
echi18012.t1,Myosin_1,Myosin_1,Not_Target
echi18013.t1,Not_Target,Not_Target,Not_Target
echi18014.t1,Myosin_64,Myosin_5,Not_Target
echi18015.t1,Not_Target,Myosin_17,Not_Target
echi18016.t1,Not_Target,Not_Target,Not_Target
echi18017.t1,Not_Target,Not_Target,Not_Target
echi18018.t1,Not_Target,Not_Target,Not_Target
echi18019.t1,Not_Target,Not_Target,Not_Target
echi18020.t1,Not_Target,Not_Target,Not_Target
echi18021.t1,Myosin_37,Myosin_37,Not_Target
echi18022.t1,Myosin_24,Not_Target,Myosin_71
echi18023.t1,Not_Target,Not_Target,Not_Target
echi18024.t1,Myosin_26,Not_Target,Not_Target
echi18025.t1,Not_Target,Not_Target,Not_Target
echi18026.t1,Myosin_4,Not_Target,Myosin_4
echi18027.t1,Not_Target,Not_Target,Not_Target
echi4649.t1,Not_Target,Not_Target,Not_Target
echi4650.t1,Not_Target,Not_Target,Myosin_1
echi4651.t1,Not_Target,Not_Target,Myosin_5
echi4652.t1,Not_Target,Not_Target,Myosin_64
echi4653.t1,Myosin_2,Not_Target,Not_Target
echi4654.t1,Not_Target,Not_Target,Not_Target
echi4655.t1,Myosin_36,Not_Target,Myosin_36
echi4656.t1,Myosin_45,Not_Target,Not_Target
echi4657.t1,Myosin_45,Not_Target,Not_Target
echi4658.t1,Myosin_16,Myosin_16,Myosin_3
echi4659.t1,Not_Target,Not_Target,Not_Target
echi4660.t1,Not_Target,Not_Target,Not_Target
echi4661.t1,Not_Target,Not_Target,Myosin_5
echi4662.t1,Myosin_53,Not_Target,Myosin_17
echi4663.t1,Not_Target,Not_Target,Myosin_8
echi4664.t1,Not_Target,Not_Target,Not_Target
echi4665.t1,Myosin_4,Not_Target,Myosin_4
echi4666.t1,Not_Target,Not_Target,Not_Target
echi8448.t1,Myosin_45,Myosin_45,Not_Target
echi8449.t1,Not_Target,Not_Target,Not_Target
echi8450.t1,Not_Target,Not_Target,Not_Target
echi8451.t1,Myosin_26,Myosin_26,Myosin_26
echi8452.t1,Myosin_26,Myosin_1,Not_Target
echi8453.t1,Myosin_18,Myosin_29,Myosin_37
echi8454.t1,Myosin_18,Not_Target,Myosin_11
echi8455.t1,Not_Target,Myosin_19,Myosin_14
echi8456.t1,Myosin_30,Myosin_6,Myosin_37
echi8457.t1,Myosin_2,Not_Target,Myosin_11
echi8458.t1,Myosin_2,Not_Target,Myosin_2
echi8459.t1,Myosin_2,Myosin_6,Not_Target
echi8460.t1,Not_Target,Not_Target,Myosin_53
echi8461.t1,Not_Target,Not_Target,Not_Target
echi8462.t1,Not_Target,Not_Target,Not_Target
echi8463.t1,Not_Target,Not_Target,Not_Target
echi8464.t1,Not_Target,Not_Target,Not_Target
echi8465.t1,Not_Target,Not_Target,Not_Target
echi2430.t1,Not_Target,Myosin_4,Not_Target
echi2431.t1,Not_Target,Not_Target,Myosin_23
echi2432.t1,Myosin_51,Not_Target,Myosin_51
echi2433.t1,Not_Target,Not_Target,Not_Target
echi2434.t1,Not_Target,Not_Target,Not_Target
echi2435.t1,Myosin_5,Not_Target,Myosin_5
echi2436.t1,Myosin_17,Not_Target,Not_Target
echi2437.t1,Not_Target,Not_Target,Not_Target
echi2438.t1,Not_Target,Not_Target,Myosin_37
echi2439.t1,Myosin_45,Myosin_45,Not_Target
echi2440.t1,Not_Target,Not_Target,Not_Target
echi2441.t1,Myosin_16,Not_Target,Not_Target
echi2442.t1,Not_Target,Not_Target,Myosin_5
echi2443.t1,Not_Target,Not_Target,Not_Target
echi2444.t1,Myosin_2,Not_Target,Not_Target
echi2445.t1,Not_Target,Myosin_51,Myosin_1
echi18161.t1,Not_Target,Not_Target,Not_Target
echi18162.t1,Myosin_8,Myosin_64,Myosin_1
echi18163.t1,Actin,Not_Target,Not_Target
echi18164.t1,Not_Target,Not_Target,Myosin_64
echi18165.t1,Not_Target,Not_Target,Not_Target
echi18166.t1,Not_Target,Not_Target,Not_Target
echi18167.t1,Not_Target,Not_Target,Not_Target
echi18168.t1,Myosin_17,Myosin_17,Myosin_17
echi18169.t1,Myosin_15,Myosin_15,Myosin_15
echi18170.t1,Not_Target,Not_Target,Not_Target
echi18171.t1,Not_Target,Myosin_17,Not_Target
echi18172.t1,Not_Target,Myosin_4,Not_Target
echi18173.t1,Myosin_8,Myosin_64,Myosin_1
echi18174.t1,Actin,Actin,Actin
echi18175.t1,Myosin_24,Not_Target,Myosin_2
echi18176.t1,Not_Target,Not_Target,Not_Target
echi18177.t1,Not_Target,Not_Target,Not_Target
echi18178.t1,Not_Target,Myosin_5,Not_Target
echi11150.t1,Myosin_45,Myosin_45,Myosin_31
echi11151.t1,Not_Target,Not_Target,Not_Target
echi11152.t1,Not_Target,Not_Target,Not_Target
echi11153.t1,Myosin_18,Myosin_18,Myosin_36
echi11154.t1,Not_Target,Not_Target,Not_Target
echi11155.t1,Myosin_5,Myosin_5,Myosin_2
echi11156.t1,Not_Target,Not_Target,Not_Target
echi11157.t1,Myosin_74,Not_Target,Myosin_5
echi11158.t1,Not_Target,Not_Target,Not_Target
echi11159.t1,Myosin_9,Myosin_9,Myosin_16
echi11160.t1,Myosin_18,Myosin_51,Myosin_64
echi11161.t1,Myosin_15,Not_Target,Myosin_1
echi11162.t1,Not_Target,Not_Target,Not_Target
echi92.t1,Not_Target,Not_Target,Not_Target
echi93.t1,Not_Target,Myosin_6,Not_Target
echi94.t1,Myosin_45,Myosin_57,Myosin_1
echi95.t1,Not_Target,Not_Target,Not_Target
echi96.t1,Not_Target,Not_Target,Myosin_36
echi97.t1,Myosin_45,Not_Target,Myosin_18
echi98.t1,Myosin_24,Myosin_24,Myosin_64
echi99.t1,Not_Target,Not_Target,Not_Target
echi100.t1,Not_Target,Not_Target,Not_Target
echi101.t1,Not_Target,Not_Target,Not_Target
echi102.t1,Not_Target,Myosin_16,Not_Target
echi103.t1,Not_Target,Not_Target,Not_Target
echi104.t1,Not_Target,Not_Target,Not_Target
echi105.t1,Not_Target,Not_Target,Not_Target
echi106.t1,Not_Target,Not_Target,Not_Target
echi107.t1,Not_Target,Not_Target,Not_Target
echi108.t1,Not_Target,Not_Target,Not_Target
echi7767.t1,Not_Target,Not_Target,Not_Target
echi7768.t1,Not_Target,Not_Target,Not_Target
echi7769.t1,Not_Target,Not_Target,Not_Target
echi7770.t1,Not_Target,Myosin_17,Not_Target
echi7771.t1,Not_Target,Not_Target,Not_Target
echi7772.t1,Not_Target,Myosin_7,Not_Target
echi7773.t1,Not_Target,Myosin_19,Not_Target
echi7774.t1,Not_Target,Not_Target,Not_Target
echi7775.t1,Myosin_45,Not_Target,Not_Target
echi7776.t1,Not_Target,Not_Target,Myosin_16
echi7777.t1,Not_Target,Not_Target,Not_Target
echi7778.t1,Not_Target,Not_Target,Not_Target
echi7779.t1,Myosin_51,Not_Target,Myosin_20
echi7780.t1,Not_Target,Not_Target,Not_Target
echi7781.t1,Not_Target,Not_Target,Not_Target
echi7782.t1,Myosin_5,Myosin_6,Not_Target
echi7783.t1,Not_Target,Not_Target,Not_Target
echi7784.t1,Not_Target,Myosin_6,Not_Target
echi7785.t1,Myosin_55,Not_Target,Not_Target
echi7786.t1,Myosin_3,Not_Target,Myosin_3
echi7787.t1,Not_Target,Not_Target,Not_Target
echi1432.t1,Not_Target,Not_Target,Not_Target
echi1433.t1,Myosin_2,Not_Target,Myosin_61
echi1434.t1,Myosin_17,Myosin_3,Myosin_37
echi1435.t1,Not_Target,Not_Target,Not_Target
echi1436.t1,Not_Target,Not_Target,Not_Target
echi1437.t1,Myosin_20,Myosin_18,Not_Target
echi1438.t1,Not_Target,Not_Target,Not_Target
echi1439.t1,Not_Target,Not_Target,Not_Target
echi1440.t1,Not_Target,Not_Target,Not_Target
echi1441.t1,Myosin_24,Myosin_6,Not_Target
echi1442.t1,Not_Target,Not_Target,Not_Target
echi1443.t1,Not_Target,Myosin_57,Myosin_20
echi1444.t1,Not_Target,Not_Target,Not_Target
echi1445.t1,Not_Target,Not_Target,Not_Target
echi1446.t1,Not_Target,Not_Target,Not_Target
echi1447.t1,Myosin_18,Myosin_18,Myosin_18
echi1448.t1,Myosin_5,Myosin_5,Not_Target
echi1449.t1,Not_Target,Not_Target,Not_Target
echi10829.t1,Myosin_8,Myosin_81,Not_Target
echi10830.t1,Not_Target,Not_Target,Not_Target
echi10831.t1,Myosin_18,Myosin_18,Myosin_2
echi10832.t1,Not_Target,Not_Target,Not_Target
echi10833.t1,Myosin_31,Not_Target,Not_Target
echi10834.t1,Not_Target,Myosin_19,Not_Target
echi10835.t1,Myosin_26,Myosin_18,Not_Target
echi10836.t1,Myosin_9,Not_Target,Myosin_8
echi10837.t1,Not_Target,Not_Target,Myosin_5
echi10838.t1,Not_Target,Not_Target,Not_Target
echi10839.t1,Not_Target,Not_Target,Not_Target
echi10840.t1,Myosin_45,Myosin_29,Myosin_18
echi10841.t1,Myosin_45,Myosin_5,Not_Target
echi10842.t1,Not_Target,Not_Target,Not_Target
echi10843.t1,Myosin_37,Myosin_37,Not_Target
echi10844.t1,Not_Target,Not_Target,Myosin_5
echi10845.t1,Myosin_45,Myosin_57,Not_Target
echi10846.t1,Not_Target,Not_Target,Not_Target
echi10847.t1,Not_Target,Not_Target,Not_Target
echi10848.t1,Not_Target,Not_Target,Not_Target
echi10849.t1,Not_Target,Myosin_4,Not_Target
echi10850.t1,Not_Target,Not_Target,Not_Target
echi10851.t1,Myosin_55,Not_Target,Not_Target
echi7198.t1,Not_Target,Not_Target,Not_Target
echi7199.t1,Not_Target,Not_Target,Not_Target
echi7200.t1,Myosin_51,Not_Target,Myosin_3
echi7201.t1,Not_Target,Not_Target,Not_Target
echi7202.t1,Not_Target,Not_Target,Not_Target
echi7203.t1,Myosin_81,Myosin_81,Myosin_2
echi7204.t1,Not_Target,Myosin_5,Not_Target
echi7205.t1,Not_Target,Not_Target,Myosin_17
echi7206.t1,Not_Target,Myosin_57,Not_Target
echi7207.t1,Not_Target,Myosin_19,Not_Target
echi7208.t1,Not_Target,Not_Target,Not_Target
echi7209.t1,Not_Target,Not_Target,Not_Target
echi7210.t1,Not_Target,Not_Target,Myosin_64
echi7211.t1,Not_Target,Not_Target,Myosin_24
echi7212.t1,Not_Target,Not_Target,Not_Target
echi7213.t1,Not_Target,Myosin_43,Not_Target
echi7214.t1,Not_Target,Not_Target,Not_Target
echi7215.t1,Not_Target,Not_Target,Not_Target
echi7216.t1,Not_Target,Not_Target,Myosin_57
echi7217.t1,Not_Target,Not_Target,Not_Target
echi7218.t1,Not_Target,Not_Target,Not_Target
echi7219.t1,Not_Target,Myosin_5,Not_Target
echi11294.t1,Not_Target,Myosin_11,Myosin_11
echi11295.t1,Not_Target,Not_Target,Not_Target
echi11296.t1,Myosin_23,Not_Target,Myosin_81
echi11297.t1,Myosin_57,Myosin_57,Not_Target
echi11298.t1,Not_Target,Not_Target,Not_Target
echi11299.t1,Myosin_2,Myosin_2,Myosin_2
echi11300.t1,Not_Target,Not_Target,Not_Target
echi11301.t1,Not_Target,Myosin_5,Myosin_5
echi11302.t1,Not_Target,Not_Target,Not_Target
echi11303.t1,Not_Target,Not_Target,Not_Target
echi11304.t1,Not_Target,Not_Target,Not_Target
echi11305.t1,Not_Target,Not_Target,Not_Target
echi11306.t1,Myosin_15,Myosin_81,Myosin_22
echi11307.t1,Not_Target,Not_Target,Not_Target
echi11308.t1,Not_Target,Myosin_19,Myosin_20
echi11309.t1,Not_Target,Not_Target,Myosin_4
echi5234.t1,Not_Target,Not_Target,Not_Target
echi5235.t1,Not_Target,Not_Target,Not_Target
echi5236.t1,Myosin_18,Myosin_18,Myosin_20
echi5237.t1,Not_Target,Not_Target,Not_Target
echi5238.t1,Not_Target,Not_Target,Myosin_2
echi5239.t1,Not_Target,Not_Target,Not_Target
echi5240.t1,Not_Target,Not_Target,Not_Target
echi5241.t1,Not_Target,Not_Target,Myosin_73
echi5242.t1,Not_Target,Not_Target,Not_Target
echi5243.t1,Not_Target,Myosin_1,Not_Target
echi5244.t1,Myosin_36,Myosin_9,Myosin_3
echi5245.t1,Not_Target,Myosin_1,Not_Target
echi5246.t1,Not_Target,Not_Target,Myosin_5
echi5247.t1,Not_Target,Not_Target,Not_Target
echi5248.t1,Not_Target,Not_Target,Not_Target
echi5249.t1,Not_Target,Myosin_16,Not_Target
echi5250.t1,Not_Target,Myosin_1,Not_Target
echi5251.t1,Not_Target,Not_Target,Not_Target
echi5252.t1,Not_Target,Not_Target,Not_Target
echi12872.t1,Myosin_15,Myosin_15,Not_Target
echi12873.t1,Not_Target,Not_Target,Not_Target
echi12874.t1,Not_Target,Not_Target,Myosin_57
echi12875.t1,Myosin_29,Myosin_18,Myosin_34
echi12876.t1,Not_Target,Not_Target,Not_Target
echi12877.t1,Not_Target,Not_Target,Myosin_37
echi12878.t1,Myosin_57,Myosin_26,Myosin_11
echi12879.t1,Myosin_26,Not_Target,Not_Target
echi12880.t1,Not_Target,Not_Target,Not_Target
echi12881.t1,Myosin_17,Myosin_17,Myosin_51
echi12882.t1,Not_Target,Not_Target,Myosin_8
echi12883.t1,Not_Target,Not_Target,Not_Target
echi12884.t1,Myosin_18,Not_Target,Myosin_30
echi14736.t1,Not_Target,Myosin_19,Myosin_6
echi14737.t1,Not_Target,Myosin_16,Myosin_27
echi14738.t1,Not_Target,Not_Target,Not_Target
echi14739.t1,Not_Target,Myosin_1,Not_Target
echi14740.t1,Not_Target,Myosin_81,Myosin_8
echi14741.t1,Not_Target,Not_Target,Myosin_2
echi14742.t1,Myosin_18,Myosin_18,Myosin_18
echi14743.t1,Not_Target,Not_Target,Not_Target
echi14744.t1,Not_Target,Not_Target,Not_Target
echi14745.t1,Myosin_36,Myosin_36,Myosin_36
echi14746.t1,Not_Target,Not_Target,Not_Target
echi14747.t1,Not_Target,Myosin_23,Not_Target
echi14748.t1,Not_Target,Not_Target,Not_Target
echi14749.t1,Not_Target,Not_Target,Not_Target
echi16844.t1,Not_Target,Not_Target,Not_Target
echi16845.t1,Myosin_15,Myosin_15,Myosin_15
echi16846.t1,Not_Target,Not_Target,Not_Target
echi16847.t1,Myosin_20,Myosin_26,Not_Target
echi16848.t1,Not_Target,Not_Target,Myosin_4
echi16849.t1,Not_Target,Myosin_54,Not_Target
echi16850.t1,Not_Target,Not_Target,Not_Target
echi16851.t1,Not_Target,Not_Target,Not_Target
echi16852.t1,Not_Target,Not_Target,Not_Target
echi16853.t1,Not_Target,Not_Target,Not_Target
echi16854.t1,Not_Target,Not_Target,Not_Target
echi16855.t1,Not_Target,Myosin_38,Not_Target
echi16856.t1,Not_Target,Not_Target,Not_Target
echi16857.t1,Not_Target,Not_Target,Not_Target
echi16858.t1,Not_Target,Not_Target,Myosin_51
echi16859.t1,Not_Target,Not_Target,Not_Target
echi16860.t1,Not_Target,Not_Target,Not_Target
echi16861.t1,Not_Target,Not_Target,Not_Target
echi16862.t1,Not_Target,Not_Target,Not_Target
echi12465.t1,Not_Target,Not_Target,Not_Target
echi12466.t1,Not_Target,Not_Target,Not_Target
echi12467.t1,Not_Target,Not_Target,Myosin_3
echi12468.t1,Not_Target,Not_Target,Not_Target
echi12469.t1,Not_Target,Not_Target,Not_Target
echi12470.t1,Not_Target,Not_Target,Myosin_19
echi12471.t1,Not_Target,Not_Target,Myosin_30
echi12472.t1,Not_Target,Myosin_1,Not_Target
echi12473.t1,Not_Target,Not_Target,Not_Target
echi12474.t1,Myosin_18,Myosin_18,Myosin_3
echi12475.t1,Myosin_26,Not_Target,Myosin_1
echi12476.t1,Not_Target,Not_Target,Not_Target
echi12477.t1,Not_Target,Myosin_17,Not_Target
echi12478.t1,Not_Target,Not_Target,Not_Target
echi12479.t1,Not_Target,Not_Target,Not_Target
echi12480.t1,Myosin_17,Not_Target,Myosin_30
echi12481.t1,Myosin_73,Not_Target,Not_Target
echi12482.t1,Myosin_19,Myosin_17,Myosin_14
echi12483.t1,Myosin_29,Not_Target,Myosin_28
echi12484.t1,Not_Target,Not_Target,Not_Target
echi16469.t1,Myosin_24,Myosin_23,Not_Target
echi16470.t1,Not_Target,Not_Target,Not_Target
echi16471.t1,Not_Target,Not_Target,Not_Target
echi16472.t1,Myosin_53,Not_Target,Myosin_20
echi16473.t1,Myosin_45,Not_Target,Not_Target
echi16474.t1,Not_Target,Not_Target,Not_Target
echi16475.t1,Myosin_26,Not_Target,Myosin_3
echi16476.t1,Not_Target,Myosin_4,Not_Target
echi16477.t1,Not_Target,Not_Target,Not_Target
echi16478.t1,Not_Target,Not_Target,Not_Target
echi16479.t1,Not_Target,Not_Target,Not_Target
echi16480.t1,Not_Target,Myosin_1,Not_Target
echi16481.t1,Not_Target,Not_Target,Not_Target
echi16482.t1,Not_Target,Not_Target,Not_Target
echi16483.t1,Not_Target,Not_Target,Not_Target
echi17121.t1,Myosin_19,Myosin_19,Myosin_11
echi17122.t1,Not_Target,Myosin_1,Not_Target
echi17123.t1,Not_Target,Not_Target,Not_Target
echi17124.t1,Myosin_18,Myosin_18,Myosin_5
echi17125.t1,Not_Target,Myosin_26,Myosin_51
echi17126.t1,Myosin_29,Myosin_29,Myosin_27
echi17127.t1,Myosin_31,Myosin_18,Not_Target
echi17128.t1,Myosin_26,Not_Target,Myosin_5
echi17129.t1,Myosin_26,Not_Target,Myosin_20
echi17130.t1,Not_Target,Not_Target,Not_Target
echi17131.t1,Not_Target,Not_Target,Not_Target
echi17132.t1,Not_Target,Not_Target,Not_Target
echi17133.t1,Not_Target,Not_Target,Not_Target
echi17134.t1,Not_Target,Not_Target,Not_Target
echi17135.t1,Not_Target,Not_Target,Not_Target
echi17136.t1,Myosin_45,Not_Target,Not_Target
echi17137.t1,Myosin_19,Myosin_19,Myosin_19
echi17138.t1,Myosin_30,Not_Target,Not_Target
echi3480.t1,Not_Target,Myosin_20,Myosin_4
echi3481.t1,Not_Target,Not_Target,Not_Target
echi3482.t1,Not_Target,Not_Target,Not_Target
echi3483.t1,Not_Target,Not_Target,Not_Target
echi3484.t1,Not_Target,Myosin_36,Myosin_36
echi3485.t1,Myosin_57,Not_Target,Myosin_8
echi3486.t1,Not_Target,Not_Target,Not_Target
echi3487.t1,Not_Target,Not_Target,Not_Target
echi3488.t1,Myosin_17,Not_Target,Not_Target
echi3489.t1,Not_Target,Not_Target,Not_Target
echi3490.t1,Myosin_16,Myosin_16,Myosin_16
echi3491.t1,Not_Target,Not_Target,Not_Target
echi3492.t1,Not_Target,Not_Target,Not_Target
echi3493.t1,Not_Target,Not_Target,Not_Target
echi14818.t1,Not_Target,Not_Target,Not_Target
echi14819.t1,Not_Target,Myosin_28,Myosin_30
echi14820.t1,Not_Target,Myosin_4,Not_Target
echi14821.t1,Not_Target,Myosin_20,Myosin_57
echi14822.t1,Myosin_5,Myosin_5,Myosin_3
echi14823.t1,Not_Target,Not_Target,Not_Target
echi14824.t1,Myosin_16,Myosin_19,Myosin_1
echi14825.t1,Myosin_1,Not_Target,Myosin_13
echi14826.t1,Myosin_30,Myosin_1,Myosin_45
echi14827.t1,Not_Target,Not_Target,Not_Target
echi14828.t1,Not_Target,Not_Target,Not_Target
echi14829.t1,Myosin_6,Myosin_6,Myosin_1
echi14830.t1,Not_Target,Myosin_16,Myosin_23
echi2626.t1,Not_Target,Myosin_18,Not_Target
echi2627.t1,Myosin_17,Not_Target,Myosin_19
echi2628.t1,Myosin_17,Not_Target,Myosin_4
echi2629.t1,Not_Target,Not_Target,Myosin_18
echi2630.t1,Not_Target,Not_Target,Not_Target
echi2631.t1,Myosin_37,Not_Target,Not_Target
echi2632.t1,Not_Target,Not_Target,Not_Target
echi2633.t1,Not_Target,Not_Target,Myosin_16
echi2634.t1,Myosin_1,Myosin_57,Myosin_4
echi2635.t1,Not_Target,Not_Target,Not_Target
echi2636.t1,Not_Target,Myosin_36,Myosin_8
echi2637.t1,Not_Target,Not_Target,Myosin_20
echi2638.t1,Not_Target,Myosin_17,Myosin_8
echi2639.t1,Myosin_16,Myosin_16,Not_Target
echi2640.t1,Not_Target,Not_Target,Not_Target
echi2641.t1,Not_Target,Not_Target,Not_Target
echi2642.t1,Not_Target,Not_Target,Not_Target
echi384.t1,Not_Target,Myosin_8,Not_Target
echi385.t1,Not_Target,Not_Target,Not_Target
echi386.t1,Not_Target,Not_Target,Not_Target
echi387.t1,Not_Target,Not_Target,Not_Target
echi388.t1,Not_Target,Not_Target,Not_Target
echi389.t1,Not_Target,Myosin_6,Not_Target
echi390.t1,Not_Target,Not_Target,Not_Target
echi391.t1,Not_Target,Myosin_29,Not_Target
echi392.t1,Myosin_37,Myosin_8,Not_Target
echi393.t1,Myosin_37,Myosin_5,Myosin_5
echi394.t1,Not_Target,Not_Target,Not_Target
echi395.t1,Myosin_1,Myosin_1,Not_Target
echi396.t1,Myosin_36,Myosin_17,Not_Target
echi397.t1,Myosin_30,Myosin_6,Myosin_20
echi398.t1,Not_Target,Not_Target,Not_Target
echi399.t1,Myosin_45,Not_Target,Myosin_3
echi400.t1,Not_Target,Not_Target,Myosin_8
echi401.t1,Not_Target,Not_Target,Not_Target
echi402.t1,Not_Target,Not_Target,Not_Target
echi403.t1,Not_Target,Not_Target,Not_Target
echi404.t1,Not_Target,Not_Target,Not_Target
echi405.t1,Not_Target,Not_Target,Not_Target
echi8418.t1,Not_Target,Not_Target,Not_Target
echi8419.t1,Not_Target,Myosin_28,Myosin_23
echi8420.t1,Myosin_17,Myosin_17,Not_Target
echi8421.t1,Not_Target,Not_Target,Not_Target
echi8422.t1,Myosin_18,Not_Target,Myosin_30
echi8423.t1,Not_Target,Not_Target,Not_Target
echi8424.t1,Not_Target,Not_Target,Not_Target
echi8425.t1,Not_Target,Not_Target,Not_Target
echi8426.t1,Not_Target,Myosin_30,Not_Target
echi8427.t1,Myosin_15,Myosin_15,Myosin_15
echi6071.t1,Not_Target,Not_Target,Not_Target
echi6072.t1,Not_Target,Not_Target,Not_Target
echi6073.t1,Not_Target,Not_Target,Not_Target
echi6074.t1,Not_Target,Not_Target,Not_Target
echi6075.t1,Not_Target,Not_Target,Not_Target
echi6076.t1,Myosin_55,Myosin_18,Not_Target
echi6077.t1,Not_Target,Myosin_26,Not_Target
echi6078.t1,Not_Target,Myosin_51,Not_Target
echi6079.t1,Not_Target,Not_Target,Myosin_53
echi6080.t1,Myosin_2,Myosin_70,Not_Target
echi6081.t1,Myosin_23,Myosin_23,Myosin_18
echi6082.t1,Not_Target,Not_Target,Not_Target
echi6083.t1,Not_Target,Myosin_8,Not_Target
echi6084.t1,Not_Target,Myosin_80,Not_Target
echi6085.t1,Not_Target,Not_Target,Not_Target
echi6086.t1,Not_Target,Not_Target,Myosin_20
echi6087.t1,Myosin_5,Myosin_5,Not_Target
echi6088.t1,Not_Target,Not_Target,Myosin_4
echi6089.t1,Not_Target,Not_Target,Not_Target
echi6090.t1,Myosin_1,Not_Target,Myosin_1
echi13078.t1,Myosin_37,Myosin_37,Myosin_1
echi13079.t1,Not_Target,Not_Target,Not_Target
echi13080.t1,Not_Target,Not_Target,Not_Target
echi13081.t1,Not_Target,Not_Target,Not_Target
echi13082.t1,Not_Target,Not_Target,Myosin_28
echi13083.t1,Not_Target,Not_Target,Not_Target
echi13084.t1,Myosin_81,Myosin_1,Not_Target
echi13085.t1,Not_Target,Not_Target,Not_Target
echi13086.t1,Myosin_81,Not_Target,Not_Target
echi13087.t1,Not_Target,Myosin_4,Not_Target
echi13088.t1,Not_Target,Myosin_4,Not_Target
echi13089.t1,Not_Target,Myosin_5,Myosin_57
echi13090.t1,Myosin_74,Not_Target,Not_Target
echi13091.t1,Not_Target,Not_Target,Not_Target
echi13092.t1,Myosin_17,Myosin_17,Not_Target
echi13093.t1,Myosin_1,Not_Target,Myosin_57
echi13094.t1,Myosin_15,Not_Target,Not_Target
echi13095.t1,Not_Target,Myosin_16,Myosin_1
echi13096.t1,Myosin_36,Myosin_9,Myosin_51
echi13097.t1,Not_Target,Not_Target,Myosin_2
echi13098.t1,Not_Target,Not_Target,Not_Target
echi13099.t1,Not_Target,Not_Target,Not_Target
echi4554.t1,Not_Target,Not_Target,Not_Target
echi4555.t1,Not_Target,Not_Target,Not_Target
echi4556.t1,Not_Target,Not_Target,Not_Target
echi4557.t1,Not_Target,Not_Target,Not_Target
echi4558.t1,Not_Target,Not_Target,Not_Target
echi4559.t1,Not_Target,Not_Target,Not_Target
echi4560.t1,Myosin_1,Myosin_1,Myosin_26
echi4561.t1,Not_Target,Not_Target,Not_Target
echi4562.t1,Not_Target,Myosin_1,Not_Target
echi4563.t1,Not_Target,Not_Target,Not_Target
echi4564.t1,Not_Target,Not_Target,Not_Target
echi4565.t1,Myosin_1,Not_Target,Not_Target
echi4566.t1,Not_Target,Not_Target,Myosin_11
echi4567.t1,Not_Target,Not_Target,Not_Target
echi4568.t1,Not_Target,Not_Target,Not_Target
echi4569.t1,Myosin_19,Not_Target,Not_Target
echi4570.t1,Not_Target,Myosin_1,Not_Target
echi4571.t1,Myosin_19,Not_Target,Not_Target
echi6853.t1,Myosin_45,Myosin_8,Not_Target
echi6854.t1,Myosin_15,Myosin_15,Myosin_15
echi6855.t1,Not_Target,Not_Target,Not_Target
echi6856.t1,Not_Target,Not_Target,Myosin_3
echi6857.t1,Not_Target,Myosin_1,Not_Target
echi6858.t1,Not_Target,Myosin_19,Not_Target
echi6859.t1,Myosin_37,Not_Target,Myosin_2
echi6860.t1,Not_Target,Not_Target,Not_Target
echi6861.t1,Not_Target,Not_Target,Not_Target
echi6862.t1,Myosin_8,Myosin_64,Not_Target
echi6863.t1,Not_Target,Not_Target,Myosin_11
echi6864.t1,Not_Target,Not_Target,Not_Target
echi6865.t1,Not_Target,Not_Target,Not_Target
echi6866.t1,Not_Target,Not_Target,Not_Target
echi218.t1,Not_Target,Not_Target,Not_Target
echi219.t1,Not_Target,Myosin_57,Not_Target
echi220.t1,Not_Target,Not_Target,Not_Target
echi221.t1,Not_Target,Myosin_22,Not_Target
echi222.t1,Not_Target,Not_Target,Not_Target
echi223.t1,Not_Target,Not_Target,Not_Target
echi224.t1,Not_Target,Not_Target,Not_Target
echi225.t1,Not_Target,Not_Target,Not_Target
echi226.t1,Not_Target,Not_Target,Not_Target
echi227.t1,Not_Target,Not_Target,Not_Target
echi228.t1,Not_Target,Not_Target,Not_Target
echi229.t1,Not_Target,Not_Target,Not_Target
echi230.t1,Not_Target,Myosin_6,Not_Target
echi231.t1,Not_Target,Not_Target,Not_Target
echi232.t1,Not_Target,Not_Target,Not_Target
echi233.t1,Not_Target,Not_Target,Myosin_1
echi234.t1,Not_Target,Not_Target,Not_Target
echi235.t1,Not_Target,Not_Target,Not_Target
echi236.t1,Not_Target,Not_Target,Not_Target
echi237.t1,Not_Target,Not_Target,Not_Target
echi238.t1,Not_Target,Not_Target,Myosin_2
echi239.t1,Not_Target,Not_Target,Myosin_16
echi240.t1,Not_Target,Not_Target,Not_Target
echi241.t1,Myosin_15,Myosin_17,Myosin_14
echi242.t1,Not_Target,Myosin_47,Not_Target
echi4943.t1,Not_Target,Not_Target,Not_Target
echi4944.t1,Not_Target,Not_Target,Not_Target
echi4945.t1,Myosin_19,Not_Target,Myosin_23
echi4946.t1,Not_Target,Not_Target,Not_Target
echi4947.t1,Not_Target,Myosin_81,Not_Target
echi4948.t1,Not_Target,Not_Target,Not_Target
echi4949.t1,Not_Target,Not_Target,Not_Target
echi4950.t1,Not_Target,Myosin_37,Not_Target
echi4951.t1,Not_Target,Not_Target,Not_Target
echi4952.t1,Not_Target,Not_Target,Not_Target
echi4953.t1,Not_Target,Not_Target,Not_Target
echi4954.t1,Not_Target,Not_Target,Not_Target
echi4955.t1,Myosin_22,Not_Target,Myosin_2
echi4956.t1,Not_Target,Not_Target,Not_Target
echi4957.t1,Not_Target,Myosin_74,Myosin_2
echi4958.t1,Not_Target,Not_Target,Not_Target
echi4959.t1,Myosin_22,Myosin_22,Myosin_4
echi4960.t1,Not_Target,Not_Target,Not_Target
echi4961.t1,Not_Target,Myosin_18,Not_Target
echi4962.t1,Myosin_17,Not_Target,Myosin_31
echi4963.t1,Myosin_15,Myosin_15,Myosin_7
echi4964.t1,Not_Target,Not_Target,Not_Target
echi4965.t1,Not_Target,Not_Target,Not_Target
echi4966.t1,Not_Target,Not_Target,Not_Target
echi15373.t1,Not_Target,Not_Target,Not_Target
echi15374.t1,Not_Target,Not_Target,Not_Target
echi15375.t1,Myosin_19,Myosin_18,Myosin_16
echi15376.t1,Not_Target,Not_Target,Not_Target
echi15377.t1,Not_Target,Myosin_19,Not_Target
echi15378.t1,Myosin_17,Not_Target,Not_Target
echi15379.t1,Not_Target,Not_Target,Not_Target
echi15380.t1,Not_Target,Not_Target,Not_Target
echi15381.t1,Not_Target,Not_Target,Not_Target
echi15382.t1,Not_Target,Not_Target,Not_Target
echi15383.t1,Not_Target,Myosin_5,Not_Target
echi15384.t1,Not_Target,Not_Target,Not_Target
echi15385.t1,Not_Target,Myosin_19,Myosin_1
echi15386.t1,Not_Target,Not_Target,Not_Target
echi15387.t1,Myosin_15,Myosin_22,Myosin_19
echi15388.t1,Not_Target,Not_Target,Not_Target
echi3928.t1,Not_Target,Not_Target,Not_Target
echi3929.t1,Not_Target,Not_Target,Not_Target
echi3930.t1,Myosin_18,Myosin_74,Not_Target
echi3931.t1,Not_Target,Not_Target,Not_Target
echi3932.t1,Not_Target,Not_Target,Not_Target
echi3933.t1,Myosin_1,Not_Target,Myosin_2
echi3934.t1,Not_Target,Myosin_26,Myosin_2
echi3935.t1,Myosin_15,Myosin_15,Myosin_15
echi3936.t1,Not_Target,Myosin_19,Myosin_51
echi3937.t1,Not_Target,Not_Target,Myosin_20
echi3938.t1,Not_Target,Not_Target,Not_Target
echi3939.t1,Myosin_5,Myosin_6,Not_Target
echi3940.t1,Not_Target,Not_Target,Not_Target
echi3941.t1,Not_Target,Not_Target,Not_Target
echi3942.t1,Myosin_17,Not_Target,Myosin_64
echi3943.t1,Not_Target,Not_Target,Not_Target
echi12961.t1,Myosin_36,Myosin_3,Myosin_5
echi12962.t1,Not_Target,Not_Target,Not_Target
echi12963.t1,Myosin_36,Myosin_3,Myosin_5
echi12964.t1,Not_Target,Not_Target,Not_Target
echi12965.t1,Not_Target,Not_Target,Myosin_18
echi12966.t1,Not_Target,Not_Target,Not_Target
echi12967.t1,Not_Target,Not_Target,Not_Target
echi12968.t1,Not_Target,Not_Target,Myosin_3
echi12969.t1,Not_Target,Not_Target,Not_Target
echi12970.t1,Not_Target,Not_Target,Not_Target
echi12971.t1,Myosin_2,Not_Target,Myosin_2
echi12972.t1,Not_Target,Not_Target,Not_Target
echi12973.t1,Not_Target,Not_Target,Not_Target
echi12974.t1,Not_Target,Not_Target,Not_Target
echi12975.t1,Not_Target,Not_Target,Not_Target
echi12976.t1,Myosin_23,Myosin_17,Myosin_6
echi12977.t1,Not_Target,Not_Target,Not_Target
echi12978.t1,Not_Target,Not_Target,Not_Target
echi12979.t1,Not_Target,Not_Target,Not_Target
echi12980.t1,Not_Target,Not_Target,Not_Target
echi77.t1,Not_Target,Not_Target,Not_Target
echi78.t1,Myosin_37,Myosin_37,Not_Target
echi79.t1,Myosin_19,Not_Target,Myosin_62
echi80.t1,Not_Target,Not_Target,Not_Target
echi81.t1,Not_Target,Not_Target,Not_Target
echi82.t1,Not_Target,Not_Target,Myosin_28
echi83.t1,Not_Target,Not_Target,Not_Target
echi84.t1,Not_Target,Not_Target,Not_Target
echi85.t1,Myosin_15,Myosin_15,Myosin_23
echi86.t1,Myosin_19,Not_Target,Myosin_3
echi87.t1,Myosin_4,Myosin_4,Not_Target
echi88.t1,Myosin_18,Myosin_18,Myosin_18
echi89.t1,Not_Target,Not_Target,Not_Target
echi90.t1,Not_Target,Myosin_66,Not_Target
echi13018.t1,Myosin_17,Myosin_17,Myosin_30
echi13019.t1,Not_Target,Not_Target,Not_Target
echi13020.t1,Not_Target,Not_Target,Not_Target
echi13021.t1,Myosin_1,Myosin_1,Myosin_1
echi13022.t1,Not_Target,Not_Target,Not_Target
echi13023.t1,Not_Target,Not_Target,Myosin_23
echi13024.t1,Not_Target,Not_Target,Not_Target
echi13025.t1,Not_Target,Not_Target,Not_Target
echi13026.t1,Not_Target,Not_Target,Not_Target
echi13027.t1,Myosin_45,Not_Target,Myosin_10
echi13028.t1,Myosin_23,Not_Target,Not_Target
echi13029.t1,Not_Target,Not_Target,Not_Target
echi13030.t1,Not_Target,Not_Target,Not_Target
echi13031.t1,Myosin_15,Myosin_15,Myosin_14
echi1622.t1,Myosin_15,Myosin_15,Myosin_15
echi1623.t1,Not_Target,Not_Target,Myosin_5
echi1624.t1,Not_Target,Not_Target,Not_Target
echi1625.t1,Not_Target,Not_Target,Myosin_45
echi1626.t1,Not_Target,Not_Target,Not_Target
echi1627.t1,Not_Target,Not_Target,Not_Target
echi1628.t1,Not_Target,Not_Target,Not_Target
echi1629.t1,Not_Target,Not_Target,Not_Target
echi1630.t1,Not_Target,Not_Target,Not_Target
echi1631.t1,Not_Target,Not_Target,Not_Target
echi1632.t1,Not_Target,Not_Target,Not_Target
echi1633.t1,Not_Target,Not_Target,Not_Target
echi1634.t1,Myosin_20,Myosin_64,Not_Target
echi1635.t1,Not_Target,Myosin_19,Not_Target
echi476.t1,Not_Target,Not_Target,Not_Target
echi477.t1,Not_Target,Not_Target,Myosin_1
echi478.t1,Not_Target,Not_Target,Not_Target
echi479.t1,Not_Target,Not_Target,Myosin_2
echi480.t1,Not_Target,Not_Target,Not_Target
echi481.t1,Not_Target,Not_Target,Not_Target
echi482.t1,Not_Target,Not_Target,Not_Target
echi483.t1,Myosin_6,Myosin_28,Myosin_5
echi484.t1,Not_Target,Not_Target,Not_Target
echi485.t1,Not_Target,Not_Target,Not_Target
echi486.t1,Myosin_19,Myosin_19,Not_Target
echi487.t1,Not_Target,Myosin_51,Not_Target
echi488.t1,Not_Target,Myosin_1,Not_Target
echi489.t1,Myosin_3,Myosin_3,Myosin_22
echi490.t1,Not_Target,Not_Target,Not_Target
echi491.t1,Not_Target,Not_Target,Not_Target
echi492.t1,Not_Target,Not_Target,Not_Target
echi493.t1,Not_Target,Myosin_19,Not_Target
echi4619.t1,Not_Target,Not_Target,Not_Target
echi4620.t1,Not_Target,Not_Target,Not_Target
echi4621.t1,Not_Target,Not_Target,Not_Target
echi4622.t1,Not_Target,Myosin_5,Not_Target
echi4623.t1,Not_Target,Not_Target,Not_Target
echi4624.t1,Not_Target,Not_Target,Not_Target
echi4625.t1,Not_Target,Not_Target,Not_Target
echi4626.t1,Myosin_18,Not_Target,Myosin_24
echi4627.t1,Myosin_26,Myosin_26,Not_Target
echi4628.t1,Not_Target,Not_Target,Not_Target
echi4629.t1,Myosin_18,Not_Target,Myosin_55
echi4630.t1,Myosin_18,Myosin_16,Myosin_27
echi4631.t1,Not_Target,Not_Target,Not_Target
echi4632.t1,Not_Target,Not_Target,Not_Target
echi4633.t1,Not_Target,Not_Target,Myosin_51
echi4634.t1,Not_Target,Not_Target,Not_Target
echi4635.t1,Not_Target,Not_Target,Not_Target
echi5497.t1,Not_Target,Not_Target,Not_Target
echi5498.t1,Not_Target,Not_Target,Not_Target
echi5499.t1,Myosin_18,Myosin_18,Myosin_24
echi5500.t1,Not_Target,Not_Target,Not_Target
echi5501.t1,Myosin_26,Not_Target,Not_Target
echi5502.t1,Myosin_26,Not_Target,Myosin_19
echi5503.t1,Not_Target,Not_Target,Not_Target
echi5504.t1,Not_Target,Not_Target,Not_Target
echi5505.t1,Not_Target,Not_Target,Myosin_34
echi5506.t1,Not_Target,Not_Target,Not_Target
echi5507.t1,Not_Target,Not_Target,Myosin_19
echi5508.t1,Not_Target,Not_Target,Myosin_57
echi5509.t1,Not_Target,Not_Target,Not_Target
echi5510.t1,Not_Target,Not_Target,Myosin_3
echi5511.t1,Not_Target,Myosin_5,Not_Target
echi5512.t1,Not_Target,Not_Target,Myosin_5
echi5513.t1,Not_Target,Myosin_17,Not_Target
echi5514.t1,Myosin_18,Not_Target,Myosin_8
echi5515.t1,Not_Target,Not_Target,Not_Target
echi5516.t1,Not_Target,Not_Target,Myosin_8
echi5517.t1,Myosin_24,Not_Target,Myosin_2
echi5518.t1,Myosin_1,Myosin_6,Not_Target
echi5519.t1,Myosin_15,Not_Target,Not_Target
echi5520.t1,Not_Target,Not_Target,Not_Target
echi5771.t1,Not_Target,Not_Target,Not_Target
echi5772.t1,Not_Target,Not_Target,Not_Target
echi5773.t1,Not_Target,Not_Target,Myosin_36
echi5774.t1,Not_Target,Not_Target,Not_Target
echi5775.t1,Not_Target,Not_Target,Not_Target
echi5776.t1,Not_Target,Not_Target,Not_Target
echi5777.t1,Not_Target,Not_Target,Not_Target
echi5778.t1,Not_Target,Not_Target,Not_Target
echi5779.t1,Not_Target,Not_Target,Not_Target
echi5780.t1,Myosin_18,Myosin_18,Myosin_2
echi5781.t1,Not_Target,Not_Target,Not_Target
echi5782.t1,Not_Target,Not_Target,Not_Target
echi5783.t1,Not_Target,Not_Target,Not_Target
echi5784.t1,Not_Target,Not_Target,Not_Target
echi5785.t1,Not_Target,Myosin_57,Myosin_34
echi9761.t1,Not_Target,Not_Target,Not_Target
echi9762.t1,Myosin_23,Myosin_5,Myosin_5
echi9763.t1,Not_Target,Not_Target,Not_Target
echi9764.t1,Not_Target,Not_Target,Myosin_1
echi9765.t1,Not_Target,Not_Target,Not_Target
echi9766.t1,Not_Target,Myosin_29,Not_Target
echi9767.t1,Myosin_1,Myosin_1,Not_Target
echi9768.t1,Not_Target,Not_Target,Not_Target
echi9769.t1,Not_Target,Not_Target,Not_Target
echi9770.t1,Not_Target,Not_Target,Not_Target
echi9771.t1,Myosin_3,Not_Target,Myosin_3
echi9772.t1,Not_Target,Myosin_74,Myosin_1
echi9773.t1,Not_Target,Not_Target,Myosin_5
echi9774.t1,Not_Target,Not_Target,Myosin_43
echi9775.t1,Not_Target,Not_Target,Not_Target
echi9776.t1,Not_Target,Not_Target,Not_Target
echi9777.t1,Not_Target,Not_Target,Not_Target
echi9778.t1,Myosin_26,Myosin_26,Myosin_64
echi9779.t1,Myosin_57,Myosin_57,Myosin_51
echi9780.t1,Not_Target,Not_Target,Not_Target
echi13498.t1,Not_Target,Not_Target,Myosin_8
echi13499.t1,Not_Target,Not_Target,Myosin_22
echi13500.t1,Not_Target,Myosin_19,Myosin_5
echi13501.t1,Not_Target,Myosin_19,Not_Target
echi13502.t1,Not_Target,Not_Target,Not_Target
echi13503.t1,Not_Target,Not_Target,Not_Target
echi13504.t1,Myosin_36,Not_Target,Myosin_27
echi13505.t1,Not_Target,Not_Target,Not_Target
echi13506.t1,Not_Target,Not_Target,Not_Target
echi13507.t1,Not_Target,Not_Target,Not_Target
echi13508.t1,Not_Target,Myosin_43,Not_Target
echi13509.t1,Not_Target,Not_Target,Not_Target
echi13510.t1,Myosin_15,Myosin_15,Myosin_15
echi13511.t1,Myosin_23,Myosin_23,Not_Target
echi8515.t1,Not_Target,Not_Target,Not_Target
echi8516.t1,Not_Target,Not_Target,Not_Target
echi8517.t1,Myosin_15,Myosin_15,Myosin_15
echi8518.t1,Not_Target,Not_Target,Myosin_1
echi8519.t1,Not_Target,Not_Target,Not_Target
echi8520.t1,Not_Target,Not_Target,Myosin_8
echi8521.t1,Myosin_30,Not_Target,Myosin_2
echi8522.t1,Myosin_45,Not_Target,Myosin_18
echi8523.t1,Myosin_18,Myosin_5,Myosin_2
echi6500.t1,Myosin_26,Not_Target,Myosin_24
echi6501.t1,Myosin_74,Myosin_74,Not_Target
echi6502.t1,Not_Target,Not_Target,Not_Target
echi6503.t1,Not_Target,Not_Target,Not_Target
echi6504.t1,Not_Target,Not_Target,Not_Target
echi6505.t1,Not_Target,Not_Target,Not_Target
echi6506.t1,Myosin_45,Myosin_50,Not_Target
echi6507.t1,Not_Target,Not_Target,Not_Target
echi6508.t1,Not_Target,Not_Target,Myosin_27
echi6509.t1,Not_Target,Not_Target,Not_Target
echi6510.t1,Myosin_45,Myosin_16,Myosin_3
echi6511.t1,Not_Target,Not_Target,Not_Target
echi6512.t1,Not_Target,Myosin_1,Not_Target
echi6513.t1,Not_Target,Not_Target,Myosin_2
echi6514.t1,Not_Target,Not_Target,Not_Target
echi6515.t1,Not_Target,Not_Target,Myosin_1
echi6516.t1,Not_Target,Not_Target,Not_Target
echi4125.t1,Not_Target,Not_Target,Not_Target
echi4126.t1,Not_Target,Not_Target,Not_Target
echi4127.t1,Myosin_6,Not_Target,Not_Target
echi4128.t1,Not_Target,Not_Target,Not_Target
echi4129.t1,Not_Target,Not_Target,Not_Target
echi4130.t1,Not_Target,Not_Target,Myosin_2
echi4131.t1,Not_Target,Myosin_36,Not_Target
echi4132.t1,Not_Target,Myosin_66,Myosin_3
echi4133.t1,Not_Target,Not_Target,Not_Target
echi4134.t1,Not_Target,Not_Target,Myosin_5
echi4135.t1,Not_Target,Not_Target,Not_Target
echi4136.t1,Not_Target,Not_Target,Not_Target
echi4137.t1,Not_Target,Not_Target,Myosin_1
echi4138.t1,Not_Target,Myosin_25,Not_Target
echi4139.t1,Myosin_17,Not_Target,Myosin_4
echi4140.t1,Not_Target,Not_Target,Not_Target
echi4141.t1,Not_Target,Not_Target,Myosin_57
echi4142.t1,Not_Target,Myosin_17,Myosin_73
echi4143.t1,Myosin_30,Not_Target,Myosin_20
echi4144.t1,Not_Target,Not_Target,Not_Target
echi3610.t1,Myosin_30,Myosin_22,Myosin_5
echi3611.t1,Not_Target,Not_Target,Not_Target
echi3612.t1,Not_Target,Myosin_26,Myosin_1
echi3613.t1,Myosin_18,Myosin_6,Myosin_19
echi3614.t1,Myosin_45,Myosin_16,Not_Target
echi3615.t1,Not_Target,Not_Target,Not_Target
echi3616.t1,Not_Target,Not_Target,Not_Target
echi3617.t1,Not_Target,Not_Target,Not_Target
echi3618.t1,Not_Target,Not_Target,Not_Target
echi3619.t1,Myosin_3,Myosin_3,Myosin_20
echi3620.t1,Not_Target,Not_Target,Myosin_8
echi3621.t1,Not_Target,Not_Target,Not_Target
echi3622.t1,Myosin_26,Myosin_74,Myosin_18
echi3623.t1,Not_Target,Not_Target,Not_Target
echi9140.t1,Myosin_18,Not_Target,Myosin_45
echi9141.t1,Not_Target,Not_Target,Not_Target
echi9142.t1,Myosin_2,Myosin_5,Not_Target
echi9143.t1,Myosin_5,Myosin_16,Myosin_51
echi9144.t1,Not_Target,Not_Target,Myosin_40
echi9145.t1,Not_Target,Not_Target,Not_Target
echi9146.t1,Not_Target,Not_Target,Not_Target
echi9147.t1,Not_Target,Not_Target,Not_Target
echi9148.t1,Not_Target,Not_Target,Not_Target
echi9149.t1,Not_Target,Not_Target,Not_Target
echi9150.t1,Not_Target,Not_Target,Not_Target
echi9151.t1,Not_Target,Not_Target,Not_Target
echi9152.t1,Myosin_31,Myosin_30,Not_Target
echi9153.t1,Not_Target,Not_Target,Not_Target
echi9154.t1,Not_Target,Not_Target,Not_Target
echi9155.t1,Not_Target,Not_Target,Not_Target
echi9156.t1,Myosin_45,Not_Target,Not_Target
echi9157.t1,Myosin_45,Not_Target,Not_Target
echi9158.t1,Not_Target,Not_Target,Not_Target
echi9159.t1,Not_Target,Not_Target,Not_Target
echi9160.t1,Not_Target,Not_Target,Myosin_24
echi9161.t1,Not_Target,Not_Target,Myosin_20
echi7151.t1,Not_Target,Not_Target,Not_Target
echi7152.t1,Not_Target,Not_Target,Not_Target
echi7153.t1,Not_Target,Not_Target,Not_Target
echi7154.t1,Not_Target,Not_Target,Not_Target
echi7155.t1,Not_Target,Not_Target,Not_Target
echi7156.t1,Not_Target,Not_Target,Not_Target
echi7157.t1,Not_Target,Not_Target,Not_Target
echi7158.t1,Not_Target,Not_Target,Not_Target
echi7159.t1,Not_Target,Not_Target,Not_Target
echi7160.t1,Not_Target,Myosin_26,Myosin_8
echi7161.t1,Not_Target,Not_Target,Not_Target
echi7162.t1,Myosin_2,Not_Target,Not_Target
echi7163.t1,Not_Target,Myosin_57,Not_Target
echi7164.t1,Myosin_1,Myosin_1,Not_Target
echi7165.t1,Not_Target,Not_Target,Not_Target
echi7166.t1,Not_Target,Not_Target,Not_Target
echi7167.t1,Not_Target,Not_Target,Not_Target
echi7168.t1,Myosin_1,Not_Target,Myosin_1
echi7169.t1,Not_Target,Not_Target,Not_Target
echi7170.t1,Not_Target,Not_Target,Not_Target
echi7171.t1,Not_Target,Not_Target,Not_Target
echi7172.t1,Not_Target,Not_Target,Not_Target
echi11615.t1,Not_Target,Not_Target,Not_Target
echi11616.t1,Myosin_6,Not_Target,Myosin_5
echi11617.t1,Not_Target,Not_Target,Myosin_1
echi11618.t1,Not_Target,Not_Target,Myosin_1
echi11619.t1,Myosin_45,Myosin_29,Myosin_17
echi11620.t1,Myosin_6,Not_Target,Not_Target
echi11621.t1,Not_Target,Not_Target,Myosin_5
echi11622.t1,Not_Target,Not_Target,Not_Target
echi11623.t1,Not_Target,Not_Target,Not_Target
echi11624.t1,Myosin_20,Not_Target,Myosin_20
echi11625.t1,Myosin_17,Not_Target,Not_Target
echi11626.t1,Myosin_17,Myosin_22,Myosin_22
echi11627.t1,Not_Target,Not_Target,Not_Target
echi4874.t1,Not_Target,Not_Target,Not_Target
echi4875.t1,Not_Target,Myosin_6,Not_Target
echi4876.t1,Not_Target,Not_Target,Not_Target
echi4877.t1,Not_Target,Not_Target,Not_Target
echi4878.t1,Not_Target,Not_Target,Not_Target
echi4879.t1,Not_Target,Not_Target,Myosin_37
echi4880.t1,Not_Target,Not_Target,Not_Target
echi4881.t1,Not_Target,Not_Target,Not_Target
echi4882.t1,Myosin_5,Not_Target,Not_Target
echi4883.t1,Not_Target,Not_Target,Not_Target
echi4884.t1,Myosin_45,Not_Target,Not_Target
echi4885.t1,Not_Target,Not_Target,Not_Target
echi4886.t1,Myosin_2,Myosin_57,Not_Target
echi4887.t1,Not_Target,Not_Target,Not_Target
echi4888.t1,Myosin_36,Not_Target,Myosin_19
echi4889.t1,Not_Target,Not_Target,Not_Target
echi4890.t1,Myosin_4,Myosin_4,Not_Target
echi4891.t1,Myosin_3,Not_Target,Not_Target
echi4892.t1,Not_Target,Not_Target,Not_Target
echi4893.t1,Not_Target,Not_Target,Not_Target
echi4894.t1,Not_Target,Not_Target,Not_Target
echi4895.t1,Not_Target,Not_Target,Not_Target
echi4896.t1,Not_Target,Not_Target,Not_Target
echi4897.t1,Not_Target,Not_Target,Not_Target
echi4898.t1,Not_Target,Not_Target,Not_Target
echi494.t1,Not_Target,Not_Target,Myosin_8
echi495.t1,Not_Target,Not_Target,Not_Target
echi496.t1,Myosin_15,Not_Target,Not_Target
echi497.t1,Not_Target,Not_Target,Not_Target
echi498.t1,Myosin_57,Myosin_57,Not_Target
echi499.t1,Not_Target,Not_Target,Not_Target
echi500.t1,Myosin_57,Myosin_74,Myosin_69
echi501.t1,Not_Target,Myosin_19,Not_Target
echi502.t1,Not_Target,Not_Target,Not_Target
echi503.t1,Not_Target,Not_Target,Myosin_19
echi504.t1,Myosin_37,Not_Target,Myosin_23
echi505.t1,Myosin_81,Not_Target,Myosin_81
echi506.t1,Myosin_15,Myosin_7,Myosin_22
echi507.t1,Myosin_37,Myosin_37,Myosin_5
echi3955.t1,Not_Target,Myosin_19,Not_Target
echi3956.t1,Not_Target,Myosin_17,Not_Target
echi3957.t1,Not_Target,Not_Target,Not_Target
echi3958.t1,Not_Target,Not_Target,Not_Target
echi3959.t1,Not_Target,Not_Target,Not_Target
echi3960.t1,Not_Target,Not_Target,Not_Target
echi3961.t1,Myosin_15,Myosin_15,Myosin_15
echi3962.t1,Not_Target,Myosin_18,Not_Target
echi3963.t1,Myosin_15,Myosin_5,Myosin_5
echi3964.t1,Myosin_4,Myosin_4,Myosin_5
echi3965.t1,Not_Target,Not_Target,Not_Target
echi3966.t1,Myosin_15,Myosin_5,Myosin_5
echi10558.t1,Not_Target,Not_Target,Not_Target
echi10559.t1,Not_Target,Not_Target,Not_Target
echi10560.t1,Myosin_26,Myosin_26,Myosin_30
echi10561.t1,Not_Target,Not_Target,Not_Target
echi10562.t1,Not_Target,Not_Target,Not_Target
echi10563.t1,Not_Target,Not_Target,Not_Target
echi10564.t1,Myosin_45,Myosin_18,Myosin_45
echi10565.t1,Not_Target,Not_Target,Not_Target
echi10566.t1,Not_Target,Not_Target,Not_Target
echi10567.t1,Not_Target,Not_Target,Not_Target
echi10568.t1,Myosin_36,Not_Target,Myosin_40
echi10569.t1,Not_Target,Not_Target,Not_Target
echi10570.t1,Not_Target,Not_Target,Not_Target
echi10571.t1,Not_Target,Myosin_19,Not_Target
echi10572.t1,Not_Target,Not_Target,Not_Target
echi10573.t1,Not_Target,Myosin_19,Not_Target
echi10574.t1,Not_Target,Not_Target,Not_Target
echi10575.t1,Not_Target,Myosin_26,Not_Target
echi17275.t1,Myosin_45,Myosin_18,Myosin_8
echi17276.t1,Myosin_17,Not_Target,Not_Target
echi17277.t1,Myosin_23,Myosin_23,Myosin_16
echi17278.t1,Not_Target,Not_Target,Not_Target
echi17279.t1,Myosin_18,Not_Target,Myosin_53
echi17280.t1,Not_Target,Not_Target,Not_Target
echi17281.t1,Myosin_45,Myosin_45,Not_Target
echi17282.t1,Not_Target,Not_Target,Not_Target
echi17283.t1,Myosin_45,Myosin_18,Myosin_18
echi17284.t1,Not_Target,Not_Target,Not_Target
echi17285.t1,Myosin_71,Not_Target,Myosin_8
echi17286.t1,Not_Target,Not_Target,Not_Target
echi17287.t1,Myosin_15,Myosin_15,Myosin_15
echi17288.t1,Not_Target,Not_Target,Myosin_2
echi8025.t1,Not_Target,Not_Target,Not_Target
echi8026.t1,Not_Target,Not_Target,Not_Target
echi8027.t1,Not_Target,Not_Target,Not_Target
echi8028.t1,Myosin_17,Myosin_17,Not_Target
echi8029.t1,Not_Target,Not_Target,Not_Target
echi8030.t1,Not_Target,Not_Target,Not_Target
echi8031.t1,Not_Target,Not_Target,Not_Target
echi8032.t1,Myosin_57,Myosin_57,Myosin_2
echi8033.t1,Myosin_2,Myosin_57,Myosin_5
echi8034.t1,Not_Target,Not_Target,Not_Target
echi8035.t1,Not_Target,Not_Target,Not_Target
echi8036.t1,Not_Target,Not_Target,Not_Target
echi8037.t1,Not_Target,Not_Target,Myosin_57
echi8038.t1,Not_Target,Not_Target,Not_Target
echi8039.t1,Not_Target,Myosin_19,Not_Target
echi8040.t1,Myosin_22,Not_Target,Myosin_34
echi8041.t1,Myosin_1,Not_Target,Myosin_1
echi8042.t1,Myosin_19,Myosin_19,Myosin_4
echi8043.t1,Not_Target,Not_Target,Not_Target
echi8044.t1,Not_Target,Not_Target,Not_Target
echi3197.t1,Not_Target,Not_Target,Not_Target
echi3198.t1,Not_Target,Not_Target,Not_Target
echi3199.t1,Not_Target,Not_Target,Not_Target
echi3200.t1,Not_Target,Not_Target,Not_Target
echi3201.t1,Not_Target,Not_Target,Not_Target
echi3202.t1,Myosin_18,Not_Target,Myosin_3
echi3203.t1,Myosin_15,Myosin_15,Myosin_15
echi3204.t1,Not_Target,Not_Target,Not_Target
echi3205.t1,Not_Target,Not_Target,Not_Target
echi3206.t1,Not_Target,Not_Target,Not_Target
echi3207.t1,Not_Target,Not_Target,Not_Target
echi3208.t1,Not_Target,Not_Target,Not_Target
echi3209.t1,Not_Target,Not_Target,Not_Target
echi18373.t1,Myosin_45,Myosin_45,Not_Target
echi18374.t1,Not_Target,Not_Target,Myosin_11
echi18375.t1,Not_Target,Not_Target,Myosin_3
echi18376.t1,Not_Target,Not_Target,Not_Target
echi18377.t1,Myosin_17,Not_Target,Myosin_7
echi18378.t1,Myosin_17,Not_Target,Myosin_8
echi18379.t1,Myosin_74,Myosin_74,Not_Target
echi18380.t1,Not_Target,Not_Target,Not_Target
echi18381.t1,Not_Target,Not_Target,Not_Target
echi18382.t1,Not_Target,Not_Target,Not_Target
echi18383.t1,Not_Target,Not_Target,Not_Target
echi18384.t1,Myosin_17,Not_Target,Myosin_3
echi9030.t1,Not_Target,Not_Target,Not_Target
echi9031.t1,Not_Target,Not_Target,Myosin_39
echi9032.t1,Not_Target,Not_Target,Not_Target
echi9033.t1,Not_Target,Not_Target,Not_Target
echi9034.t1,Not_Target,Not_Target,Not_Target
echi9035.t1,Not_Target,Not_Target,Not_Target
echi9036.t1,Not_Target,Myosin_18,Not_Target
echi9037.t1,Not_Target,Not_Target,Not_Target
echi9038.t1,Myosin_15,Myosin_15,Myosin_15
echi14110.t1,Not_Target,Not_Target,Not_Target
echi14111.t1,Myosin_17,Myosin_19,Myosin_34
echi14112.t1,Not_Target,Not_Target,Not_Target
echi14113.t1,Myosin_24,Myosin_18,Myosin_19
echi14114.t1,Not_Target,Myosin_3,Not_Target
echi14115.t1,Myosin_45,Not_Target,Not_Target
echi14116.t1,Not_Target,Not_Target,Myosin_8
echi14117.t1,Myosin_74,Myosin_74,Not_Target
echi14118.t1,Not_Target,Not_Target,Not_Target
echi14119.t1,Not_Target,Myosin_5,Not_Target
echi14120.t1,Not_Target,Not_Target,Not_Target
echi14121.t1,Not_Target,Not_Target,Myosin_20
echi14122.t1,Not_Target,Not_Target,Not_Target
echi14123.t1,Not_Target,Myosin_3,Myosin_20
echi14124.t1,Not_Target,Not_Target,Not_Target
echi14125.t1,Not_Target,Not_Target,Not_Target
echi7082.t1,Myosin_5,Not_Target,Myosin_14
echi7083.t1,Not_Target,Not_Target,Myosin_74
echi7084.t1,Not_Target,Not_Target,Not_Target
echi7085.t1,Not_Target,Not_Target,Myosin_2
echi7086.t1,Not_Target,Not_Target,Not_Target
echi7087.t1,Not_Target,Not_Target,Myosin_1
echi7088.t1,Not_Target,Not_Target,Not_Target
echi7089.t1,Myosin_36,Myosin_36,Myosin_9
echi7090.t1,Not_Target,Not_Target,Not_Target
echi7091.t1,Not_Target,Not_Target,Not_Target
echi7092.t1,Not_Target,Myosin_1,Not_Target
echi7093.t1,Myosin_20,Myosin_16,Myosin_3
echi4202.t1,Myosin_5,Myosin_5,Myosin_57
echi4203.t1,Myosin_45,Myosin_5,Not_Target
echi4204.t1,Not_Target,Not_Target,Not_Target
echi4205.t1,Myosin_18,Not_Target,Not_Target
echi4206.t1,Not_Target,Not_Target,Not_Target
echi4207.t1,Not_Target,Not_Target,Myosin_27
echi4208.t1,Not_Target,Not_Target,Not_Target
echi4209.t1,Not_Target,Not_Target,Not_Target
echi4210.t1,Not_Target,Not_Target,Not_Target
echi4211.t1,Not_Target,Myosin_19,Not_Target
echi4212.t1,Not_Target,Not_Target,Not_Target
echi4213.t1,Myosin_17,Not_Target,Myosin_9
echi4214.t1,Not_Target,Not_Target,Not_Target
echi4215.t1,Not_Target,Not_Target,Not_Target
echi4216.t1,Not_Target,Myosin_17,Myosin_8
echi4217.t1,Not_Target,Not_Target,Not_Target
echi4218.t1,Not_Target,Not_Target,Not_Target
echi4219.t1,Not_Target,Not_Target,Not_Target
echi4220.t1,Myosin_17,Not_Target,Myosin_16
echi4221.t1,Not_Target,Not_Target,Not_Target
echi11698.t1,Not_Target,Not_Target,Myosin_1
echi11699.t1,Not_Target,Not_Target,Not_Target
echi11700.t1,Not_Target,Not_Target,Not_Target
echi11701.t1,Not_Target,Not_Target,Not_Target
echi11702.t1,Not_Target,Not_Target,Myosin_43
echi11703.t1,Not_Target,Not_Target,Myosin_2
echi11704.t1,Not_Target,Myosin_2,Myosin_8
echi11705.t1,Not_Target,Not_Target,Myosin_1
echi11706.t1,Not_Target,Not_Target,Not_Target
echi11707.t1,Myosin_2,Myosin_2,Not_Target
echi11708.t1,Myosin_9,Myosin_9,Myosin_36
echi11709.t1,Not_Target,Not_Target,Not_Target
echi11710.t1,Not_Target,Not_Target,Myosin_1
echi11711.t1,Myosin_17,Not_Target,Myosin_22
echi11712.t1,Not_Target,Not_Target,Not_Target
echi11713.t1,Not_Target,Not_Target,Not_Target
echi4376.t1,Not_Target,Not_Target,Not_Target
echi4377.t1,Not_Target,Not_Target,Not_Target
echi4378.t1,Not_Target,Not_Target,Not_Target
echi4379.t1,Not_Target,Not_Target,Not_Target
echi4380.t1,Not_Target,Not_Target,Not_Target
echi4381.t1,Not_Target,Not_Target,Not_Target
echi4382.t1,Not_Target,Not_Target,Not_Target
echi4383.t1,Not_Target,Myosin_2,Myosin_27
echi4384.t1,Myosin_53,Not_Target,Myosin_5
echi4385.t1,Not_Target,Not_Target,Myosin_19
echi4386.t1,Myosin_5,Myosin_18,Myosin_7
echi4387.t1,Not_Target,Not_Target,Not_Target
echi4388.t1,Not_Target,Not_Target,Not_Target
echi4389.t1,Myosin_45,Not_Target,Not_Target
echi4390.t1,Myosin_36,Myosin_3,Myosin_4
echi589.t1,Not_Target,Not_Target,Not_Target
echi590.t1,Myosin_64,Not_Target,Myosin_3
echi591.t1,Not_Target,Not_Target,Not_Target
echi592.t1,Not_Target,Not_Target,Not_Target
echi593.t1,Not_Target,Not_Target,Not_Target
echi594.t1,Not_Target,Not_Target,Not_Target
echi595.t1,Not_Target,Not_Target,Not_Target
echi596.t1,Myosin_15,Myosin_15,Myosin_15
echi597.t1,Not_Target,Myosin_19,Not_Target
echi598.t1,Myosin_1,Myosin_1,Myosin_6
echi599.t1,Myosin_1,Myosin_1,Myosin_6
echi600.t1,Not_Target,Not_Target,Not_Target
echi5419.t1,Not_Target,Not_Target,Not_Target
echi5420.t1,Myosin_37,Myosin_5,Myosin_1
echi5421.t1,Not_Target,Myosin_57,Not_Target
echi5422.t1,Not_Target,Myosin_4,Not_Target
echi5423.t1,Not_Target,Myosin_5,Not_Target
echi5424.t1,Not_Target,Not_Target,Myosin_1
echi5425.t1,Not_Target,Not_Target,Not_Target
echi5426.t1,Myosin_16,Myosin_3,Myosin_45
echi5427.t1,Myosin_4,Not_Target,Myosin_5
echi5428.t1,Myosin_51,Not_Target,Myosin_3
echi5429.t1,Myosin_15,Myosin_15,Myosin_17
echi5430.t1,Not_Target,Myosin_5,Myosin_73
echi5431.t1,Not_Target,Not_Target,Not_Target
echi2721.t1,Not_Target,Not_Target,Myosin_14
echi2722.t1,Not_Target,Not_Target,Not_Target
echi2723.t1,Not_Target,Not_Target,Not_Target
echi2724.t1,Not_Target,Not_Target,Not_Target
echi2725.t1,Not_Target,Not_Target,Not_Target
echi2726.t1,Not_Target,Not_Target,Not_Target
echi2727.t1,Not_Target,Not_Target,Not_Target
echi2728.t1,Not_Target,Not_Target,Not_Target
echi2729.t1,Myosin_17,Myosin_17,Myosin_17
echi2730.t1,Not_Target,Not_Target,Not_Target
echi2731.t1,Myosin_18,Myosin_18,Myosin_3
echi2732.t1,Not_Target,Not_Target,Myosin_1
echi2733.t1,Myosin_16,Myosin_16,Myosin_16
echi2734.t1,Myosin_57,Myosin_38,Not_Target
echi15119.t1,Not_Target,Myosin_57,Not_Target
echi15120.t1,Not_Target,Not_Target,Not_Target
echi15121.t1,Not_Target,Not_Target,Not_Target
echi15122.t1,Not_Target,Not_Target,Not_Target
echi15123.t1,Myosin_17,Not_Target,Myosin_8
echi15124.t1,Not_Target,Not_Target,Not_Target
echi15125.t1,Myosin_19,Myosin_19,Myosin_51
echi15126.t1,Not_Target,Not_Target,Not_Target
echi15127.t1,Not_Target,Not_Target,Not_Target
echi15128.t1,Not_Target,Not_Target,Not_Target
echi15129.t1,Myosin_2,Myosin_2,Not_Target
echi15130.t1,Myosin_17,Myosin_17,Myosin_27
echi15131.t1,Not_Target,Not_Target,Not_Target
echi15132.t1,Not_Target,Not_Target,Not_Target
echi15133.t1,Myosin_8,Myosin_8,Not_Target
echi15134.t1,Not_Target,Not_Target,Not_Target
echi15135.t1,Not_Target,Myosin_1,Not_Target
echi17212.t1,Not_Target,Not_Target,Myosin_2
echi17213.t1,Myosin_9,Myosin_6,Myosin_69
echi17214.t1,Not_Target,Myosin_57,Not_Target
echi17215.t1,Not_Target,Not_Target,Not_Target
echi17216.t1,Not_Target,Not_Target,Not_Target
echi17217.t1,Not_Target,Not_Target,Not_Target
echi17218.t1,Not_Target,Not_Target,Not_Target
echi17219.t1,Not_Target,Myosin_17,Myosin_17
echi17220.t1,Myosin_1,Myosin_1,Not_Target
echi17221.t1,Myosin_41,Myosin_5,Not_Target
echi17222.t1,Myosin_15,Myosin_15,Myosin_15
echi17223.t1,Myosin_3,Not_Target,Myosin_37
echi17224.t1,Not_Target,Not_Target,Myosin_1
echi17225.t1,Not_Target,Myosin_5,Not_Target
echi17226.t1,Not_Target,Myosin_19,Myosin_49
echi17227.t1,Not_Target,Myosin_18,Not_Target
echi17228.t1,Myosin_37,Myosin_1,Myosin_68
echi2176.t1,Myosin_19,Myosin_19,Not_Target
echi2177.t1,Myosin_51,Not_Target,Myosin_20
echi2178.t1,Not_Target,Not_Target,Not_Target
echi2179.t1,Not_Target,Not_Target,Not_Target
echi2180.t1,Not_Target,Myosin_19,Not_Target
echi2181.t1,Myosin_16,Myosin_18,Myosin_73
echi2182.t1,Not_Target,Not_Target,Not_Target
echi2183.t1,Myosin_19,Not_Target,Myosin_13
echi2184.t1,Not_Target,Myosin_17,Not_Target
echi2185.t1,Myosin_17,Myosin_17,Myosin_19
echi2186.t1,Not_Target,Not_Target,Not_Target
echi2187.t1,Not_Target,Not_Target,Not_Target
echi10718.t1,Myosin_38,Not_Target,Not_Target
echi10719.t1,Myosin_24,Not_Target,Myosin_24
echi10720.t1,Not_Target,Myosin_17,Myosin_17
echi10721.t1,Myosin_37,Not_Target,Myosin_36
echi10722.t1,Not_Target,Not_Target,Not_Target
echi10723.t1,Not_Target,Myosin_17,Not_Target
echi10724.t1,Myosin_22,Myosin_44,Myosin_9
echi10725.t1,Not_Target,Myosin_37,Not_Target
echi10726.t1,Not_Target,Not_Target,Not_Target
echi10727.t1,Not_Target,Not_Target,Not_Target
echi10728.t1,Not_Target,Not_Target,Not_Target
echi10729.t1,Myosin_2,Myosin_2,Myosin_2
echi10730.t1,Not_Target,Not_Target,Not_Target
echi10731.t1,Not_Target,Myosin_17,Not_Target
echi15693.t1,Not_Target,Not_Target,Not_Target
echi15694.t1,Not_Target,Not_Target,Not_Target
echi15695.t1,Myosin_45,Myosin_26,Not_Target
echi15696.t1,Not_Target,Not_Target,Not_Target
echi15697.t1,Not_Target,Not_Target,Not_Target
echi15698.t1,Myosin_15,Myosin_6,Myosin_4
echi15699.t1,Not_Target,Not_Target,Not_Target
echi15700.t1,Not_Target,Not_Target,Myosin_51
echi15701.t1,Not_Target,Not_Target,Myosin_19
echi15702.t1,Myosin_1,Not_Target,Myosin_51
echi15703.t1,Not_Target,Not_Target,Not_Target
echi15704.t1,Not_Target,Not_Target,Not_Target
echi15705.t1,Myosin_17,Myosin_2,Myosin_49
echi7361.t1,Myosin_18,Myosin_18,Myosin_2
echi7362.t1,Not_Target,Myosin_5,Myosin_48
echi7363.t1,Not_Target,Not_Target,Not_Target
echi7364.t1,Not_Target,Not_Target,Not_Target
echi7365.t1,Not_Target,Not_Target,Not_Target
echi7366.t1,Myosin_45,Myosin_28,Not_Target
echi7367.t1,Not_Target,Not_Target,Myosin_5
echi7368.t1,Myosin_22,Myosin_22,Myosin_22
echi7369.t1,Not_Target,Not_Target,Not_Target
echi7370.t1,Not_Target,Myosin_1,Not_Target
echi7371.t1,Myosin_45,Not_Target,Not_Target
echi7372.t1,Myosin_15,Myosin_25,Myosin_3
echi7373.t1,Myosin_19,Not_Target,Not_Target
echi7374.t1,Not_Target,Not_Target,Not_Target
echi13307.t1,Not_Target,Not_Target,Not_Target
echi13308.t1,Not_Target,Not_Target,Not_Target
echi13309.t1,Not_Target,Not_Target,Myosin_2
echi13310.t1,Not_Target,Not_Target,Not_Target
echi13311.t1,Not_Target,Not_Target,Not_Target
echi13312.t1,Not_Target,Not_Target,Not_Target
echi13313.t1,Not_Target,Not_Target,Myosin_22
echi13314.t1,Not_Target,Not_Target,Myosin_42
echi13315.t1,Not_Target,Not_Target,Not_Target
echi13316.t1,Not_Target,Not_Target,Not_Target
echi13317.t1,Not_Target,Myosin_17,Not_Target
echi13318.t1,Not_Target,Myosin_1,Not_Target
echi13319.t1,Myosin_1,Myosin_1,Not_Target
echi13320.t1,Myosin_1,Myosin_1,Myosin_5
echi13321.t1,Myosin_26,Myosin_26,Not_Target
echi13322.t1,Not_Target,Not_Target,Not_Target
echi13323.t1,Not_Target,Not_Target,Myosin_3
echi13324.t1,Not_Target,Not_Target,Myosin_37
echi6265.t1,Myosin_17,Myosin_17,Not_Target
echi6266.t1,Myosin_15,Myosin_15,Myosin_15
echi6267.t1,Myosin_15,Myosin_15,Myosin_3
echi6268.t1,Not_Target,Not_Target,Not_Target
echi6269.t1,Not_Target,Not_Target,Not_Target
echi6270.t1,Not_Target,Myosin_57,Myosin_51
echi6271.t1,Not_Target,Not_Target,Myosin_3
echi3353.t1,Not_Target,Not_Target,Myosin_27
echi3354.t1,Not_Target,Not_Target,Not_Target
echi3355.t1,Not_Target,Not_Target,Not_Target
echi3356.t1,Not_Target,Not_Target,Myosin_8
echi3357.t1,Not_Target,Not_Target,Myosin_8
echi3358.t1,Not_Target,Not_Target,Not_Target
echi3359.t1,Myosin_15,Myosin_16,Myosin_26
echi3360.t1,Myosin_45,Myosin_1,Myosin_31
echi3361.t1,Not_Target,Not_Target,Myosin_36
echi3362.t1,Not_Target,Not_Target,Not_Target
echi3363.t1,Myosin_37,Myosin_25,Myosin_37
echi3364.t1,Myosin_17,Myosin_17,Myosin_9
echi3365.t1,Not_Target,Not_Target,Not_Target
echi2859.t1,Not_Target,Myosin_19,Not_Target
echi2860.t1,Myosin_18,Not_Target,Not_Target
echi2861.t1,Not_Target,Not_Target,Not_Target
echi2862.t1,Not_Target,Not_Target,Not_Target
echi2863.t1,Not_Target,Not_Target,Not_Target
echi2864.t1,Not_Target,Not_Target,Not_Target
echi2865.t1,Myosin_36,Myosin_74,Myosin_16
echi2866.t1,Myosin_45,Myosin_45,Not_Target
echi2867.t1,Myosin_45,Myosin_43,Myosin_45
echi2868.t1,Not_Target,Not_Target,Not_Target
echi2869.t1,Not_Target,Not_Target,Not_Target
echi2870.t1,Myosin_18,Not_Target,Myosin_15
echi2871.t1,Not_Target,Not_Target,Myosin_57
echi2872.t1,Not_Target,Not_Target,Not_Target
echi2873.t1,Myosin_36,Myosin_77,Not_Target
echi2874.t1,Not_Target,Not_Target,Not_Target
echi6231.t1,Not_Target,Myosin_55,Not_Target
echi6232.t1,Myosin_3,Not_Target,Myosin_14
echi6233.t1,Not_Target,Not_Target,Not_Target
echi6234.t1,Not_Target,Not_Target,Not_Target
echi6235.t1,Not_Target,Not_Target,Not_Target
echi6236.t1,Not_Target,Myosin_71,Not_Target
echi6237.t1,Not_Target,Not_Target,Not_Target
echi6238.t1,Myosin_18,Not_Target,Myosin_20
echi6239.t1,Not_Target,Actin,Not_Target
echi6240.t1,Myosin_18,Myosin_18,Myosin_18
echi6241.t1,Not_Target,Not_Target,Not_Target
echi6242.t1,Not_Target,Not_Target,Not_Target
echi6243.t1,Not_Target,Not_Target,Not_Target
echi7550.t1,Not_Target,Not_Target,Not_Target
echi7551.t1,Not_Target,Not_Target,Not_Target
echi7552.t1,Not_Target,Not_Target,Not_Target
echi7553.t1,Not_Target,Myosin_15,Not_Target
echi7554.t1,Not_Target,Not_Target,Not_Target
echi7555.t1,Not_Target,Not_Target,Not_Target
echi7556.t1,Not_Target,Not_Target,Not_Target
echi7557.t1,Myosin_15,Myosin_15,Myosin_22
echi7558.t1,Not_Target,Not_Target,Not_Target
echi7559.t1,Myosin_20,Not_Target,Myosin_20
echi7560.t1,Not_Target,Not_Target,Myosin_1
echi7561.t1,Not_Target,Not_Target,Not_Target
echi7562.t1,Not_Target,Not_Target,Not_Target
echi18144.t1,Myosin_45,Myosin_45,Not_Target
echi18145.t1,Not_Target,Not_Target,Not_Target
echi18146.t1,Not_Target,Not_Target,Not_Target
echi18147.t1,Not_Target,Not_Target,Not_Target
echi18148.t1,Myosin_5,Myosin_5,Not_Target
echi18149.t1,Myosin_17,Not_Target,Myosin_20
echi18150.t1,Not_Target,Not_Target,Myosin_24
echi18151.t1,Not_Target,Not_Target,Not_Target
echi18152.t1,Myosin_45,Myosin_5,Myosin_24
echi18153.t1,Not_Target,Not_Target,Not_Target
echi18154.t1,Not_Target,Not_Target,Not_Target
echi3418.t1,Not_Target,Not_Target,Not_Target
echi3419.t1,Myosin_31,Myosin_28,Myosin_13
echi3420.t1,Myosin_45,Not_Target,Myosin_10
echi3421.t1,Not_Target,Not_Target,Not_Target
echi3422.t1,Not_Target,Not_Target,Not_Target
echi3423.t1,Not_Target,Myosin_39,Not_Target
echi3424.t1,Not_Target,Not_Target,Not_Target
echi3425.t1,Not_Target,Not_Target,Not_Target
echi3426.t1,Myosin_15,Myosin_4,Myosin_44
echi3427.t1,Not_Target,Not_Target,Not_Target
echi3428.t1,Not_Target,Not_Target,Not_Target
echi3429.t1,Not_Target,Myosin_57,Not_Target
echi3430.t1,Not_Target,Not_Target,Not_Target
echi3431.t1,Not_Target,Not_Target,Not_Target
echi3432.t1,Not_Target,Myosin_57,Not_Target
echi3433.t1,Not_Target,Myosin_16,Not_Target
echi17398.t1,Not_Target,Not_Target,Not_Target
echi17399.t1,Not_Target,Not_Target,Myosin_36
echi17400.t1,Myosin_24,Myosin_1,Not_Target
echi17401.t1,Not_Target,Not_Target,Not_Target
echi17402.t1,Not_Target,Not_Target,Myosin_1
echi17403.t1,Myosin_15,Myosin_36,Myosin_17
echi17404.t1,Not_Target,Not_Target,Not_Target
echi17405.t1,Myosin_18,Myosin_16,Myosin_18
echi9470.t1,Myosin_17,Not_Target,Myosin_30
echi9471.t1,Myosin_18,Myosin_18,Myosin_2
echi9472.t1,Not_Target,Not_Target,Myosin_13
echi9473.t1,Not_Target,Not_Target,Not_Target
echi9474.t1,Myosin_15,Myosin_7,Myosin_16
echi9475.t1,Not_Target,Not_Target,Not_Target
echi9476.t1,Not_Target,Not_Target,Not_Target
echi9477.t1,Not_Target,Myosin_5,Not_Target
echi9478.t1,Myosin_5,Myosin_18,Myosin_18
echi9479.t1,Not_Target,Not_Target,Not_Target
echi9480.t1,Not_Target,Not_Target,Not_Target
echi9481.t1,Not_Target,Not_Target,Not_Target
echi7065.t1,Not_Target,Myosin_8,Not_Target
echi7066.t1,Not_Target,Not_Target,Myosin_2
echi7067.t1,Not_Target,Not_Target,Myosin_24
echi7068.t1,Myosin_16,Not_Target,Myosin_14
echi7069.t1,Not_Target,Myosin_5,Not_Target
echi7070.t1,Not_Target,Not_Target,Myosin_4
echi7071.t1,Not_Target,Not_Target,Not_Target
echi7072.t1,Not_Target,Not_Target,Not_Target
echi7073.t1,Myosin_1,Not_Target,Myosin_1
echi7074.t1,Not_Target,Not_Target,Not_Target
echi7075.t1,Not_Target,Myosin_2,Not_Target
echi7076.t1,Not_Target,Not_Target,Not_Target
echi7077.t1,Not_Target,Not_Target,Not_Target
echi7078.t1,Not_Target,Myosin_1,Not_Target
echi7079.t1,Not_Target,Not_Target,Not_Target
echi7080.t1,Not_Target,Myosin_5,Myosin_2
echi8899.t1,Not_Target,Not_Target,Not_Target
echi8900.t1,Not_Target,Not_Target,Not_Target
echi8901.t1,Myosin_45,Myosin_26,Not_Target
echi8902.t1,Myosin_19,Not_Target,Myosin_51
echi8903.t1,Not_Target,Not_Target,Not_Target
echi8904.t1,Not_Target,Not_Target,Not_Target
echi8905.t1,Not_Target,Not_Target,Not_Target
echi8906.t1,Not_Target,Not_Target,Not_Target
echi8907.t1,Myosin_1,Not_Target,Not_Target
echi8908.t1,Myosin_9,Not_Target,Myosin_76
echi8909.t1,Myosin_4,Not_Target,Myosin_5
echi8910.t1,Not_Target,Not_Target,Not_Target
echi8911.t1,Not_Target,Not_Target,Not_Target
echi8912.t1,Myosin_22,Not_Target,Myosin_7
echi8913.t1,Not_Target,Not_Target,Not_Target
echi8914.t1,Not_Target,Not_Target,Not_Target
echi8915.t1,Myosin_26,Myosin_74,Myosin_1
echi8916.t1,Not_Target,Not_Target,Myosin_20
echi7342.t1,Myosin_37,Not_Target,Myosin_37
echi7343.t1,Not_Target,Myosin_1,Not_Target
echi7344.t1,Not_Target,Not_Target,Not_Target
echi7345.t1,Not_Target,Not_Target,Not_Target
echi7346.t1,Not_Target,Myosin_19,Not_Target
echi7347.t1,Not_Target,Not_Target,Not_Target
echi7348.t1,Myosin_18,Myosin_18,Myosin_18
echi7349.t1,Not_Target,Not_Target,Myosin_53
echi7350.t1,Not_Target,Not_Target,Not_Target
echi7351.t1,Not_Target,Not_Target,Not_Target
echi7352.t1,Myosin_45,Myosin_28,Myosin_71
echi7353.t1,Myosin_45,Myosin_16,Myosin_9
echi7354.t1,Not_Target,Not_Target,Not_Target
echi7355.t1,Not_Target,Not_Target,Not_Target
echi7356.t1,Not_Target,Not_Target,Not_Target
echi1884.t1,Not_Target,Not_Target,Myosin_28
echi1885.t1,Myosin_5,Myosin_2,Not_Target
echi1886.t1,Not_Target,Not_Target,Not_Target
echi1887.t1,Not_Target,Not_Target,Not_Target
echi1888.t1,Not_Target,Myosin_6,Myosin_51
echi1889.t1,Not_Target,Myosin_11,Not_Target
echi1890.t1,Not_Target,Not_Target,Not_Target
echi1891.t1,Not_Target,Not_Target,Myosin_8
echi1892.t1,Myosin_19,Myosin_6,Myosin_27
echi1893.t1,Not_Target,Not_Target,Not_Target
echi1894.t1,Not_Target,Not_Target,Not_Target
echi1895.t1,Not_Target,Not_Target,Not_Target
echi1896.t1,Myosin_18,Myosin_18,Myosin_19
echi1897.t1,Not_Target,Not_Target,Not_Target
echi1898.t1,Not_Target,Not_Target,Not_Target
echi1899.t1,Not_Target,Not_Target,Not_Target
echi1900.t1,Not_Target,Not_Target,Not_Target
echi14504.t1,Not_Target,Not_Target,Not_Target
echi14505.t1,Not_Target,Not_Target,Not_Target
echi14506.t1,Not_Target,Not_Target,Not_Target
echi14507.t1,Myosin_1,Myosin_1,Myosin_1
echi14508.t1,Not_Target,Myosin_5,Myosin_20
echi14509.t1,Not_Target,Not_Target,Not_Target
echi14510.t1,Not_Target,Myosin_28,Myosin_1
echi14511.t1,Not_Target,Not_Target,Not_Target
echi14512.t1,Myosin_37,Not_Target,Not_Target
echi14513.t1,Not_Target,Myosin_19,Not_Target
echi14514.t1,Myosin_18,Myosin_66,Myosin_81
echi14515.t1,Myosin_27,Myosin_1,Not_Target
echi14516.t1,Not_Target,Not_Target,Not_Target
echi14517.t1,Not_Target,Not_Target,Not_Target
echi14518.t1,Not_Target,Not_Target,Not_Target
echi14519.t1,Not_Target,Not_Target,Not_Target
echi14520.t1,Not_Target,Not_Target,Not_Target
echi18336.t1,Myosin_5,Myosin_5,Myosin_57
echi18337.t1,Not_Target,Not_Target,Not_Target
echi18338.t1,Not_Target,Not_Target,Not_Target
echi18339.t1,Not_Target,Not_Target,Not_Target
echi18340.t1,Myosin_17,Myosin_17,Myosin_22
echi18341.t1,Not_Target,Not_Target,Not_Target
echi18342.t1,Not_Target,Not_Target,Not_Target
echi18343.t1,Not_Target,Myosin_2,Not_Target
echi18344.t1,Myosin_51,Not_Target,Myosin_2
echi18345.t1,Myosin_44,Myosin_17,Myosin_5
echi18346.t1,Not_Target,Myosin_4,Not_Target
echi18347.t1,Not_Target,Myosin_1,Not_Target
echi18348.t1,Not_Target,Not_Target,Not_Target
echi18349.t1,Not_Target,Not_Target,Not_Target
echi18350.t1,Not_Target,Not_Target,Myosin_57
echi18351.t1,Not_Target,Myosin_28,Myosin_20
echi13523.t1,Not_Target,Not_Target,Not_Target
echi13524.t1,Myosin_45,Myosin_18,Myosin_3
echi13525.t1,Not_Target,Myosin_51,Not_Target
echi13526.t1,Not_Target,Not_Target,Not_Target
echi13527.t1,Not_Target,Not_Target,Not_Target
echi13528.t1,Myosin_2,Not_Target,Not_Target
echi13529.t1,Not_Target,Not_Target,Not_Target
echi13530.t1,Myosin_17,Not_Target,Myosin_3
echi13531.t1,Not_Target,Not_Target,Myosin_1
echi13532.t1,Myosin_5,Myosin_2,Myosin_5
echi13533.t1,Not_Target,Not_Target,Not_Target
echi13534.t1,Not_Target,Not_Target,Not_Target
echi13535.t1,Not_Target,Not_Target,Not_Target
echi13536.t1,Not_Target,Not_Target,Not_Target
echi13537.t1,Myosin_8,Myosin_1,Myosin_1
echi13169.t1,Not_Target,Not_Target,Not_Target
echi13170.t1,Not_Target,Not_Target,Myosin_1
echi13171.t1,Not_Target,Not_Target,Not_Target
echi13172.t1,Not_Target,Not_Target,Not_Target
echi13173.t1,Myosin_19,Myosin_19,Myosin_51
echi13174.t1,Not_Target,Not_Target,Not_Target
echi13175.t1,Not_Target,Not_Target,Not_Target
echi13176.t1,Not_Target,Not_Target,Not_Target
echi13177.t1,Not_Target,Not_Target,Not_Target
echi13178.t1,Not_Target,Myosin_57,Not_Target
echi13179.t1,Myosin_15,Myosin_15,Myosin_15
echi13180.t1,Not_Target,Not_Target,Not_Target
echi13181.t1,Not_Target,Not_Target,Not_Target
echi13182.t1,Not_Target,Not_Target,Not_Target
echi13183.t1,Not_Target,Not_Target,Not_Target
echi6616.t1,Not_Target,Not_Target,Not_Target
echi6617.t1,Not_Target,Not_Target,Not_Target
echi6618.t1,Not_Target,Not_Target,Not_Target
echi6619.t1,Not_Target,Not_Target,Myosin_5
echi6620.t1,Not_Target,Not_Target,Myosin_6
echi6621.t1,Not_Target,Myosin_20,Not_Target
echi6622.t1,Not_Target,Not_Target,Not_Target
echi6623.t1,Not_Target,Not_Target,Myosin_8
echi6624.t1,Not_Target,Not_Target,Myosin_5
echi6625.t1,Not_Target,Not_Target,Myosin_8
echi6626.t1,Not_Target,Not_Target,Myosin_51
echi6627.t1,Not_Target,Myosin_5,Not_Target
echi256.t1,Not_Target,Myosin_20,Not_Target
echi257.t1,Not_Target,Not_Target,Not_Target
echi258.t1,Not_Target,Myosin_1,Myosin_3
echi259.t1,Myosin_45,Myosin_5,Myosin_16
echi260.t1,Not_Target,Not_Target,Myosin_3
echi261.t1,Myosin_23,Myosin_23,Myosin_17
echi262.t1,Not_Target,Myosin_36,Not_Target
echi263.t1,Not_Target,Myosin_55,Not_Target
echi264.t1,Myosin_51,Not_Target,Myosin_4
echi7416.t1,Not_Target,Not_Target,Not_Target
echi7417.t1,Not_Target,Not_Target,Not_Target
echi7418.t1,Not_Target,Not_Target,Myosin_1
echi7419.t1,Myosin_2,Not_Target,Not_Target
echi7420.t1,Not_Target,Myosin_17,Not_Target
echi7421.t1,Not_Target,Not_Target,Not_Target
echi7422.t1,Not_Target,Not_Target,Not_Target
echi7423.t1,Not_Target,Not_Target,Myosin_8
echi7424.t1,Not_Target,Not_Target,Not_Target
echi7425.t1,Not_Target,Not_Target,Not_Target
echi7426.t1,Not_Target,Myosin_5,Not_Target
echi7427.t1,Myosin_57,Myosin_57,Not_Target
echi7428.t1,Not_Target,Myosin_1,Myosin_1
echi7429.t1,Not_Target,Not_Target,Not_Target
echi7430.t1,Not_Target,Not_Target,Myosin_51
echi7431.t1,Not_Target,Not_Target,Myosin_76
echi10028.t1,Not_Target,Not_Target,Myosin_3
echi10029.t1,Not_Target,Not_Target,Not_Target
echi10030.t1,Myosin_29,Myosin_11,Myosin_24
echi10031.t1,Not_Target,Not_Target,Not_Target
echi10032.t1,Not_Target,Not_Target,Not_Target
echi10033.t1,Myosin_15,Myosin_17,Myosin_1
echi10034.t1,Not_Target,Not_Target,Not_Target
echi10035.t1,Myosin_20,Myosin_8,Myosin_3
echi10036.t1,Not_Target,Not_Target,Not_Target
echi10037.t1,Not_Target,Myosin_18,Not_Target
echi10038.t1,Not_Target,Not_Target,Not_Target
echi10039.t1,Not_Target,Not_Target,Not_Target
echi17641.t1,Myosin_6,Myosin_6,Not_Target
echi17642.t1,Not_Target,Not_Target,Not_Target
echi17643.t1,Myosin_44,Myosin_44,Myosin_44
echi17644.t1,Not_Target,Not_Target,Myosin_51
echi17645.t1,Not_Target,Not_Target,Myosin_5
echi17646.t1,Not_Target,Not_Target,Not_Target
echi17647.t1,Not_Target,Not_Target,Not_Target
echi17648.t1,Not_Target,Myosin_18,Not_Target
echi17649.t1,Not_Target,Myosin_26,Not_Target
echi17650.t1,Not_Target,Myosin_17,Myosin_3
echi17651.t1,Not_Target,Not_Target,Not_Target
echi17652.t1,Not_Target,Not_Target,Myosin_8
echi17653.t1,Not_Target,Not_Target,Not_Target
echi5083.t1,Myosin_57,Not_Target,Not_Target
echi5084.t1,Not_Target,Not_Target,Not_Target
echi5085.t1,Not_Target,Not_Target,Not_Target
echi5086.t1,Myosin_17,Myosin_71,Myosin_49
echi5087.t1,Not_Target,Not_Target,Not_Target
echi5088.t1,Myosin_9,Myosin_27,Myosin_24
echi5089.t1,Not_Target,Not_Target,Myosin_66
echi5090.t1,Not_Target,Not_Target,Not_Target
echi5091.t1,Not_Target,Not_Target,Not_Target
echi5092.t1,Myosin_6,Not_Target,Myosin_20
echi5093.t1,Not_Target,Not_Target,Not_Target
echi5094.t1,Not_Target,Not_Target,Not_Target
echi5095.t1,Not_Target,Not_Target,Not_Target
echi10733.t1,Not_Target,Not_Target,Not_Target
echi10734.t1,Not_Target,Not_Target,Not_Target
echi10735.t1,Not_Target,Not_Target,Not_Target
echi10736.t1,Not_Target,Not_Target,Myosin_45
echi10737.t1,Not_Target,Not_Target,Not_Target
echi10738.t1,Myosin_44,Not_Target,Myosin_8
echi10739.t1,Not_Target,Myosin_1,Not_Target
echi10740.t1,Not_Target,Myosin_1,Not_Target
echi10741.t1,Myosin_45,Not_Target,Not_Target
echi10742.t1,Not_Target,Not_Target,Not_Target
echi2360.t1,Not_Target,Not_Target,Not_Target
echi2361.t1,Myosin_17,Not_Target,Myosin_20
echi2362.t1,Not_Target,Not_Target,Not_Target
echi2363.t1,Not_Target,Not_Target,Not_Target
echi2364.t1,Myosin_1,Not_Target,Not_Target
echi2365.t1,Not_Target,Myosin_19,Not_Target
echi2366.t1,Myosin_36,Not_Target,Myosin_19
echi2367.t1,Not_Target,Myosin_5,Not_Target
echi2368.t1,Myosin_17,Myosin_17,Myosin_40
echi2369.t1,Not_Target,Not_Target,Not_Target
echi2370.t1,Not_Target,Not_Target,Not_Target
echi2371.t1,Not_Target,Not_Target,Myosin_1
echi2372.t1,Not_Target,Not_Target,Myosin_37
echi2373.t1,Not_Target,Not_Target,Myosin_1
echi14764.t1,Not_Target,Not_Target,Not_Target
echi14765.t1,Not_Target,Myosin_17,Not_Target
echi14766.t1,Myosin_26,Not_Target,Not_Target
echi14767.t1,Not_Target,Myosin_18,Not_Target
echi14768.t1,Myosin_26,Not_Target,Not_Target
echi14769.t1,Not_Target,Not_Target,Not_Target
echi14770.t1,Myosin_18,Myosin_18,Myosin_40
echi14771.t1,Not_Target,Myosin_19,Myosin_16
echi14772.t1,Not_Target,Not_Target,Myosin_4
echi14773.t1,Not_Target,Not_Target,Not_Target
echi14774.t1,Myosin_20,Myosin_16,Not_Target
echi14775.t1,Myosin_5,Myosin_5,Myosin_57
echi14776.t1,Not_Target,Not_Target,Not_Target
echi14777.t1,Myosin_34,Not_Target,Not_Target
echi14778.t1,Not_Target,Not_Target,Not_Target
echi14779.t1,Not_Target,Not_Target,Not_Target
echi4727.t1,Myosin_30,Myosin_74,Not_Target
echi4728.t1,Myosin_5,Myosin_5,Not_Target
echi4729.t1,Myosin_16,Not_Target,Myosin_16
echi4730.t1,Myosin_28,Myosin_28,Myosin_1
echi4731.t1,Myosin_1,Myosin_1,Not_Target
echi4732.t1,Myosin_64,Myosin_64,Not_Target
echi4733.t1,Not_Target,Not_Target,Not_Target
echi4734.t1,Not_Target,Myosin_55,Not_Target
echi4735.t1,Not_Target,Not_Target,Not_Target
echi4736.t1,Myosin_24,Not_Target,Not_Target
echi4737.t1,Myosin_24,Not_Target,Myosin_23
echi4738.t1,Myosin_15,Myosin_15,Myosin_15
echi4739.t1,Not_Target,Not_Target,Not_Target
echi4740.t1,Not_Target,Not_Target,Not_Target
echi5142.t1,Not_Target,Not_Target,Myosin_1
echi5143.t1,Myosin_16,Myosin_19,Myosin_34
echi5144.t1,Not_Target,Not_Target,Not_Target
echi5145.t1,Not_Target,Not_Target,Myosin_1
echi5146.t1,Not_Target,Not_Target,Myosin_6
echi5147.t1,Not_Target,Not_Target,Not_Target
echi5148.t1,Not_Target,Not_Target,Not_Target
echi5149.t1,Not_Target,Not_Target,Not_Target
echi5150.t1,Not_Target,Myosin_19,Not_Target
echi5151.t1,Not_Target,Not_Target,Myosin_5
echi5152.t1,Not_Target,Not_Target,Not_Target
echi5153.t1,Not_Target,Not_Target,Not_Target
echi5154.t1,Myosin_2,Not_Target,Myosin_2
echi5155.t1,Not_Target,Not_Target,Not_Target
echi5156.t1,Not_Target,Not_Target,Not_Target
echi5157.t1,Myosin_17,Not_Target,Not_Target
echi5158.t1,Myosin_27,Myosin_27,Myosin_1
echi15976.t1,Not_Target,Myosin_17,Not_Target
echi15977.t1,Not_Target,Not_Target,Myosin_6
echi15978.t1,Not_Target,Not_Target,Not_Target
echi15979.t1,Not_Target,Myosin_19,Not_Target
echi15980.t1,Not_Target,Not_Target,Myosin_6
echi15981.t1,Not_Target,Myosin_17,Not_Target
echi15982.t1,Not_Target,Not_Target,Not_Target
echi15983.t1,Not_Target,Not_Target,Not_Target
echi15984.t1,Not_Target,Not_Target,Not_Target
echi15985.t1,Not_Target,Not_Target,Not_Target
echi15986.t1,Not_Target,Not_Target,Not_Target
echi15987.t1,Not_Target,Not_Target,Myosin_41
echi15988.t1,Not_Target,Not_Target,Not_Target
echi16630.t1,Myosin_27,Myosin_18,Not_Target
echi16631.t1,Myosin_45,Not_Target,Not_Target
echi16632.t1,Not_Target,Not_Target,Not_Target
echi16633.t1,Not_Target,Myosin_18,Myosin_59
echi16634.t1,Not_Target,Not_Target,Not_Target
echi16635.t1,Not_Target,Not_Target,Not_Target
echi16636.t1,Not_Target,Not_Target,Not_Target
echi16637.t1,Not_Target,Not_Target,Not_Target
echi16638.t1,Myosin_18,Myosin_3,Myosin_17
echi16639.t1,Not_Target,Not_Target,Not_Target
echi16640.t1,Not_Target,Not_Target,Myosin_20
echi1229.t1,Not_Target,Not_Target,Myosin_57
echi1230.t1,Not_Target,Not_Target,Myosin_57
echi1231.t1,Myosin_30,Myosin_17,Myosin_17
echi1232.t1,Not_Target,Not_Target,Not_Target
echi1233.t1,Myosin_36,Myosin_18,Myosin_36
echi1234.t1,Not_Target,Not_Target,Not_Target
echi1235.t1,Not_Target,Not_Target,Not_Target
echi1236.t1,Myosin_45,Myosin_45,Not_Target
echi1237.t1,Not_Target,Not_Target,Not_Target
echi1238.t1,Not_Target,Not_Target,Not_Target
echi1239.t1,Myosin_45,Myosin_45,Not_Target
echi5355.t1,Not_Target,Not_Target,Not_Target
echi5356.t1,Not_Target,Not_Target,Not_Target
echi5357.t1,Not_Target,Not_Target,Not_Target
echi5358.t1,Not_Target,Not_Target,Not_Target
echi5359.t1,Not_Target,Not_Target,Myosin_8
echi5360.t1,Myosin_17,Not_Target,Myosin_17
echi5361.t1,Not_Target,Not_Target,Not_Target
echi5362.t1,Myosin_15,Myosin_15,Myosin_15
echi5363.t1,Not_Target,Not_Target,Not_Target
echi12854.t1,Not_Target,Not_Target,Not_Target
echi12855.t1,Myosin_5,Myosin_5,Myosin_2
echi12856.t1,Not_Target,Not_Target,Not_Target
echi12857.t1,Not_Target,Not_Target,Not_Target
echi12858.t1,Not_Target,Not_Target,Not_Target
echi12859.t1,Not_Target,Not_Target,Myosin_81
echi12860.t1,Myosin_15,Myosin_5,Myosin_15
echi12861.t1,Myosin_7,Myosin_7,Myosin_7
echi12862.t1,Not_Target,Not_Target,Not_Target
echi12863.t1,Not_Target,Not_Target,Not_Target
echi12864.t1,Not_Target,Not_Target,Not_Target
echi3218.t1,Not_Target,Not_Target,Not_Target
echi3219.t1,Myosin_45,Myosin_26,Myosin_71
echi3220.t1,Myosin_24,Not_Target,Myosin_18
echi3221.t1,Not_Target,Not_Target,Not_Target
echi3222.t1,Not_Target,Myosin_19,Not_Target
echi3223.t1,Not_Target,Myosin_5,Not_Target
echi3224.t1,Not_Target,Not_Target,Not_Target
echi3225.t1,Myosin_37,Not_Target,Myosin_81
echi3226.t1,Not_Target,Not_Target,Not_Target
echi3227.t1,Not_Target,Not_Target,Not_Target
echi3228.t1,Not_Target,Not_Target,Not_Target
echi3229.t1,Not_Target,Not_Target,Not_Target
echi3230.t1,Not_Target,Not_Target,Not_Target
echi3231.t1,Not_Target,Not_Target,Not_Target
echi3232.t1,Not_Target,Not_Target,Not_Target
echi3233.t1,Not_Target,Myosin_8,Myosin_11
echi13146.t1,Myosin_37,Not_Target,Myosin_5
echi13147.t1,Myosin_57,Not_Target,Myosin_20
echi13148.t1,Not_Target,Not_Target,Myosin_5
echi13149.t1,Not_Target,Myosin_20,Myosin_67
echi13150.t1,Not_Target,Not_Target,Not_Target
echi13151.t1,Myosin_17,Not_Target,Myosin_5
echi13152.t1,Myosin_17,Myosin_17,Myosin_5
echi13153.t1,Not_Target,Not_Target,Not_Target
echi13154.t1,Not_Target,Not_Target,Not_Target
echi13155.t1,Myosin_81,Not_Target,Not_Target
echi13156.t1,Not_Target,Not_Target,Not_Target
echi13157.t1,Not_Target,Not_Target,Not_Target
echi13158.t1,Not_Target,Not_Target,Not_Target
echi13159.t1,Not_Target,Not_Target,Myosin_19
echi13160.t1,Myosin_2,Not_Target,Not_Target
echi13161.t1,Myosin_1,Not_Target,Myosin_1
echi13162.t1,Not_Target,Not_Target,Not_Target
echi13163.t1,Not_Target,Not_Target,Myosin_8
echi13164.t1,Not_Target,Not_Target,Not_Target
echi13165.t1,Not_Target,Not_Target,Not_Target
echi2604.t1,Not_Target,Not_Target,Not_Target
echi2605.t1,Not_Target,Not_Target,Myosin_3
echi2606.t1,Not_Target,Not_Target,Not_Target
echi2607.t1,Myosin_81,Myosin_81,Myosin_17
echi2608.t1,Not_Target,Not_Target,Myosin_68
echi2609.t1,Not_Target,Not_Target,Not_Target
echi2610.t1,Not_Target,Not_Target,Not_Target
echi2611.t1,Myosin_45,Myosin_18,Myosin_24
echi2612.t1,Not_Target,Not_Target,Not_Target
echi2613.t1,Myosin_45,Not_Target,Myosin_18
echi2614.t1,Not_Target,Not_Target,Not_Target
echi2615.t1,Not_Target,Not_Target,Myosin_20
echi2616.t1,Not_Target,Not_Target,Not_Target
echi2617.t1,Not_Target,Not_Target,Not_Target
echi9075.t1,Not_Target,Not_Target,Not_Target
echi9076.t1,Not_Target,Not_Target,Myosin_1
echi9077.t1,Not_Target,Not_Target,Not_Target
echi9078.t1,Not_Target,Not_Target,Not_Target
echi9079.t1,Myosin_39,Not_Target,Not_Target
echi9080.t1,Not_Target,Myosin_29,Not_Target
echi9081.t1,Not_Target,Not_Target,Not_Target
echi9082.t1,Not_Target,Not_Target,Not_Target
echi9083.t1,Myosin_45,Not_Target,Myosin_1
echi9084.t1,Not_Target,Not_Target,Not_Target
echi9085.t1,Not_Target,Not_Target,Not_Target
echi9086.t1,Myosin_37,Myosin_4,Myosin_2
echi9087.t1,Not_Target,Not_Target,Not_Target
echi9088.t1,Not_Target,Not_Target,Myosin_11
echi9089.t1,Not_Target,Not_Target,Not_Target
echi9090.t1,Myosin_36,Not_Target,Myosin_2
echi9091.t1,Not_Target,Not_Target,Not_Target
echi9092.t1,Not_Target,Myosin_16,Not_Target
echi9093.t1,Not_Target,Myosin_57,Myosin_23
echi9094.t1,Not_Target,Not_Target,Not_Target
echi9095.t1,Myosin_57,Not_Target,Not_Target
echi15424.t1,Not_Target,Myosin_17,Not_Target
echi15425.t1,Myosin_19,Not_Target,Myosin_6
echi15426.t1,Not_Target,Myosin_1,Not_Target
echi15427.t1,Not_Target,Not_Target,Myosin_7
echi15428.t1,Myosin_3,Myosin_3,Myosin_3
echi15429.t1,Myosin_18,Myosin_18,Myosin_24
echi15430.t1,Not_Target,Not_Target,Not_Target
echi15431.t1,Not_Target,Not_Target,Not_Target
echi15432.t1,Not_Target,Not_Target,Not_Target
echi15433.t1,Not_Target,Not_Target,Not_Target
echi15434.t1,Not_Target,Not_Target,Not_Target
echi15435.t1,Myosin_6,Not_Target,Not_Target
echi15436.t1,Not_Target,Not_Target,Not_Target
echi15437.t1,Not_Target,Not_Target,Not_Target
echi1652.t1,Not_Target,Not_Target,Myosin_11
echi1653.t1,Not_Target,Not_Target,Not_Target
echi1654.t1,Myosin_18,Myosin_18,Myosin_64
echi1655.t1,Myosin_18,Myosin_22,Myosin_16
echi1656.t1,Not_Target,Not_Target,Not_Target
echi1657.t1,Not_Target,Not_Target,Not_Target
echi1658.t1,Not_Target,Not_Target,Not_Target
echi1659.t1,Not_Target,Myosin_20,Myosin_16
echi1660.t1,Not_Target,Not_Target,Not_Target
echi1661.t1,Myosin_20,Myosin_16,Not_Target
echi1662.t1,Not_Target,Not_Target,Not_Target
echi1663.t1,Not_Target,Not_Target,Myosin_20
echi1664.t1,Not_Target,Myosin_5,Not_Target
echi2529.t1,Not_Target,Not_Target,Myosin_69
echi2530.t1,Myosin_1,Myosin_16,Myosin_1
echi2531.t1,Not_Target,Myosin_80,Not_Target
echi2532.t1,Not_Target,Not_Target,Myosin_51
echi2533.t1,Not_Target,Not_Target,Not_Target
echi2534.t1,Not_Target,Myosin_6,Not_Target
echi2535.t1,Not_Target,Not_Target,Not_Target
echi2536.t1,Myosin_2,Not_Target,Not_Target
echi2537.t1,Not_Target,Not_Target,Not_Target
echi2538.t1,Not_Target,Not_Target,Not_Target
echi2539.t1,Not_Target,Not_Target,Not_Target
echi2540.t1,Not_Target,Not_Target,Not_Target
echi2541.t1,Not_Target,Not_Target,Not_Target
echi2542.t1,Not_Target,Not_Target,Not_Target
echi2543.t1,Myosin_37,Myosin_22,Myosin_5
echi2544.t1,Not_Target,Not_Target,Not_Target
echi2545.t1,Not_Target,Not_Target,Not_Target
echi2546.t1,Myosin_6,Not_Target,Not_Target
echi17078.t1,Not_Target,Not_Target,Not_Target
echi17079.t1,Myosin_81,Myosin_22,Not_Target
echi17080.t1,Not_Target,Myosin_5,Not_Target
echi17081.t1,Myosin_1,Myosin_1,Myosin_4
echi17082.t1,Myosin_81,Myosin_37,Not_Target
echi17083.t1,Myosin_25,Myosin_22,Myosin_1
echi17084.t1,Not_Target,Not_Target,Myosin_51
echi17085.t1,Not_Target,Not_Target,Not_Target
echi17086.t1,Myosin_1,Myosin_1,Myosin_1
echi17087.t1,Not_Target,Not_Target,Myosin_2
echi17088.t1,Not_Target,Not_Target,Myosin_20
echi17089.t1,Not_Target,Not_Target,Not_Target
echi17090.t1,Not_Target,Not_Target,Not_Target
echi17091.t1,Not_Target,Myosin_26,Not_Target
echi17092.t1,Not_Target,Not_Target,Not_Target
echi17093.t1,Myosin_2,Myosin_2,Myosin_5
echi17094.t1,Myosin_81,Not_Target,Myosin_2
echi9996.t1,Not_Target,Not_Target,Not_Target
echi9997.t1,Not_Target,Not_Target,Not_Target
echi9998.t1,Not_Target,Not_Target,Not_Target
echi9999.t1,Myosin_17,Myosin_17,Myosin_17
echi10000.t1,Not_Target,Not_Target,Not_Target
echi10001.t1,Not_Target,Myosin_2,Not_Target
echi10002.t1,Not_Target,Not_Target,Not_Target
echi10003.t1,Not_Target,Not_Target,Not_Target
echi10004.t1,Not_Target,Not_Target,Not_Target
echi10005.t1,Myosin_71,Not_Target,Not_Target
echi10006.t1,Not_Target,Myosin_2,Not_Target
echi10007.t1,Not_Target,Not_Target,Not_Target
echi10008.t1,Myosin_51,Not_Target,Myosin_3
echi10009.t1,Myosin_57,Myosin_5,Myosin_51
echi10010.t1,Not_Target,Not_Target,Myosin_19
echi10011.t1,Not_Target,Not_Target,Not_Target
echi10012.t1,Not_Target,Not_Target,Not_Target
echi961.t1,Not_Target,Not_Target,Myosin_2
echi962.t1,Not_Target,Not_Target,Myosin_11
echi963.t1,Not_Target,Not_Target,Myosin_57
echi964.t1,Myosin_18,Myosin_18,Myosin_26
echi965.t1,Not_Target,Not_Target,Not_Target
echi966.t1,Not_Target,Not_Target,Not_Target
echi967.t1,Not_Target,Not_Target,Not_Target
echi968.t1,Myosin_2,Myosin_2,Myosin_2
echi969.t1,Not_Target,Not_Target,Not_Target
echi970.t1,Not_Target,Not_Target,Myosin_36
echi1100.t1,Not_Target,Not_Target,Not_Target
echi1101.t1,Not_Target,Not_Target,Not_Target
echi1102.t1,Not_Target,Not_Target,Not_Target
echi1103.t1,Not_Target,Not_Target,Not_Target
echi1104.t1,Not_Target,Not_Target,Not_Target
echi1105.t1,Not_Target,Myosin_17,Not_Target
echi1106.t1,Not_Target,Myosin_28,Not_Target
echi1107.t1,Not_Target,Not_Target,Not_Target
echi1108.t1,Myosin_17,Not_Target,Myosin_5
echi1109.t1,Not_Target,Not_Target,Not_Target
echi1110.t1,Not_Target,Myosin_5,Not_Target
echi1111.t1,Myosin_31,Not_Target,Not_Target
echi1112.t1,Myosin_23,Not_Target,Myosin_17
echi1113.t1,Myosin_1,Myosin_1,Not_Target
echi1114.t1,Not_Target,Not_Target,Myosin_17
echi1115.t1,Not_Target,Not_Target,Not_Target
echi7458.t1,Myosin_15,Myosin_15,Myosin_15
echi7459.t1,Myosin_30,Myosin_26,Myosin_9
echi7460.t1,Myosin_7,Myosin_22,Myosin_5
echi7461.t1,Not_Target,Not_Target,Not_Target
echi7462.t1,Not_Target,Not_Target,Not_Target
echi7463.t1,Not_Target,Not_Target,Not_Target
echi7464.t1,Not_Target,Not_Target,Not_Target
echi7465.t1,Not_Target,Not_Target,Not_Target
echi4408.t1,Not_Target,Myosin_19,Not_Target
echi4409.t1,Not_Target,Not_Target,Not_Target
echi4410.t1,Not_Target,Not_Target,Myosin_8
echi4411.t1,Not_Target,Not_Target,Myosin_8
echi4412.t1,Not_Target,Not_Target,Myosin_1
echi4413.t1,Myosin_15,Myosin_15,Myosin_15
echi4414.t1,Not_Target,Not_Target,Not_Target
echi4415.t1,Not_Target,Not_Target,Not_Target
echi4416.t1,Not_Target,Not_Target,Not_Target
echi4417.t1,Not_Target,Not_Target,Not_Target
echi4418.t1,Myosin_16,Not_Target,Not_Target
echi4419.t1,Not_Target,Not_Target,Not_Target
echi4420.t1,Not_Target,Not_Target,Not_Target
echi3256.t1,Not_Target,Not_Target,Myosin_20
echi3257.t1,Myosin_45,Not_Target,Not_Target
echi3258.t1,Myosin_6,Not_Target,Not_Target
echi3259.t1,Not_Target,Not_Target,Not_Target
echi3260.t1,Myosin_37,Myosin_22,Myosin_5
echi3261.t1,Myosin_36,Myosin_17,Myosin_17
echi3262.t1,Myosin_17,Not_Target,Not_Target
echi3263.t1,Not_Target,Not_Target,Not_Target
echi3264.t1,Not_Target,Not_Target,Not_Target
echi3265.t1,Not_Target,Not_Target,Not_Target
echi4345.t1,Not_Target,Myosin_28,Not_Target
echi4346.t1,Not_Target,Not_Target,Not_Target
echi4347.t1,Not_Target,Myosin_1,Not_Target
echi4348.t1,Myosin_57,Not_Target,Myosin_41
echi4349.t1,Not_Target,Not_Target,Not_Target
echi4350.t1,Not_Target,Not_Target,Not_Target
echi4351.t1,Not_Target,Not_Target,Not_Target
echi4352.t1,Not_Target,Not_Target,Not_Target
echi4353.t1,Not_Target,Not_Target,Not_Target
echi4354.t1,Not_Target,Myosin_11,Not_Target
echi4355.t1,Myosin_19,Myosin_19,Myosin_26
echi4356.t1,Myosin_19,Myosin_9,Myosin_43
echi10533.t1,Myosin_1,Myosin_1,Myosin_1
echi10534.t1,Not_Target,Myosin_19,Not_Target
echi10535.t1,Myosin_57,Myosin_57,Not_Target
echi10536.t1,Not_Target,Not_Target,Not_Target
echi10537.t1,Myosin_20,Not_Target,Myosin_27
echi10538.t1,Myosin_1,Not_Target,Myosin_8
echi10539.t1,Not_Target,Not_Target,Not_Target
echi10540.t1,Myosin_26,Myosin_5,Myosin_5
echi10541.t1,Not_Target,Not_Target,Not_Target
echi10542.t1,Not_Target,Not_Target,Not_Target
echi10543.t1,Not_Target,Myosin_6,Not_Target
echi10544.t1,Myosin_18,Myosin_18,Myosin_3
echi10545.t1,Not_Target,Myosin_19,Not_Target
echi10546.t1,Not_Target,Not_Target,Myosin_20
echi4298.t1,Myosin_53,Not_Target,Myosin_10
echi4299.t1,Not_Target,Not_Target,Not_Target
echi4300.t1,Not_Target,Myosin_5,Myosin_5
echi4301.t1,Not_Target,Not_Target,Not_Target
echi4302.t1,Not_Target,Myosin_5,Myosin_5
echi4303.t1,Myosin_41,Not_Target,Not_Target
echi4304.t1,Myosin_17,Myosin_17,Myosin_70
echi4305.t1,Not_Target,Not_Target,Not_Target
echi4306.t1,Not_Target,Not_Target,Not_Target
echi4307.t1,Not_Target,Myosin_1,Not_Target
echi4308.t1,Not_Target,Not_Target,Not_Target
echi4309.t1,Not_Target,Not_Target,Not_Target
echi4310.t1,Not_Target,Not_Target,Not_Target
echi4311.t1,Not_Target,Not_Target,Not_Target
echi4312.t1,Not_Target,Not_Target,Not_Target
echi4313.t1,Not_Target,Not_Target,Not_Target
echi4314.t1,Myosin_30,Myosin_15,Myosin_30
echi11643.t1,Not_Target,Not_Target,Not_Target
echi11644.t1,Not_Target,Myosin_18,Myosin_3
echi11645.t1,Not_Target,Not_Target,Not_Target
echi11646.t1,Not_Target,Myosin_18,Myosin_3
echi11647.t1,Myosin_17,Not_Target,Not_Target
echi11648.t1,Not_Target,Not_Target,Myosin_2
echi11649.t1,Not_Target,Not_Target,Not_Target
echi11650.t1,Not_Target,Myosin_1,Not_Target
echi11651.t1,Not_Target,Myosin_1,Myosin_22
echi11652.t1,Not_Target,Not_Target,Not_Target
echi11653.t1,Myosin_18,Not_Target,Myosin_4
echi11654.t1,Not_Target,Not_Target,Not_Target
echi11655.t1,Myosin_73,Not_Target,Not_Target
echi11656.t1,Not_Target,Not_Target,Myosin_5
echi11657.t1,Not_Target,Myosin_16,Not_Target
echi1181.t1,Not_Target,Myosin_5,Not_Target
echi1182.t1,Myosin_17,Myosin_17,Myosin_17
echi1183.t1,Myosin_74,Myosin_74,Myosin_3
echi1184.t1,Myosin_74,Myosin_74,Myosin_3
echi1185.t1,Myosin_17,Myosin_17,Myosin_40
echi1186.t1,Not_Target,Not_Target,Not_Target
echi1187.t1,Not_Target,Not_Target,Not_Target
echi1188.t1,Myosin_17,Myosin_17,Myosin_1
echi1189.t1,Not_Target,Myosin_57,Not_Target
echi1190.t1,Not_Target,Myosin_6,Not_Target
echi1191.t1,Not_Target,Not_Target,Not_Target
echi1192.t1,Myosin_19,Not_Target,Myosin_19
echi1193.t1,Myosin_24,Not_Target,Myosin_24
echi2877.t1,Not_Target,Not_Target,Not_Target
echi2878.t1,Myosin_17,Myosin_17,Myosin_17
echi2879.t1,Myosin_6,Myosin_17,Myosin_28
echi2880.t1,Not_Target,Not_Target,Not_Target
echi2881.t1,Myosin_20,Not_Target,Not_Target
echi2882.t1,Not_Target,Not_Target,Not_Target
echi2883.t1,Not_Target,Not_Target,Not_Target
echi2884.t1,Not_Target,Not_Target,Not_Target
echi2885.t1,Not_Target,Not_Target,Not_Target
echi8641.t1,Myosin_18,Myosin_16,Myosin_18
echi8642.t1,Myosin_1,Not_Target,Myosin_1
echi8643.t1,Not_Target,Not_Target,Not_Target
echi8644.t1,Not_Target,Not_Target,Not_Target
echi8645.t1,Not_Target,Not_Target,Not_Target
echi8646.t1,Not_Target,Not_Target,Not_Target
echi8647.t1,Not_Target,Not_Target,Not_Target
echi8648.t1,Not_Target,Not_Target,Not_Target
echi8649.t1,Myosin_6,Not_Target,Not_Target
echi8650.t1,Myosin_1,Myosin_1,Myosin_37
echi8651.t1,Not_Target,Not_Target,Not_Target
echi8652.t1,Not_Target,Not_Target,Not_Target
echi17775.t1,Not_Target,Not_Target,Not_Target
echi17776.t1,Not_Target,Myosin_11,Not_Target
echi17777.t1,Not_Target,Myosin_3,Myosin_20
echi17778.t1,Not_Target,Myosin_5,Not_Target
echi17779.t1,Myosin_17,Myosin_17,Not_Target
echi17780.t1,Myosin_15,Myosin_5,Myosin_17
echi17781.t1,Myosin_25,Not_Target,Myosin_5
echi17782.t1,Myosin_11,Not_Target,Myosin_11
echi17783.t1,Myosin_37,Myosin_37,Not_Target
echi17784.t1,Not_Target,Not_Target,Not_Target
echi17785.t1,Not_Target,Not_Target,Myosin_19
echi17786.t1,Not_Target,Not_Target,Not_Target
echi17787.t1,Not_Target,Not_Target,Not_Target
echi9500.t1,Not_Target,Not_Target,Not_Target
echi9501.t1,Myosin_15,Myosin_3,Myosin_4
echi9502.t1,Not_Target,Not_Target,Not_Target
echi9503.t1,Not_Target,Not_Target,Not_Target
echi9504.t1,Myosin_18,Myosin_16,Myosin_18
echi9505.t1,Not_Target,Not_Target,Not_Target
echi9506.t1,Myosin_1,Myosin_1,Not_Target
echi9507.t1,Not_Target,Not_Target,Not_Target
echi9508.t1,Not_Target,Not_Target,Not_Target
echi9509.t1,Myosin_30,Not_Target,Myosin_34
echi4604.t1,Myosin_26,Not_Target,Myosin_20
echi4605.t1,Not_Target,Not_Target,Not_Target
echi4606.t1,Not_Target,Not_Target,Not_Target
echi4607.t1,Myosin_27,Myosin_27,Myosin_22
echi4608.t1,Not_Target,Not_Target,Not_Target
echi4609.t1,Not_Target,Not_Target,Not_Target
echi4610.t1,Not_Target,Myosin_5,Myosin_3
echi4611.t1,Not_Target,Not_Target,Myosin_51
echi4612.t1,Myosin_19,Not_Target,Not_Target
echi4613.t1,Not_Target,Not_Target,Not_Target
echi4614.t1,Not_Target,Not_Target,Not_Target
echi4615.t1,Not_Target,Not_Target,Not_Target
echi4616.t1,Not_Target,Not_Target,Not_Target
echi4617.t1,Not_Target,Not_Target,Myosin_71
echi16341.t1,Not_Target,Not_Target,Not_Target
echi16342.t1,Not_Target,Not_Target,Not_Target
echi16343.t1,Not_Target,Not_Target,Myosin_1
echi16344.t1,Not_Target,Not_Target,Not_Target
echi16345.t1,Not_Target,Myosin_51,Myosin_51
echi16346.t1,Not_Target,Not_Target,Not_Target
echi16347.t1,Not_Target,Not_Target,Not_Target
echi16348.t1,Myosin_45,Myosin_45,Not_Target
echi16349.t1,Not_Target,Not_Target,Not_Target
echi16350.t1,Not_Target,Not_Target,Myosin_30
echi16351.t1,Myosin_17,Not_Target,Myosin_17
echi14960.t1,Not_Target,Not_Target,Myosin_51
echi14961.t1,Not_Target,Not_Target,Not_Target
echi14962.t1,Not_Target,Not_Target,Myosin_57
echi14963.t1,Myosin_45,Not_Target,Not_Target
echi14964.t1,Not_Target,Myosin_25,Not_Target
echi14965.t1,Not_Target,Not_Target,Not_Target
echi14966.t1,Myosin_44,Myosin_5,Myosin_3
echi14967.t1,Myosin_45,Not_Target,Myosin_5
echi14968.t1,Not_Target,Not_Target,Not_Target
echi14969.t1,Not_Target,Myosin_19,Not_Target
echi14970.t1,Not_Target,Myosin_19,Not_Target
echi14971.t1,Not_Target,Not_Target,Myosin_8
echi14972.t1,Not_Target,Not_Target,Not_Target
echi14973.t1,Not_Target,Not_Target,Not_Target
echi14974.t1,Not_Target,Not_Target,Not_Target
echi14975.t1,Not_Target,Not_Target,Not_Target
echi14976.t1,Actin,Actin,Actin
echi12553.t1,Not_Target,Myosin_1,Myosin_1
echi12554.t1,Not_Target,Myosin_28,Not_Target
echi12555.t1,Not_Target,Not_Target,Myosin_19
echi12556.t1,Not_Target,Not_Target,Not_Target
echi12557.t1,Not_Target,Not_Target,Not_Target
echi12558.t1,Myosin_16,Myosin_16,Myosin_53
echi12559.t1,Myosin_18,Myosin_16,Myosin_18
echi12560.t1,Myosin_19,Not_Target,Myosin_67
echi12561.t1,Not_Target,Not_Target,Not_Target
echi12562.t1,Myosin_2,Not_Target,Not_Target
echi12563.t1,Not_Target,Not_Target,Not_Target
echi12564.t1,Not_Target,Myosin_22,Not_Target
echi12565.t1,Myosin_1,Myosin_20,Myosin_1
echi12566.t1,Not_Target,Not_Target,Not_Target
echi12567.t1,Not_Target,Not_Target,Not_Target
echi6100.t1,Not_Target,Not_Target,Not_Target
echi6101.t1,Myosin_25,Not_Target,Not_Target
echi6102.t1,Not_Target,Not_Target,Myosin_4
echi6103.t1,Not_Target,Not_Target,Not_Target
echi6104.t1,Not_Target,Not_Target,Myosin_51
echi6105.t1,Not_Target,Myosin_5,Not_Target
echi6106.t1,Myosin_2,Not_Target,Myosin_2
echi6107.t1,Not_Target,Not_Target,Not_Target
echi6108.t1,Not_Target,Not_Target,Not_Target
echi6109.t1,Not_Target,Not_Target,Myosin_24
echi6110.t1,Not_Target,Myosin_1,Myosin_1
echi6111.t1,Not_Target,Not_Target,Myosin_8
echi6112.t1,Not_Target,Not_Target,Not_Target
echi6113.t1,Not_Target,Not_Target,Not_Target
echi6114.t1,Not_Target,Not_Target,Not_Target
echi6115.t1,Not_Target,Myosin_57,Not_Target
echi6116.t1,Myosin_6,Myosin_6,Not_Target
echi6117.t1,Not_Target,Not_Target,Not_Target
echi6118.t1,Not_Target,Not_Target,Not_Target
echi6119.t1,Not_Target,Not_Target,Myosin_1
echi6120.t1,Not_Target,Not_Target,Myosin_26
echi10663.t1,Not_Target,Not_Target,Not_Target
echi10664.t1,Not_Target,Not_Target,Not_Target
echi10665.t1,Not_Target,Not_Target,Not_Target
echi10666.t1,Myosin_9,Myosin_9,Myosin_36
echi10667.t1,Myosin_26,Myosin_2,Not_Target
echi10668.t1,Not_Target,Not_Target,Not_Target
echi10669.t1,Not_Target,Not_Target,Myosin_20
echi10670.t1,Myosin_51,Myosin_22,Myosin_5
echi10671.t1,Not_Target,Not_Target,Not_Target
echi10672.t1,Not_Target,Not_Target,Not_Target
echi10673.t1,Myosin_15,Myosin_15,Myosin_68
echi10674.t1,Myosin_37,Myosin_37,Not_Target
echi10675.t1,Myosin_1,Myosin_1,Not_Target
echi10676.t1,Not_Target,Not_Target,Not_Target
echi10677.t1,Not_Target,Not_Target,Not_Target
echi13437.t1,Myosin_19,Myosin_8,Not_Target
echi13438.t1,Not_Target,Not_Target,Not_Target
echi13439.t1,Myosin_6,Not_Target,Not_Target
echi13440.t1,Not_Target,Not_Target,Not_Target
echi13441.t1,Not_Target,Not_Target,Not_Target
echi13442.t1,Not_Target,Not_Target,Not_Target
echi13443.t1,Myosin_18,Myosin_18,Myosin_14
echi13444.t1,Not_Target,Not_Target,Not_Target
echi13445.t1,Not_Target,Not_Target,Not_Target
echi13446.t1,Not_Target,Myosin_1,Not_Target
echi13447.t1,Not_Target,Not_Target,Not_Target
echi13448.t1,Not_Target,Not_Target,Not_Target
echi13449.t1,Not_Target,Not_Target,Not_Target
echi13450.t1,Myosin_2,Not_Target,Not_Target
echi13451.t1,Myosin_18,Not_Target,Myosin_72
echi13452.t1,Not_Target,Not_Target,Not_Target
echi3628.t1,Not_Target,Not_Target,Not_Target
echi3629.t1,Not_Target,Myosin_28,Myosin_19
echi3630.t1,Not_Target,Not_Target,Not_Target
echi3631.t1,Not_Target,Myosin_6,Not_Target
echi3632.t1,Not_Target,Myosin_6,Not_Target
echi3633.t1,Not_Target,Not_Target,Not_Target
echi3634.t1,Not_Target,Myosin_28,Myosin_19
echi3635.t1,Not_Target,Not_Target,Not_Target
echi3636.t1,Not_Target,Not_Target,Not_Target
echi3637.t1,Not_Target,Not_Target,Not_Target
echi3638.t1,Not_Target,Not_Target,Not_Target
echi3639.t1,Not_Target,Not_Target,Not_Target
echi3640.t1,Not_Target,Not_Target,Not_Target
echi3641.t1,Not_Target,Not_Target,Not_Target
echi3642.t1,Not_Target,Not_Target,Myosin_22
echi3643.t1,Not_Target,Not_Target,Not_Target
echi3644.t1,Myosin_15,Myosin_15,Myosin_7
echi6056.t1,Not_Target,Not_Target,Not_Target
echi6057.t1,Myosin_18,Myosin_18,Myosin_3
echi6058.t1,Not_Target,Not_Target,Myosin_34
echi6059.t1,Not_Target,Not_Target,Myosin_51
echi6060.t1,Not_Target,Not_Target,Not_Target
echi6061.t1,Not_Target,Not_Target,Not_Target
echi6062.t1,Not_Target,Myosin_1,Not_Target
echi6063.t1,Not_Target,Not_Target,Not_Target
echi6064.t1,Not_Target,Not_Target,Not_Target
echi6065.t1,Not_Target,Not_Target,Not_Target
echi6066.t1,Myosin_19,Myosin_19,Myosin_19
echi6067.t1,Not_Target,Not_Target,Myosin_1
echi6068.t1,Not_Target,Not_Target,Not_Target
echi4022.t1,Not_Target,Not_Target,Not_Target
echi4023.t1,Not_Target,Not_Target,Not_Target
echi4024.t1,Not_Target,Not_Target,Myosin_1
echi4025.t1,Not_Target,Not_Target,Not_Target
echi4026.t1,Myosin_45,Not_Target,Myosin_26
echi4027.t1,Not_Target,Myosin_1,Myosin_1
echi4028.t1,Not_Target,Not_Target,Not_Target
echi4029.t1,Not_Target,Myosin_1,Not_Target
echi4030.t1,Not_Target,Not_Target,Not_Target
echi4031.t1,Myosin_81,Myosin_1,Not_Target
echi4032.t1,Myosin_3,Myosin_3,Myosin_3
echi4033.t1,Not_Target,Not_Target,Not_Target
echi4034.t1,Not_Target,Not_Target,Not_Target
echi1130.t1,Not_Target,Not_Target,Not_Target
echi1131.t1,Not_Target,Not_Target,Not_Target
echi1132.t1,Not_Target,Not_Target,Not_Target
echi1133.t1,Not_Target,Not_Target,Not_Target
echi1134.t1,Not_Target,Not_Target,Not_Target
echi1135.t1,Myosin_15,Not_Target,Not_Target
echi1136.t1,Not_Target,Not_Target,Not_Target
echi1137.t1,Not_Target,Not_Target,Not_Target
echi1138.t1,Myosin_1,Myosin_43,Myosin_5
echi1139.t1,Not_Target,Not_Target,Myosin_5
echi1140.t1,Myosin_17,Not_Target,Myosin_81
echi1141.t1,Myosin_8,Not_Target,Myosin_1
echi1142.t1,Not_Target,Not_Target,Not_Target
echi1143.t1,Myosin_32,Myosin_22,Myosin_81
echi9292.t1,Not_Target,Not_Target,Myosin_1
echi9293.t1,Not_Target,Not_Target,Not_Target
echi9294.t1,Not_Target,Not_Target,Not_Target
echi9295.t1,Not_Target,Myosin_25,Not_Target
echi9296.t1,Not_Target,Not_Target,Not_Target
echi9297.t1,Not_Target,Not_Target,Not_Target
echi9298.t1,Myosin_45,Not_Target,Not_Target
echi9299.t1,Myosin_20,Myosin_16,Myosin_27
echi9300.t1,Not_Target,Not_Target,Not_Target
echi9301.t1,Not_Target,Not_Target,Myosin_51
echi9302.t1,Not_Target,Myosin_57,Not_Target
echi9303.t1,Not_Target,Not_Target,Not_Target
echi9304.t1,Not_Target,Not_Target,Not_Target
echi9305.t1,Not_Target,Myosin_7,Not_Target
echi9306.t1,Not_Target,Not_Target,Not_Target
echi9307.t1,Not_Target,Not_Target,Myosin_8
echi9308.t1,Not_Target,Not_Target,Myosin_57
echi9309.t1,Not_Target,Not_Target,Not_Target
echi9310.t1,Not_Target,Not_Target,Not_Target
echi9311.t1,Not_Target,Not_Target,Not_Target
echi9312.t1,Not_Target,Not_Target,Not_Target
echi1938.t1,Myosin_1,Not_Target,Not_Target
echi1939.t1,Myosin_15,Not_Target,Not_Target
echi1940.t1,Not_Target,Myosin_51,Not_Target
echi1941.t1,Not_Target,Not_Target,Not_Target
echi1942.t1,Not_Target,Not_Target,Not_Target
echi1943.t1,Myosin_64,Myosin_5,Not_Target
echi1944.t1,Not_Target,Not_Target,Myosin_30
echi1945.t1,Not_Target,Not_Target,Not_Target
echi1946.t1,Myosin_20,Myosin_17,Myosin_16
echi1947.t1,Not_Target,Not_Target,Myosin_37
echi1948.t1,Myosin_45,Not_Target,Not_Target
echi1949.t1,Myosin_51,Not_Target,Not_Target
echi1950.t1,Not_Target,Not_Target,Not_Target
echi1951.t1,Not_Target,Not_Target,Not_Target
echi1952.t1,Not_Target,Not_Target,Not_Target
echi1953.t1,Not_Target,Not_Target,Not_Target
echi1954.t1,Not_Target,Not_Target,Not_Target
echi14940.t1,Not_Target,Not_Target,Myosin_73
echi14941.t1,Not_Target,Not_Target,Not_Target
echi14942.t1,Not_Target,Not_Target,Not_Target
echi14943.t1,Myosin_50,Not_Target,Not_Target
echi14944.t1,Not_Target,Not_Target,Myosin_4
echi14945.t1,Not_Target,Not_Target,Not_Target
echi14946.t1,Not_Target,Not_Target,Not_Target
echi14947.t1,Myosin_8,Not_Target,Not_Target
echi14948.t1,Not_Target,Not_Target,Not_Target
echi2448.t1,Not_Target,Not_Target,Not_Target
echi2449.t1,Not_Target,Not_Target,Not_Target
echi2450.t1,Not_Target,Not_Target,Not_Target
echi2451.t1,Myosin_37,Myosin_1,Not_Target
echi2452.t1,Not_Target,Not_Target,Not_Target
echi2453.t1,Not_Target,Not_Target,Not_Target
echi2454.t1,Not_Target,Myosin_66,Not_Target
echi2455.t1,Not_Target,Not_Target,Not_Target
echi2456.t1,Myosin_23,Not_Target,Myosin_13
echi2457.t1,Not_Target,Not_Target,Not_Target
echi2458.t1,Myosin_57,Not_Target,Myosin_16
echi9653.t1,Not_Target,Not_Target,Not_Target
echi9654.t1,Not_Target,Not_Target,Not_Target
echi9655.t1,Not_Target,Not_Target,Not_Target
echi9656.t1,Not_Target,Myosin_5,Not_Target
echi9657.t1,Not_Target,Not_Target,Myosin_5
echi9658.t1,Not_Target,Myosin_1,Myosin_1
echi9659.t1,Not_Target,Not_Target,Not_Target
echi9660.t1,Not_Target,Not_Target,Myosin_24
echi9661.t1,Not_Target,Not_Target,Not_Target
echi9662.t1,Not_Target,Not_Target,Not_Target
echi9663.t1,Not_Target,Not_Target,Not_Target
echi9664.t1,Not_Target,Not_Target,Not_Target
echi9665.t1,Not_Target,Not_Target,Not_Target
echi9666.t1,Myosin_18,Myosin_18,Myosin_18
echi9667.t1,Myosin_71,Not_Target,Myosin_34
echi9668.t1,Myosin_20,Myosin_1,Not_Target
echi9669.t1,Not_Target,Not_Target,Not_Target
echi9670.t1,Not_Target,Not_Target,Not_Target
echi18083.t1,Myosin_15,Not_Target,Myosin_37
echi18084.t1,Not_Target,Not_Target,Not_Target
echi18085.t1,Not_Target,Not_Target,Myosin_31
echi18086.t1,Not_Target,Not_Target,Myosin_20
echi18087.t1,Not_Target,Not_Target,Not_Target
echi18088.t1,Not_Target,Not_Target,Myosin_8
echi18089.t1,Not_Target,Not_Target,Not_Target
echi18090.t1,Not_Target,Not_Target,Not_Target
echi18091.t1,Not_Target,Not_Target,Not_Target
echi18092.t1,Not_Target,Not_Target,Myosin_3
echi18093.t1,Not_Target,Not_Target,Not_Target
echi18094.t1,Not_Target,Not_Target,Myosin_1
echi58.t1,Not_Target,Not_Target,Not_Target
echi59.t1,Not_Target,Not_Target,Not_Target
echi60.t1,Myosin_3,Myosin_3,Myosin_3
echi61.t1,Not_Target,Not_Target,Not_Target
echi62.t1,Not_Target,Myosin_23,Not_Target
echi63.t1,Myosin_17,Myosin_17,Myosin_17
echi64.t1,Not_Target,Not_Target,Myosin_71
echi65.t1,Not_Target,Myosin_19,Myosin_11
echi66.t1,Not_Target,Myosin_19,Myosin_19
echi67.t1,Myosin_19,Not_Target,Not_Target
echi68.t1,Not_Target,Not_Target,Not_Target
echi69.t1,Not_Target,Not_Target,Not_Target
echi70.t1,Not_Target,Not_Target,Not_Target
echi3390.t1,Myosin_45,Not_Target,Not_Target
echi3391.t1,Myosin_17,Not_Target,Not_Target
echi3392.t1,Not_Target,Not_Target,Not_Target
echi3393.t1,Not_Target,Not_Target,Not_Target
echi3394.t1,Not_Target,Not_Target,Not_Target
echi3395.t1,Not_Target,Not_Target,Not_Target
echi3396.t1,Myosin_26,Not_Target,Not_Target
echi3397.t1,Myosin_45,Myosin_45,Myosin_20
echi3398.t1,Not_Target,Myosin_18,Myosin_18
echi3399.t1,Not_Target,Myosin_8,Not_Target
echi3400.t1,Myosin_17,Myosin_17,Myosin_64
echi3401.t1,Not_Target,Not_Target,Not_Target
echi3402.t1,Not_Target,Not_Target,Not_Target
echi13880.t1,Not_Target,Not_Target,Not_Target
echi13881.t1,Not_Target,Not_Target,Not_Target
echi13882.t1,Not_Target,Not_Target,Not_Target
echi13883.t1,Myosin_18,Myosin_18,Myosin_20
echi13884.t1,Not_Target,Myosin_70,Not_Target
echi13885.t1,Not_Target,Not_Target,Not_Target
echi13886.t1,Myosin_45,Not_Target,Not_Target
echi13887.t1,Not_Target,Not_Target,Myosin_4
echi13888.t1,Not_Target,Not_Target,Myosin_5
echi13889.t1,Myosin_16,Myosin_16,Not_Target
echi13890.t1,Not_Target,Not_Target,Not_Target
echi13891.t1,Not_Target,Not_Target,Not_Target
echi13892.t1,Not_Target,Not_Target,Not_Target
echi13893.t1,Not_Target,Not_Target,Not_Target
echi13894.t1,Not_Target,Not_Target,Myosin_4
echi7501.t1,Myosin_1,Myosin_3,Myosin_20
echi7502.t1,Not_Target,Not_Target,Not_Target
echi7503.t1,Not_Target,Not_Target,Not_Target
echi7504.t1,Not_Target,Not_Target,Not_Target
echi7505.t1,Not_Target,Myosin_5,Not_Target
echi7506.t1,Myosin_45,Not_Target,Myosin_20
echi7507.t1,Not_Target,Not_Target,Myosin_3
echi7508.t1,Not_Target,Not_Target,Myosin_14
echi7509.t1,Myosin_45,Myosin_18,Myosin_3
echi7510.t1,Myosin_51,Not_Target,Myosin_5
echi7511.t1,Not_Target,Not_Target,Not_Target
echi760.t1,Not_Target,Not_Target,Not_Target
echi761.t1,Myosin_18,Not_Target,Not_Target
echi762.t1,Not_Target,Myosin_1,Not_Target
echi763.t1,Not_Target,Not_Target,Not_Target
echi764.t1,Not_Target,Myosin_18,Not_Target
echi765.t1,Not_Target,Not_Target,Not_Target
echi766.t1,Myosin_36,Not_Target,Myosin_80
echi767.t1,Myosin_17,Not_Target,Myosin_8
echi768.t1,Myosin_15,Myosin_29,Myosin_40
echi769.t1,Not_Target,Not_Target,Not_Target
echi770.t1,Not_Target,Not_Target,Not_Target
echi771.t1,Not_Target,Not_Target,Not_Target
echi14335.t1,Not_Target,Not_Target,Myosin_54
echi14336.t1,Not_Target,Not_Target,Not_Target
echi14337.t1,Myosin_17,Not_Target,Myosin_17
echi14338.t1,Not_Target,Not_Target,Not_Target
echi14339.t1,Not_Target,Not_Target,Not_Target
echi14340.t1,Not_Target,Not_Target,Not_Target
echi14341.t1,Not_Target,Not_Target,Not_Target
echi14342.t1,Not_Target,Not_Target,Not_Target
echi14343.t1,Not_Target,Not_Target,Not_Target
echi14344.t1,Not_Target,Not_Target,Not_Target
echi14345.t1,Not_Target,Not_Target,Not_Target
echi14346.t1,Not_Target,Not_Target,Not_Target
echi14347.t1,Not_Target,Not_Target,Not_Target
echi14348.t1,Myosin_6,Not_Target,Not_Target
echi14349.t1,Not_Target,Not_Target,Not_Target
echi14350.t1,Not_Target,Not_Target,Not_Target
echi14351.t1,Myosin_22,Not_Target,Myosin_7
echi9247.t1,Myosin_17,Not_Target,Myosin_37
echi9248.t1,Myosin_15,Myosin_15,Myosin_15
echi9249.t1,Not_Target,Not_Target,Not_Target
echi9250.t1,Not_Target,Not_Target,Not_Target
echi9251.t1,Not_Target,Myosin_1,Myosin_1
echi9252.t1,Not_Target,Not_Target,Myosin_1
echi9253.t1,Not_Target,Not_Target,Not_Target
echi9254.t1,Not_Target,Not_Target,Not_Target
echi9255.t1,Not_Target,Myosin_1,Myosin_1
echi9256.t1,Not_Target,Not_Target,Not_Target
echi4978.t1,Not_Target,Not_Target,Not_Target
echi4979.t1,Myosin_25,Not_Target,Not_Target
echi4980.t1,Not_Target,Not_Target,Not_Target
echi4981.t1,Not_Target,Not_Target,Not_Target
echi4982.t1,Not_Target,Not_Target,Not_Target
echi4983.t1,Not_Target,Not_Target,Myosin_8
echi4984.t1,Not_Target,Not_Target,Not_Target
echi4985.t1,Myosin_19,Not_Target,Myosin_19
echi4986.t1,Not_Target,Not_Target,Myosin_57
echi4987.t1,Not_Target,Not_Target,Not_Target
echi4988.t1,Not_Target,Not_Target,Myosin_37
echi4989.t1,Not_Target,Not_Target,Not_Target
echi4990.t1,Not_Target,Not_Target,Not_Target
echi4991.t1,Not_Target,Myosin_4,Not_Target
echi4992.t1,Not_Target,Not_Target,Not_Target
echi4993.t1,Not_Target,Not_Target,Not_Target
echi4994.t1,Not_Target,Not_Target,Not_Target
echi9713.t1,Not_Target,Myosin_2,Not_Target
echi9714.t1,Not_Target,Not_Target,Myosin_51
echi9715.t1,Myosin_1,Myosin_1,Myosin_53
echi9716.t1,Not_Target,Not_Target,Not_Target
echi9717.t1,Not_Target,Not_Target,Not_Target
echi9718.t1,Not_Target,Not_Target,Not_Target
echi9719.t1,Not_Target,Not_Target,Not_Target
echi9720.t1,Not_Target,Not_Target,Not_Target
echi9721.t1,Not_Target,Not_Target,Not_Target
echi9722.t1,Not_Target,Not_Target,Myosin_57
echi9723.t1,Not_Target,Not_Target,Not_Target
echi9724.t1,Not_Target,Not_Target,Not_Target
echi9725.t1,Myosin_37,Not_Target,Not_Target
echi9726.t1,Myosin_81,Myosin_6,Not_Target
echi9727.t1,Not_Target,Not_Target,Not_Target
echi9728.t1,Not_Target,Not_Target,Not_Target
echi9729.t1,Not_Target,Not_Target,Not_Target
echi9730.t1,Not_Target,Not_Target,Myosin_8
echi13858.t1,Not_Target,Not_Target,Myosin_2
echi13859.t1,Myosin_19,Myosin_38,Myosin_15
echi13860.t1,Not_Target,Not_Target,Not_Target
echi13861.t1,Myosin_36,Not_Target,Not_Target
echi13862.t1,Myosin_5,Myosin_5,Not_Target
echi13863.t1,Myosin_15,Myosin_15,Myosin_44
echi13864.t1,Not_Target,Not_Target,Not_Target
echi9635.t1,Not_Target,Not_Target,Not_Target
echi9636.t1,Not_Target,Not_Target,Not_Target
echi9637.t1,Not_Target,Not_Target,Not_Target
echi9638.t1,Not_Target,Myosin_18,Not_Target
echi9639.t1,Myosin_45,Not_Target,Not_Target
echi9640.t1,Not_Target,Not_Target,Not_Target
echi9641.t1,Not_Target,Not_Target,Not_Target
echi9642.t1,Not_Target,Not_Target,Not_Target
echi9643.t1,Not_Target,Not_Target,Myosin_8
echi9644.t1,Not_Target,Not_Target,Myosin_2
echi9645.t1,Not_Target,Not_Target,Not_Target
echi9646.t1,Not_Target,Not_Target,Not_Target
echi9647.t1,Myosin_24,Not_Target,Myosin_24
echi9648.t1,Not_Target,Not_Target,Not_Target
echi9649.t1,Myosin_19,Not_Target,Myosin_3
echi9650.t1,Not_Target,Not_Target,Not_Target
echi9651.t1,Not_Target,Myosin_1,Not_Target
echi9652.t1,Myosin_45,Not_Target,Myosin_9
echi16252.t1,Not_Target,Not_Target,Not_Target
echi16253.t1,Myosin_17,Myosin_17,Myosin_4
echi16254.t1,Myosin_15,Myosin_5,Myosin_17
echi16255.t1,Myosin_5,Myosin_81,Myosin_5
echi16256.t1,Not_Target,Not_Target,Not_Target
echi16257.t1,Not_Target,Not_Target,Myosin_57
echi16258.t1,Not_Target,Not_Target,Not_Target
echi16259.t1,Not_Target,Not_Target,Myosin_16
echi16260.t1,Myosin_8,Myosin_18,Myosin_51
echi16261.t1,Not_Target,Not_Target,Not_Target
echi3078.t1,Not_Target,Not_Target,Not_Target
echi3079.t1,Not_Target,Not_Target,Myosin_1
echi3080.t1,Not_Target,Not_Target,Myosin_20
echi3081.t1,Not_Target,Not_Target,Not_Target
echi3082.t1,Myosin_26,Not_Target,Not_Target
echi3083.t1,Not_Target,Not_Target,Not_Target
echi3084.t1,Not_Target,Myosin_1,Myosin_26
echi3085.t1,Not_Target,Not_Target,Not_Target
echi3086.t1,Not_Target,Not_Target,Not_Target
echi3087.t1,Not_Target,Myosin_19,Myosin_1
echi3088.t1,Not_Target,Not_Target,Not_Target
echi3089.t1,Not_Target,Not_Target,Myosin_2
echi3090.t1,Myosin_2,Not_Target,Not_Target
echi3091.t1,Not_Target,Not_Target,Not_Target
echi15665.t1,Not_Target,Not_Target,Not_Target
echi15666.t1,Myosin_18,Not_Target,Myosin_5
echi15667.t1,Not_Target,Not_Target,Myosin_3
echi15668.t1,Not_Target,Not_Target,Not_Target
echi15669.t1,Not_Target,Not_Target,Myosin_51
echi15670.t1,Myosin_24,Not_Target,Myosin_1
echi15671.t1,Myosin_19,Myosin_5,Myosin_43
echi15672.t1,Not_Target,Not_Target,Not_Target
echi15673.t1,Not_Target,Not_Target,Not_Target
echi15674.t1,Not_Target,Not_Target,Not_Target
echi15675.t1,Not_Target,Myosin_19,Myosin_16
echi15676.t1,Not_Target,Myosin_19,Not_Target
echi15677.t1,Myosin_2,Myosin_51,Myosin_5
echi15678.t1,Not_Target,Not_Target,Not_Target
echi7312.t1,Not_Target,Myosin_16,Not_Target
echi7313.t1,Myosin_2,Myosin_2,Myosin_2
echi7314.t1,Myosin_17,Not_Target,Not_Target
echi7315.t1,Not_Target,Myosin_25,Not_Target
echi7316.t1,Myosin_17,Not_Target,Not_Target
echi7317.t1,Not_Target,Not_Target,Not_Target
echi7318.t1,Myosin_45,Myosin_16,Not_Target
echi7319.t1,Not_Target,Not_Target,Myosin_1
echi7320.t1,Not_Target,Not_Target,Not_Target
echi7321.t1,Not_Target,Not_Target,Not_Target
echi7322.t1,Not_Target,Not_Target,Not_Target
echi7323.t1,Myosin_45,Myosin_16,Not_Target
echi7324.t1,Not_Target,Not_Target,Not_Target
echi7325.t1,Not_Target,Not_Target,Not_Target
echi7326.t1,Not_Target,Not_Target,Not_Target
echi7327.t1,Not_Target,Not_Target,Not_Target
echi7328.t1,Not_Target,Not_Target,Not_Target
echi9838.t1,Not_Target,Not_Target,Not_Target
echi9839.t1,Not_Target,Not_Target,Not_Target
echi9840.t1,Myosin_18,Myosin_6,Myosin_6
echi9841.t1,Not_Target,Not_Target,Myosin_5
echi9842.t1,Not_Target,Not_Target,Not_Target
echi9843.t1,Not_Target,Not_Target,Not_Target
echi9844.t1,Not_Target,Not_Target,Not_Target
echi9845.t1,Myosin_37,Not_Target,Not_Target
echi9846.t1,Not_Target,Not_Target,Not_Target
echi9847.t1,Not_Target,Not_Target,Myosin_57
echi9848.t1,Not_Target,Myosin_6,Myosin_36
echi9849.t1,Myosin_17,Not_Target,Not_Target
echi9850.t1,Not_Target,Not_Target,Myosin_1
echi9851.t1,Not_Target,Not_Target,Not_Target
echi10018.t1,Not_Target,Not_Target,Myosin_20
echi10019.t1,Not_Target,Not_Target,Myosin_42
echi10020.t1,Not_Target,Myosin_66,Not_Target
echi10021.t1,Myosin_17,Not_Target,Myosin_63
echi10022.t1,Myosin_36,Myosin_9,Myosin_22
echi10023.t1,Not_Target,Not_Target,Not_Target
echi10024.t1,Not_Target,Not_Target,Myosin_48
echi10025.t1,Not_Target,Not_Target,Not_Target
echi10026.t1,Not_Target,Not_Target,Not_Target
echi10027.t1,Not_Target,Not_Target,Not_Target
echi9209.t1,Not_Target,Myosin_19,Not_Target
echi9210.t1,Myosin_15,Myosin_20,Myosin_17
echi9211.t1,Not_Target,Not_Target,Not_Target
echi9212.t1,Myosin_15,Not_Target,Not_Target
echi9213.t1,Myosin_17,Myosin_17,Not_Target
echi9214.t1,Not_Target,Not_Target,Myosin_23
echi9215.t1,Myosin_19,Not_Target,Myosin_4
echi9216.t1,Not_Target,Not_Target,Not_Target
echi9217.t1,Myosin_1,Myosin_1,Myosin_1
echi9218.t1,Myosin_37,Myosin_37,Myosin_23
echi9219.t1,Not_Target,Not_Target,Not_Target
echi8654.t1,Myosin_42,Myosin_22,Not_Target
echi8655.t1,Myosin_51,Not_Target,Not_Target
echi8656.t1,Not_Target,Not_Target,Not_Target
echi8657.t1,Myosin_42,Not_Target,Not_Target
echi8658.t1,Not_Target,Not_Target,Myosin_14
echi8659.t1,Myosin_42,Not_Target,Not_Target
echi8660.t1,Not_Target,Myosin_30,Not_Target
echi8661.t1,Not_Target,Not_Target,Not_Target
echi8662.t1,Not_Target,Not_Target,Myosin_1
echi8663.t1,Not_Target,Not_Target,Not_Target
echi8664.t1,Not_Target,Not_Target,Not_Target
echi8665.t1,Not_Target,Not_Target,Not_Target
echi8666.t1,Myosin_45,Not_Target,Myosin_1
echi8667.t1,Not_Target,Not_Target,Not_Target
echi8668.t1,Not_Target,Not_Target,Not_Target
echi8669.t1,Not_Target,Not_Target,Not_Target
echi8670.t1,Not_Target,Not_Target,Not_Target
echi8428.t1,Myosin_5,Myosin_5,Myosin_2
echi8429.t1,Myosin_26,Myosin_5,Not_Target
echi8430.t1,Not_Target,Not_Target,Not_Target
echi8431.t1,Not_Target,Not_Target,Not_Target
echi8432.t1,Not_Target,Not_Target,Not_Target
echi8433.t1,Not_Target,Not_Target,Not_Target
echi8434.t1,Myosin_26,Myosin_26,Myosin_8
echi8435.t1,Not_Target,Myosin_3,Not_Target
echi8436.t1,Not_Target,Not_Target,Not_Target
echi8437.t1,Myosin_15,Myosin_15,Myosin_15
echi8438.t1,Myosin_1,Not_Target,Myosin_1
echi8439.t1,Not_Target,Not_Target,Not_Target
echi8440.t1,Not_Target,Myosin_9,Not_Target
echi8441.t1,Myosin_1,Not_Target,Myosin_67
echi3303.t1,Not_Target,Not_Target,Not_Target
echi3304.t1,Not_Target,Not_Target,Myosin_51
echi3305.t1,Not_Target,Myosin_57,Not_Target
echi3306.t1,Not_Target,Myosin_6,Not_Target
echi3307.t1,Not_Target,Not_Target,Not_Target
echi3308.t1,Not_Target,Not_Target,Not_Target
echi3309.t1,Not_Target,Not_Target,Not_Target
echi3310.t1,Not_Target,Not_Target,Myosin_73
echi3311.t1,Myosin_9,Myosin_9,Myosin_6
echi3312.t1,Not_Target,Not_Target,Myosin_2
echi3313.t1,Not_Target,Not_Target,Not_Target
echi3314.t1,Not_Target,Not_Target,Not_Target
echi3315.t1,Not_Target,Myosin_17,Not_Target
echi3316.t1,Myosin_3,Myosin_3,Myosin_3
echi3317.t1,Not_Target,Not_Target,Not_Target
echi16999.t1,Not_Target,Not_Target,Not_Target
echi17000.t1,Myosin_26,Myosin_26,Myosin_26
echi17001.t1,Not_Target,Not_Target,Not_Target
echi17002.t1,Not_Target,Not_Target,Not_Target
echi17003.t1,Not_Target,Not_Target,Myosin_2
echi17004.t1,Not_Target,Not_Target,Myosin_14
echi17005.t1,Myosin_5,Not_Target,Myosin_23
echi17006.t1,Not_Target,Not_Target,Myosin_20
echi17007.t1,Not_Target,Myosin_19,Not_Target
echi17008.t1,Not_Target,Not_Target,Not_Target
echi17009.t1,Myosin_17,Myosin_17,Myosin_17
echi17010.t1,Myosin_17,Not_Target,Myosin_57
echi17011.t1,Not_Target,Not_Target,Myosin_2
echi16402.t1,Not_Target,Not_Target,Not_Target
echi16403.t1,Not_Target,Myosin_5,Not_Target
echi16404.t1,Not_Target,Not_Target,Not_Target
echi16405.t1,Not_Target,Not_Target,Not_Target
echi16406.t1,Not_Target,Not_Target,Not_Target
echi16407.t1,Not_Target,Not_Target,Not_Target
echi16408.t1,Not_Target,Actin,Not_Target
echi16409.t1,Not_Target,Not_Target,Not_Target
echi16410.t1,Not_Target,Not_Target,Not_Target
echi16411.t1,Not_Target,Not_Target,Not_Target
echi16412.t1,Not_Target,Not_Target,Not_Target
echi16413.t1,Not_Target,Not_Target,Not_Target
echi16414.t1,Not_Target,Not_Target,Not_Target
echi16415.t1,Not_Target,Not_Target,Myosin_64
echi16416.t1,Not_Target,Not_Target,Not_Target
echi16417.t1,Not_Target,Myosin_4,Not_Target
echi16418.t1,Not_Target,Not_Target,Not_Target
echi16419.t1,Not_Target,Not_Target,Myosin_1
echi16420.t1,Myosin_8,Not_Target,Not_Target
echi16421.t1,Not_Target,Not_Target,Not_Target
echi16422.t1,Not_Target,Not_Target,Not_Target
echi16423.t1,Not_Target,Not_Target,Not_Target
echi2102.t1,Myosin_45,Myosin_51,Not_Target
echi2103.t1,Myosin_18,Not_Target,Myosin_18
echi2104.t1,Not_Target,Not_Target,Not_Target
echi2105.t1,Not_Target,Not_Target,Not_Target
echi2106.t1,Myosin_15,Myosin_15,Myosin_15
echi2107.t1,Not_Target,Not_Target,Myosin_71
echi5952.t1,Myosin_15,Myosin_15,Myosin_15
echi5953.t1,Not_Target,Not_Target,Not_Target
echi5954.t1,Not_Target,Not_Target,Not_Target
echi5955.t1,Not_Target,Myosin_17,Not_Target
echi5956.t1,Not_Target,Not_Target,Not_Target
echi5957.t1,Myosin_15,Not_Target,Not_Target
echi5958.t1,Not_Target,Not_Target,Not_Target
echi5959.t1,Not_Target,Not_Target,Not_Target
echi5960.t1,Not_Target,Myosin_8,Myosin_20
echi5961.t1,Myosin_19,Myosin_16,Myosin_19
echi9110.t1,Not_Target,Not_Target,Myosin_43
echi9111.t1,Not_Target,Not_Target,Not_Target
echi9112.t1,Not_Target,Not_Target,Not_Target
echi9113.t1,Myosin_18,Myosin_18,Not_Target
echi9114.t1,Not_Target,Not_Target,Not_Target
echi9115.t1,Not_Target,Not_Target,Not_Target
echi9116.t1,Myosin_45,Not_Target,Not_Target
echi9117.t1,Not_Target,Not_Target,Myosin_2
echi9118.t1,Not_Target,Myosin_17,Not_Target
echi9119.t1,Myosin_17,Not_Target,Myosin_4
echi9120.t1,Not_Target,Myosin_5,Not_Target
echi9121.t1,Myosin_2,Myosin_7,Not_Target
echi9122.t1,Myosin_3,Not_Target,Myosin_8
echi12496.t1,Not_Target,Not_Target,Not_Target
echi12497.t1,Not_Target,Not_Target,Not_Target
echi12498.t1,Not_Target,Not_Target,Not_Target
echi12499.t1,Myosin_19,Myosin_19,Myosin_9
echi12500.t1,Not_Target,Not_Target,Myosin_20
echi12501.t1,Not_Target,Myosin_6,Myosin_4
echi12502.t1,Not_Target,Not_Target,Not_Target
echi12503.t1,Not_Target,Not_Target,Not_Target
echi12504.t1,Not_Target,Not_Target,Not_Target
echi12505.t1,Not_Target,Not_Target,Myosin_20
echi12506.t1,Not_Target,Myosin_19,Not_Target
echi12507.t1,Not_Target,Not_Target,Not_Target
echi16575.t1,Not_Target,Myosin_16,Not_Target
echi16576.t1,Not_Target,Not_Target,Myosin_2
echi16577.t1,Myosin_64,Myosin_18,Not_Target
echi16578.t1,Not_Target,Not_Target,Not_Target
echi16579.t1,Not_Target,Not_Target,Myosin_54
echi16580.t1,Not_Target,Not_Target,Not_Target
echi16581.t1,Myosin_24,Not_Target,Myosin_5
echi16582.t1,Not_Target,Not_Target,Not_Target
echi16583.t1,Not_Target,Not_Target,Not_Target
echi16584.t1,Not_Target,Not_Target,Not_Target
echi16585.t1,Not_Target,Not_Target,Not_Target
echi16586.t1,Not_Target,Not_Target,Not_Target
echi16587.t1,Not_Target,Not_Target,Not_Target
echi6218.t1,Not_Target,Myosin_57,Not_Target
echi6219.t1,Not_Target,Not_Target,Not_Target
echi6220.t1,Myosin_26,Not_Target,Myosin_16
echi6221.t1,Not_Target,Not_Target,Not_Target
echi6222.t1,Not_Target,Not_Target,Myosin_1
echi6223.t1,Not_Target,Not_Target,Not_Target
echi6224.t1,Myosin_20,Myosin_17,Not_Target
echi6225.t1,Not_Target,Not_Target,Not_Target
echi6226.t1,Not_Target,Not_Target,Not_Target
echi6227.t1,Not_Target,Not_Target,Myosin_51
echi6228.t1,Myosin_24,Not_Target,Myosin_23
echi723.t1,Not_Target,Not_Target,Myosin_1
echi724.t1,Not_Target,Not_Target,Not_Target
echi725.t1,Not_Target,Not_Target,Not_Target
echi726.t1,Not_Target,Not_Target,Myosin_11
echi727.t1,Not_Target,Not_Target,Not_Target
echi728.t1,Myosin_45,Myosin_5,Not_Target
echi729.t1,Not_Target,Not_Target,Not_Target
echi730.t1,Not_Target,Not_Target,Not_Target
echi731.t1,Myosin_45,Not_Target,Myosin_8
echi732.t1,Not_Target,Not_Target,Not_Target
echi733.t1,Not_Target,Not_Target,Not_Target
echi734.t1,Myosin_25,Not_Target,Myosin_25
echi1927.t1,Not_Target,Not_Target,Not_Target
echi1928.t1,Not_Target,Not_Target,Not_Target
echi1929.t1,Not_Target,Not_Target,Not_Target
echi1930.t1,Not_Target,Not_Target,Not_Target
echi1931.t1,Myosin_57,Myosin_57,Not_Target
echi1932.t1,Myosin_19,Myosin_36,Not_Target
echi1933.t1,Not_Target,Not_Target,Not_Target
echi1934.t1,Not_Target,Not_Target,Not_Target
echi1935.t1,Myosin_45,Myosin_16,Not_Target
echi1936.t1,Not_Target,Not_Target,Myosin_2
echi1937.t1,Not_Target,Not_Target,Not_Target
echi1283.t1,Not_Target,Not_Target,Not_Target
echi1284.t1,Not_Target,Not_Target,Not_Target
echi1285.t1,Myosin_22,Myosin_22,Myosin_2
echi1286.t1,Not_Target,Not_Target,Not_Target
echi1287.t1,Not_Target,Not_Target,Not_Target
echi1288.t1,Not_Target,Not_Target,Not_Target
echi1289.t1,Not_Target,Not_Target,Myosin_19
echi1290.t1,Myosin_15,Myosin_22,Myosin_9
echi1291.t1,Not_Target,Not_Target,Not_Target
echi1292.t1,Not_Target,Not_Target,Not_Target
echi1293.t1,Not_Target,Not_Target,Not_Target
echi746.t1,Myosin_2,Not_Target,Not_Target
echi747.t1,Not_Target,Myosin_6,Not_Target
echi748.t1,Not_Target,Not_Target,Not_Target
echi749.t1,Not_Target,Not_Target,Not_Target
echi750.t1,Myosin_51,Not_Target,Myosin_51
echi751.t1,Myosin_19,Not_Target,Not_Target
echi752.t1,Myosin_15,Myosin_3,Myosin_5
echi753.t1,Not_Target,Not_Target,Not_Target
echi754.t1,Not_Target,Not_Target,Not_Target
echi755.t1,Myosin_19,Myosin_19,Myosin_57
echi756.t1,Not_Target,Not_Target,Not_Target
echi757.t1,Not_Target,Not_Target,Not_Target
echi9673.t1,Not_Target,Not_Target,Not_Target
echi9674.t1,Not_Target,Not_Target,Not_Target
echi9675.t1,Myosin_45,Myosin_5,Myosin_19
echi9676.t1,Not_Target,Not_Target,Not_Target
echi9677.t1,Not_Target,Not_Target,Not_Target
echi9678.t1,Not_Target,Not_Target,Not_Target
echi9679.t1,Not_Target,Not_Target,Not_Target
echi9680.t1,Myosin_23,Not_Target,Myosin_53
echi9681.t1,Myosin_7,Myosin_7,Myosin_14
echi9682.t1,Myosin_18,Not_Target,Myosin_18
echi9683.t1,Not_Target,Myosin_1,Not_Target
echi9684.t1,Myosin_17,Myosin_17,Myosin_3
echi9685.t1,Myosin_17,Myosin_17,Not_Target
echi1727.t1,Myosin_45,Not_Target,Myosin_3
echi1728.t1,Myosin_51,Not_Target,Myosin_46
echi1729.t1,Myosin_3,Myosin_3,Myosin_37
echi1730.t1,Not_Target,Not_Target,Not_Target
echi1731.t1,Not_Target,Not_Target,Not_Target
echi1732.t1,Not_Target,Not_Target,Not_Target
echi1733.t1,Not_Target,Not_Target,Myosin_36
echi1734.t1,Not_Target,Myosin_1,Not_Target
echi1735.t1,Myosin_36,Myosin_17,Not_Target
echi1736.t1,Myosin_37,Myosin_57,Myosin_20
echi1737.t1,Not_Target,Myosin_17,Myosin_51
echi1738.t1,Not_Target,Not_Target,Myosin_73
echi9061.t1,Not_Target,Not_Target,Not_Target
echi9062.t1,Myosin_1,Myosin_17,Myosin_81
echi9063.t1,Myosin_20,Myosin_6,Myosin_20
echi9064.t1,Myosin_24,Myosin_16,Myosin_53
echi9065.t1,Myosin_57,Myosin_57,Myosin_3
echi9066.t1,Myosin_19,Myosin_6,Myosin_57
echi9067.t1,Not_Target,Myosin_57,Myosin_3
echi9068.t1,Not_Target,Not_Target,Not_Target
echi9069.t1,Not_Target,Not_Target,Not_Target
echi9070.t1,Not_Target,Not_Target,Not_Target
echi9071.t1,Myosin_19,Myosin_6,Not_Target
echi2221.t1,Not_Target,Not_Target,Not_Target
echi2222.t1,Not_Target,Not_Target,Not_Target
echi2223.t1,Myosin_1,Not_Target,Not_Target
echi2224.t1,Not_Target,Not_Target,Not_Target
echi2225.t1,Not_Target,Not_Target,Not_Target
echi2226.t1,Not_Target,Myosin_6,Myosin_8
echi2227.t1,Not_Target,Myosin_57,Not_Target
echi2228.t1,Not_Target,Myosin_57,Not_Target
echi2229.t1,Not_Target,Not_Target,Not_Target
echi2230.t1,Not_Target,Myosin_5,Not_Target
echi2231.t1,Myosin_17,Myosin_17,Not_Target
echi2232.t1,Not_Target,Myosin_47,Not_Target
echi12982.t1,Not_Target,Myosin_19,Not_Target
echi12983.t1,Not_Target,Myosin_16,Not_Target
echi12984.t1,Not_Target,Not_Target,Not_Target
echi12985.t1,Myosin_26,Not_Target,Myosin_18
echi12986.t1,Not_Target,Not_Target,Not_Target
echi12987.t1,Not_Target,Not_Target,Not_Target
echi12988.t1,Not_Target,Not_Target,Not_Target
echi12989.t1,Not_Target,Not_Target,Not_Target
echi12990.t1,Myosin_9,Not_Target,Myosin_37
echi12991.t1,Myosin_18,Not_Target,Not_Target
echi7391.t1,Not_Target,Not_Target,Not_Target
echi7392.t1,Not_Target,Not_Target,Myosin_20
echi7393.t1,Not_Target,Not_Target,Not_Target
echi7394.t1,Not_Target,Not_Target,Not_Target
echi7395.t1,Not_Target,Myosin_16,Myosin_1
echi7396.t1,Not_Target,Not_Target,Not_Target
echi7397.t1,Not_Target,Myosin_16,Not_Target
echi7398.t1,Not_Target,Not_Target,Not_Target
echi7399.t1,Not_Target,Not_Target,Myosin_2
echi7400.t1,Not_Target,Not_Target,Not_Target
echi7401.t1,Not_Target,Not_Target,Not_Target
echi7402.t1,Myosin_31,Not_Target,Not_Target
echi7403.t1,Myosin_36,Not_Target,Myosin_5
echi7404.t1,Myosin_51,Not_Target,Myosin_37
echi15036.t1,Myosin_17,Myosin_17,Myosin_3
echi15037.t1,Not_Target,Not_Target,Not_Target
echi15038.t1,Not_Target,Not_Target,Myosin_2
echi15039.t1,Not_Target,Not_Target,Not_Target
echi15040.t1,Not_Target,Not_Target,Not_Target
echi15041.t1,Not_Target,Not_Target,Not_Target
echi15042.t1,Myosin_45,Not_Target,Not_Target
echi15043.t1,Not_Target,Not_Target,Myosin_8
echi15044.t1,Not_Target,Not_Target,Not_Target
echi15045.t1,Myosin_5,Not_Target,Not_Target
echi15046.t1,Not_Target,Not_Target,Not_Target
echi15047.t1,Not_Target,Not_Target,Not_Target
echi15048.t1,Myosin_57,Myosin_57,Myosin_5
echi15049.t1,Not_Target,Not_Target,Not_Target
echi15050.t1,Not_Target,Not_Target,Myosin_8
echi15051.t1,Myosin_18,Myosin_18,Not_Target
echi3062.t1,Not_Target,Not_Target,Not_Target
echi3063.t1,Not_Target,Myosin_19,Not_Target
echi3064.t1,Not_Target,Not_Target,Myosin_1
echi3065.t1,Not_Target,Myosin_19,Not_Target
echi3066.t1,Not_Target,Not_Target,Not_Target
echi3067.t1,Not_Target,Not_Target,Not_Target
echi3068.t1,Not_Target,Myosin_16,Myosin_64
echi3069.t1,Not_Target,Not_Target,Not_Target
echi3070.t1,Not_Target,Not_Target,Not_Target
echi3071.t1,Not_Target,Myosin_5,Myosin_51
echi3072.t1,Not_Target,Not_Target,Not_Target
echi10885.t1,Myosin_17,Myosin_13,Not_Target
echi10886.t1,Myosin_18,Myosin_18,Myosin_16
echi10887.t1,Not_Target,Not_Target,Not_Target
echi10888.t1,Not_Target,Myosin_18,Myosin_10
echi10889.t1,Not_Target,Not_Target,Not_Target
echi10890.t1,Myosin_45,Not_Target,Not_Target
echi10891.t1,Not_Target,Not_Target,Not_Target
echi12824.t1,Myosin_2,Not_Target,Myosin_2
echi12825.t1,Myosin_17,Myosin_17,Myosin_5
echi12826.t1,Myosin_45,Not_Target,Myosin_43
echi12827.t1,Myosin_18,Not_Target,Not_Target
echi12828.t1,Myosin_17,Myosin_17,Myosin_5
echi12829.t1,Not_Target,Myosin_20,Myosin_51
echi2887.t1,Not_Target,Not_Target,Not_Target
echi2888.t1,Not_Target,Not_Target,Not_Target
echi2889.t1,Myosin_6,Myosin_2,Not_Target
echi2890.t1,Myosin_37,Myosin_16,Myosin_14
echi2891.t1,Myosin_17,Not_Target,Not_Target
echi2892.t1,Not_Target,Not_Target,Not_Target
echi5886.t1,Not_Target,Not_Target,Not_Target
echi5887.t1,Not_Target,Not_Target,Myosin_24
echi5888.t1,Not_Target,Not_Target,Not_Target
echi5889.t1,Not_Target,Not_Target,Myosin_1
echi5890.t1,Myosin_57,Not_Target,Myosin_3
echi5891.t1,Not_Target,Myosin_11,Not_Target
echi5892.t1,Not_Target,Not_Target,Not_Target
echi5893.t1,Not_Target,Myosin_19,Not_Target
echi5894.t1,Not_Target,Not_Target,Myosin_4
echi5895.t1,Not_Target,Not_Target,Myosin_2
echi5896.t1,Not_Target,Not_Target,Not_Target
echi5897.t1,Not_Target,Not_Target,Not_Target
echi1670.t1,Not_Target,Not_Target,Not_Target
echi1671.t1,Myosin_8,Not_Target,Myosin_5
echi1672.t1,Myosin_45,Myosin_45,Not_Target
echi1673.t1,Not_Target,Myosin_19,Not_Target
echi1674.t1,Not_Target,Not_Target,Not_Target
echi1675.t1,Not_Target,Not_Target,Not_Target
echi1676.t1,Not_Target,Not_Target,Not_Target
echi1677.t1,Not_Target,Myosin_57,Not_Target
echi1678.t1,Myosin_1,Myosin_66,Myosin_1
echi1679.t1,Not_Target,Not_Target,Not_Target
echi1680.t1,Not_Target,Myosin_5,Not_Target
echi1681.t1,Not_Target,Myosin_45,Not_Target
echi1682.t1,Not_Target,Not_Target,Not_Target
echi1683.t1,Not_Target,Not_Target,Not_Target
echi3240.t1,Myosin_6,Not_Target,Not_Target
echi3241.t1,Myosin_17,Myosin_17,Not_Target
echi3242.t1,Not_Target,Not_Target,Not_Target
echi3243.t1,Myosin_26,Not_Target,Myosin_1
echi3244.t1,Not_Target,Not_Target,Not_Target
echi3245.t1,Myosin_6,Not_Target,Not_Target
echi3246.t1,Not_Target,Not_Target,Not_Target
echi3247.t1,Not_Target,Not_Target,Not_Target
echi3248.t1,Not_Target,Not_Target,Not_Target
echi3249.t1,Not_Target,Not_Target,Not_Target
echi3250.t1,Not_Target,Not_Target,Not_Target
echi3251.t1,Myosin_8,Not_Target,Not_Target
echi3252.t1,Not_Target,Not_Target,Not_Target
echi3253.t1,Myosin_37,Not_Target,Myosin_6
echi3026.t1,Not_Target,Not_Target,Not_Target
echi3027.t1,Not_Target,Not_Target,Not_Target
echi3028.t1,Not_Target,Myosin_26,Not_Target
echi3029.t1,Myosin_57,Myosin_19,Not_Target
echi3030.t1,Not_Target,Myosin_16,Myosin_42
echi3031.t1,Not_Target,Myosin_19,Not_Target
echi3032.t1,Not_Target,Myosin_28,Myosin_8
echi3033.t1,Not_Target,Not_Target,Myosin_1
echi3034.t1,Not_Target,Not_Target,Myosin_8
echi3035.t1,Not_Target,Myosin_6,Not_Target
echi3036.t1,Not_Target,Myosin_11,Not_Target
echi3037.t1,Not_Target,Not_Target,Not_Target
echi3038.t1,Not_Target,Not_Target,Not_Target
echi3039.t1,Not_Target,Not_Target,Not_Target
echi3040.t1,Myosin_1,Not_Target,Myosin_2
echi3041.t1,Myosin_2,Myosin_2,Not_Target
echi3042.t1,Not_Target,Not_Target,Not_Target
echi3043.t1,Not_Target,Myosin_19,Myosin_5
echi3044.t1,Not_Target,Not_Target,Not_Target
echi3375.t1,Not_Target,Not_Target,Not_Target
echi3376.t1,Myosin_19,Myosin_19,Actin
echi3377.t1,Not_Target,Not_Target,Not_Target
echi3378.t1,Not_Target,Not_Target,Not_Target
echi3379.t1,Myosin_45,Myosin_16,Not_Target
echi3380.t1,Not_Target,Not_Target,Not_Target
echi3381.t1,Not_Target,Myosin_16,Not_Target
echi3382.t1,Not_Target,Not_Target,Not_Target
echi3383.t1,Not_Target,Not_Target,Not_Target
echi3384.t1,Not_Target,Not_Target,Not_Target
echi3385.t1,Myosin_17,Not_Target,Myosin_19
echi3386.t1,Not_Target,Not_Target,Not_Target
echi15144.t1,Not_Target,Not_Target,Not_Target
echi15145.t1,Not_Target,Not_Target,Not_Target
echi15146.t1,Not_Target,Not_Target,Not_Target
echi15147.t1,Not_Target,Myosin_18,Not_Target
echi15148.t1,Myosin_26,Myosin_26,Myosin_3
echi15149.t1,Myosin_15,Myosin_15,Myosin_15
echi15150.t1,Not_Target,Not_Target,Not_Target
echi15151.t1,Not_Target,Not_Target,Not_Target
echi15152.t1,Not_Target,Not_Target,Not_Target
echi15153.t1,Not_Target,Not_Target,Not_Target
echi15154.t1,Not_Target,Not_Target,Not_Target
echi3279.t1,Not_Target,Not_Target,Not_Target
echi3280.t1,Not_Target,Not_Target,Not_Target
echi3281.t1,Myosin_2,Myosin_2,Myosin_2
echi3282.t1,Myosin_9,Myosin_57,Myosin_1
echi3283.t1,Not_Target,Not_Target,Not_Target
echi3284.t1,Not_Target,Not_Target,Not_Target
echi3285.t1,Not_Target,Not_Target,Not_Target
echi3286.t1,Not_Target,Myosin_5,Not_Target
echi3287.t1,Not_Target,Myosin_8,Not_Target
echi3288.t1,Not_Target,Not_Target,Not_Target
echi3289.t1,Myosin_3,Not_Target,Myosin_3
echi3290.t1,Not_Target,Not_Target,Not_Target
echi3291.t1,Not_Target,Not_Target,Not_Target
echi3292.t1,Myosin_45,Myosin_18,Myosin_11
echi3293.t1,Not_Target,Not_Target,Myosin_5
echi3294.t1,Not_Target,Not_Target,Not_Target
echi3295.t1,Not_Target,Not_Target,Myosin_19
echi3296.t1,Not_Target,Not_Target,Not_Target
echi3297.t1,Not_Target,Not_Target,Not_Target
echi8055.t1,Not_Target,Not_Target,Myosin_34
echi8056.t1,Not_Target,Not_Target,Not_Target
echi8057.t1,Not_Target,Not_Target,Myosin_72
echi8058.t1,Not_Target,Not_Target,Not_Target
echi8059.t1,Myosin_4,Not_Target,Not_Target
echi8060.t1,Myosin_5,Myosin_5,Myosin_5
echi8061.t1,Not_Target,Not_Target,Not_Target
echi8062.t1,Not_Target,Not_Target,Not_Target
echi8063.t1,Not_Target,Not_Target,Not_Target
echi8064.t1,Not_Target,Not_Target,Not_Target
echi8065.t1,Not_Target,Not_Target,Not_Target
echi8066.t1,Myosin_31,Myosin_11,Not_Target
echi8067.t1,Not_Target,Not_Target,Not_Target
echi8068.t1,Not_Target,Not_Target,Not_Target
echi8069.t1,Not_Target,Myosin_17,Not_Target
echi8070.t1,Myosin_57,Myosin_57,Myosin_2
echi8071.t1,Not_Target,Not_Target,Not_Target
echi8072.t1,Not_Target,Not_Target,Not_Target
echi8073.t1,Myosin_26,Not_Target,Not_Target
echi16393.t1,Myosin_26,Myosin_24,Not_Target
echi16394.t1,Myosin_45,Not_Target,Myosin_3
echi16395.t1,Not_Target,Not_Target,Not_Target
echi16396.t1,Not_Target,Not_Target,Not_Target
echi16397.t1,Not_Target,Not_Target,Myosin_54
echi16398.t1,Not_Target,Not_Target,Not_Target
echi16399.t1,Not_Target,Myosin_16,Not_Target
echi16400.t1,Not_Target,Not_Target,Not_Target
echi16401.t1,Not_Target,Not_Target,Not_Target
echi8347.t1,Myosin_30,Not_Target,Not_Target
echi8348.t1,Not_Target,Not_Target,Not_Target
echi8349.t1,Not_Target,Not_Target,Not_Target
echi8350.t1,Not_Target,Not_Target,Myosin_34
echi8351.t1,Myosin_17,Myosin_5,Myosin_5
echi8352.t1,Not_Target,Not_Target,Not_Target
echi8353.t1,Not_Target,Not_Target,Not_Target
echi8354.t1,Myosin_5,Not_Target,Myosin_5
echi8355.t1,Myosin_18,Not_Target,Not_Target
echi8356.t1,Not_Target,Not_Target,Not_Target
echi7485.t1,Not_Target,Not_Target,Myosin_5
echi7486.t1,Not_Target,Not_Target,Not_Target
echi7487.t1,Not_Target,Not_Target,Not_Target
echi7488.t1,Myosin_45,Myosin_57,Not_Target
echi7489.t1,Myosin_20,Not_Target,Not_Target
echi7490.t1,Not_Target,Not_Target,Not_Target
echi7491.t1,Not_Target,Not_Target,Not_Target
echi7492.t1,Not_Target,Not_Target,Not_Target
echi7493.t1,Not_Target,Not_Target,Not_Target
echi7494.t1,Not_Target,Not_Target,Not_Target
echi7495.t1,Not_Target,Not_Target,Not_Target
echi14145.t1,Not_Target,Not_Target,Myosin_58
echi14146.t1,Not_Target,Not_Target,Not_Target
echi14147.t1,Not_Target,Not_Target,Not_Target
echi14148.t1,Not_Target,Not_Target,Not_Target
echi14149.t1,Myosin_15,Myosin_15,Myosin_15
echi14150.t1,Not_Target,Not_Target,Myosin_19
echi17611.t1,Myosin_15,Myosin_9,Myosin_15
echi17612.t1,Myosin_17,Myosin_17,Myosin_22
echi17613.t1,Not_Target,Not_Target,Not_Target
echi17614.t1,Not_Target,Not_Target,Not_Target
echi17615.t1,Not_Target,Not_Target,Not_Target
echi17616.t1,Not_Target,Not_Target,Not_Target
echi17617.t1,Myosin_57,Myosin_57,Myosin_57
echi17618.t1,Not_Target,Not_Target,Not_Target
echi683.t1,Not_Target,Not_Target,Not_Target
echi684.t1,Myosin_3,Myosin_57,Myosin_2
echi685.t1,Not_Target,Not_Target,Not_Target
echi686.t1,Not_Target,Not_Target,Not_Target
echi687.t1,Not_Target,Not_Target,Not_Target
echi688.t1,Not_Target,Not_Target,Not_Target
echi689.t1,Not_Target,Myosin_26,Not_Target
echi690.t1,Not_Target,Myosin_11,Not_Target
echi691.t1,Not_Target,Not_Target,Not_Target
echi692.t1,Not_Target,Not_Target,Not_Target
echi15407.t1,Myosin_18,Not_Target,Myosin_18
echi15408.t1,Not_Target,Not_Target,Myosin_18
echi15409.t1,Myosin_15,Myosin_36,Myosin_15
echi15410.t1,Myosin_44,Myosin_44,Myosin_17
echi15411.t1,Myosin_45,Myosin_45,Myosin_9
echi15412.t1,Not_Target,Not_Target,Not_Target
echi15413.t1,Not_Target,Not_Target,Not_Target
echi15414.t1,Not_Target,Not_Target,Not_Target
echi15415.t1,Myosin_31,Myosin_74,Myosin_17
echi15416.t1,Not_Target,Not_Target,Not_Target
echi14261.t1,Not_Target,Not_Target,Not_Target
echi14262.t1,Myosin_17,Not_Target,Myosin_4
echi14263.t1,Myosin_45,Not_Target,Not_Target
echi14264.t1,Not_Target,Not_Target,Not_Target
echi14265.t1,Not_Target,Not_Target,Myosin_11
echi14266.t1,Not_Target,Not_Target,Not_Target
echi14267.t1,Not_Target,Not_Target,Not_Target
echi14268.t1,Not_Target,Not_Target,Not_Target
echi14269.t1,Myosin_18,Myosin_18,Myosin_3
echi14270.t1,Not_Target,Not_Target,Not_Target
echi14271.t1,Myosin_73,Not_Target,Myosin_53
echi14272.t1,Not_Target,Not_Target,Not_Target
echi14273.t1,Not_Target,Not_Target,Not_Target
echi14274.t1,Not_Target,Not_Target,Not_Target
echi14275.t1,Not_Target,Not_Target,Not_Target
echi14276.t1,Not_Target,Not_Target,Not_Target
echi14277.t1,Myosin_16,Not_Target,Myosin_20
echi14278.t1,Myosin_64,Not_Target,Not_Target
echi16033.t1,Not_Target,Not_Target,Not_Target
echi16034.t1,Not_Target,Not_Target,Not_Target
echi16035.t1,Not_Target,Not_Target,Not_Target
echi16036.t1,Not_Target,Myosin_17,Not_Target
echi16037.t1,Not_Target,Myosin_17,Not_Target
echi16038.t1,Not_Target,Not_Target,Not_Target
echi16039.t1,Not_Target,Myosin_2,Not_Target
echi16040.t1,Not_Target,Not_Target,Not_Target
echi16041.t1,Not_Target,Not_Target,Not_Target
echi16042.t1,Not_Target,Not_Target,Not_Target
echi16043.t1,Not_Target,Not_Target,Not_Target
echi16044.t1,Myosin_22,Myosin_22,Myosin_5
echi14837.t1,Not_Target,Not_Target,Not_Target
echi14838.t1,Not_Target,Myosin_1,Myosin_10
echi14839.t1,Not_Target,Not_Target,Not_Target
echi14840.t1,Not_Target,Not_Target,Not_Target
echi14841.t1,Not_Target,Not_Target,Not_Target
echi14842.t1,Not_Target,Not_Target,Not_Target
echi14843.t1,Not_Target,Not_Target,Myosin_1
echi14844.t1,Myosin_30,Not_Target,Myosin_34
echi14845.t1,Not_Target,Not_Target,Not_Target
echi17104.t1,Not_Target,Not_Target,Not_Target
echi17105.t1,Not_Target,Not_Target,Myosin_2
echi17106.t1,Not_Target,Not_Target,Not_Target
echi17107.t1,Not_Target,Not_Target,Not_Target
echi17108.t1,Myosin_2,Myosin_1,Not_Target
echi17109.t1,Not_Target,Not_Target,Not_Target
echi17110.t1,Not_Target,Not_Target,Not_Target
echi17111.t1,Not_Target,Not_Target,Not_Target
echi17112.t1,Not_Target,Not_Target,Myosin_51
echi17113.t1,Not_Target,Not_Target,Not_Target
echi17114.t1,Not_Target,Not_Target,Not_Target
echi17115.t1,Not_Target,Not_Target,Not_Target
echi17116.t1,Myosin_51,Not_Target,Myosin_1
echi8924.t1,Myosin_57,Not_Target,Not_Target
echi8925.t1,Not_Target,Myosin_5,Not_Target
echi8926.t1,Myosin_57,Not_Target,Not_Target
echi8927.t1,Not_Target,Not_Target,Not_Target
echi8928.t1,Not_Target,Not_Target,Myosin_8
echi8929.t1,Not_Target,Not_Target,Not_Target
echi8930.t1,Not_Target,Not_Target,Not_Target
echi8931.t1,Not_Target,Not_Target,Not_Target
echi8932.t1,Myosin_6,Myosin_22,Myosin_5
echi8933.t1,Not_Target,Not_Target,Myosin_42
echi8934.t1,Not_Target,Not_Target,Not_Target
echi8935.t1,Not_Target,Not_Target,Not_Target
echi8936.t1,Not_Target,Not_Target,Not_Target
echi8937.t1,Myosin_19,Myosin_57,Myosin_57
echi8938.t1,Not_Target,Not_Target,Myosin_5
echi8939.t1,Not_Target,Not_Target,Not_Target
echi16194.t1,Not_Target,Not_Target,Not_Target
echi16195.t1,Not_Target,Myosin_57,Not_Target
echi16196.t1,Not_Target,Not_Target,Not_Target
echi16197.t1,Not_Target,Not_Target,Myosin_24
echi16198.t1,Myosin_15,Myosin_15,Myosin_15
echi16199.t1,Not_Target,Myosin_5,Not_Target
echi16200.t1,Myosin_1,Myosin_19,Not_Target
echi16201.t1,Not_Target,Not_Target,Not_Target
echi16202.t1,Myosin_2,Not_Target,Myosin_2
echi16203.t1,Myosin_18,Myosin_16,Myosin_18
echi4365.t1,Not_Target,Not_Target,Not_Target
echi4366.t1,Not_Target,Not_Target,Not_Target
echi4367.t1,Not_Target,Not_Target,Not_Target
echi4368.t1,Not_Target,Not_Target,Myosin_6
echi4369.t1,Myosin_45,Myosin_16,Not_Target
echi4370.t1,Myosin_19,Not_Target,Not_Target
echi4371.t1,Not_Target,Not_Target,Not_Target
echi4372.t1,Not_Target,Not_Target,Not_Target
echi4373.t1,Not_Target,Not_Target,Not_Target
echi4374.t1,Myosin_17,Myosin_17,Not_Target
echi4375.t1,Not_Target,Not_Target,Not_Target
echi3524.t1,Not_Target,Not_Target,Not_Target
echi3525.t1,Not_Target,Not_Target,Not_Target
echi3526.t1,Not_Target,Not_Target,Not_Target
echi3527.t1,Myosin_37,Not_Target,Myosin_37
echi3528.t1,Not_Target,Not_Target,Not_Target
echi3529.t1,Not_Target,Not_Target,Myosin_2
echi3530.t1,Not_Target,Not_Target,Not_Target
echi3531.t1,Not_Target,Not_Target,Not_Target
echi3532.t1,Not_Target,Not_Target,Myosin_20
echi3533.t1,Not_Target,Not_Target,Not_Target
echi3534.t1,Not_Target,Not_Target,Myosin_1
echi3535.t1,Not_Target,Myosin_1,Not_Target
echi3536.t1,Not_Target,Not_Target,Myosin_3
echi3537.t1,Not_Target,Not_Target,Not_Target
echi3538.t1,Not_Target,Myosin_74,Not_Target
echi843.t1,Not_Target,Not_Target,Myosin_19
echi844.t1,Not_Target,Not_Target,Not_Target
echi845.t1,Myosin_57,Not_Target,Myosin_1
echi846.t1,Not_Target,Myosin_19,Not_Target
echi847.t1,Not_Target,Myosin_8,Not_Target
echi848.t1,Not_Target,Not_Target,Not_Target
echi849.t1,Not_Target,Not_Target,Not_Target
echi850.t1,Not_Target,Not_Target,Myosin_20
echi851.t1,Not_Target,Not_Target,Myosin_20
echi852.t1,Not_Target,Myosin_19,Not_Target
echi853.t1,Not_Target,Myosin_18,Not_Target
echi854.t1,Not_Target,Not_Target,Not_Target
echi855.t1,Not_Target,Not_Target,Not_Target
echi856.t1,Not_Target,Not_Target,Not_Target
echi857.t1,Not_Target,Not_Target,Not_Target
echi3687.t1,Not_Target,Not_Target,Not_Target
echi3688.t1,Not_Target,Not_Target,Not_Target
echi3689.t1,Not_Target,Not_Target,Not_Target
echi3690.t1,Not_Target,Not_Target,Not_Target
echi3691.t1,Myosin_20,Not_Target,Not_Target
echi3692.t1,Not_Target,Not_Target,Not_Target
echi3693.t1,Not_Target,Not_Target,Not_Target
echi3694.t1,Myosin_51,Myosin_2,Not_Target
echi3695.t1,Not_Target,Not_Target,Not_Target
echi3696.t1,Myosin_17,Not_Target,Myosin_36
echi3697.t1,Not_Target,Not_Target,Myosin_20
echi3698.t1,Not_Target,Not_Target,Not_Target
echi3699.t1,Myosin_26,Not_Target,Not_Target
echi3700.t1,Not_Target,Not_Target,Not_Target
echi3701.t1,Not_Target,Myosin_5,Not_Target
echi4674.t1,Not_Target,Not_Target,Not_Target
echi4675.t1,Myosin_20,Myosin_16,Not_Target
echi4676.t1,Myosin_26,Not_Target,Myosin_8
echi4677.t1,Not_Target,Not_Target,Not_Target
echi4678.t1,Myosin_18,Myosin_5,Myosin_18
echi4679.t1,Myosin_18,Myosin_18,Myosin_18
echi4680.t1,Myosin_18,Myosin_18,Myosin_18
echi4681.t1,Not_Target,Not_Target,Myosin_1
echi6286.t1,Myosin_37,Not_Target,Not_Target
echi6287.t1,Not_Target,Not_Target,Not_Target
echi6288.t1,Not_Target,Not_Target,Myosin_40
echi6289.t1,Myosin_18,Not_Target,Myosin_19
echi6290.t1,Not_Target,Not_Target,Not_Target
echi6291.t1,Myosin_2,Myosin_2,Myosin_2
echi6292.t1,Not_Target,Not_Target,Not_Target
echi6293.t1,Myosin_19,Myosin_6,Not_Target
echi5650.t1,Not_Target,Not_Target,Myosin_57
echi5651.t1,Not_Target,Not_Target,Not_Target
echi5652.t1,Myosin_22,Not_Target,Not_Target
echi5653.t1,Myosin_15,Myosin_15,Myosin_22
echi5654.t1,Not_Target,Not_Target,Not_Target
echi5655.t1,Not_Target,Not_Target,Not_Target
echi5656.t1,Myosin_51,Not_Target,Myosin_3
echi5657.t1,Not_Target,Not_Target,Myosin_4
echi5658.t1,Not_Target,Not_Target,Not_Target
echi5659.t1,Not_Target,Not_Target,Not_Target
echi5660.t1,Myosin_6,Not_Target,Myosin_62
echi16609.t1,Not_Target,Not_Target,Not_Target
echi16610.t1,Not_Target,Not_Target,Not_Target
echi16611.t1,Not_Target,Not_Target,Not_Target
echi16612.t1,Not_Target,Not_Target,Not_Target
echi16613.t1,Not_Target,Not_Target,Not_Target
echi16614.t1,Not_Target,Not_Target,Not_Target
echi16615.t1,Not_Target,Not_Target,Not_Target
echi16616.t1,Not_Target,Not_Target,Myosin_20
echi16617.t1,Not_Target,Not_Target,Not_Target
echi16618.t1,Not_Target,Not_Target,Not_Target
echi16619.t1,Not_Target,Not_Target,Not_Target
echi16620.t1,Myosin_20,Myosin_17,Myosin_31
echi16621.t1,Not_Target,Not_Target,Myosin_20
echi16622.t1,Not_Target,Not_Target,Not_Target
echi16623.t1,Not_Target,Not_Target,Not_Target
echi15773.t1,Myosin_31,Myosin_28,Not_Target
echi15774.t1,Myosin_9,Myosin_9,Myosin_6
echi15775.t1,Myosin_31,Not_Target,Myosin_16
echi15776.t1,Not_Target,Not_Target,Myosin_71
echi15777.t1,Myosin_20,Myosin_16,Not_Target
echi15778.t1,Myosin_1,Myosin_3,Myosin_4
echi15779.t1,Myosin_19,Not_Target,Myosin_5
echi15780.t1,Not_Target,Not_Target,Not_Target
echi15781.t1,Myosin_18,Myosin_43,Not_Target
echi6533.t1,Not_Target,Myosin_17,Myosin_17
echi6534.t1,Not_Target,Not_Target,Not_Target
echi6535.t1,Myosin_1,Myosin_1,Not_Target
echi6536.t1,Not_Target,Not_Target,Myosin_19
echi6537.t1,Myosin_1,Myosin_1,Myosin_1
echi6538.t1,Not_Target,Not_Target,Myosin_19
echi6539.t1,Myosin_30,Myosin_57,Myosin_2
echi6540.t1,Not_Target,Not_Target,Not_Target
echi6541.t1,Myosin_19,Not_Target,Not_Target
echi6542.t1,Myosin_18,Myosin_18,Myosin_57
echi6543.t1,Not_Target,Not_Target,Not_Target
echi9605.t1,Not_Target,Not_Target,Not_Target
echi9606.t1,Not_Target,Not_Target,Myosin_19
echi9607.t1,Not_Target,Not_Target,Not_Target
echi9608.t1,Not_Target,Not_Target,Myosin_6
echi9609.t1,Not_Target,Not_Target,Not_Target
echi9610.t1,Myosin_45,Not_Target,Not_Target
echi9611.t1,Myosin_45,Not_Target,Myosin_3
echi9612.t1,Not_Target,Not_Target,Not_Target
echi9613.t1,Not_Target,Not_Target,Not_Target
echi9614.t1,Not_Target,Not_Target,Not_Target
echi10100.t1,Not_Target,Not_Target,Not_Target
echi10101.t1,Not_Target,Myosin_28,Not_Target
echi10102.t1,Not_Target,Not_Target,Not_Target
echi10103.t1,Not_Target,Not_Target,Not_Target
echi10104.t1,Myosin_26,Myosin_26,Myosin_64
echi10105.t1,Not_Target,Not_Target,Myosin_10
echi10106.t1,Not_Target,Not_Target,Myosin_1
echi10107.t1,Not_Target,Not_Target,Not_Target
echi10108.t1,Not_Target,Myosin_5,Not_Target
echi10109.t1,Not_Target,Not_Target,Not_Target
echi10110.t1,Not_Target,Not_Target,Not_Target
echi10111.t1,Not_Target,Not_Target,Not_Target
echi10112.t1,Not_Target,Not_Target,Not_Target
echi119.t1,Not_Target,Not_Target,Not_Target
echi120.t1,Not_Target,Myosin_22,Not_Target
echi121.t1,Not_Target,Not_Target,Not_Target
echi122.t1,Myosin_4,Myosin_6,Myosin_2
echi123.t1,Not_Target,Not_Target,Myosin_2
echi124.t1,Myosin_26,Myosin_26,Myosin_24
echi125.t1,Myosin_6,Myosin_6,Not_Target
echi126.t1,Myosin_45,Myosin_45,Not_Target
echi16222.t1,Myosin_17,Myosin_17,Myosin_69
echi16223.t1,Myosin_16,Myosin_16,Myosin_16
echi16224.t1,Not_Target,Not_Target,Not_Target
echi16225.t1,Not_Target,Not_Target,Not_Target
echi16226.t1,Not_Target,Not_Target,Not_Target
echi16227.t1,Not_Target,Not_Target,Not_Target
echi16228.t1,Myosin_57,Myosin_57,Myosin_57
echi16229.t1,Not_Target,Not_Target,Not_Target
echi16230.t1,Not_Target,Not_Target,Not_Target
echi151.t1,Not_Target,Not_Target,Not_Target
echi152.t1,Not_Target,Myosin_57,Myosin_57
echi153.t1,Not_Target,Not_Target,Myosin_8
echi154.t1,Myosin_23,Myosin_23,Not_Target
echi155.t1,Not_Target,Not_Target,Not_Target
echi156.t1,Not_Target,Not_Target,Not_Target
echi157.t1,Not_Target,Not_Target,Not_Target
echi158.t1,Not_Target,Myosin_1,Myosin_2
echi159.t1,Not_Target,Myosin_18,Not_Target
echi160.t1,Not_Target,Not_Target,Not_Target
echi161.t1,Not_Target,Not_Target,Not_Target
echi162.t1,Myosin_36,Not_Target,Myosin_2
echi163.t1,Not_Target,Not_Target,Not_Target
echi164.t1,Myosin_17,Not_Target,Myosin_16
echi13968.t1,Not_Target,Myosin_1,Not_Target
echi13969.t1,Not_Target,Myosin_7,Not_Target
echi13970.t1,Myosin_15,Myosin_15,Myosin_15
echi13971.t1,Not_Target,Myosin_1,Not_Target
echi13972.t1,Not_Target,Not_Target,Not_Target
echi13973.t1,Myosin_20,Not_Target,Not_Target
echi13974.t1,Not_Target,Not_Target,Not_Target
echi13975.t1,Not_Target,Myosin_6,Not_Target
echi13976.t1,Myosin_44,Myosin_45,Not_Target
echi15495.t1,Not_Target,Not_Target,Not_Target
echi15496.t1,Not_Target,Myosin_26,Not_Target
echi15497.t1,Myosin_3,Myosin_3,Not_Target
echi15498.t1,Not_Target,Not_Target,Not_Target
echi15499.t1,Myosin_19,Myosin_19,Myosin_5
echi15500.t1,Myosin_45,Not_Target,Myosin_71
echi15501.t1,Not_Target,Not_Target,Not_Target
echi15502.t1,Not_Target,Myosin_19,Not_Target
echi15503.t1,Not_Target,Myosin_1,Not_Target
echi15504.t1,Not_Target,Not_Target,Not_Target
echi15505.t1,Not_Target,Not_Target,Not_Target
echi12224.t1,Not_Target,Myosin_2,Not_Target
echi12225.t1,Myosin_15,Myosin_22,Myosin_17
echi12226.t1,Not_Target,Not_Target,Myosin_5
echi12227.t1,Myosin_34,Not_Target,Myosin_7
echi12228.t1,Not_Target,Not_Target,Not_Target
echi12229.t1,Not_Target,Not_Target,Not_Target
echi12230.t1,Not_Target,Not_Target,Not_Target
echi12231.t1,Not_Target,Myosin_1,Not_Target
echi12232.t1,Not_Target,Not_Target,Not_Target
echi12233.t1,Not_Target,Not_Target,Not_Target
echi12234.t1,Not_Target,Myosin_57,Not_Target
echi12235.t1,Not_Target,Not_Target,Not_Target
echi12236.t1,Not_Target,Not_Target,Myosin_5
echi9129.t1,Myosin_4,Not_Target,Not_Target
echi9130.t1,Myosin_24,Not_Target,Myosin_10
echi9131.t1,Not_Target,Not_Target,Not_Target
echi9132.t1,Not_Target,Myosin_7,Not_Target
echi9133.t1,Not_Target,Not_Target,Not_Target
echi9134.t1,Myosin_15,Myosin_15,Myosin_22
echi14013.t1,Not_Target,Not_Target,Not_Target
echi14014.t1,Not_Target,Not_Target,Myosin_2
echi14015.t1,Not_Target,Not_Target,Not_Target
echi14016.t1,Myosin_36,Not_Target,Myosin_22
echi14017.t1,Not_Target,Myosin_17,Myosin_36
echi14018.t1,Not_Target,Not_Target,Not_Target
echi14019.t1,Not_Target,Not_Target,Not_Target
echi14020.t1,Not_Target,Myosin_81,Not_Target
echi14021.t1,Myosin_2,Not_Target,Not_Target
echi14022.t1,Myosin_18,Actin,Not_Target
echi14023.t1,Not_Target,Not_Target,Not_Target
echi15446.t1,Not_Target,Not_Target,Not_Target
echi15447.t1,Myosin_17,Myosin_17,Myosin_1
echi15448.t1,Not_Target,Not_Target,Not_Target
echi15449.t1,Not_Target,Myosin_1,Not_Target
echi15450.t1,Not_Target,Myosin_1,Not_Target
echi15451.t1,Not_Target,Not_Target,Not_Target
echi14087.t1,Not_Target,Not_Target,Not_Target
echi14088.t1,Myosin_8,Myosin_64,Not_Target
echi14089.t1,Not_Target,Not_Target,Not_Target
echi14090.t1,Not_Target,Not_Target,Myosin_2
echi14091.t1,Not_Target,Myosin_4,Not_Target
echi14092.t1,Not_Target,Not_Target,Not_Target
echi14093.t1,Not_Target,Not_Target,Not_Target
echi14094.t1,Not_Target,Not_Target,Not_Target
echi14095.t1,Not_Target,Not_Target,Not_Target
echi14096.t1,Not_Target,Not_Target,Not_Target
echi14097.t1,Myosin_45,Myosin_18,Not_Target
echi14098.t1,Not_Target,Not_Target,Myosin_57
echi14099.t1,Not_Target,Not_Target,Not_Target
echi14100.t1,Not_Target,Not_Target,Not_Target
echi14101.t1,Not_Target,Not_Target,Not_Target
echi12255.t1,Not_Target,Not_Target,Not_Target
echi12256.t1,Not_Target,Not_Target,Not_Target
echi12257.t1,Not_Target,Not_Target,Myosin_51
echi12258.t1,Not_Target,Not_Target,Myosin_57
echi12259.t1,Not_Target,Not_Target,Not_Target
echi12260.t1,Not_Target,Myosin_26,Myosin_51
echi12261.t1,Myosin_18,Myosin_18,Myosin_28
echi12262.t1,Myosin_27,Not_Target,Myosin_48
echi12263.t1,Myosin_30,Myosin_57,Myosin_4
echi12264.t1,Not_Target,Not_Target,Not_Target
echi1352.t1,Myosin_5,Not_Target,Not_Target
echi1353.t1,Not_Target,Not_Target,Not_Target
echi1354.t1,Not_Target,Not_Target,Not_Target
echi1355.t1,Not_Target,Not_Target,Not_Target
echi1356.t1,Not_Target,Not_Target,Not_Target
echi1357.t1,Not_Target,Not_Target,Not_Target
echi1358.t1,Not_Target,Not_Target,Not_Target
echi1359.t1,Not_Target,Not_Target,Not_Target
echi1360.t1,Not_Target,Not_Target,Not_Target
echi1362.t1,Not_Target,Not_Target,Not_Target
echi1363.t1,Myosin_23,Myosin_5,Myosin_81
echi17290.t1,Not_Target,Not_Target,Not_Target
echi17291.t1,Myosin_6,Not_Target,Myosin_6
echi17292.t1,Not_Target,Not_Target,Not_Target
echi17293.t1,Not_Target,Not_Target,Not_Target
echi17294.t1,Not_Target,Not_Target,Not_Target
echi17295.t1,Not_Target,Not_Target,Not_Target
echi17296.t1,Not_Target,Not_Target,Myosin_43
echi17297.t1,Not_Target,Not_Target,Not_Target
echi17298.t1,Not_Target,Not_Target,Not_Target
echi17299.t1,Myosin_19,Myosin_66,Not_Target
echi17300.t1,Myosin_17,Not_Target,Myosin_37
echi17301.t1,Not_Target,Not_Target,Not_Target
echi17302.t1,Not_Target,Not_Target,Not_Target
echi17303.t1,Not_Target,Not_Target,Not_Target
echi6466.t1,Not_Target,Not_Target,Not_Target
echi6467.t1,Not_Target,Myosin_57,Myosin_71
echi6468.t1,Not_Target,Not_Target,Not_Target
echi6469.t1,Myosin_16,Myosin_43,Myosin_16
echi6470.t1,Myosin_9,Myosin_9,Myosin_22
echi6471.t1,Not_Target,Not_Target,Not_Target
echi6472.t1,Not_Target,Myosin_1,Not_Target
echi17462.t1,Myosin_15,Myosin_22,Myosin_42
echi17463.t1,Not_Target,Not_Target,Not_Target
echi17464.t1,Myosin_51,Not_Target,Myosin_51
echi17465.t1,Not_Target,Not_Target,Not_Target
echi17466.t1,Not_Target,Not_Target,Not_Target
echi17467.t1,Not_Target,Not_Target,Not_Target
echi17468.t1,Not_Target,Not_Target,Not_Target
echi17469.t1,Not_Target,Not_Target,Not_Target
echi8711.t1,Not_Target,Not_Target,Not_Target
echi8712.t1,Not_Target,Myosin_18,Myosin_71
echi8713.t1,Not_Target,Not_Target,Not_Target
echi8714.t1,Not_Target,Not_Target,Not_Target
echi8715.t1,Not_Target,Not_Target,Not_Target
echi8716.t1,Not_Target,Not_Target,Not_Target
echi8717.t1,Myosin_15,Myosin_15,Myosin_15
echi8718.t1,Not_Target,Not_Target,Myosin_20
echi8719.t1,Not_Target,Myosin_5,Myosin_5
echi8720.t1,Not_Target,Not_Target,Not_Target
echi8721.t1,Myosin_19,Myosin_19,Myosin_22
echi14479.t1,Not_Target,Not_Target,Myosin_3
echi14480.t1,Not_Target,Not_Target,Not_Target
echi14481.t1,Not_Target,Not_Target,Not_Target
echi14482.t1,Not_Target,Not_Target,Myosin_5
echi14483.t1,Not_Target,Not_Target,Myosin_5
echi14484.t1,Myosin_9,Not_Target,Not_Target
echi14485.t1,Myosin_19,Myosin_19,Myosin_23
echi14486.t1,Not_Target,Not_Target,Not_Target
echi16704.t1,Not_Target,Not_Target,Not_Target
echi16705.t1,Not_Target,Not_Target,Not_Target
echi16706.t1,Myosin_30,Myosin_30,Not_Target
echi16707.t1,Not_Target,Not_Target,Myosin_20
echi16708.t1,Myosin_17,Not_Target,Not_Target
echi16709.t1,Not_Target,Myosin_1,Not_Target
echi16710.t1,Myosin_19,Myosin_19,Myosin_57
echi16711.t1,Not_Target,Not_Target,Not_Target
echi16712.t1,Myosin_17,Not_Target,Not_Target
echi16713.t1,Not_Target,Not_Target,Not_Target
echi16714.t1,Not_Target,Not_Target,Not_Target
echi5068.t1,Not_Target,Not_Target,Not_Target
echi5069.t1,Myosin_31,Myosin_31,Not_Target
echi5070.t1,Not_Target,Not_Target,Not_Target
echi5071.t1,Not_Target,Not_Target,Not_Target
echi5072.t1,Not_Target,Not_Target,Not_Target
echi5073.t1,Not_Target,Myosin_5,Not_Target
echi5074.t1,Not_Target,Not_Target,Not_Target
echi5075.t1,Not_Target,Myosin_6,Not_Target
echi5076.t1,Not_Target,Not_Target,Not_Target
echi5077.t1,Not_Target,Not_Target,Not_Target
echi14728.t1,Not_Target,Not_Target,Myosin_51
echi14729.t1,Not_Target,Not_Target,Not_Target
echi14730.t1,Not_Target,Not_Target,Myosin_2
echi14731.t1,Not_Target,Not_Target,Not_Target
echi14732.t1,Myosin_53,Myosin_19,Myosin_19
echi14733.t1,Not_Target,Not_Target,Not_Target
echi14734.t1,Not_Target,Not_Target,Not_Target
echi14735.t1,Myosin_2,Myosin_2,Myosin_2
echi14412.t1,Myosin_7,Not_Target,Not_Target
echi14413.t1,Not_Target,Myosin_4,Not_Target
echi14414.t1,Not_Target,Not_Target,Not_Target
echi14415.t1,Myosin_18,Not_Target,Myosin_81
echi14416.t1,Not_Target,Not_Target,Not_Target
echi14417.t1,Myosin_53,Not_Target,Myosin_5
echi14418.t1,Not_Target,Not_Target,Not_Target
echi14419.t1,Not_Target,Not_Target,Not_Target
echi14420.t1,Not_Target,Not_Target,Not_Target
echi14421.t1,Myosin_18,Not_Target,Not_Target
echi14422.t1,Not_Target,Not_Target,Not_Target
echi14127.t1,Not_Target,Myosin_73,Myosin_80
echi14128.t1,Not_Target,Not_Target,Myosin_2
echi14129.t1,Not_Target,Not_Target,Not_Target
echi14130.t1,Not_Target,Not_Target,Myosin_17
echi14131.t1,Not_Target,Not_Target,Not_Target
echi14132.t1,Not_Target,Not_Target,Not_Target
echi14133.t1,Not_Target,Not_Target,Not_Target
echi14134.t1,Not_Target,Not_Target,Myosin_13
echi14135.t1,Not_Target,Not_Target,Not_Target
echi14136.t1,Myosin_32,Not_Target,Not_Target
echi14137.t1,Not_Target,Not_Target,Not_Target
echi14138.t1,Not_Target,Not_Target,Not_Target
echi14139.t1,Myosin_32,Not_Target,Not_Target
echi14140.t1,Not_Target,Not_Target,Not_Target
echi14141.t1,Not_Target,Not_Target,Not_Target
echi14142.t1,Not_Target,Not_Target,Not_Target
echi4093.t1,Myosin_5,Not_Target,Not_Target
echi4094.t1,Not_Target,Not_Target,Not_Target
echi4095.t1,Not_Target,Not_Target,Not_Target
echi4096.t1,Not_Target,Not_Target,Not_Target
echi4097.t1,Not_Target,Not_Target,Not_Target
echi4098.t1,Not_Target,Not_Target,Not_Target
echi4099.t1,Myosin_45,Myosin_18,Not_Target
echi7329.t1,Not_Target,Myosin_19,Myosin_57
echi7330.t1,Not_Target,Not_Target,Not_Target
echi7331.t1,Not_Target,Not_Target,Not_Target
echi7332.t1,Not_Target,Not_Target,Not_Target
echi7333.t1,Not_Target,Myosin_1,Not_Target
echi7334.t1,Myosin_1,Myosin_1,Actin
echi7335.t1,Not_Target,Myosin_80,Not_Target
echi7336.t1,Myosin_20,Not_Target,Not_Target
echi7337.t1,Not_Target,Not_Target,Not_Target
echi7338.t1,Not_Target,Not_Target,Not_Target
echi7339.t1,Not_Target,Not_Target,Not_Target
echi7340.t1,Not_Target,Myosin_54,Not_Target
echi6026.t1,Myosin_6,Not_Target,Myosin_8
echi6027.t1,Not_Target,Not_Target,Not_Target
echi6028.t1,Not_Target,Myosin_11,Not_Target
echi6029.t1,Myosin_81,Not_Target,Myosin_16
echi6030.t1,Not_Target,Not_Target,Myosin_14
echi6031.t1,Not_Target,Not_Target,Not_Target
echi6032.t1,Not_Target,Not_Target,Not_Target
echi6033.t1,Not_Target,Not_Target,Not_Target
echi10512.t1,Myosin_1,Myosin_1,Not_Target
echi10513.t1,Myosin_1,Myosin_3,Not_Target
echi10514.t1,Not_Target,Not_Target,Not_Target
echi10515.t1,Myosin_15,Myosin_3,Not_Target
echi10516.t1,Not_Target,Not_Target,Not_Target
echi10517.t1,Not_Target,Not_Target,Not_Target
echi10518.t1,Not_Target,Not_Target,Not_Target
echi10519.t1,Myosin_3,Myosin_3,Not_Target
echi10520.t1,Myosin_51,Not_Target,Not_Target
echi10521.t1,Myosin_22,Myosin_22,Myosin_4
echi10522.t1,Myosin_22,Not_Target,Myosin_3
echi10523.t1,Not_Target,Not_Target,Not_Target
echi10524.t1,Not_Target,Not_Target,Not_Target
echi3672.t1,Not_Target,Not_Target,Not_Target
echi3673.t1,Not_Target,Not_Target,Not_Target
echi3674.t1,Not_Target,Not_Target,Myosin_81
echi3675.t1,Myosin_6,Myosin_43,Not_Target
echi3676.t1,Not_Target,Not_Target,Not_Target
echi3677.t1,Myosin_57,Myosin_57,Myosin_24
echi3678.t1,Not_Target,Not_Target,Not_Target
echi3679.t1,Not_Target,Myosin_5,Not_Target
echi3680.t1,Myosin_19,Not_Target,Not_Target
echi3681.t1,Not_Target,Not_Target,Not_Target
echi3682.t1,Not_Target,Myosin_18,Not_Target
echi3683.t1,Not_Target,Not_Target,Not_Target
echi3684.t1,Not_Target,Myosin_26,Not_Target
echi7377.t1,Not_Target,Not_Target,Myosin_4
echi7378.t1,Not_Target,Not_Target,Not_Target
echi7379.t1,Not_Target,Not_Target,Not_Target
echi7380.t1,Not_Target,Not_Target,Myosin_11
echi7381.t1,Not_Target,Not_Target,Myosin_20
echi7382.t1,Myosin_31,Not_Target,Not_Target
echi7383.t1,Not_Target,Not_Target,Not_Target
echi7384.t1,Not_Target,Not_Target,Not_Target
echi7385.t1,Not_Target,Not_Target,Not_Target
echi7386.t1,Not_Target,Not_Target,Not_Target
echi7387.t1,Not_Target,Not_Target,Not_Target
echi2847.t1,Myosin_2,Not_Target,Myosin_23
echi2848.t1,Myosin_26,Myosin_26,Not_Target
echi2849.t1,Myosin_36,Not_Target,Myosin_6
echi2850.t1,Not_Target,Not_Target,Not_Target
echi2851.t1,Not_Target,Not_Target,Not_Target
echi2852.t1,Not_Target,Not_Target,Not_Target
echi2853.t1,Not_Target,Not_Target,Not_Target
echi2854.t1,Myosin_3,Not_Target,Myosin_17
echi2855.t1,Myosin_45,Not_Target,Myosin_24
echi2856.t1,Myosin_19,Myosin_6,Myosin_3
echi2857.t1,Not_Target,Not_Target,Not_Target
echi243.t1,Not_Target,Not_Target,Not_Target
echi244.t1,Myosin_45,Myosin_45,Not_Target
echi245.t1,Not_Target,Not_Target,Not_Target
echi246.t1,Not_Target,Not_Target,Not_Target
echi247.t1,Myosin_19,Myosin_19,Myosin_72
echi248.t1,Not_Target,Myosin_16,Not_Target
echi249.t1,Myosin_45,Myosin_8,Myosin_45
echi250.t1,Not_Target,Not_Target,Myosin_1
echi251.t1,Myosin_2,Not_Target,Myosin_23
echi252.t1,Not_Target,Not_Target,Not_Target
echi253.t1,Not_Target,Not_Target,Myosin_1
echi254.t1,Not_Target,Myosin_5,Not_Target
echi3122.t1,Not_Target,Not_Target,Not_Target
echi3123.t1,Not_Target,Not_Target,Not_Target
echi3124.t1,Not_Target,Not_Target,Myosin_18
echi3125.t1,Not_Target,Not_Target,Not_Target
echi3126.t1,Not_Target,Myosin_1,Myosin_8
echi3127.t1,Not_Target,Myosin_51,Not_Target
echi3128.t1,Not_Target,Not_Target,Not_Target
echi3129.t1,Not_Target,Not_Target,Not_Target
echi3130.t1,Not_Target,Not_Target,Not_Target
echi3131.t1,Not_Target,Not_Target,Not_Target
echi3132.t1,Not_Target,Not_Target,Not_Target
echi3133.t1,Not_Target,Not_Target,Not_Target
echi3134.t1,Not_Target,Not_Target,Not_Target
echi3135.t1,Not_Target,Not_Target,Not_Target
echi3136.t1,Not_Target,Not_Target,Not_Target
echi10308.t1,Myosin_30,Not_Target,Myosin_4
echi10309.t1,Not_Target,Not_Target,Not_Target
echi10310.t1,Not_Target,Not_Target,Not_Target
echi10311.t1,Myosin_2,Not_Target,Not_Target
echi10312.t1,Not_Target,Not_Target,Not_Target
echi10313.t1,Not_Target,Not_Target,Not_Target
echi10314.t1,Myosin_1,Myosin_1,Myosin_74
echi10315.t1,Not_Target,Not_Target,Not_Target
echi10316.t1,Not_Target,Not_Target,Not_Target
echi10317.t1,Not_Target,Not_Target,Not_Target
echi10318.t1,Not_Target,Not_Target,Not_Target
echi10319.t1,Not_Target,Not_Target,Not_Target
echi10320.t1,Not_Target,Myosin_57,Not_Target
echi10321.t1,Not_Target,Not_Target,Not_Target
echi15200.t1,Not_Target,Not_Target,Not_Target
echi15201.t1,Myosin_18,Not_Target,Not_Target
echi15202.t1,Not_Target,Not_Target,Myosin_8
echi15203.t1,Myosin_4,Myosin_22,Myosin_62
echi15204.t1,Not_Target,Myosin_18,Not_Target
echi15205.t1,Myosin_18,Myosin_5,Myosin_18
echi15206.t1,Not_Target,Not_Target,Not_Target
echi15207.t1,Not_Target,Myosin_10,Not_Target
echi15208.t1,Not_Target,Not_Target,Not_Target
echi15209.t1,Not_Target,Not_Target,Not_Target
echi15210.t1,Not_Target,Not_Target,Not_Target
echi15211.t1,Not_Target,Not_Target,Not_Target
echi16596.t1,Not_Target,Not_Target,Not_Target
echi16597.t1,Not_Target,Myosin_18,Myosin_4
echi16598.t1,Myosin_6,Not_Target,Not_Target
echi16599.t1,Not_Target,Not_Target,Not_Target
echi16600.t1,Not_Target,Myosin_19,Not_Target
echi16601.t1,Not_Target,Not_Target,Not_Target
echi16602.t1,Not_Target,Not_Target,Myosin_2
echi16603.t1,Myosin_37,Myosin_38,Not_Target
echi16604.t1,Myosin_18,Myosin_18,Not_Target
echi16605.t1,Not_Target,Not_Target,Not_Target
echi16606.t1,Not_Target,Not_Target,Not_Target
echi18222.t1,Not_Target,Not_Target,Not_Target
echi18223.t1,Myosin_5,Myosin_18,Myosin_5
echi18224.t1,Not_Target,Not_Target,Not_Target
echi18225.t1,Not_Target,Not_Target,Myosin_5
echi18226.t1,Myosin_45,Not_Target,Not_Target
echi18227.t1,Not_Target,Not_Target,Not_Target
echi18228.t1,Myosin_1,Not_Target,Myosin_3
echi18229.t1,Not_Target,Not_Target,Not_Target
echi18230.t1,Myosin_16,Not_Target,Myosin_3
echi16929.t1,Not_Target,Not_Target,Not_Target
echi16930.t1,Myosin_19,Not_Target,Myosin_53
echi16931.t1,Myosin_5,Not_Target,Myosin_57
echi16932.t1,Not_Target,Myosin_57,Myosin_62
echi16933.t1,Not_Target,Not_Target,Not_Target
echi16934.t1,Not_Target,Not_Target,Not_Target
echi16935.t1,Not_Target,Not_Target,Myosin_20
echi16936.t1,Not_Target,Not_Target,Not_Target
echi16937.t1,Not_Target,Not_Target,Not_Target
echi8795.t1,Myosin_57,Myosin_29,Not_Target
echi8796.t1,Not_Target,Not_Target,Not_Target
echi8797.t1,Not_Target,Not_Target,Not_Target
echi8798.t1,Not_Target,Not_Target,Not_Target
echi8799.t1,Not_Target,Not_Target,Not_Target
echi8800.t1,Not_Target,Not_Target,Not_Target
echi8801.t1,Not_Target,Myosin_11,Not_Target
echi8802.t1,Not_Target,Myosin_36,Not_Target
echi8803.t1,Not_Target,Myosin_28,Not_Target
echi8804.t1,Not_Target,Not_Target,Not_Target
echi8805.t1,Not_Target,Not_Target,Not_Target
echi8806.t1,Myosin_57,Myosin_57,Myosin_1
echi8807.t1,Not_Target,Not_Target,Not_Target
echi8808.t1,Not_Target,Not_Target,Not_Target
echi8809.t1,Not_Target,Not_Target,Not_Target
echi8810.t1,Not_Target,Not_Target,Not_Target
echi8811.t1,Not_Target,Not_Target,Not_Target
echi693.t1,Myosin_44,Myosin_45,Myosin_45
echi694.t1,Not_Target,Not_Target,Not_Target
echi695.t1,Myosin_19,Myosin_19,Not_Target
echi696.t1,Myosin_19,Myosin_19,Myosin_3
echi697.t1,Not_Target,Not_Target,Not_Target
echi698.t1,Not_Target,Not_Target,Not_Target
echi699.t1,Myosin_16,Not_Target,Not_Target
echi12446.t1,Not_Target,Myosin_8,Not_Target
echi12447.t1,Not_Target,Not_Target,Not_Target
echi12448.t1,Not_Target,Not_Target,Not_Target
echi12449.t1,Not_Target,Not_Target,Not_Target
echi12450.t1,Not_Target,Not_Target,Myosin_42
echi12451.t1,Myosin_15,Myosin_5,Myosin_37
echi12452.t1,Not_Target,Not_Target,Not_Target
echi12453.t1,Myosin_19,Not_Target,Myosin_5
echi12454.t1,Not_Target,Not_Target,Not_Target
echi12455.t1,Not_Target,Not_Target,Myosin_20
echi12456.t1,Not_Target,Not_Target,Not_Target
echi12457.t1,Not_Target,Myosin_5,Not_Target
echi12458.t1,Myosin_25,Myosin_1,Myosin_3
echi11345.t1,Myosin_25,Myosin_57,Myosin_5
echi11346.t1,Not_Target,Myosin_16,Myosin_16
echi11347.t1,Myosin_15,Myosin_15,Myosin_15
echi11348.t1,Myosin_15,Myosin_15,Myosin_15
echi15341.t1,Myosin_14,Myosin_8,Myosin_1
echi15342.t1,Myosin_3,Not_Target,Myosin_3
echi15343.t1,Not_Target,Not_Target,Not_Target
echi15344.t1,Not_Target,Not_Target,Not_Target
echi15345.t1,Myosin_26,Myosin_17,Myosin_5
echi15346.t1,Myosin_74,Not_Target,Myosin_2
echi15347.t1,Not_Target,Not_Target,Not_Target
echi15348.t1,Not_Target,Not_Target,Not_Target
echi10226.t1,Not_Target,Not_Target,Not_Target
echi10227.t1,Myosin_4,Myosin_7,Myosin_15
echi10228.t1,Myosin_18,Not_Target,Myosin_14
echi10229.t1,Not_Target,Not_Target,Not_Target
echi10230.t1,Not_Target,Myosin_19,Not_Target
echi10231.t1,Myosin_37,Myosin_37,Not_Target
echi10232.t1,Myosin_26,Not_Target,Not_Target
echi10233.t1,Myosin_74,Myosin_74,Myosin_3
echi10234.t1,Not_Target,Not_Target,Not_Target
echi10235.t1,Not_Target,Not_Target,Not_Target
echi10236.t1,Not_Target,Not_Target,Not_Target
echi1307.t1,Not_Target,Not_Target,Not_Target
echi1308.t1,Not_Target,Not_Target,Not_Target
echi1309.t1,Not_Target,Not_Target,Not_Target
echi1310.t1,Myosin_15,Myosin_4,Myosin_8
echi1311.t1,Not_Target,Not_Target,Myosin_17
echi1312.t1,Not_Target,Not_Target,Myosin_17
echi1313.t1,Not_Target,Myosin_2,Not_Target
echi1314.t1,Not_Target,Not_Target,Not_Target
echi1315.t1,Myosin_18,Myosin_5,Myosin_15
echi5940.t1,Not_Target,Not_Target,Not_Target
echi5941.t1,Myosin_18,Myosin_80,Myosin_42
echi5942.t1,Myosin_3,Not_Target,Myosin_3
echi5943.t1,Not_Target,Not_Target,Not_Target
echi5944.t1,Myosin_17,Myosin_17,Not_Target
echi5945.t1,Not_Target,Not_Target,Not_Target
echi5946.t1,Myosin_45,Myosin_45,Not_Target
echi5947.t1,Not_Target,Not_Target,Not_Target
echi5948.t1,Not_Target,Not_Target,Not_Target
echi5949.t1,Not_Target,Not_Target,Not_Target
echi5950.t1,Not_Target,Myosin_44,Myosin_31
echi17957.t1,Not_Target,Not_Target,Not_Target
echi17958.t1,Not_Target,Not_Target,Not_Target
echi17959.t1,Myosin_5,Not_Target,Myosin_18
echi17960.t1,Not_Target,Not_Target,Not_Target
echi17961.t1,Not_Target,Not_Target,Not_Target
echi17962.t1,Not_Target,Not_Target,Not_Target
echi17963.t1,Myosin_1,Myosin_1,Myosin_1
echi17964.t1,Not_Target,Not_Target,Not_Target
echi17965.t1,Not_Target,Not_Target,Not_Target
echi17966.t1,Myosin_31,Myosin_31,Myosin_3
echi17967.t1,Not_Target,Not_Target,Not_Target
echi11164.t1,Not_Target,Not_Target,Myosin_2
echi11165.t1,Not_Target,Myosin_36,Not_Target
echi11166.t1,Myosin_17,Not_Target,Myosin_17
echi11167.t1,Not_Target,Not_Target,Not_Target
echi11168.t1,Myosin_43,Not_Target,Myosin_16
echi11169.t1,Myosin_2,Myosin_5,Not_Target
echi10680.t1,Not_Target,Not_Target,Not_Target
echi10681.t1,Not_Target,Myosin_5,Not_Target
echi10682.t1,Myosin_15,Not_Target,Not_Target
echi10683.t1,Not_Target,Not_Target,Not_Target
echi10684.t1,Not_Target,Not_Target,Not_Target
echi10685.t1,Not_Target,Not_Target,Not_Target
echi10686.t1,Not_Target,Not_Target,Not_Target
echi10687.t1,Not_Target,Not_Target,Myosin_8
echi10688.t1,Not_Target,Not_Target,Not_Target
echi10689.t1,Not_Target,Not_Target,Myosin_36
echi10690.t1,Not_Target,Not_Target,Not_Target
echi10691.t1,Myosin_18,Myosin_9,Myosin_3
echi10692.t1,Not_Target,Not_Target,Not_Target
echi11453.t1,Myosin_9,Myosin_3,Myosin_81
echi11454.t1,Not_Target,Not_Target,Not_Target
echi11455.t1,Not_Target,Not_Target,Not_Target
echi11456.t1,Not_Target,Not_Target,Not_Target
echi11457.t1,Not_Target,Not_Target,Not_Target
echi11458.t1,Myosin_51,Not_Target,Myosin_51
echi11459.t1,Not_Target,Not_Target,Not_Target
echi11460.t1,Not_Target,Not_Target,Not_Target
echi11461.t1,Not_Target,Not_Target,Myosin_34
echi9337.t1,Myosin_9,Myosin_9,Myosin_3
echi9338.t1,Not_Target,Not_Target,Not_Target
echi9339.t1,Myosin_36,Not_Target,Myosin_5
echi9340.t1,Not_Target,Not_Target,Not_Target
echi9341.t1,Not_Target,Not_Target,Not_Target
echi9342.t1,Not_Target,Myosin_5,Not_Target
echi9343.t1,Myosin_24,Myosin_57,Myosin_64
echi9344.t1,Not_Target,Not_Target,Not_Target
echi9345.t1,Not_Target,Not_Target,Not_Target
echi9346.t1,Not_Target,Not_Target,Not_Target
echi9347.t1,Not_Target,Not_Target,Not_Target
echi9348.t1,Not_Target,Not_Target,Myosin_20
echi15220.t1,Not_Target,Not_Target,Not_Target
echi15221.t1,Not_Target,Not_Target,Not_Target
echi15222.t1,Not_Target,Not_Target,Not_Target
echi15223.t1,Not_Target,Not_Target,Not_Target
echi15224.t1,Not_Target,Not_Target,Not_Target
echi15225.t1,Not_Target,Not_Target,Myosin_27
echi15226.t1,Myosin_26,Myosin_24,Not_Target
echi15227.t1,Not_Target,Not_Target,Not_Target
echi15228.t1,Not_Target,Not_Target,Myosin_5
echi15229.t1,Not_Target,Not_Target,Myosin_3
echi15230.t1,Not_Target,Not_Target,Not_Target
echi15231.t1,Myosin_8,Not_Target,Myosin_1
echi15232.t1,Not_Target,Myosin_51,Not_Target
echi8727.t1,Not_Target,Not_Target,Myosin_47
echi8728.t1,Not_Target,Not_Target,Myosin_3
echi8729.t1,Myosin_18,Myosin_29,Myosin_17
echi8730.t1,Myosin_8,Not_Target,Not_Target
echi8731.t1,Not_Target,Not_Target,Not_Target
echi8732.t1,Not_Target,Not_Target,Myosin_2
echi16834.t1,Not_Target,Not_Target,Not_Target
echi16835.t1,Not_Target,Not_Target,Not_Target
echi16836.t1,Not_Target,Not_Target,Not_Target
echi16837.t1,Not_Target,Not_Target,Not_Target
echi16838.t1,Not_Target,Myosin_19,Not_Target
echi16839.t1,Myosin_45,Not_Target,Myosin_45
echi16840.t1,Not_Target,Not_Target,Myosin_19
echi8736.t1,Not_Target,Not_Target,Not_Target
echi8737.t1,Not_Target,Not_Target,Not_Target
echi8738.t1,Not_Target,Not_Target,Not_Target
echi8739.t1,Not_Target,Not_Target,Not_Target
echi8740.t1,Myosin_51,Myosin_51,Myosin_37
echi8741.t1,Not_Target,Not_Target,Not_Target
echi8742.t1,Not_Target,Myosin_5,Myosin_19
echi8743.t1,Not_Target,Myosin_17,Not_Target
echi8744.t1,Not_Target,Myosin_3,Myosin_3
echi8745.t1,Myosin_15,Myosin_3,Myosin_8
echi18323.t1,Not_Target,Not_Target,Not_Target
echi18324.t1,Not_Target,Myosin_19,Not_Target
echi18325.t1,Myosin_45,Not_Target,Myosin_18
echi18326.t1,Myosin_19,Myosin_19,Not_Target
echi18327.t1,Not_Target,Not_Target,Not_Target
echi18328.t1,Not_Target,Not_Target,Not_Target
echi18329.t1,Not_Target,Not_Target,Not_Target
echi18330.t1,Not_Target,Not_Target,Not_Target
echi18331.t1,Not_Target,Not_Target,Not_Target
echi18332.t1,Not_Target,Not_Target,Myosin_2
echi18333.t1,Not_Target,Not_Target,Myosin_1
echi18334.t1,Not_Target,Not_Target,Not_Target
echi18335.t1,Not_Target,Not_Target,Myosin_19
echi6545.t1,Not_Target,Myosin_5,Myosin_2
echi6546.t1,Myosin_55,Myosin_81,Not_Target
echi6547.t1,Myosin_25,Myosin_5,Not_Target
echi6548.t1,Not_Target,Not_Target,Not_Target
echi6549.t1,Not_Target,Not_Target,Not_Target
echi6550.t1,Myosin_1,Myosin_1,Myosin_20
echi6551.t1,Myosin_37,Myosin_5,Not_Target
echi6552.t1,Myosin_18,Myosin_17,Myosin_22
echi6553.t1,Not_Target,Not_Target,Not_Target
echi6554.t1,Not_Target,Not_Target,Not_Target
echi6555.t1,Not_Target,Not_Target,Not_Target
echi934.t1,Not_Target,Not_Target,Not_Target
echi935.t1,Myosin_3,Myosin_28,Myosin_1
echi936.t1,Myosin_17,Myosin_17,Myosin_36
echi937.t1,Myosin_20,Myosin_8,Myosin_18
echi938.t1,Myosin_15,Myosin_3,Myosin_16
echi14803.t1,Myosin_3,Myosin_3,Myosin_2
echi14804.t1,Not_Target,Not_Target,Not_Target
echi14805.t1,Not_Target,Not_Target,Not_Target
echi14806.t1,Not_Target,Not_Target,Myosin_24
echi14807.t1,Myosin_16,Myosin_16,Myosin_16
echi14808.t1,Not_Target,Myosin_2,Not_Target
echi14809.t1,Not_Target,Not_Target,Not_Target
echi14810.t1,Not_Target,Not_Target,Not_Target
echi14811.t1,Not_Target,Not_Target,Myosin_1
echi14812.t1,Not_Target,Not_Target,Not_Target
echi14813.t1,Not_Target,Myosin_4,Not_Target
echi16981.t1,Not_Target,Not_Target,Not_Target
echi16982.t1,Not_Target,Not_Target,Not_Target
echi16983.t1,Not_Target,Not_Target,Not_Target
echi16984.t1,Not_Target,Not_Target,Not_Target
echi16985.t1,Not_Target,Not_Target,Not_Target
echi16986.t1,Not_Target,Not_Target,Not_Target
echi16987.t1,Not_Target,Not_Target,Not_Target
echi16988.t1,Myosin_5,Myosin_5,Myosin_15
echi16989.t1,Myosin_17,Not_Target,Myosin_5
echi16990.t1,Not_Target,Not_Target,Myosin_53
echi16991.t1,Not_Target,Not_Target,Not_Target
echi13850.t1,Myosin_45,Not_Target,Not_Target
echi13851.t1,Not_Target,Not_Target,Not_Target
echi13852.t1,Not_Target,Not_Target,Myosin_1
echi13853.t1,Myosin_36,Myosin_18,Myosin_22
echi13854.t1,Not_Target,Not_Target,Not_Target
echi13855.t1,Not_Target,Not_Target,Not_Target
echi7233.t1,Not_Target,Myosin_17,Not_Target
echi7234.t1,Myosin_45,Myosin_16,Myosin_45
echi7235.t1,Not_Target,Not_Target,Not_Target
echi7236.t1,Not_Target,Not_Target,Myosin_19
echi7237.t1,Not_Target,Not_Target,Not_Target
echi7238.t1,Not_Target,Not_Target,Not_Target
echi7239.t1,Not_Target,Not_Target,Not_Target
echi7240.t1,Not_Target,Not_Target,Not_Target
echi7241.t1,Not_Target,Not_Target,Myosin_8
echi8498.t1,Not_Target,Not_Target,Not_Target
echi8499.t1,Not_Target,Not_Target,Myosin_2
echi8500.t1,Not_Target,Not_Target,Myosin_57
echi8501.t1,Not_Target,Not_Target,Not_Target
echi8502.t1,Not_Target,Not_Target,Not_Target
echi8503.t1,Myosin_16,Myosin_16,Not_Target
echi8504.t1,Not_Target,Myosin_18,Not_Target
echi6423.t1,Not_Target,Not_Target,Not_Target
echi6424.t1,Not_Target,Myosin_17,Myosin_1
echi6425.t1,Not_Target,Myosin_2,Not_Target
echi6426.t1,Not_Target,Not_Target,Not_Target
echi6427.t1,Myosin_2,Not_Target,Myosin_5
echi6428.t1,Not_Target,Not_Target,Myosin_20
echi13253.t1,Myosin_51,Not_Target,Not_Target
echi13254.t1,Not_Target,Not_Target,Myosin_24
echi13255.t1,Myosin_30,Not_Target,Not_Target
echi13256.t1,Myosin_81,Myosin_16,Myosin_6
echi13257.t1,Not_Target,Not_Target,Myosin_30
echi13258.t1,Myosin_7,Myosin_22,Myosin_5
echi13259.t1,Not_Target,Not_Target,Not_Target
echi13260.t1,Not_Target,Not_Target,Not_Target
echi13261.t1,Not_Target,Not_Target,Not_Target
echi13262.t1,Myosin_1,Not_Target,Myosin_25
echi13263.t1,Not_Target,Not_Target,Not_Target
echi16111.t1,Myosin_51,Not_Target,Not_Target
echi16112.t1,Not_Target,Not_Target,Not_Target
echi16113.t1,Not_Target,Not_Target,Not_Target
echi16114.t1,Myosin_19,Not_Target,Myosin_19
echi16115.t1,Not_Target,Not_Target,Not_Target
echi16116.t1,Myosin_7,Myosin_1,Myosin_7
echi16117.t1,Not_Target,Myosin_1,Not_Target
echi16118.t1,Not_Target,Not_Target,Not_Target
echi16119.t1,Not_Target,Myosin_18,Not_Target
echi17181.t1,Not_Target,Not_Target,Not_Target
echi17182.t1,Not_Target,Not_Target,Not_Target
echi17183.t1,Not_Target,Myosin_8,Myosin_8
echi17184.t1,Myosin_18,Not_Target,Myosin_3
echi17185.t1,Not_Target,Not_Target,Not_Target
echi17187.t1,Myosin_2,Myosin_2,Myosin_2
echi17188.t1,Myosin_74,Not_Target,Not_Target
echi17189.t1,Not_Target,Myosin_5,Not_Target
echi1118.t1,Not_Target,Not_Target,Not_Target
echi1119.t1,Myosin_17,Not_Target,Myosin_5
echi1120.t1,Not_Target,Not_Target,Myosin_42
echi1121.t1,Myosin_57,Myosin_18,Not_Target
echi1122.t1,Not_Target,Not_Target,Not_Target
echi1123.t1,Not_Target,Not_Target,Not_Target
echi1124.t1,Not_Target,Not_Target,Not_Target
echi1125.t1,Not_Target,Not_Target,Myosin_3
echi7733.t1,Not_Target,Not_Target,Myosin_3
echi7734.t1,Not_Target,Not_Target,Not_Target
echi7735.t1,Myosin_22,Myosin_7,Myosin_4
echi7736.t1,Not_Target,Not_Target,Not_Target
echi7737.t1,Not_Target,Not_Target,Not_Target
echi7738.t1,Not_Target,Myosin_5,Not_Target
echi7739.t1,Not_Target,Not_Target,Not_Target
echi7740.t1,Not_Target,Not_Target,Not_Target
echi7741.t1,Not_Target,Not_Target,Not_Target
echi7742.t1,Not_Target,Myosin_5,Not_Target
echi11688.t1,Not_Target,Not_Target,Myosin_19
echi11689.t1,Not_Target,Not_Target,Not_Target
echi11690.t1,Not_Target,Not_Target,Not_Target
echi11691.t1,Not_Target,Myosin_17,Myosin_8
echi11692.t1,Not_Target,Not_Target,Not_Target
echi11693.t1,Not_Target,Not_Target,Not_Target
echi11694.t1,Myosin_17,Not_Target,Myosin_8
echi11695.t1,Not_Target,Not_Target,Not_Target
echi11696.t1,Not_Target,Not_Target,Not_Target
echi9318.t1,Not_Target,Not_Target,Not_Target
echi9319.t1,Myosin_3,Not_Target,Myosin_69
echi9320.t1,Not_Target,Not_Target,Myosin_8
echi9321.t1,Not_Target,Not_Target,Not_Target
echi9322.t1,Not_Target,Not_Target,Not_Target
echi9323.t1,Not_Target,Not_Target,Not_Target
echi9324.t1,Not_Target,Not_Target,Not_Target
echi9325.t1,Not_Target,Not_Target,Not_Target
echi9326.t1,Not_Target,Not_Target,Not_Target
echi9327.t1,Not_Target,Not_Target,Not_Target
echi13363.t1,Myosin_45,Not_Target,Myosin_24
echi13364.t1,Not_Target,Not_Target,Not_Target
echi13365.t1,Not_Target,Not_Target,Not_Target
echi13366.t1,Not_Target,Not_Target,Not_Target
echi13367.t1,Myosin_53,Not_Target,Myosin_5
echi13368.t1,Not_Target,Not_Target,Not_Target
echi515.t1,Not_Target,Not_Target,Not_Target
echi516.t1,Not_Target,Myosin_5,Not_Target
echi517.t1,Not_Target,Not_Target,Not_Target
echi518.t1,Myosin_19,Not_Target,Myosin_2
echi519.t1,Not_Target,Not_Target,Myosin_8
echi520.t1,Not_Target,Not_Target,Not_Target
echi521.t1,Myosin_19,Not_Target,Myosin_19
echi522.t1,Not_Target,Not_Target,Not_Target
echi523.t1,Not_Target,Not_Target,Myosin_17
echi524.t1,Not_Target,Not_Target,Not_Target
echi525.t1,Myosin_18,Not_Target,Myosin_26
echi526.t1,Not_Target,Not_Target,Not_Target
echi527.t1,Not_Target,Not_Target,Not_Target
echi11872.t1,Myosin_45,Not_Target,Not_Target
echi11873.t1,Not_Target,Not_Target,Myosin_1
echi11874.t1,Not_Target,Not_Target,Not_Target
echi11875.t1,Not_Target,Not_Target,Not_Target
echi11876.t1,Myosin_53,Myosin_17,Myosin_5
echi459.t1,Not_Target,Not_Target,Not_Target
echi460.t1,Myosin_2,Not_Target,Myosin_19
echi461.t1,Not_Target,Not_Target,Not_Target
echi462.t1,Not_Target,Not_Target,Not_Target
echi463.t1,Not_Target,Not_Target,Myosin_8
echi464.t1,Not_Target,Not_Target,Not_Target
echi465.t1,Not_Target,Not_Target,Not_Target
echi466.t1,Not_Target,Not_Target,Not_Target
echi467.t1,Myosin_2,Not_Target,Not_Target
echi468.t1,Not_Target,Not_Target,Not_Target
echi469.t1,Not_Target,Not_Target,Not_Target
echi11099.t1,Myosin_74,Myosin_5,Not_Target
echi11100.t1,Not_Target,Not_Target,Not_Target
echi11101.t1,Myosin_18,Not_Target,Myosin_5
echi11102.t1,Not_Target,Not_Target,Not_Target
echi11103.t1,Not_Target,Not_Target,Not_Target
echi11104.t1,Not_Target,Not_Target,Not_Target
echi11105.t1,Not_Target,Not_Target,Not_Target
echi11106.t1,Not_Target,Not_Target,Myosin_1
echi11107.t1,Not_Target,Not_Target,Myosin_2
echi11108.t1,Myosin_31,Not_Target,Not_Target
echi3109.t1,Not_Target,Not_Target,Myosin_1
echi3110.t1,Myosin_25,Not_Target,Myosin_19
echi3111.t1,Myosin_6,Not_Target,Myosin_71
echi3112.t1,Myosin_37,Myosin_22,Myosin_25
echi3113.t1,Not_Target,Not_Target,Myosin_1
echi3114.t1,Not_Target,Not_Target,Not_Target
echi3115.t1,Myosin_5,Myosin_5,Not_Target
echi7943.t1,Myosin_36,Myosin_17,Myosin_5
echi7944.t1,Not_Target,Myosin_19,Not_Target
echi7945.t1,Not_Target,Not_Target,Not_Target
echi7946.t1,Not_Target,Not_Target,Myosin_11
echi7947.t1,Myosin_19,Not_Target,Myosin_1
echi7948.t1,Not_Target,Not_Target,Myosin_19
echi7949.t1,Not_Target,Not_Target,Myosin_1
echi11964.t1,Myosin_37,Myosin_37,Myosin_4
echi11965.t1,Myosin_1,Myosin_57,Not_Target
echi11966.t1,Not_Target,Myosin_5,Not_Target
echi11967.t1,Not_Target,Not_Target,Not_Target
echi11968.t1,Myosin_2,Not_Target,Myosin_64
echi11969.t1,Not_Target,Not_Target,Myosin_4
echi11970.t1,Not_Target,Not_Target,Not_Target
echi11971.t1,Not_Target,Not_Target,Not_Target
echi11972.t1,Not_Target,Not_Target,Not_Target
echi11973.t1,Not_Target,Not_Target,Not_Target
echi11974.t1,Not_Target,Not_Target,Not_Target
echi11975.t1,Not_Target,Not_Target,Not_Target
echi12807.t1,Not_Target,Myosin_18,Myosin_11
echi12808.t1,Myosin_19,Not_Target,Not_Target
echi12809.t1,Myosin_4,Myosin_4,Myosin_5
echi12810.t1,Not_Target,Myosin_55,Not_Target
echi12811.t1,Not_Target,Not_Target,Not_Target
echi12812.t1,Myosin_17,Not_Target,Not_Target
echi12813.t1,Not_Target,Not_Target,Not_Target
echi12814.t1,Not_Target,Myosin_18,Not_Target
echi12815.t1,Not_Target,Not_Target,Not_Target
echi12816.t1,Not_Target,Not_Target,Myosin_8
echi12817.t1,Not_Target,Not_Target,Not_Target
echi5190.t1,Myosin_5,Myosin_5,Not_Target
echi5191.t1,Not_Target,Myosin_5,Myosin_2
echi5192.t1,Not_Target,Not_Target,Not_Target
echi5193.t1,Myosin_19,Not_Target,Myosin_19
echi5194.t1,Not_Target,Myosin_17,Not_Target
echi5195.t1,Myosin_74,Myosin_3,Not_Target
echi5196.t1,Myosin_18,Myosin_6,Myosin_57
echi5197.t1,Myosin_30,Myosin_17,Not_Target
echi5198.t1,Myosin_22,Not_Target,Myosin_2
echi5199.t1,Not_Target,Myosin_2,Not_Target
echi5200.t1,Myosin_81,Not_Target,Myosin_5
echi18386.t1,Not_Target,Myosin_5,Not_Target
echi18387.t1,Not_Target,Not_Target,Not_Target
echi18388.t1,Not_Target,Not_Target,Not_Target
echi18389.t1,Not_Target,Myosin_6,Myosin_81
echi18390.t1,Not_Target,Not_Target,Not_Target
echi18391.t1,Not_Target,Not_Target,Not_Target
echi18392.t1,Not_Target,Not_Target,Not_Target
echi18393.t1,Not_Target,Not_Target,Not_Target
echi18394.t1,Not_Target,Not_Target,Not_Target
echi15990.t1,Not_Target,Myosin_26,Not_Target
echi15991.t1,Myosin_26,Myosin_18,Not_Target
echi15992.t1,Not_Target,Not_Target,Not_Target
echi15993.t1,Not_Target,Myosin_19,Not_Target
echi15994.t1,Myosin_1,Myosin_1,Myosin_57
echi15995.t1,Not_Target,Not_Target,Myosin_19
echi15996.t1,Myosin_26,Myosin_26,Not_Target
echi15997.t1,Not_Target,Not_Target,Not_Target
echi15998.t1,Myosin_15,Myosin_15,Myosin_15
echi15999.t1,Myosin_45,Myosin_18,Myosin_18
echi16000.t1,Not_Target,Not_Target,Not_Target
echi16001.t1,Not_Target,Not_Target,Not_Target
echi16002.t1,Myosin_1,Myosin_1,Not_Target
echi2951.t1,Not_Target,Not_Target,Not_Target
echi2952.t1,Myosin_17,Not_Target,Myosin_17
echi2953.t1,Myosin_17,Not_Target,Myosin_17
echi2954.t1,Not_Target,Not_Target,Myosin_1
echi2955.t1,Not_Target,Not_Target,Not_Target
echi2956.t1,Myosin_45,Not_Target,Myosin_3
echi2957.t1,Not_Target,Myosin_11,Myosin_8
echi2958.t1,Not_Target,Not_Target,Not_Target
echi6923.t1,Not_Target,Not_Target,Myosin_20
echi6924.t1,Not_Target,Not_Target,Not_Target
echi6925.t1,Myosin_45,Myosin_64,Myosin_3
echi6926.t1,Not_Target,Not_Target,Not_Target
echi6927.t1,Not_Target,Myosin_17,Myosin_5
echi6928.t1,Not_Target,Not_Target,Myosin_20
echi4808.t1,Not_Target,Not_Target,Myosin_1
echi4809.t1,Not_Target,Not_Target,Not_Target
echi4810.t1,Not_Target,Not_Target,Not_Target
echi4811.t1,Not_Target,Not_Target,Myosin_2
echi4812.t1,Not_Target,Not_Target,Not_Target
echi4813.t1,Not_Target,Not_Target,Not_Target
echi4814.t1,Myosin_26,Not_Target,Myosin_8
echi4815.t1,Myosin_45,Myosin_16,Not_Target
echi4816.t1,Not_Target,Not_Target,Not_Target
echi5735.t1,Not_Target,Not_Target,Not_Target
echi5736.t1,Not_Target,Not_Target,Not_Target
echi5737.t1,Not_Target,Not_Target,Myosin_4
echi5738.t1,Not_Target,Not_Target,Not_Target
echi5739.t1,Not_Target,Not_Target,Not_Target
echi5740.t1,Not_Target,Not_Target,Not_Target
echi5741.t1,Not_Target,Not_Target,Not_Target
echi5742.t1,Not_Target,Not_Target,Myosin_8
echi5743.t1,Myosin_51,Myosin_2,Not_Target
echi5744.t1,Not_Target,Not_Target,Myosin_30
echi5745.t1,Not_Target,Not_Target,Not_Target
echi5746.t1,Not_Target,Not_Target,Not_Target
echi5747.t1,Not_Target,Not_Target,Not_Target
echi5748.t1,Not_Target,Not_Target,Not_Target
echi5749.t1,Not_Target,Myosin_47,Myosin_5
echi5750.t1,Myosin_19,Myosin_8,Not_Target
echi3988.t1,Not_Target,Not_Target,Not_Target
echi3989.t1,Not_Target,Not_Target,Not_Target
echi3990.t1,Not_Target,Not_Target,Not_Target
echi3991.t1,Not_Target,Not_Target,Myosin_57
echi3992.t1,Not_Target,Not_Target,Not_Target
echi3993.t1,Not_Target,Not_Target,Myosin_19
echi3994.t1,Not_Target,Not_Target,Myosin_36
echi3995.t1,Not_Target,Not_Target,Not_Target
echi3996.t1,Not_Target,Not_Target,Not_Target
echi3997.t1,Not_Target,Myosin_20,Myosin_3
echi3998.t1,Myosin_57,Myosin_57,Myosin_5
echi3999.t1,Not_Target,Myosin_19,Myosin_57
echi17912.t1,Myosin_18,Myosin_18,Myosin_2
echi17913.t1,Not_Target,Myosin_1,Not_Target
echi17914.t1,Not_Target,Myosin_17,Not_Target
echi17915.t1,Not_Target,Not_Target,Not_Target
echi17916.t1,Not_Target,Not_Target,Not_Target
echi17917.t1,Not_Target,Not_Target,Not_Target
echi17918.t1,Not_Target,Not_Target,Not_Target
echi17919.t1,Not_Target,Not_Target,Not_Target
echi17920.t1,Myosin_41,Myosin_6,Not_Target
echi17921.t1,Not_Target,Not_Target,Myosin_5
echi17922.t1,Myosin_30,Not_Target,Not_Target
echi17923.t1,Not_Target,Myosin_17,Not_Target
echi17924.t1,Not_Target,Not_Target,Not_Target
echi17925.t1,Myosin_18,Myosin_18,Not_Target
echi17926.t1,Not_Target,Not_Target,Not_Target
echi6936.t1,Not_Target,Not_Target,Not_Target
echi6937.t1,Not_Target,Not_Target,Myosin_64
echi6938.t1,Not_Target,Not_Target,Myosin_23
echi6939.t1,Not_Target,Not_Target,Myosin_2
echi6940.t1,Myosin_53,Not_Target,Myosin_3
echi6941.t1,Not_Target,Not_Target,Not_Target
echi6942.t1,Not_Target,Not_Target,Myosin_1
echi12437.t1,Not_Target,Not_Target,Not_Target
echi12438.t1,Not_Target,Not_Target,Not_Target
echi12439.t1,Myosin_64,Myosin_64,Not_Target
echi12440.t1,Not_Target,Not_Target,Myosin_58
echi12441.t1,Myosin_19,Not_Target,Not_Target
echi12442.t1,Myosin_32,Myosin_19,Myosin_72
echi12443.t1,Myosin_7,Myosin_22,Not_Target
echi12444.t1,Not_Target,Myosin_19,Not_Target
echi12445.t1,Not_Target,Not_Target,Not_Target
echi6272.t1,Myosin_15,Myosin_15,Myosin_18
echi6273.t1,Not_Target,Not_Target,Not_Target
echi6274.t1,Not_Target,Not_Target,Myosin_8
echi6275.t1,Not_Target,Not_Target,Myosin_1
echi18121.t1,Myosin_15,Myosin_44,Myosin_15
echi18122.t1,Not_Target,Not_Target,Not_Target
echi18123.t1,Not_Target,Not_Target,Not_Target
echi18124.t1,Myosin_57,Myosin_57,Myosin_18
echi18125.t1,Not_Target,Not_Target,Not_Target
echi18126.t1,Not_Target,Not_Target,Myosin_23
echi18127.t1,Not_Target,Not_Target,Not_Target
echi18128.t1,Not_Target,Not_Target,Not_Target
echi18129.t1,Not_Target,Not_Target,Not_Target
echi9615.t1,Not_Target,Not_Target,Not_Target
echi9616.t1,Myosin_17,Not_Target,Myosin_16
echi9617.t1,Not_Target,Not_Target,Not_Target
echi9618.t1,Myosin_1,Myosin_1,Not_Target
echi9619.t1,Not_Target,Not_Target,Not_Target
echi9620.t1,Not_Target,Not_Target,Not_Target
echi9621.t1,Not_Target,Not_Target,Myosin_1
echi9622.t1,Not_Target,Not_Target,Not_Target
echi9623.t1,Not_Target,Myosin_57,Not_Target
echi9624.t1,Not_Target,Not_Target,Not_Target
echi9625.t1,Myosin_37,Not_Target,Myosin_5
echi9626.t1,Not_Target,Not_Target,Myosin_51
echi9627.t1,Not_Target,Not_Target,Not_Target
echi6021.t1,Myosin_20,Myosin_16,Myosin_51
echi6022.t1,Not_Target,Not_Target,Not_Target
echi5256.t1,Not_Target,Not_Target,Not_Target
echi5257.t1,Not_Target,Myosin_36,Not_Target
echi5258.t1,Not_Target,Not_Target,Not_Target
echi5259.t1,Myosin_19,Not_Target,Myosin_16
echi5260.t1,Myosin_16,Not_Target,Myosin_16
echi5261.t1,Not_Target,Not_Target,Not_Target
echi5262.t1,Myosin_2,Not_Target,Not_Target
echi5263.t1,Not_Target,Not_Target,Not_Target
echi5264.t1,Not_Target,Not_Target,Not_Target
echi5265.t1,Not_Target,Not_Target,Not_Target
echi200.t1,Not_Target,Not_Target,Not_Target
echi201.t1,Not_Target,Myosin_31,Not_Target
echi202.t1,Not_Target,Myosin_45,Myosin_8
echi203.t1,Not_Target,Not_Target,Not_Target
echi204.t1,Myosin_18,Myosin_6,Myosin_5
echi205.t1,Not_Target,Myosin_20,Not_Target
echi206.t1,Myosin_4,Myosin_4,Myosin_73
echi207.t1,Not_Target,Not_Target,Myosin_64
echi15938.t1,Myosin_18,Not_Target,Myosin_17
echi15939.t1,Myosin_18,Myosin_29,Myosin_16
echi15940.t1,Not_Target,Myosin_1,Myosin_1
echi15941.t1,Not_Target,Not_Target,Not_Target
echi15942.t1,Not_Target,Not_Target,Not_Target
echi15943.t1,Not_Target,Myosin_5,Not_Target
echi15944.t1,Not_Target,Not_Target,Not_Target
echi10764.t1,Myosin_27,Myosin_5,Not_Target
echi10765.t1,Myosin_18,Myosin_2,Myosin_10
echi10766.t1,Not_Target,Myosin_1,Not_Target
echi10767.t1,Not_Target,Not_Target,Not_Target
echi10768.t1,Not_Target,Not_Target,Myosin_51
echi10769.t1,Myosin_18,Myosin_2,Myosin_5
echi10770.t1,Myosin_45,Myosin_17,Not_Target
echi10771.t1,Not_Target,Myosin_8,Not_Target
echi10121.t1,Not_Target,Not_Target,Myosin_4
echi10122.t1,Not_Target,Not_Target,Not_Target
echi10123.t1,Not_Target,Not_Target,Not_Target
echi10124.t1,Not_Target,Not_Target,Not_Target
echi10125.t1,Myosin_18,Myosin_18,Myosin_16
echi10126.t1,Not_Target,Not_Target,Not_Target
echi10127.t1,Not_Target,Myosin_7,Not_Target
echi10128.t1,Not_Target,Not_Target,Not_Target
echi10129.t1,Not_Target,Not_Target,Not_Target
echi10130.t1,Myosin_37,Myosin_37,Not_Target
echi7754.t1,Not_Target,Not_Target,Not_Target
echi7755.t1,Myosin_64,Myosin_55,Not_Target
echi7756.t1,Myosin_19,Not_Target,Not_Target
echi7757.t1,Not_Target,Not_Target,Myosin_4
echi7758.t1,Myosin_17,Myosin_17,Myosin_17
echi7759.t1,Myosin_36,Myosin_17,Myosin_36
echi7760.t1,Not_Target,Not_Target,Not_Target
echi7761.t1,Myosin_1,Not_Target,Myosin_27
echi11955.t1,Not_Target,Not_Target,Not_Target
echi11956.t1,Myosin_22,Not_Target,Myosin_2
echi11957.t1,Not_Target,Not_Target,Not_Target
echi11958.t1,Not_Target,Myosin_17,Not_Target
echi11959.t1,Not_Target,Not_Target,Myosin_14
echi11960.t1,Not_Target,Not_Target,Myosin_14
echi11961.t1,Not_Target,Not_Target,Not_Target
echi15680.t1,Not_Target,Not_Target,Not_Target
echi15681.t1,Not_Target,Not_Target,Myosin_36
echi15682.t1,Myosin_20,Myosin_50,Myosin_8
echi15683.t1,Not_Target,Not_Target,Myosin_2
echi15684.t1,Not_Target,Not_Target,Not_Target
echi15685.t1,Not_Target,Not_Target,Not_Target
echi15686.t1,Not_Target,Not_Target,Not_Target
echi15687.t1,Not_Target,Not_Target,Not_Target
echi4996.t1,Not_Target,Not_Target,Not_Target
echi4997.t1,Not_Target,Myosin_16,Not_Target
echi4998.t1,Myosin_17,Not_Target,Myosin_2
echi4999.t1,Not_Target,Myosin_5,Not_Target
echi5000.t1,Myosin_36,Myosin_36,Myosin_22
echi5001.t1,Not_Target,Not_Target,Not_Target
echi5002.t1,Not_Target,Not_Target,Myosin_1
echi2088.t1,Not_Target,Not_Target,Not_Target
echi2089.t1,Not_Target,Not_Target,Myosin_3
echi2090.t1,Not_Target,Not_Target,Myosin_1
echi2091.t1,Myosin_1,Not_Target,Not_Target
echi2092.t1,Not_Target,Not_Target,Myosin_2
echi2093.t1,Not_Target,Myosin_17,Not_Target
echi2094.t1,Not_Target,Not_Target,Not_Target
echi2095.t1,Not_Target,Myosin_28,Not_Target
echi2096.t1,Myosin_26,Not_Target,Not_Target
echi2097.t1,Not_Target,Myosin_20,Not_Target
echi2098.t1,Not_Target,Not_Target,Not_Target
echi11422.t1,Not_Target,Not_Target,Myosin_23
echi11423.t1,Myosin_57,Myosin_57,Myosin_73
echi11424.t1,Myosin_45,Not_Target,Myosin_18
echi11425.t1,Myosin_45,Not_Target,Myosin_18
echi11426.t1,Myosin_57,Myosin_57,Myosin_73
echi11427.t1,Myosin_9,Myosin_5,Not_Target
echi11428.t1,Not_Target,Not_Target,Not_Target
echi11429.t1,Not_Target,Myosin_16,Not_Target
echi2644.t1,Not_Target,Not_Target,Not_Target
echi2645.t1,Not_Target,Not_Target,Not_Target
echi2646.t1,Not_Target,Not_Target,Not_Target
echi2647.t1,Not_Target,Myosin_1,Not_Target
echi2648.t1,Myosin_19,Myosin_19,Not_Target
echi2649.t1,Not_Target,Not_Target,Not_Target
echi2650.t1,Not_Target,Not_Target,Not_Target
echi2651.t1,Myosin_51,Myosin_70,Not_Target
echi1336.t1,Myosin_18,Myosin_18,Myosin_2
echi1337.t1,Not_Target,Not_Target,Not_Target
echi1338.t1,Myosin_1,Myosin_66,Myosin_1
echi1339.t1,Not_Target,Not_Target,Not_Target
echi1340.t1,Not_Target,Not_Target,Not_Target
echi1341.t1,Not_Target,Myosin_5,Not_Target
echi1342.t1,Not_Target,Not_Target,Not_Target
echi1343.t1,Not_Target,Not_Target,Not_Target
echi13866.t1,Myosin_3,Not_Target,Myosin_14
echi13867.t1,Not_Target,Not_Target,Not_Target
echi13868.t1,Not_Target,Not_Target,Not_Target
echi13869.t1,Myosin_1,Myosin_1,Myosin_30
echi13870.t1,Not_Target,Myosin_20,Myosin_23
echi13871.t1,Myosin_19,Not_Target,Not_Target
echi13872.t1,Not_Target,Not_Target,Myosin_1
echi13873.t1,Not_Target,Not_Target,Not_Target
echi13874.t1,Not_Target,Not_Target,Myosin_16
echi13875.t1,Not_Target,Not_Target,Myosin_42
echi13876.t1,Not_Target,Not_Target,Not_Target
echi13877.t1,Not_Target,Not_Target,Not_Target
echi13878.t1,Not_Target,Myosin_17,Not_Target
echi13879.t1,Not_Target,Not_Target,Not_Target
echi5011.t1,Not_Target,Not_Target,Not_Target
echi5012.t1,Myosin_18,Myosin_17,Myosin_39
echi5013.t1,Not_Target,Not_Target,Not_Target
echi5014.t1,Myosin_45,Not_Target,Not_Target
echi5015.t1,Not_Target,Not_Target,Not_Target
echi639.t1,Not_Target,Not_Target,Myosin_2
echi640.t1,Not_Target,Not_Target,Not_Target
echi641.t1,Not_Target,Not_Target,Not_Target
echi642.t1,Myosin_37,Not_Target,Myosin_20
echi643.t1,Not_Target,Not_Target,Not_Target
echi644.t1,Not_Target,Not_Target,Myosin_4
echi645.t1,Not_Target,Not_Target,Myosin_51
echi646.t1,Not_Target,Not_Target,Myosin_30
echi647.t1,Not_Target,Not_Target,Not_Target
echi648.t1,Myosin_3,Not_Target,Myosin_4
echi10328.t1,Not_Target,Not_Target,Myosin_5
echi10329.t1,Not_Target,Myosin_19,Not_Target
echi10330.t1,Not_Target,Not_Target,Not_Target
echi10331.t1,Not_Target,Not_Target,Not_Target
echi10332.t1,Not_Target,Not_Target,Not_Target
echi10333.t1,Not_Target,Not_Target,Not_Target
echi10334.t1,Not_Target,Not_Target,Myosin_2
echi10335.t1,Myosin_10,Not_Target,Not_Target
echi16046.t1,Not_Target,Not_Target,Not_Target
echi16047.t1,Not_Target,Not_Target,Not_Target
echi16048.t1,Myosin_17,Myosin_17,Myosin_17
echi16049.t1,Not_Target,Myosin_19,Myosin_19
echi16050.t1,Myosin_53,Not_Target,Myosin_20
echi16051.t1,Not_Target,Myosin_6,Not_Target
echi16052.t1,Not_Target,Not_Target,Not_Target
echi2521.t1,Not_Target,Not_Target,Not_Target
echi2522.t1,Not_Target,Not_Target,Not_Target
echi2523.t1,Not_Target,Myosin_23,Not_Target
echi2524.t1,Not_Target,Not_Target,Not_Target
echi2525.t1,Not_Target,Not_Target,Not_Target
echi2526.t1,Myosin_6,Myosin_6,Myosin_6
echi7128.t1,Not_Target,Myosin_5,Not_Target
echi7129.t1,Not_Target,Not_Target,Myosin_25
echi7130.t1,Myosin_45,Not_Target,Not_Target
echi7131.t1,Myosin_18,Myosin_18,Myosin_72
echi9792.t1,Not_Target,Not_Target,Not_Target
echi9793.t1,Not_Target,Not_Target,Not_Target
echi9794.t1,Not_Target,Not_Target,Myosin_36
echi9795.t1,Not_Target,Not_Target,Not_Target
echi9796.t1,Not_Target,Not_Target,Myosin_20
echi9797.t1,Not_Target,Not_Target,Not_Target
echi9798.t1,Not_Target,Not_Target,Not_Target
echi9799.t1,Not_Target,Not_Target,Not_Target
echi9800.t1,Not_Target,Myosin_1,Myosin_48
echi9801.t1,Not_Target,Not_Target,Not_Target
echi9802.t1,Not_Target,Not_Target,Myosin_4
echi9803.t1,Not_Target,Not_Target,Not_Target
echi14320.t1,Not_Target,Myosin_17,Not_Target
echi14321.t1,Not_Target,Not_Target,Myosin_51
echi14322.t1,Myosin_37,Myosin_57,Myosin_5
echi14323.t1,Not_Target,Not_Target,Not_Target
echi14324.t1,Not_Target,Not_Target,Not_Target
echi14325.t1,Not_Target,Not_Target,Not_Target
echi14326.t1,Not_Target,Not_Target,Myosin_8
echi14327.t1,Not_Target,Myosin_19,Not_Target
echi11670.t1,Not_Target,Not_Target,Not_Target
echi11671.t1,Myosin_15,Myosin_44,Myosin_15
echi11672.t1,Not_Target,Not_Target,Not_Target
echi4745.t1,Not_Target,Not_Target,Not_Target
echi4746.t1,Not_Target,Myosin_1,Not_Target
echi4747.t1,Myosin_18,Not_Target,Myosin_1
echi4748.t1,Not_Target,Myosin_3,Not_Target
echi4749.t1,Myosin_18,Myosin_18,Not_Target
echi4750.t1,Not_Target,Not_Target,Not_Target
echi4751.t1,Myosin_24,Not_Target,Myosin_20
echi4752.t1,Not_Target,Not_Target,Not_Target
echi4753.t1,Not_Target,Not_Target,Not_Target
echi4495.t1,Not_Target,Not_Target,Not_Target
echi4496.t1,Actin,Actin,Actin
echi4497.t1,Not_Target,Not_Target,Not_Target
echi4498.t1,Myosin_45,Myosin_16,Myosin_45
echi4499.t1,Myosin_2,Myosin_38,Not_Target
echi4500.t1,Not_Target,Not_Target,Not_Target
echi4501.t1,Not_Target,Not_Target,Not_Target
echi4502.t1,Myosin_2,Myosin_2,Myosin_2
echi4503.t1,Myosin_45,Not_Target,Myosin_18
echi4504.t1,Myosin_2,Myosin_2,Myosin_2
echi12994.t1,Not_Target,Myosin_26,Not_Target
echi12995.t1,Myosin_1,Myosin_1,Not_Target
echi12996.t1,Not_Target,Not_Target,Myosin_57
echi12997.t1,Not_Target,Not_Target,Not_Target
echi12998.t1,Not_Target,Not_Target,Not_Target
echi12999.t1,Myosin_5,Myosin_23,Myosin_5
echi13000.t1,Not_Target,Not_Target,Not_Target
echi17656.t1,Not_Target,Not_Target,Not_Target
echi17657.t1,Myosin_19,Myosin_37,Not_Target
echi17658.t1,Not_Target,Not_Target,Not_Target
echi17659.t1,Not_Target,Not_Target,Not_Target
echi17660.t1,Not_Target,Myosin_16,Not_Target
echi17661.t1,Not_Target,Not_Target,Myosin_3
echi17662.t1,Myosin_31,Not_Target,Not_Target
echi17663.t1,Not_Target,Not_Target,Not_Target
echi17664.t1,Not_Target,Not_Target,Not_Target
echi17665.t1,Not_Target,Not_Target,Not_Target
echi17666.t1,Myosin_3,Myosin_3,Myosin_73
echi17667.t1,Not_Target,Not_Target,Myosin_1
echi5761.t1,Myosin_57,Myosin_57,Myosin_28
echi5762.t1,Myosin_2,Not_Target,Myosin_2
echi5763.t1,Not_Target,Not_Target,Myosin_18
echi5764.t1,Myosin_23,Myosin_26,Myosin_31
echi13140.t1,Not_Target,Not_Target,Not_Target
echi13141.t1,Not_Target,Not_Target,Not_Target
echi13142.t1,Myosin_5,Myosin_5,Myosin_5
echi13143.t1,Not_Target,Not_Target,Myosin_16
echi13144.t1,Not_Target,Not_Target,Not_Target
echi13145.t1,Not_Target,Not_Target,Not_Target
echi3550.t1,Myosin_23,Myosin_5,Myosin_5
echi3551.t1,Not_Target,Not_Target,Not_Target
echi3552.t1,Not_Target,Myosin_18,Not_Target
echi3553.t1,Myosin_15,Myosin_15,Myosin_6
echi3554.t1,Not_Target,Not_Target,Myosin_73
echi3555.t1,Not_Target,Not_Target,Not_Target
echi16327.t1,Myosin_20,Not_Target,Not_Target
echi16328.t1,Myosin_20,Not_Target,Not_Target
echi16329.t1,Not_Target,Not_Target,Not_Target
echi16330.t1,Not_Target,Not_Target,Not_Target
echi16331.t1,Not_Target,Not_Target,Not_Target
echi16332.t1,Not_Target,Not_Target,Not_Target
echi16333.t1,Myosin_30,Myosin_17,Myosin_30
echi16334.t1,Not_Target,Myosin_17,Myosin_19
echi16335.t1,Not_Target,Not_Target,Not_Target
echi16336.t1,Not_Target,Myosin_26,Not_Target
echi16337.t1,Myosin_5,Myosin_5,Not_Target
echi16338.t1,Not_Target,Not_Target,Myosin_20
echi11996.t1,Not_Target,Not_Target,Not_Target
echi11997.t1,Not_Target,Not_Target,Not_Target
echi11998.t1,Not_Target,Not_Target,Myosin_1
echi11999.t1,Not_Target,Not_Target,Not_Target
echi12000.t1,Not_Target,Not_Target,Not_Target
echi12001.t1,Not_Target,Myosin_1,Myosin_37
echi12002.t1,Myosin_6,Myosin_6,Myosin_5
echi12003.t1,Not_Target,Not_Target,Not_Target
echi12004.t1,Not_Target,Not_Target,Not_Target
echi12005.t1,Myosin_18,Not_Target,Myosin_1
echi12006.t1,Not_Target,Not_Target,Not_Target
echi3651.t1,Myosin_19,Not_Target,Myosin_2
echi3652.t1,Not_Target,Not_Target,Not_Target
echi3653.t1,Myosin_45,Myosin_16,Myosin_18
echi3654.t1,Not_Target,Not_Target,Not_Target
echi3655.t1,Myosin_45,Not_Target,Myosin_16
echi370.t1,Not_Target,Not_Target,Not_Target
echi371.t1,Myosin_19,Myosin_1,Myosin_1
echi372.t1,Not_Target,Not_Target,Not_Target
echi373.t1,Not_Target,Not_Target,Not_Target
echi374.t1,Myosin_19,Myosin_1,Myosin_1
echi375.t1,Not_Target,Not_Target,Not_Target
echi376.t1,Not_Target,Not_Target,Myosin_4
echi377.t1,Not_Target,Not_Target,Myosin_57
echi378.t1,Not_Target,Not_Target,Not_Target
echi379.t1,Not_Target,Not_Target,Not_Target
echi380.t1,Not_Target,Not_Target,Myosin_71
echi14048.t1,Myosin_8,Myosin_8,Not_Target
echi14049.t1,Not_Target,Myosin_57,Not_Target
echi14050.t1,Not_Target,Not_Target,Myosin_54
echi14051.t1,Not_Target,Not_Target,Not_Target
echi14052.t1,Not_Target,Myosin_16,Not_Target
echi14053.t1,Myosin_45,Not_Target,Myosin_24
echi14054.t1,Not_Target,Not_Target,Not_Target
echi14055.t1,Not_Target,Not_Target,Not_Target
echi16069.t1,Not_Target,Not_Target,Not_Target
echi16070.t1,Not_Target,Not_Target,Not_Target
echi16071.t1,Not_Target,Not_Target,Not_Target
echi16072.t1,Not_Target,Myosin_17,Not_Target
echi16073.t1,Not_Target,Not_Target,Not_Target
echi16074.t1,Not_Target,Not_Target,Not_Target
echi16075.t1,Not_Target,Not_Target,Not_Target
echi16076.t1,Myosin_26,Not_Target,Myosin_24
echi16077.t1,Myosin_26,Not_Target,Not_Target
echi16078.t1,Myosin_36,Myosin_17,Myosin_17
echi16079.t1,Not_Target,Not_Target,Not_Target
echi16080.t1,Not_Target,Not_Target,Not_Target
echi6303.t1,Not_Target,Not_Target,Not_Target
echi6304.t1,Not_Target,Not_Target,Not_Target
echi6305.t1,Not_Target,Not_Target,Not_Target
echi6306.t1,Myosin_18,Not_Target,Not_Target
echi6307.t1,Myosin_15,Myosin_66,Myosin_22
echi6308.t1,Myosin_1,Myosin_64,Myosin_5
echi6309.t1,Not_Target,Myosin_37,Not_Target
echi6310.t1,Not_Target,Not_Target,Not_Target
echi6311.t1,Not_Target,Myosin_19,Not_Target
echi6312.t1,Not_Target,Not_Target,Not_Target
echi17766.t1,Not_Target,Not_Target,Not_Target
echi17767.t1,Not_Target,Not_Target,Myosin_40
echi17768.t1,Myosin_45,Myosin_16,Not_Target
echi17769.t1,Not_Target,Not_Target,Not_Target
echi17770.t1,Myosin_30,Myosin_5,Myosin_59
echi17771.t1,Not_Target,Not_Target,Myosin_1
echi17772.t1,Not_Target,Not_Target,Not_Target
echi6091.t1,Not_Target,Not_Target,Myosin_5
echi6092.t1,Not_Target,Not_Target,Not_Target
echi6093.t1,Not_Target,Not_Target,Not_Target
echi6094.t1,Not_Target,Not_Target,Not_Target
echi6095.t1,Myosin_19,Not_Target,Myosin_8
echi6096.t1,Not_Target,Not_Target,Not_Target
echi6097.t1,Myosin_9,Myosin_5,Myosin_19
echi6098.t1,Not_Target,Not_Target,Not_Target
echi9096.t1,Not_Target,Not_Target,Not_Target
echi9097.t1,Not_Target,Not_Target,Not_Target
echi9098.t1,Not_Target,Myosin_18,Myosin_18
echi9099.t1,Myosin_45,Myosin_11,Not_Target
echi9100.t1,Myosin_64,Myosin_45,Myosin_30
echi9101.t1,Not_Target,Not_Target,Not_Target
echi9102.t1,Not_Target,Not_Target,Not_Target
echi9103.t1,Not_Target,Not_Target,Not_Target
echi9104.t1,Myosin_51,Myosin_22,Myosin_5
echi9105.t1,Not_Target,Not_Target,Not_Target
echi8402.t1,Myosin_45,Myosin_45,Myosin_26
echi8403.t1,Not_Target,Not_Target,Not_Target
echi8404.t1,Not_Target,Not_Target,Not_Target
echi8405.t1,Not_Target,Not_Target,Not_Target
echi8406.t1,Not_Target,Not_Target,Not_Target
echi8407.t1,Not_Target,Not_Target,Not_Target
echi8408.t1,Not_Target,Not_Target,Not_Target
echi8409.t1,Not_Target,Not_Target,Not_Target
echi8410.t1,Myosin_20,Myosin_16,Myosin_18
echi8411.t1,Not_Target,Not_Target,Not_Target
echi17511.t1,Not_Target,Not_Target,Not_Target
echi17512.t1,Myosin_17,Not_Target,Not_Target
echi17513.t1,Not_Target,Not_Target,Not_Target
echi17514.t1,Not_Target,Not_Target,Not_Target
echi17515.t1,Not_Target,Myosin_19,Myosin_36
echi17516.t1,Myosin_45,Not_Target,Myosin_3
echi17517.t1,Not_Target,Not_Target,Not_Target
echi17518.t1,Not_Target,Not_Target,Not_Target
echi17519.t1,Not_Target,Not_Target,Not_Target
echi3436.t1,Not_Target,Not_Target,Myosin_1
echi3437.t1,Not_Target,Not_Target,Not_Target
echi3438.t1,Not_Target,Not_Target,Not_Target
echi3439.t1,Myosin_1,Not_Target,Myosin_18
echi3440.t1,Myosin_23,Not_Target,Myosin_3
echi3441.t1,Not_Target,Not_Target,Not_Target
echi3442.t1,Not_Target,Not_Target,Myosin_34
echi3443.t1,Not_Target,Not_Target,Not_Target
echi16303.t1,Not_Target,Not_Target,Not_Target
echi16304.t1,Not_Target,Not_Target,Not_Target
echi16305.t1,Myosin_37,Myosin_22,Not_Target
echi16306.t1,Not_Target,Not_Target,Not_Target
echi16307.t1,Not_Target,Not_Target,Not_Target
echi16308.t1,Not_Target,Not_Target,Myosin_5
echi16309.t1,Not_Target,Not_Target,Not_Target
echi18253.t1,Not_Target,Not_Target,Not_Target
echi18254.t1,Myosin_30,Not_Target,Myosin_2
echi18255.t1,Not_Target,Not_Target,Not_Target
echi18256.t1,Myosin_23,Not_Target,Myosin_23
echi18257.t1,Myosin_45,Myosin_18,Not_Target
echi18258.t1,Not_Target,Not_Target,Not_Target
echi18259.t1,Not_Target,Not_Target,Not_Target
echi18260.t1,Not_Target,Not_Target,Not_Target
echi18261.t1,Not_Target,Myosin_57,Not_Target
echi18262.t1,Not_Target,Myosin_66,Not_Target
echi18263.t1,Not_Target,Not_Target,Not_Target
echi1165.t1,Not_Target,Not_Target,Not_Target
echi1166.t1,Not_Target,Not_Target,Not_Target
echi1167.t1,Not_Target,Not_Target,Not_Target
echi1168.t1,Myosin_8,Not_Target,Not_Target
echi1169.t1,Not_Target,Not_Target,Myosin_2
echi1170.t1,Not_Target,Not_Target,Myosin_1
echi1171.t1,Not_Target,Not_Target,Myosin_1
echi1172.t1,Not_Target,Not_Target,Myosin_1
echi1904.t1,Myosin_37,Not_Target,Myosin_69
echi1905.t1,Not_Target,Not_Target,Not_Target
echi1906.t1,Myosin_17,Myosin_17,Myosin_17
echi1907.t1,Not_Target,Not_Target,Not_Target
echi1908.t1,Not_Target,Not_Target,Myosin_4
echi1909.t1,Myosin_2,Not_Target,Myosin_2
echi1910.t1,Myosin_4,Not_Target,Myosin_6
echi209.t1,Myosin_19,Not_Target,Not_Target
echi210.t1,Not_Target,Not_Target,Myosin_31
echi211.t1,Not_Target,Not_Target,Myosin_30
echi212.t1,Not_Target,Not_Target,Not_Target
echi213.t1,Not_Target,Not_Target,Not_Target
echi214.t1,Not_Target,Not_Target,Not_Target
echi215.t1,Not_Target,Myosin_37,Not_Target
echi216.t1,Not_Target,Not_Target,Not_Target
echi217.t1,Not_Target,Myosin_51,Not_Target
echi14251.t1,Not_Target,Not_Target,Not_Target
echi14252.t1,Myosin_45,Myosin_45,Not_Target
echi14253.t1,Myosin_45,Myosin_45,Not_Target
echi14254.t1,Not_Target,Not_Target,Not_Target
echi14255.t1,Not_Target,Not_Target,Myosin_51
echi14256.t1,Myosin_37,Not_Target,Not_Target
echi14257.t1,Not_Target,Not_Target,Not_Target
echi14258.t1,Myosin_36,Myosin_17,Myosin_17
echi14259.t1,Not_Target,Not_Target,Myosin_20
echi10190.t1,Not_Target,Myosin_17,Not_Target
echi10191.t1,Not_Target,Not_Target,Myosin_4
echi10192.t1,Not_Target,Not_Target,Myosin_1
echi10193.t1,Myosin_4,Myosin_17,Myosin_4
echi14294.t1,Myosin_5,Not_Target,Myosin_5
echi14295.t1,Not_Target,Not_Target,Myosin_1
echi14296.t1,Not_Target,Not_Target,Not_Target
echi14297.t1,Not_Target,Not_Target,Myosin_20
echi14298.t1,Not_Target,Not_Target,Not_Target
echi14299.t1,Not_Target,Not_Target,Not_Target
echi14300.t1,Not_Target,Not_Target,Not_Target
echi14301.t1,Not_Target,Not_Target,Not_Target
echi706.t1,Not_Target,Not_Target,Not_Target
echi707.t1,Not_Target,Not_Target,Not_Target
echi708.t1,Myosin_9,Myosin_22,Myosin_22
echi709.t1,Not_Target,Myosin_8,Not_Target
echi710.t1,Myosin_8,Myosin_1,Not_Target
echi711.t1,Not_Target,Not_Target,Not_Target
echi712.t1,Myosin_51,Myosin_26,Myosin_3
echi10711.t1,Myosin_45,Myosin_16,Not_Target
echi10712.t1,Myosin_17,Myosin_17,Not_Target
echi10713.t1,Myosin_45,Not_Target,Not_Target
echi10714.t1,Myosin_9,Myosin_7,Myosin_37
echi10715.t1,Not_Target,Myosin_6,Not_Target
echi10716.t1,Not_Target,Not_Target,Not_Target
echi10717.t1,Myosin_17,Myosin_22,Myosin_22
echi17197.t1,Not_Target,Myosin_16,Myosin_1
echi17198.t1,Myosin_74,Myosin_74,Myosin_24
echi17199.t1,Myosin_26,Not_Target,Not_Target
echi17200.t1,Myosin_1,Not_Target,Myosin_1
echi17201.t1,Myosin_18,Not_Target,Not_Target
echi17202.t1,Myosin_18,Not_Target,Not_Target
echi17203.t1,Not_Target,Not_Target,Not_Target
echi17204.t1,Myosin_7,Myosin_7,Not_Target
echi17205.t1,Not_Target,Myosin_1,Not_Target
echi17206.t1,Not_Target,Not_Target,Myosin_19
echi4755.t1,Not_Target,Not_Target,Not_Target
echi4756.t1,Not_Target,Not_Target,Not_Target
echi4757.t1,Not_Target,Not_Target,Not_Target
echi4758.t1,Not_Target,Not_Target,Not_Target
echi4759.t1,Not_Target,Not_Target,Not_Target
echi4760.t1,Not_Target,Not_Target,Not_Target
echi4761.t1,Myosin_81,Myosin_81,Myosin_5
echi4762.t1,Not_Target,Not_Target,Myosin_5
echi4763.t1,Not_Target,Myosin_5,Not_Target
echi4764.t1,Not_Target,Not_Target,Not_Target
echi4765.t1,Not_Target,Not_Target,Not_Target
echi943.t1,Not_Target,Not_Target,Not_Target
echi944.t1,Not_Target,Not_Target,Not_Target
echi945.t1,Myosin_3,Myosin_3,Myosin_20
echi946.t1,Not_Target,Not_Target,Not_Target
echi947.t1,Not_Target,Not_Target,Not_Target
echi948.t1,Not_Target,Not_Target,Not_Target
echi949.t1,Not_Target,Myosin_17,Not_Target
echi950.t1,Not_Target,Not_Target,Not_Target
echi14668.t1,Not_Target,Not_Target,Not_Target
echi14669.t1,Myosin_18,Myosin_3,Myosin_18
echi14670.t1,Not_Target,Not_Target,Not_Target
echi14671.t1,Not_Target,Myosin_17,Myosin_5
echi14672.t1,Not_Target,Not_Target,Not_Target
echi14673.t1,Not_Target,Not_Target,Not_Target
echi16123.t1,Myosin_15,Myosin_15,Myosin_44
echi16124.t1,Not_Target,Not_Target,Not_Target
echi16125.t1,Not_Target,Not_Target,Not_Target
echi16126.t1,Not_Target,Not_Target,Not_Target
echi16127.t1,Not_Target,Myosin_1,Not_Target
echi2899.t1,Not_Target,Not_Target,Not_Target
echi2900.t1,Not_Target,Not_Target,Not_Target
echi2901.t1,Myosin_16,Myosin_16,Myosin_1
echi2902.t1,Not_Target,Not_Target,Myosin_3
echi2903.t1,Not_Target,Myosin_57,Not_Target
echi2904.t1,Not_Target,Not_Target,Not_Target
echi2905.t1,Not_Target,Not_Target,Not_Target
echi2906.t1,Not_Target,Not_Target,Myosin_20
echi2907.t1,Not_Target,Myosin_11,Myosin_8
echi14425.t1,Not_Target,Not_Target,Not_Target
echi14426.t1,Not_Target,Not_Target,Not_Target
echi14427.t1,Myosin_37,Myosin_57,Myosin_19
echi14428.t1,Not_Target,Not_Target,Not_Target
echi14429.t1,Not_Target,Not_Target,Not_Target
echi14430.t1,Not_Target,Not_Target,Not_Target
echi14431.t1,Not_Target,Myosin_19,Not_Target
echi14432.t1,Not_Target,Not_Target,Myosin_2
echi14433.t1,Not_Target,Not_Target,Not_Target
echi14434.t1,Not_Target,Not_Target,Not_Target
echi14435.t1,Not_Target,Not_Target,Not_Target
echi14436.t1,Not_Target,Not_Target,Not_Target
echi6413.t1,Not_Target,Not_Target,Not_Target
echi6414.t1,Not_Target,Not_Target,Not_Target
echi6415.t1,Not_Target,Not_Target,Not_Target
echi6416.t1,Not_Target,Not_Target,Myosin_17
echi6417.t1,Myosin_37,Myosin_37,Myosin_24
echi6418.t1,Not_Target,Not_Target,Not_Target
echi6419.t1,Not_Target,Myosin_5,Not_Target
echi6420.t1,Myosin_37,Myosin_37,Myosin_24
echi6421.t1,Not_Target,Not_Target,Not_Target
echi4589.t1,Not_Target,Myosin_16,Myosin_5
echi4590.t1,Not_Target,Not_Target,Myosin_5
echi4591.t1,Myosin_16,Not_Target,Myosin_16
echi4592.t1,Not_Target,Not_Target,Not_Target
echi4593.t1,Not_Target,Not_Target,Not_Target
echi4594.t1,Not_Target,Not_Target,Not_Target
echi4595.t1,Not_Target,Not_Target,Not_Target
echi11058.t1,Not_Target,Not_Target,Not_Target
echi11059.t1,Not_Target,Not_Target,Myosin_20
echi11060.t1,Not_Target,Not_Target,Not_Target
echi11061.t1,Not_Target,Not_Target,Not_Target
echi11062.t1,Myosin_51,Not_Target,Myosin_2
echi11063.t1,Not_Target,Not_Target,Not_Target
echi11064.t1,Myosin_71,Not_Target,Myosin_18
echi11065.t1,Not_Target,Not_Target,Not_Target
echi11066.t1,Not_Target,Not_Target,Not_Target
echi1804.t1,Not_Target,Not_Target,Not_Target
echi1805.t1,Myosin_19,Not_Target,Myosin_19
echi1806.t1,Not_Target,Not_Target,Not_Target
echi1807.t1,Myosin_19,Myosin_1,Not_Target
echi1808.t1,Myosin_2,Myosin_2,Not_Target
echi1809.t1,Not_Target,Not_Target,Myosin_23
echi18395.t1,Not_Target,Not_Target,Myosin_2
echi18396.t1,Not_Target,Not_Target,Myosin_3
echi18397.t1,Myosin_18,Myosin_18,Not_Target
echi18398.t1,Not_Target,Not_Target,Myosin_1
echi18399.t1,Myosin_16,Not_Target,Myosin_1
echi18400.t1,Not_Target,Not_Target,Not_Target
echi18401.t1,Not_Target,Not_Target,Not_Target
echi10050.t1,Myosin_30,Not_Target,Myosin_56
echi10051.t1,Myosin_37,Myosin_37,Myosin_2
echi10052.t1,Not_Target,Not_Target,Not_Target
echi10053.t1,Myosin_16,Not_Target,Myosin_45
echi10054.t1,Not_Target,Not_Target,Not_Target
echi10055.t1,Myosin_6,Not_Target,Not_Target
echi10056.t1,Not_Target,Not_Target,Not_Target
echi572.t1,Not_Target,Myosin_2,Not_Target
echi573.t1,Not_Target,Not_Target,Not_Target
echi574.t1,Myosin_16,Not_Target,Myosin_3
echi575.t1,Not_Target,Myosin_28,Not_Target
echi576.t1,Myosin_74,Not_Target,Not_Target
echi577.t1,Not_Target,Not_Target,Myosin_57
echi578.t1,Not_Target,Not_Target,Not_Target
echi579.t1,Not_Target,Not_Target,Not_Target
echi15714.t1,Not_Target,Not_Target,Not_Target
echi15715.t1,Not_Target,Not_Target,Not_Target
echi15716.t1,Myosin_23,Not_Target,Myosin_22
echi15717.t1,Myosin_17,Not_Target,Myosin_19
echi15718.t1,Not_Target,Not_Target,Not_Target
echi15719.t1,Not_Target,Not_Target,Myosin_40
echi15720.t1,Not_Target,Not_Target,Not_Target
echi6439.t1,Not_Target,Not_Target,Not_Target
echi6440.t1,Not_Target,Not_Target,Not_Target
echi6441.t1,Myosin_53,Not_Target,Myosin_1
echi6442.t1,Not_Target,Not_Target,Myosin_8
echi6443.t1,Not_Target,Not_Target,Myosin_23
echi6444.t1,Myosin_19,Myosin_16,Myosin_20
echi12215.t1,Not_Target,Not_Target,Not_Target
echi12216.t1,Myosin_26,Not_Target,Not_Target
echi12217.t1,Myosin_16,Not_Target,Myosin_18
echi12218.t1,Not_Target,Not_Target,Not_Target
echi12219.t1,Not_Target,Not_Target,Not_Target
echi12220.t1,Myosin_15,Myosin_24,Myosin_8
echi12221.t1,Not_Target,Not_Target,Myosin_1
echi7016.t1,Not_Target,Myosin_66,Not_Target
echi7017.t1,Not_Target,Not_Target,Not_Target
echi7018.t1,Myosin_45,Myosin_18,Not_Target
echi7019.t1,Myosin_45,Myosin_18,Not_Target
echi7020.t1,Not_Target,Not_Target,Not_Target
echi7021.t1,Not_Target,Not_Target,Myosin_5
echi1091.t1,Not_Target,Not_Target,Not_Target
echi1092.t1,Not_Target,Not_Target,Not_Target
echi1093.t1,Not_Target,Not_Target,Not_Target
echi1094.t1,Not_Target,Myosin_6,Not_Target
echi1095.t1,Not_Target,Not_Target,Not_Target
echi1096.t1,Not_Target,Not_Target,Not_Target
echi1097.t1,Myosin_17,Myosin_16,Myosin_16
echi1098.t1,Not_Target,Not_Target,Not_Target
echi1099.t1,Not_Target,Not_Target,Myosin_1
echi11533.t1,Myosin_82,Not_Target,Myosin_1
echi11534.t1,Not_Target,Not_Target,Myosin_24
echi11535.t1,Myosin_30,Not_Target,Not_Target
echi11536.t1,Not_Target,Not_Target,Not_Target
echi11537.t1,Not_Target,Not_Target,Not_Target
echi11538.t1,Not_Target,Myosin_25,Not_Target
echi11539.t1,Not_Target,Not_Target,Not_Target
echi11540.t1,Not_Target,Myosin_4,Not_Target
echi11541.t1,Not_Target,Not_Target,Not_Target
echi1700.t1,Not_Target,Not_Target,Myosin_20
echi1701.t1,Not_Target,Not_Target,Not_Target
echi1702.t1,Not_Target,Not_Target,Not_Target
echi1703.t1,Not_Target,Not_Target,Not_Target
echi1704.t1,Not_Target,Not_Target,Not_Target
echi1705.t1,Not_Target,Not_Target,Not_Target
echi1706.t1,Not_Target,Not_Target,Not_Target
echi1707.t1,Myosin_4,Myosin_23,Not_Target
echi1708.t1,Myosin_24,Not_Target,Not_Target
echi1709.t1,Myosin_4,Not_Target,Not_Target
echi1710.t1,Not_Target,Not_Target,Myosin_1
echi1418.t1,Not_Target,Not_Target,Not_Target
echi1419.t1,Myosin_17,Myosin_17,Not_Target
echi1420.t1,Not_Target,Not_Target,Not_Target
echi1421.t1,Not_Target,Not_Target,Myosin_81
echi1422.t1,Myosin_18,Myosin_18,Myosin_18
echi1423.t1,Not_Target,Not_Target,Not_Target
echi15784.t1,Not_Target,Myosin_1,Myosin_30
echi15785.t1,Not_Target,Not_Target,Not_Target
echi15786.t1,Not_Target,Not_Target,Myosin_5
echi15787.t1,Not_Target,Not_Target,Myosin_1
echi15788.t1,Myosin_17,Not_Target,Not_Target
echi15789.t1,Not_Target,Myosin_18,Myosin_57
echi15790.t1,Not_Target,Not_Target,Not_Target
echi15791.t1,Not_Target,Not_Target,Not_Target
echi15792.t1,Myosin_26,Not_Target,Not_Target
echi2653.t1,Myosin_26,Myosin_74,Myosin_30
echi2654.t1,Myosin_16,Myosin_16,Myosin_16
echi2655.t1,Myosin_17,Myosin_17,Myosin_17
echi2656.t1,Not_Target,Not_Target,Not_Target
echi2657.t1,Not_Target,Not_Target,Myosin_16
echi10336.t1,Not_Target,Not_Target,Not_Target
echi10337.t1,Myosin_3,Myosin_7,Myosin_7
echi10338.t1,Myosin_6,Myosin_6,Myosin_16
echi10339.t1,Not_Target,Not_Target,Not_Target
echi10340.t1,Not_Target,Not_Target,Not_Target
echi10341.t1,Myosin_36,Myosin_18,Myosin_30
echi10342.t1,Not_Target,Not_Target,Myosin_4
echi17755.t1,Not_Target,Not_Target,Not_Target
echi17756.t1,Not_Target,Not_Target,Not_Target
echi17757.t1,Not_Target,Not_Target,Not_Target
echi17758.t1,Myosin_17,Not_Target,Not_Target
echi17759.t1,Not_Target,Not_Target,Not_Target
echi17760.t1,Not_Target,Not_Target,Not_Target
echi17761.t1,Not_Target,Not_Target,Not_Target
echi17762.t1,Not_Target,Not_Target,Not_Target
echi17763.t1,Not_Target,Not_Target,Myosin_19
echi17764.t1,Myosin_15,Myosin_15,Myosin_7
echi17765.t1,Not_Target,Not_Target,Myosin_62
echi13809.t1,Not_Target,Not_Target,Not_Target
echi13810.t1,Not_Target,Not_Target,Not_Target
echi13811.t1,Not_Target,Not_Target,Not_Target
echi13812.t1,Myosin_1,Not_Target,Myosin_57
echi13813.t1,Not_Target,Not_Target,Not_Target
echi13814.t1,Not_Target,Not_Target,Not_Target
echi13815.t1,Not_Target,Myosin_66,Not_Target
echi13816.t1,Not_Target,Myosin_19,Myosin_80
echi9592.t1,Not_Target,Not_Target,Not_Target
echi9593.t1,Not_Target,Not_Target,Not_Target
echi9594.t1,Myosin_2,Myosin_2,Myosin_2
echi9595.t1,Not_Target,Not_Target,Not_Target
echi9596.t1,Not_Target,Not_Target,Not_Target
echi9597.t1,Myosin_1,Myosin_1,Not_Target
echi9598.t1,Not_Target,Not_Target,Myosin_53
echi9599.t1,Myosin_57,Myosin_57,Not_Target
echi9600.t1,Not_Target,Not_Target,Not_Target
echi9601.t1,Myosin_45,Not_Target,Not_Target
echi9602.t1,Not_Target,Not_Target,Not_Target
echi2258.t1,Not_Target,Myosin_8,Not_Target
echi2259.t1,Not_Target,Not_Target,Not_Target
echi2260.t1,Not_Target,Not_Target,Myosin_8
echi2261.t1,Myosin_3,Not_Target,Myosin_51
echi2262.t1,Not_Target,Not_Target,Not_Target
echi2263.t1,Not_Target,Not_Target,Not_Target
echi2510.t1,Not_Target,Not_Target,Not_Target
echi2511.t1,Not_Target,Not_Target,Not_Target
echi2512.t1,Not_Target,Not_Target,Not_Target
echi2513.t1,Not_Target,Not_Target,Myosin_1
echi2514.t1,Not_Target,Not_Target,Not_Target
echi2515.t1,Not_Target,Myosin_20,Not_Target
echi2516.t1,Not_Target,Not_Target,Not_Target
echi2517.t1,Not_Target,Not_Target,Not_Target
echi2518.t1,Not_Target,Not_Target,Myosin_51
echi9162.t1,Not_Target,Not_Target,Not_Target
echi9163.t1,Myosin_37,Not_Target,Not_Target
echi9164.t1,Not_Target,Not_Target,Not_Target
echi9165.t1,Not_Target,Not_Target,Not_Target
echi9166.t1,Not_Target,Not_Target,Not_Target
echi9167.t1,Not_Target,Myosin_6,Not_Target
echi9168.t1,Not_Target,Myosin_18,Not_Target
echi9169.t1,Not_Target,Not_Target,Not_Target
echi9170.t1,Not_Target,Myosin_36,Not_Target
echi9171.t1,Not_Target,Not_Target,Not_Target
echi10042.t1,Myosin_17,Myosin_22,Myosin_37
echi10043.t1,Not_Target,Not_Target,Myosin_2
echi10044.t1,Myosin_30,Not_Target,Myosin_30
echi10045.t1,Myosin_30,Not_Target,Myosin_30
echi10046.t1,Not_Target,Myosin_1,Not_Target
echi10047.t1,Myosin_81,Not_Target,Myosin_1
echi10048.t1,Not_Target,Myosin_18,Not_Target
echi15795.t1,Not_Target,Not_Target,Not_Target
echi15796.t1,Not_Target,Not_Target,Myosin_30
echi15797.t1,Myosin_15,Myosin_15,Myosin_15
echi15798.t1,Not_Target,Not_Target,Not_Target
echi16939.t1,Myosin_19,Myosin_19,Not_Target
echi16940.t1,Myosin_26,Not_Target,Not_Target
echi16941.t1,Not_Target,Not_Target,Myosin_36
echi16942.t1,Myosin_2,Not_Target,Not_Target
echi16943.t1,Not_Target,Not_Target,Not_Target
echi16944.t1,Not_Target,Not_Target,Not_Target
echi16945.t1,Not_Target,Not_Target,Not_Target
echi16874.t1,Not_Target,Not_Target,Not_Target
echi16875.t1,Not_Target,Not_Target,Not_Target
echi16876.t1,Not_Target,Not_Target,Not_Target
echi16877.t1,Not_Target,Myosin_5,Not_Target
echi16878.t1,Not_Target,Not_Target,Not_Target
echi16879.t1,Myosin_5,Myosin_5,Not_Target
echi16880.t1,Not_Target,Not_Target,Not_Target
echi3050.t1,Not_Target,Not_Target,Not_Target
echi3051.t1,Myosin_24,Not_Target,Myosin_3
echi3052.t1,Not_Target,Not_Target,Not_Target
echi3053.t1,Not_Target,Not_Target,Not_Target
echi3054.t1,Not_Target,Myosin_57,Not_Target
echi3055.t1,Not_Target,Not_Target,Myosin_3
echi3056.t1,Not_Target,Not_Target,Not_Target
echi3057.t1,Not_Target,Not_Target,Not_Target
echi3918.t1,Not_Target,Myosin_4,Myosin_4
echi3919.t1,Not_Target,Myosin_51,Not_Target
echi3920.t1,Not_Target,Not_Target,Not_Target
echi3921.t1,Not_Target,Not_Target,Myosin_1
echi3922.t1,Not_Target,Not_Target,Not_Target
echi3923.t1,Myosin_46,Myosin_22,Myosin_5
echi3924.t1,Not_Target,Not_Target,Myosin_20
echi3925.t1,Not_Target,Not_Target,Not_Target
echi3926.t1,Not_Target,Myosin_26,Not_Target
echi6629.t1,Not_Target,Not_Target,Not_Target
echi6630.t1,Not_Target,Not_Target,Not_Target
echi6631.t1,Not_Target,Not_Target,Not_Target
echi6632.t1,Not_Target,Not_Target,Not_Target
echi6633.t1,Not_Target,Not_Target,Myosin_7
echi6634.t1,Not_Target,Not_Target,Not_Target
echi6635.t1,Not_Target,Myosin_2,Not_Target
echi6376.t1,Not_Target,Not_Target,Not_Target
echi6377.t1,Not_Target,Not_Target,Not_Target
echi6378.t1,Not_Target,Not_Target,Myosin_23
echi6379.t1,Not_Target,Not_Target,Not_Target
echi6380.t1,Myosin_1,Myosin_4,Not_Target
echi6381.t1,Not_Target,Not_Target,Not_Target
echi6382.t1,Not_Target,Not_Target,Myosin_8
echi6383.t1,Not_Target,Not_Target,Not_Target
echi6384.t1,Not_Target,Not_Target,Not_Target
echi6385.t1,Not_Target,Not_Target,Not_Target
echi6386.t1,Not_Target,Not_Target,Not_Target
echi9451.t1,Not_Target,Not_Target,Myosin_17
echi9452.t1,Not_Target,Not_Target,Not_Target
echi9453.t1,Not_Target,Not_Target,Not_Target
echi9454.t1,Not_Target,Myosin_19,Not_Target
echi9455.t1,Myosin_17,Not_Target,Myosin_36
echi9456.t1,Not_Target,Not_Target,Not_Target
echi9457.t1,Not_Target,Not_Target,Myosin_28
echi9458.t1,Not_Target,Not_Target,Not_Target
echi18272.t1,Myosin_57,Myosin_57,Not_Target
echi18273.t1,Not_Target,Not_Target,Not_Target
echi18274.t1,Not_Target,Not_Target,Not_Target
echi18275.t1,Not_Target,Not_Target,Not_Target
echi18276.t1,Not_Target,Myosin_5,Not_Target
echi18277.t1,Not_Target,Not_Target,Not_Target
echi18278.t1,Myosin_8,Not_Target,Not_Target
echi18279.t1,Not_Target,Not_Target,Not_Target
echi18280.t1,Not_Target,Not_Target,Not_Target
echi18281.t1,Not_Target,Not_Target,Not_Target
echi18282.t1,Not_Target,Not_Target,Not_Target
echi18283.t1,Not_Target,Not_Target,Not_Target
echi18284.t1,Not_Target,Not_Target,Not_Target
echi11287.t1,Not_Target,Not_Target,Not_Target
echi11288.t1,Not_Target,Not_Target,Not_Target
echi11289.t1,Not_Target,Not_Target,Not_Target
echi11290.t1,Myosin_17,Not_Target,Myosin_30
echi11291.t1,Myosin_36,Myosin_5,Myosin_57
echi11292.t1,Not_Target,Not_Target,Not_Target
echi11293.t1,Myosin_36,Not_Target,Myosin_19
echi914.t1,Myosin_17,Myosin_17,Myosin_17
echi915.t1,Myosin_15,Myosin_15,Myosin_15
echi916.t1,Not_Target,Not_Target,Not_Target
echi1867.t1,Not_Target,Not_Target,Not_Target
echi1868.t1,Not_Target,Not_Target,Not_Target
echi1869.t1,Not_Target,Myosin_2,Not_Target
echi1870.t1,Not_Target,Not_Target,Not_Target
echi1871.t1,Not_Target,Not_Target,Myosin_2
echi1872.t1,Not_Target,Not_Target,Not_Target
echi1873.t1,Not_Target,Not_Target,Not_Target
echi1874.t1,Not_Target,Not_Target,Not_Target
echi1875.t1,Not_Target,Not_Target,Not_Target
echi1876.t1,Myosin_5,Myosin_26,Not_Target
echi1877.t1,Not_Target,Not_Target,Not_Target
echi1878.t1,Not_Target,Not_Target,Not_Target
echi6277.t1,Not_Target,Not_Target,Not_Target
echi6278.t1,Not_Target,Myosin_1,Not_Target
echi6279.t1,Myosin_37,Not_Target,Myosin_69
echi6280.t1,Myosin_18,Not_Target,Not_Target
echi6281.t1,Not_Target,Not_Target,Not_Target
echi6282.t1,Not_Target,Not_Target,Not_Target
echi6283.t1,Myosin_2,Not_Target,Not_Target
echi6284.t1,Myosin_2,Not_Target,Not_Target
echi8084.t1,Not_Target,Not_Target,Not_Target
echi8085.t1,Not_Target,Not_Target,Not_Target
echi8086.t1,Myosin_20,Myosin_44,Myosin_30
echi8087.t1,Not_Target,Not_Target,Not_Target
echi8088.t1,Not_Target,Myosin_1,Not_Target
echi8089.t1,Not_Target,Myosin_4,Not_Target
echi8090.t1,Not_Target,Myosin_5,Not_Target
echi8091.t1,Myosin_31,Myosin_23,Not_Target
echi8092.t1,Myosin_45,Not_Target,Myosin_11
echi8093.t1,Not_Target,Not_Target,Not_Target
echi8094.t1,Not_Target,Not_Target,Not_Target
echi8095.t1,Myosin_45,Not_Target,Myosin_11
echi8096.t1,Not_Target,Myosin_5,Not_Target
echi6965.t1,Not_Target,Myosin_19,Not_Target
echi6966.t1,Not_Target,Not_Target,Myosin_72
echi6967.t1,Not_Target,Myosin_1,Not_Target
echi6968.t1,Not_Target,Myosin_10,Myosin_1
echi6969.t1,Not_Target,Not_Target,Myosin_24
echi6970.t1,Not_Target,Not_Target,Myosin_5
echi6971.t1,Myosin_20,Not_Target,Myosin_5
echi14080.t1,Myosin_20,Not_Target,Myosin_20
echi14081.t1,Not_Target,Not_Target,Not_Target
echi14082.t1,Not_Target,Not_Target,Not_Target
echi14083.t1,Myosin_3,Myosin_3,Myosin_3
echi10159.t1,Not_Target,Not_Target,Myosin_1
echi10160.t1,Myosin_3,Myosin_3,Myosin_4
echi10161.t1,Not_Target,Not_Target,Myosin_3
echi10162.t1,Myosin_19,Myosin_3,Myosin_5
echi17.t1,Myosin_19,Myosin_19,Not_Target
echi18.t1,Myosin_71,Not_Target,Myosin_14
echi19.t1,Not_Target,Myosin_1,Not_Target
echi20.t1,Not_Target,Not_Target,Not_Target
echi21.t1,Not_Target,Not_Target,Myosin_1
echi22.t1,Myosin_18,Not_Target,Myosin_37
echi23.t1,Not_Target,Not_Target,Not_Target
echi24.t1,Not_Target,Myosin_17,Not_Target
echi10744.t1,Not_Target,Not_Target,Not_Target
echi10745.t1,Not_Target,Not_Target,Not_Target
echi10746.t1,Myosin_45,Myosin_16,Not_Target
echi10747.t1,Myosin_1,Not_Target,Not_Target
echi10748.t1,Myosin_17,Myosin_3,Myosin_25
echi10749.t1,Not_Target,Not_Target,Not_Target
echi10750.t1,Not_Target,Not_Target,Not_Target
echi10751.t1,Myosin_45,Myosin_18,Myosin_11
echi10344.t1,Not_Target,Not_Target,Not_Target
echi5106.t1,Not_Target,Not_Target,Myosin_30
echi5107.t1,Not_Target,Not_Target,Not_Target
echi5108.t1,Not_Target,Not_Target,Not_Target
echi5109.t1,Myosin_51,Not_Target,Myosin_51
echi5110.t1,Not_Target,Not_Target,Not_Target
echi5111.t1,Not_Target,Myosin_5,Not_Target
echi5112.t1,Not_Target,Not_Target,Not_Target
echi5113.t1,Not_Target,Not_Target,Not_Target
echi1856.t1,Not_Target,Not_Target,Not_Target
echi1857.t1,Not_Target,Myosin_18,Not_Target
echi1858.t1,Not_Target,Not_Target,Not_Target
echi1859.t1,Myosin_26,Not_Target,Not_Target
echi1860.t1,Not_Target,Not_Target,Not_Target
echi1861.t1,Not_Target,Not_Target,Not_Target
echi1862.t1,Not_Target,Myosin_81,Not_Target
echi1863.t1,Myosin_18,Not_Target,Myosin_10
echi1864.t1,Not_Target,Not_Target,Not_Target
echi5872.t1,Myosin_3,Myosin_3,Myosin_16
echi5873.t1,Myosin_45,Not_Target,Not_Target
echi5874.t1,Not_Target,Not_Target,Not_Target
echi5875.t1,Not_Target,Myosin_17,Not_Target
echi5876.t1,Not_Target,Not_Target,Not_Target
echi5877.t1,Not_Target,Not_Target,Not_Target
echi17063.t1,Not_Target,Myosin_1,Not_Target
echi17064.t1,Myosin_57,Myosin_57,Myosin_16
echi17065.t1,Myosin_20,Myosin_16,Myosin_8
echi17066.t1,Not_Target,Not_Target,Myosin_16
echi17067.t1,Myosin_5,Not_Target,Myosin_1
echi17068.t1,Myosin_45,Not_Target,Not_Target
echi1914.t1,Not_Target,Not_Target,Myosin_20
echi1915.t1,Not_Target,Not_Target,Not_Target
echi1916.t1,Not_Target,Not_Target,Not_Target
echi1917.t1,Not_Target,Myosin_19,Not_Target
echi1918.t1,Not_Target,Not_Target,Not_Target
echi1919.t1,Not_Target,Not_Target,Not_Target
echi1920.t1,Not_Target,Not_Target,Not_Target
echi1921.t1,Not_Target,Not_Target,Not_Target
echi1922.t1,Not_Target,Myosin_5,Not_Target
echi1923.t1,Not_Target,Not_Target,Not_Target
echi1924.t1,Myosin_19,Myosin_19,Myosin_1
echi11879.t1,Not_Target,Not_Target,Not_Target
echi11880.t1,Myosin_1,Myosin_46,Myosin_57
echi11881.t1,Not_Target,Not_Target,Not_Target
echi11882.t1,Not_Target,Not_Target,Not_Target
echi11883.t1,Not_Target,Myosin_1,Not_Target
echi11884.t1,Not_Target,Not_Target,Not_Target
echi11885.t1,Not_Target,Not_Target,Not_Target
echi11635.t1,Myosin_15,Not_Target,Myosin_37
echi11636.t1,Myosin_16,Myosin_16,Myosin_17
echi11637.t1,Not_Target,Not_Target,Not_Target
echi15905.t1,Not_Target,Not_Target,Not_Target
echi15906.t1,Not_Target,Not_Target,Not_Target
echi15907.t1,Not_Target,Not_Target,Not_Target
echi15908.t1,Not_Target,Myosin_57,Myosin_19
echi7970.t1,Myosin_9,Myosin_9,Myosin_9
echi7971.t1,Not_Target,Myosin_26,Myosin_20
echi7972.t1,Not_Target,Not_Target,Not_Target
echi16281.t1,Not_Target,Not_Target,Myosin_4
echi16282.t1,Not_Target,Not_Target,Myosin_8
echi16283.t1,Myosin_45,Not_Target,Not_Target
echi16284.t1,Myosin_9,Myosin_22,Myosin_9
echi16285.t1,Not_Target,Not_Target,Not_Target
echi13327.t1,Not_Target,Not_Target,Not_Target
echi13328.t1,Not_Target,Not_Target,Not_Target
echi13329.t1,Not_Target,Not_Target,Not_Target
echi13330.t1,Myosin_27,Myosin_2,Not_Target
echi13331.t1,Myosin_81,Not_Target,Myosin_4
echi6189.t1,Myosin_19,Myosin_19,Myosin_19
echi6190.t1,Not_Target,Myosin_19,Myosin_4
echi6191.t1,Not_Target,Not_Target,Not_Target
echi6192.t1,Not_Target,Not_Target,Not_Target
echi6193.t1,Not_Target,Not_Target,Myosin_25
echi6194.t1,Not_Target,Not_Target,Not_Target
echi6195.t1,Not_Target,Not_Target,Myosin_57
echi6196.t1,Myosin_19,Myosin_19,Myosin_3
echi8976.t1,Not_Target,Myosin_17,Myosin_63
echi8977.t1,Myosin_19,Not_Target,Myosin_19
echi8978.t1,Not_Target,Myosin_1,Myosin_48
echi8979.t1,Myosin_19,Not_Target,Not_Target
echi8980.t1,Not_Target,Myosin_1,Not_Target
echi8981.t1,Not_Target,Not_Target,Not_Target
echi8982.t1,Not_Target,Not_Target,Not_Target
echi17582.t1,Myosin_6,Myosin_57,Not_Target
echi17583.t1,Not_Target,Not_Target,Not_Target
echi17584.t1,Not_Target,Not_Target,Not_Target
echi17585.t1,Not_Target,Not_Target,Not_Target
echi17586.t1,Not_Target,Not_Target,Myosin_8
echi17587.t1,Not_Target,Not_Target,Not_Target
echi17588.t1,Myosin_17,Not_Target,Not_Target
echi17589.t1,Not_Target,Not_Target,Myosin_3
echi17590.t1,Not_Target,Not_Target,Not_Target
echi17591.t1,Myosin_17,Not_Target,Not_Target
echi14497.t1,Not_Target,Myosin_19,Not_Target
echi14498.t1,Not_Target,Myosin_19,Not_Target
echi14499.t1,Myosin_22,Myosin_15,Myosin_18
echi14500.t1,Myosin_18,Not_Target,Not_Target
echi14501.t1,Not_Target,Not_Target,Not_Target
echi14502.t1,Not_Target,Not_Target,Not_Target
echi14503.t1,Myosin_74,Not_Target,Not_Target
echi8605.t1,Not_Target,Myosin_19,Not_Target
echi8606.t1,Not_Target,Not_Target,Not_Target
echi8607.t1,Not_Target,Not_Target,Myosin_2
echi8608.t1,Not_Target,Not_Target,Not_Target
echi8609.t1,Myosin_45,Myosin_26,Myosin_19
echi11410.t1,Not_Target,Not_Target,Not_Target
echi11411.t1,Not_Target,Not_Target,Not_Target
echi11412.t1,Myosin_45,Myosin_1,Myosin_64
echi11413.t1,Not_Target,Not_Target,Not_Target
echi11414.t1,Not_Target,Not_Target,Not_Target
echi11415.t1,Myosin_17,Myosin_17,Myosin_1
echi11416.t1,Not_Target,Not_Target,Not_Target
echi11417.t1,Not_Target,Not_Target,Not_Target
echi6037.t1,Myosin_18,Not_Target,Not_Target
echi6038.t1,Not_Target,Not_Target,Not_Target
echi6039.t1,Myosin_19,Not_Target,Myosin_16
echi6040.t1,Myosin_45,Not_Target,Not_Target
echi6041.t1,Not_Target,Not_Target,Not_Target
echi6042.t1,Not_Target,Myosin_15,Not_Target
echi6043.t1,Not_Target,Not_Target,Not_Target
echi6044.t1,Not_Target,Not_Target,Not_Target
echi6259.t1,Myosin_51,Not_Target,Myosin_9
echi6260.t1,Myosin_17,Not_Target,Myosin_42
echi6261.t1,Not_Target,Myosin_6,Not_Target
echi6262.t1,Myosin_17,Myosin_22,Myosin_63
echi2191.t1,Not_Target,Not_Target,Not_Target
echi2192.t1,Not_Target,Not_Target,Myosin_2
echi2193.t1,Not_Target,Myosin_2,Not_Target
echi2194.t1,Not_Target,Not_Target,Myosin_1
echi2195.t1,Not_Target,Not_Target,Not_Target
echi2196.t1,Myosin_45,Not_Target,Not_Target
echi2197.t1,Not_Target,Not_Target,Not_Target
echi2198.t1,Not_Target,Not_Target,Not_Target
echi2199.t1,Not_Target,Not_Target,Not_Target
echi2200.t1,Myosin_6,Not_Target,Not_Target
echi15180.t1,Not_Target,Not_Target,Not_Target
echi15181.t1,Myosin_31,Not_Target,Not_Target
echi15182.t1,Myosin_30,Myosin_5,Myosin_5
echi15183.t1,Not_Target,Myosin_1,Not_Target
echi15184.t1,Myosin_81,Myosin_1,Myosin_5
echi15185.t1,Not_Target,Not_Target,Not_Target
echi15186.t1,Not_Target,Not_Target,Not_Target
echi15187.t1,Not_Target,Myosin_5,Not_Target
echi15188.t1,Not_Target,Myosin_19,Not_Target
echi17713.t1,Not_Target,Myosin_5,Not_Target
echi17714.t1,Not_Target,Not_Target,Myosin_42
echi17715.t1,Not_Target,Not_Target,Not_Target
echi17716.t1,Not_Target,Not_Target,Not_Target
echi17717.t1,Myosin_45,Myosin_20,Myosin_10
echi17718.t1,Not_Target,Not_Target,Not_Target
echi17719.t1,Not_Target,Not_Target,Not_Target
echi17720.t1,Not_Target,Not_Target,Not_Target
echi17097.t1,Not_Target,Not_Target,Not_Target
echi17098.t1,Not_Target,Not_Target,Not_Target
echi17099.t1,Myosin_3,Not_Target,Myosin_4
echi17100.t1,Myosin_23,Not_Target,Myosin_57
echi17101.t1,Not_Target,Not_Target,Not_Target
echi17102.t1,Not_Target,Myosin_5,Not_Target
echi18231.t1,Not_Target,Not_Target,Not_Target
echi18232.t1,Not_Target,Not_Target,Myosin_20
echi18233.t1,Not_Target,Not_Target,Not_Target
echi18234.t1,Myosin_23,Myosin_5,Myosin_1
echi18235.t1,Not_Target,Not_Target,Not_Target
echi18236.t1,Not_Target,Not_Target,Not_Target
echi18237.t1,Not_Target,Not_Target,Not_Target
echi18238.t1,Not_Target,Not_Target,Not_Target
echi18239.t1,Myosin_26,Not_Target,Not_Target
echi18240.t1,Not_Target,Not_Target,Myosin_4
echi7283.t1,Not_Target,Not_Target,Not_Target
echi7284.t1,Not_Target,Not_Target,Myosin_10
echi7285.t1,Not_Target,Not_Target,Not_Target
echi7286.t1,Not_Target,Not_Target,Myosin_43
echi7287.t1,Not_Target,Myosin_17,Not_Target
echi7288.t1,Not_Target,Not_Target,Not_Target
echi7289.t1,Not_Target,Myosin_14,Myosin_14
echi7290.t1,Not_Target,Not_Target,Not_Target
echi7291.t1,Myosin_57,Not_Target,Myosin_8
echi7292.t1,Not_Target,Not_Target,Not_Target
echi267.t1,Not_Target,Not_Target,Not_Target
echi268.t1,Not_Target,Not_Target,Myosin_36
echi269.t1,Myosin_30,Not_Target,Not_Target
echi270.t1,Not_Target,Not_Target,Not_Target
echi271.t1,Myosin_18,Not_Target,Not_Target
echi272.t1,Myosin_2,Not_Target,Not_Target
echi273.t1,Not_Target,Not_Target,Not_Target
echi2108.t1,Myosin_45,Myosin_17,Not_Target
echi2109.t1,Myosin_15,Myosin_3,Myosin_5
echi2110.t1,Myosin_51,Not_Target,Not_Target
echi2111.t1,Not_Target,Not_Target,Not_Target
echi2112.t1,Myosin_6,Not_Target,Myosin_3
echi7302.t1,Not_Target,Not_Target,Not_Target
echi7303.t1,Not_Target,Not_Target,Not_Target
echi7304.t1,Not_Target,Not_Target,Not_Target
echi7305.t1,Not_Target,Not_Target,Myosin_73
echi7306.t1,Not_Target,Not_Target,Myosin_36
echi7307.t1,Not_Target,Not_Target,Myosin_61
echi7308.t1,Not_Target,Not_Target,Not_Target
echi7309.t1,Not_Target,Not_Target,Not_Target
echi7310.t1,Not_Target,Not_Target,Myosin_57
echi7311.t1,Myosin_1,Myosin_1,Myosin_2
echi7220.t1,Myosin_15,Myosin_15,Myosin_3
echi7221.t1,Not_Target,Not_Target,Not_Target
echi7222.t1,Myosin_23,Myosin_7,Myosin_17
echi2080.t1,Not_Target,Myosin_26,Myosin_1
echi2081.t1,Myosin_45,Not_Target,Myosin_18
echi2082.t1,Myosin_45,Not_Target,Myosin_45
echi15361.t1,Not_Target,Myosin_2,Not_Target
echi15362.t1,Not_Target,Not_Target,Not_Target
echi15363.t1,Not_Target,Not_Target,Not_Target
echi15364.t1,Not_Target,Not_Target,Not_Target
echi15365.t1,Myosin_51,Not_Target,Myosin_5
echi15366.t1,Not_Target,Not_Target,Not_Target
echi15367.t1,Not_Target,Myosin_26,Not_Target
echi15368.t1,Not_Target,Not_Target,Not_Target
echi15369.t1,Myosin_51,Myosin_6,Myosin_64
echi13829.t1,Myosin_37,Myosin_1,Myosin_4
echi13830.t1,Not_Target,Myosin_57,Not_Target
echi13831.t1,Not_Target,Myosin_6,Not_Target
echi13832.t1,Myosin_9,Myosin_9,Myosin_46
echi13833.t1,Not_Target,Not_Target,Myosin_1
echi13834.t1,Not_Target,Myosin_1,Myosin_62
echi13835.t1,Not_Target,Not_Target,Not_Target
echi4818.t1,Myosin_3,Myosin_2,Myosin_9
echi4819.t1,Not_Target,Not_Target,Not_Target
echi4820.t1,Not_Target,Not_Target,Not_Target
echi4821.t1,Myosin_18,Myosin_29,Myosin_57
echi4822.t1,Not_Target,Not_Target,Not_Target
echi4823.t1,Not_Target,Not_Target,Not_Target
echi4824.t1,Not_Target,Not_Target,Not_Target
echi4825.t1,Not_Target,Myosin_19,Myosin_5
echi2572.t1,Myosin_22,Myosin_22,Myosin_14
echi2573.t1,Not_Target,Not_Target,Not_Target
echi2574.t1,Not_Target,Not_Target,Not_Target
echi2575.t1,Not_Target,Not_Target,Not_Target
echi2576.t1,Not_Target,Not_Target,Myosin_64
echi2577.t1,Not_Target,Not_Target,Not_Target
echi2578.t1,Not_Target,Not_Target,Not_Target
echi2579.t1,Myosin_1,Myosin_1,Myosin_37
echi2580.t1,Not_Target,Not_Target,Not_Target
echi8758.t1,Not_Target,Not_Target,Not_Target
echi8759.t1,Myosin_20,Not_Target,Myosin_8
echi8760.t1,Not_Target,Not_Target,Not_Target
echi8761.t1,Not_Target,Not_Target,Not_Target
echi8762.t1,Not_Target,Myosin_20,Not_Target
echi8763.t1,Myosin_53,Myosin_17,Not_Target
echi3911.t1,Myosin_30,Not_Target,Not_Target
echi3912.t1,Not_Target,Not_Target,Myosin_5
echi3913.t1,Myosin_9,Myosin_9,Myosin_36
echi3914.t1,Not_Target,Not_Target,Not_Target
echi3915.t1,Not_Target,Not_Target,Not_Target
echi3916.t1,Not_Target,Myosin_1,Not_Target
echi3917.t1,Not_Target,Not_Target,Not_Target
echi2743.t1,Not_Target,Not_Target,Not_Target
echi2744.t1,Not_Target,Not_Target,Not_Target
echi2745.t1,Myosin_19,Not_Target,Not_Target
echi2746.t1,Not_Target,Not_Target,Not_Target
echi13617.t1,Not_Target,Not_Target,Not_Target
echi13618.t1,Not_Target,Not_Target,Myosin_28
echi13619.t1,Myosin_19,Not_Target,Myosin_73
echi13620.t1,Myosin_2,Not_Target,Myosin_2
echi13621.t1,Not_Target,Not_Target,Not_Target
echi13622.t1,Not_Target,Not_Target,Not_Target
echi5568.t1,Not_Target,Myosin_19,Not_Target
echi5569.t1,Not_Target,Not_Target,Not_Target
echi5570.t1,Not_Target,Not_Target,Not_Target
echi5571.t1,Myosin_45,Not_Target,Not_Target
echi5572.t1,Not_Target,Not_Target,Not_Target
echi5573.t1,Not_Target,Not_Target,Not_Target
echi5574.t1,Not_Target,Myosin_1,Not_Target
echi5575.t1,Myosin_15,Not_Target,Myosin_57
echi5631.t1,Myosin_18,Myosin_18,Not_Target
echi5632.t1,Myosin_37,Myosin_6,Myosin_37
echi5633.t1,Not_Target,Myosin_26,Not_Target
echi5634.t1,Not_Target,Myosin_2,Myosin_2
echi5635.t1,Myosin_26,Not_Target,Not_Target
echi5636.t1,Not_Target,Myosin_10,Not_Target
echi5637.t1,Not_Target,Not_Target,Myosin_4
echi5638.t1,Myosin_5,Myosin_19,Not_Target
echi5639.t1,Not_Target,Not_Target,Not_Target
echi10547.t1,Not_Target,Not_Target,Not_Target
echi10548.t1,Myosin_53,Not_Target,Myosin_27
echi10549.t1,Not_Target,Not_Target,Not_Target
echi10550.t1,Not_Target,Not_Target,Not_Target
echi10551.t1,Not_Target,Not_Target,Not_Target
echi10552.t1,Not_Target,Not_Target,Not_Target
echi10553.t1,Myosin_1,Myosin_1,Not_Target
echi10554.t1,Not_Target,Not_Target,Not_Target
echi7639.t1,Not_Target,Not_Target,Not_Target
echi7640.t1,Not_Target,Not_Target,Not_Target
echi7641.t1,Myosin_30,Not_Target,Myosin_19
echi7642.t1,Not_Target,Not_Target,Not_Target
echi7643.t1,Not_Target,Not_Target,Not_Target
echi7644.t1,Myosin_29,Myosin_29,Myosin_31
echi7645.t1,Not_Target,Not_Target,Not_Target
echi7646.t1,Not_Target,Not_Target,Not_Target
echi13391.t1,Not_Target,Not_Target,Not_Target
echi13392.t1,Not_Target,Not_Target,Myosin_40
echi13393.t1,Not_Target,Not_Target,Not_Target
echi13394.t1,Not_Target,Not_Target,Not_Target
echi13395.t1,Myosin_5,Not_Target,Not_Target
echi13396.t1,Not_Target,Not_Target,Not_Target
echi13397.t1,Not_Target,Not_Target,Not_Target
echi13398.t1,Not_Target,Not_Target,Not_Target
echi15243.t1,Not_Target,Not_Target,Not_Target
echi15244.t1,Not_Target,Not_Target,Myosin_24
echi15245.t1,Not_Target,Not_Target,Myosin_2
echi15246.t1,Not_Target,Not_Target,Not_Target
echi15247.t1,Myosin_18,Myosin_18,Myosin_30
echi15248.t1,Myosin_19,Not_Target,Not_Target
echi15249.t1,Not_Target,Not_Target,Myosin_57
echi3192.t1,Not_Target,Myosin_5,Myosin_5
echi3193.t1,Myosin_6,Not_Target,Not_Target
echi3194.t1,Not_Target,Not_Target,Not_Target
echi3195.t1,Not_Target,Not_Target,Not_Target
echi1689.t1,Not_Target,Not_Target,Myosin_23
echi1690.t1,Not_Target,Not_Target,Not_Target
echi1691.t1,Myosin_17,Myosin_4,Not_Target
echi1692.t1,Not_Target,Not_Target,Not_Target
echi1693.t1,Not_Target,Myosin_6,Not_Target
echi12200.t1,Not_Target,Not_Target,Not_Target
echi12201.t1,Not_Target,Not_Target,Not_Target
echi12202.t1,Not_Target,Not_Target,Not_Target
echi12203.t1,Not_Target,Not_Target,Not_Target
echi12204.t1,Not_Target,Not_Target,Myosin_20
echi12205.t1,Not_Target,Not_Target,Not_Target
echi12206.t1,Not_Target,Not_Target,Not_Target
echi12207.t1,Not_Target,Not_Target,Not_Target
echi12208.t1,Not_Target,Not_Target,Not_Target
echi12209.t1,Not_Target,Not_Target,Not_Target
echi12210.t1,Not_Target,Not_Target,Not_Target
echi8953.t1,Not_Target,Not_Target,Not_Target
echi8954.t1,Myosin_26,Not_Target,Myosin_8
echi8955.t1,Myosin_1,Myosin_1,Not_Target
echi8956.t1,Not_Target,Not_Target,Not_Target
echi8957.t1,Myosin_9,Myosin_22,Myosin_15
echi8958.t1,Not_Target,Not_Target,Not_Target
echi13231.t1,Myosin_9,Myosin_9,Myosin_3
echi13232.t1,Not_Target,Not_Target,Not_Target
echi13233.t1,Not_Target,Not_Target,Not_Target
echi13234.t1,Myosin_6,Not_Target,Myosin_68
echi13235.t1,Not_Target,Not_Target,Not_Target
echi13236.t1,Not_Target,Not_Target,Not_Target
echi13237.t1,Myosin_2,Not_Target,Not_Target
echi13238.t1,Not_Target,Not_Target,Myosin_71
echi13239.t1,Not_Target,Not_Target,Myosin_72
echi13240.t1,Not_Target,Not_Target,Not_Target
echi4772.t1,Not_Target,Not_Target,Not_Target
echi4773.t1,Not_Target,Not_Target,Not_Target
echi4774.t1,Myosin_45,Myosin_26,Myosin_18
echi4775.t1,Not_Target,Myosin_18,Not_Target
echi14028.t1,Not_Target,Not_Target,Not_Target
echi14029.t1,Not_Target,Not_Target,Myosin_5
echi14030.t1,Myosin_26,Not_Target,Myosin_15
echi14031.t1,Myosin_18,Myosin_18,Myosin_18
echi14032.t1,Not_Target,Not_Target,Not_Target
echi14033.t1,Not_Target,Not_Target,Not_Target
echi14034.t1,Not_Target,Not_Target,Not_Target
echi14035.t1,Not_Target,Not_Target,Not_Target
echi17172.t1,Not_Target,Not_Target,Not_Target
echi17173.t1,Not_Target,Not_Target,Not_Target
echi17174.t1,Not_Target,Not_Target,Not_Target
echi17175.t1,Not_Target,Not_Target,Not_Target
echi17176.t1,Not_Target,Not_Target,Myosin_8
echi17177.t1,Not_Target,Not_Target,Not_Target
echi17178.t1,Not_Target,Not_Target,Not_Target
echi17179.t1,Not_Target,Not_Target,Not_Target
echi3096.t1,Myosin_17,Myosin_17,Myosin_3
echi3097.t1,Not_Target,Not_Target,Not_Target
echi3098.t1,Not_Target,Not_Target,Myosin_1
echi3099.t1,Not_Target,Not_Target,Not_Target
echi3100.t1,Not_Target,Not_Target,Not_Target
echi11551.t1,Not_Target,Not_Target,Not_Target
echi11552.t1,Not_Target,Not_Target,Myosin_6
echi11553.t1,Not_Target,Not_Target,Not_Target
echi11554.t1,Not_Target,Not_Target,Not_Target
echi11555.t1,Myosin_6,Myosin_2,Not_Target
echi11556.t1,Myosin_18,Myosin_5,Myosin_5
echi13954.t1,Not_Target,Not_Target,Not_Target
echi13955.t1,Not_Target,Not_Target,Not_Target
echi13956.t1,Not_Target,Not_Target,Not_Target
echi13957.t1,Myosin_23,Myosin_54,Myosin_15
echi13958.t1,Myosin_18,Myosin_2,Not_Target
echi13959.t1,Not_Target,Not_Target,Myosin_20
echi13960.t1,Myosin_2,Myosin_2,Myosin_2
echi15918.t1,Not_Target,Not_Target,Not_Target
echi15919.t1,Not_Target,Not_Target,Not_Target
echi15920.t1,Myosin_66,Myosin_5,Myosin_5
echi15921.t1,Not_Target,Not_Target,Not_Target
echi15922.t1,Not_Target,Myosin_6,Not_Target
echi15923.t1,Myosin_45,Myosin_45,Not_Target
echi14790.t1,Myosin_19,Not_Target,Myosin_31
echi14791.t1,Not_Target,Not_Target,Not_Target
echi14792.t1,Not_Target,Not_Target,Not_Target
echi14793.t1,Not_Target,Not_Target,Not_Target
echi14794.t1,Not_Target,Not_Target,Not_Target
echi14795.t1,Not_Target,Not_Target,Not_Target
echi14796.t1,Not_Target,Not_Target,Not_Target
echi14797.t1,Not_Target,Not_Target,Not_Target
echi14798.t1,Not_Target,Myosin_11,Not_Target
echi12747.t1,Not_Target,Not_Target,Not_Target
echi12748.t1,Myosin_20,Myosin_8,Not_Target
echi12749.t1,Myosin_8,Not_Target,Myosin_8
echi12750.t1,Not_Target,Myosin_6,Myosin_19
echi12751.t1,Myosin_45,Not_Target,Myosin_15
echi12752.t1,Not_Target,Not_Target,Myosin_1
echi12753.t1,Not_Target,Not_Target,Not_Target
echi12754.t1,Not_Target,Not_Target,Not_Target
echi12755.t1,Not_Target,Not_Target,Not_Target
echi2115.t1,Not_Target,Myosin_74,Not_Target
echi2116.t1,Not_Target,Myosin_19,Not_Target
echi2117.t1,Myosin_3,Myosin_3,Myosin_3
echi2118.t1,Not_Target,Not_Target,Not_Target
echi2119.t1,Not_Target,Not_Target,Not_Target
echi2120.t1,Not_Target,Not_Target,Not_Target
echi12684.t1,Not_Target,Not_Target,Not_Target
echi12685.t1,Not_Target,Myosin_5,Not_Target
echi12686.t1,Not_Target,Not_Target,Not_Target
echi12687.t1,Not_Target,Myosin_5,Not_Target
echi12688.t1,Not_Target,Myosin_5,Not_Target
echi12689.t1,Not_Target,Not_Target,Not_Target
echi12797.t1,Myosin_15,Myosin_9,Myosin_22
echi12798.t1,Not_Target,Not_Target,Myosin_1
echi12799.t1,Not_Target,Not_Target,Not_Target
echi12800.t1,Not_Target,Not_Target,Not_Target
echi12801.t1,Not_Target,Not_Target,Not_Target
echi12802.t1,Not_Target,Not_Target,Not_Target
echi12803.t1,Not_Target,Not_Target,Not_Target
echi12804.t1,Not_Target,Not_Target,Not_Target
echi12805.t1,Not_Target,Not_Target,Myosin_1
echi4328.t1,Not_Target,Not_Target,Not_Target
echi4329.t1,Myosin_51,Not_Target,Myosin_34
echi4330.t1,Not_Target,Not_Target,Not_Target
echi4331.t1,Not_Target,Not_Target,Not_Target
echi4332.t1,Not_Target,Myosin_2,Not_Target
echi4333.t1,Not_Target,Not_Target,Not_Target
echi4334.t1,Not_Target,Not_Target,Not_Target
echi11742.t1,Not_Target,Not_Target,Not_Target
echi11743.t1,Not_Target,Not_Target,Not_Target
echi11744.t1,Not_Target,Not_Target,Not_Target
echi11745.t1,Not_Target,Not_Target,Myosin_8
echi11746.t1,Not_Target,Not_Target,Myosin_51
echi11747.t1,Not_Target,Not_Target,Not_Target
echi11748.t1,Not_Target,Not_Target,Not_Target
echi11749.t1,Not_Target,Not_Target,Myosin_1
echi11750.t1,Myosin_45,Not_Target,Not_Target
echi4046.t1,Not_Target,Not_Target,Not_Target
echi4047.t1,Not_Target,Not_Target,Not_Target
echi4048.t1,Not_Target,Not_Target,Not_Target
echi4049.t1,Myosin_15,Myosin_3,Myosin_3
echi4050.t1,Not_Target,Not_Target,Not_Target
echi4051.t1,Myosin_45,Myosin_26,Myosin_26
echi8694.t1,Not_Target,Not_Target,Not_Target
echi8695.t1,Not_Target,Not_Target,Not_Target
echi8696.t1,Not_Target,Not_Target,Not_Target
echi8697.t1,Not_Target,Not_Target,Not_Target
echi8698.t1,Not_Target,Not_Target,Not_Target
echi8699.t1,Myosin_8,Myosin_22,Not_Target
echi8700.t1,Not_Target,Not_Target,Not_Target
echi8701.t1,Not_Target,Not_Target,Myosin_19
echi8702.t1,Not_Target,Not_Target,Not_Target
echi8703.t1,Not_Target,Not_Target,Not_Target
echi8704.t1,Not_Target,Not_Target,Not_Target
echi7648.t1,Myosin_2,Not_Target,Not_Target
echi7649.t1,Not_Target,Not_Target,Not_Target
echi7650.t1,Myosin_42,Not_Target,Not_Target
echi7651.t1,Not_Target,Not_Target,Myosin_11
echi7652.t1,Myosin_49,Not_Target,Not_Target
echi7653.t1,Not_Target,Not_Target,Not_Target
echi7654.t1,Not_Target,Not_Target,Not_Target
echi7655.t1,Myosin_57,Not_Target,Myosin_2
echi7656.t1,Myosin_42,Not_Target,Not_Target
echi7657.t1,Not_Target,Not_Target,Not_Target
echi13432.t1,Myosin_22,Not_Target,Myosin_4
echi13433.t1,Not_Target,Not_Target,Not_Target
echi13434.t1,Not_Target,Not_Target,Not_Target
echi13435.t1,Myosin_5,Myosin_74,Myosin_11
echi13436.t1,Not_Target,Not_Target,Not_Target
echi4195.t1,Not_Target,Not_Target,Not_Target
echi4196.t1,Not_Target,Not_Target,Not_Target
echi4197.t1,Not_Target,Not_Target,Not_Target
echi4198.t1,Not_Target,Not_Target,Not_Target
echi4199.t1,Not_Target,Not_Target,Not_Target
echi4200.t1,Not_Target,Not_Target,Not_Target
echi4201.t1,Not_Target,Not_Target,Myosin_11
echi8199.t1,Not_Target,Not_Target,Myosin_51
echi8200.t1,Myosin_1,Not_Target,Not_Target
echi8201.t1,Not_Target,Not_Target,Not_Target
echi8202.t1,Not_Target,Not_Target,Not_Target
echi8203.t1,Myosin_17,Myosin_17,Myosin_1
echi8204.t1,Not_Target,Myosin_17,Myosin_36
echi5313.t1,Myosin_4,Not_Target,Myosin_4
echi5314.t1,Myosin_31,Not_Target,Myosin_8
echi5315.t1,Not_Target,Myosin_19,Not_Target
echi5316.t1,Not_Target,Myosin_23,Not_Target
echi3411.t1,Myosin_9,Not_Target,Not_Target
echi3412.t1,Myosin_20,Myosin_16,Not_Target
echi3413.t1,Not_Target,Myosin_6,Not_Target
echi3414.t1,Myosin_15,Myosin_7,Myosin_7
echi11598.t1,Not_Target,Not_Target,Not_Target
echi11599.t1,Not_Target,Not_Target,Not_Target
echi11600.t1,Not_Target,Not_Target,Not_Target
echi11601.t1,Not_Target,Not_Target,Not_Target
echi11602.t1,Not_Target,Myosin_19,Not_Target
echi11603.t1,Myosin_18,Myosin_26,Myosin_1
echi11604.t1,Not_Target,Not_Target,Not_Target
echi11605.t1,Myosin_17,Not_Target,Not_Target
echi11606.t1,Myosin_8,Not_Target,Not_Target
echi6150.t1,Not_Target,Not_Target,Not_Target
echi6151.t1,Not_Target,Not_Target,Not_Target
echi6152.t1,Myosin_1,Not_Target,Not_Target
echi6153.t1,Not_Target,Not_Target,Not_Target
echi6154.t1,Not_Target,Not_Target,Not_Target
echi6155.t1,Myosin_19,Not_Target,Not_Target
echi6156.t1,Not_Target,Myosin_70,Not_Target
echi6842.t1,Not_Target,Myosin_5,Not_Target
echi6843.t1,Myosin_26,Myosin_26,Myosin_3
echi6844.t1,Not_Target,Not_Target,Not_Target
echi6845.t1,Myosin_19,Myosin_55,Not_Target
echi6846.t1,Not_Target,Not_Target,Not_Target
echi6847.t1,Not_Target,Not_Target,Not_Target
echi6848.t1,Myosin_32,Myosin_19,Myosin_16
echi1271.t1,Not_Target,Not_Target,Not_Target
echi1272.t1,Not_Target,Not_Target,Not_Target
echi1273.t1,Not_Target,Not_Target,Myosin_28
echi1274.t1,Not_Target,Not_Target,Not_Target
echi1275.t1,Myosin_57,Myosin_6,Not_Target
echi1276.t1,Not_Target,Not_Target,Not_Target
echi1277.t1,Not_Target,Not_Target,Not_Target
echi1278.t1,Not_Target,Not_Target,Not_Target
echi1279.t1,Not_Target,Not_Target,Not_Target
echi1280.t1,Not_Target,Not_Target,Not_Target
echi6723.t1,Myosin_2,Myosin_2,Myosin_2
echi6724.t1,Not_Target,Not_Target,Not_Target
echi6725.t1,Not_Target,Myosin_5,Not_Target
echi6726.t1,Not_Target,Myosin_19,Not_Target
echi6727.t1,Myosin_18,Myosin_3,Myosin_53
echi6728.t1,Not_Target,Myosin_19,Not_Target
echi16624.t1,Myosin_30,Myosin_22,Myosin_63
echi16625.t1,Not_Target,Not_Target,Not_Target
echi16626.t1,Not_Target,Not_Target,Myosin_73
echi16627.t1,Myosin_24,Not_Target,Myosin_26
echi16628.t1,Not_Target,Not_Target,Myosin_1
echi16629.t1,Not_Target,Not_Target,Not_Target
echi17520.t1,Myosin_20,Not_Target,Myosin_8
echi17521.t1,Myosin_20,Not_Target,Myosin_8
echi4188.t1,Myosin_8,Not_Target,Not_Target
echi4189.t1,Not_Target,Not_Target,Not_Target
echi4190.t1,Not_Target,Not_Target,Myosin_81
echi4191.t1,Not_Target,Not_Target,Myosin_5
echi4192.t1,Myosin_8,Not_Target,Not_Target
echi4193.t1,Not_Target,Not_Target,Not_Target
echi608.t1,Not_Target,Not_Target,Myosin_1
echi609.t1,Not_Target,Not_Target,Not_Target
echi610.t1,Not_Target,Not_Target,Not_Target
echi611.t1,Not_Target,Not_Target,Not_Target
echi612.t1,Not_Target,Not_Target,Not_Target
echi613.t1,Not_Target,Not_Target,Not_Target
echi614.t1,Not_Target,Not_Target,Not_Target
echi615.t1,Myosin_18,Myosin_2,Not_Target
echi616.t1,Myosin_18,Myosin_18,Myosin_11
echi15874.t1,Not_Target,Not_Target,Not_Target
echi15875.t1,Not_Target,Not_Target,Not_Target
echi15876.t1,Not_Target,Myosin_17,Not_Target
echi15877.t1,Not_Target,Not_Target,Myosin_8
echi15878.t1,Myosin_7,Myosin_22,Myosin_5
echi17681.t1,Not_Target,Not_Target,Myosin_53
echi17682.t1,Myosin_17,Myosin_19,Not_Target
echi17683.t1,Not_Target,Myosin_17,Not_Target
echi5028.t1,Not_Target,Not_Target,Not_Target
echi5029.t1,Not_Target,Myosin_18,Not_Target
echi5030.t1,Not_Target,Not_Target,Not_Target
echi5031.t1,Not_Target,Not_Target,Not_Target
echi5032.t1,Not_Target,Not_Target,Not_Target
echi5033.t1,Not_Target,Not_Target,Not_Target
echi14152.t1,Not_Target,Not_Target,Not_Target
echi14153.t1,Not_Target,Not_Target,Not_Target
echi14154.t1,Not_Target,Not_Target,Not_Target
echi14155.t1,Not_Target,Not_Target,Not_Target
echi14156.t1,Not_Target,Not_Target,Not_Target
echi14157.t1,Not_Target,Not_Target,Not_Target
echi2420.t1,Not_Target,Not_Target,Not_Target
echi2421.t1,Not_Target,Not_Target,Not_Target
echi2422.t1,Myosin_3,Not_Target,Not_Target
echi2423.t1,Not_Target,Not_Target,Not_Target
echi2424.t1,Not_Target,Not_Target,Not_Target
echi2425.t1,Myosin_37,Not_Target,Not_Target
echi2426.t1,Not_Target,Not_Target,Not_Target
echi2427.t1,Not_Target,Not_Target,Not_Target
echi2428.t1,Not_Target,Not_Target,Not_Target
echi2429.t1,Myosin_3,Not_Target,Not_Target
echi1.t1,Myosin_31,Not_Target,Not_Target
echi2.t1,Myosin_15,Myosin_46,Myosin_5
echi3.t1,Myosin_45,Not_Target,Not_Target
echi737.t1,Not_Target,Not_Target,Not_Target
echi738.t1,Myosin_4,Not_Target,Myosin_5
echi739.t1,Myosin_4,Not_Target,Myosin_4
echi740.t1,Myosin_53,Not_Target,Myosin_23
echi741.t1,Not_Target,Not_Target,Not_Target
echi742.t1,Not_Target,Not_Target,Not_Target
echi6369.t1,Not_Target,Not_Target,Myosin_51
echi6370.t1,Myosin_8,Myosin_11,Not_Target
echi6371.t1,Not_Target,Not_Target,Not_Target
echi6372.t1,Not_Target,Not_Target,Not_Target
echi6373.t1,Not_Target,Not_Target,Not_Target
echi6374.t1,Myosin_45,Not_Target,Myosin_3
echi6375.t1,Not_Target,Not_Target,Not_Target
echi17598.t1,Not_Target,Not_Target,Not_Target
echi17599.t1,Not_Target,Not_Target,Not_Target
echi17600.t1,Not_Target,Not_Target,Not_Target
echi17601.t1,Not_Target,Myosin_2,Myosin_64
echi17602.t1,Not_Target,Not_Target,Not_Target
echi17603.t1,Myosin_26,Myosin_57,Myosin_20
echi16993.t1,Not_Target,Not_Target,Not_Target
echi16994.t1,Not_Target,Not_Target,Myosin_20
echi16995.t1,Not_Target,Not_Target,Not_Target
echi16996.t1,Not_Target,Not_Target,Not_Target
echi14404.t1,Myosin_45,Not_Target,Myosin_17
echi14405.t1,Myosin_16,Myosin_16,Myosin_27
echi14406.t1,Myosin_19,Not_Target,Myosin_28
echi5645.t1,Not_Target,Not_Target,Not_Target
echi5646.t1,Myosin_15,Myosin_46,Myosin_4
echi5647.t1,Myosin_37,Not_Target,Myosin_14
echi5648.t1,Myosin_45,Myosin_16,Not_Target
echi5649.t1,Not_Target,Not_Target,Not_Target
echi9356.t1,Not_Target,Not_Target,Not_Target
echi9357.t1,Not_Target,Not_Target,Not_Target
echi9358.t1,Not_Target,Myosin_57,Not_Target
echi567.t1,Not_Target,Not_Target,Not_Target
echi568.t1,Not_Target,Not_Target,Not_Target
echi569.t1,Myosin_18,Myosin_2,Not_Target
echi570.t1,Myosin_9,Myosin_22,Myosin_51
echi571.t1,Myosin_16,Myosin_3,Myosin_15
echi677.t1,Not_Target,Not_Target,Not_Target
echi678.t1,Not_Target,Not_Target,Not_Target
echi679.t1,Not_Target,Not_Target,Not_Target
echi680.t1,Not_Target,Not_Target,Not_Target
echi681.t1,Myosin_17,Not_Target,Myosin_20
echi682.t1,Myosin_19,Not_Target,Myosin_3
echi4424.t1,Not_Target,Not_Target,Not_Target
echi4425.t1,Not_Target,Myosin_5,Myosin_36
echi4426.t1,Not_Target,Not_Target,Myosin_64
echi4427.t1,Not_Target,Not_Target,Not_Target
echi4428.t1,Not_Target,Not_Target,Not_Target
echi4429.t1,Myosin_26,Myosin_74,Myosin_18
echi4430.t1,Not_Target,Myosin_17,Myosin_22
echi4431.t1,Not_Target,Not_Target,Not_Target
echi5159.t1,Not_Target,Not_Target,Myosin_17
echi5160.t1,Not_Target,Not_Target,Myosin_53
echi5161.t1,Not_Target,Myosin_36,Not_Target
echi5162.t1,Not_Target,Myosin_19,Not_Target
echi5163.t1,Not_Target,Not_Target,Not_Target
echi5164.t1,Not_Target,Myosin_51,Not_Target
echi5165.t1,Not_Target,Not_Target,Myosin_51
echi5166.t1,Not_Target,Not_Target,Not_Target
echi16183.t1,Not_Target,Not_Target,Not_Target
echi16184.t1,Not_Target,Not_Target,Myosin_8
echi16185.t1,Not_Target,Myosin_3,Not_Target
echi16186.t1,Not_Target,Not_Target,Not_Target
echi16187.t1,Not_Target,Not_Target,Not_Target
echi16188.t1,Not_Target,Myosin_3,Not_Target
echi16189.t1,Not_Target,Not_Target,Myosin_8
echi2122.t1,Not_Target,Myosin_15,Not_Target
echi2123.t1,Not_Target,Not_Target,Not_Target
echi2124.t1,Not_Target,Myosin_19,Not_Target
echi2125.t1,Not_Target,Not_Target,Not_Target
echi2126.t1,Not_Target,Not_Target,Myosin_4
echi2127.t1,Not_Target,Not_Target,Not_Target
echi8532.t1,Myosin_36,Not_Target,Myosin_40
echi8533.t1,Myosin_26,Not_Target,Not_Target
echi8534.t1,Not_Target,Not_Target,Not_Target
echi8535.t1,Not_Target,Not_Target,Myosin_51
echi8536.t1,Not_Target,Not_Target,Not_Target
echi8537.t1,Not_Target,Not_Target,Myosin_15
echi8538.t1,Myosin_24,Not_Target,Not_Target
echi9416.t1,Myosin_45,Not_Target,Myosin_3
echi9417.t1,Not_Target,Not_Target,Not_Target
echi9418.t1,Myosin_18,Myosin_5,Myosin_5
echi9419.t1,Not_Target,Not_Target,Myosin_8
echi9420.t1,Not_Target,Not_Target,Not_Target
echi9421.t1,Not_Target,Not_Target,Not_Target
echi9422.t1,Not_Target,Myosin_28,Not_Target
echi9423.t1,Not_Target,Not_Target,Myosin_27
echi9424.t1,Not_Target,Not_Target,Not_Target
echi5786.t1,Myosin_45,Not_Target,Not_Target
echi286.t1,Not_Target,Not_Target,Myosin_19
echi287.t1,Not_Target,Not_Target,Not_Target
echi288.t1,Not_Target,Not_Target,Myosin_5
echi12612.t1,Not_Target,Not_Target,Not_Target
echi12613.t1,Myosin_26,Myosin_74,Myosin_1
echi12614.t1,Myosin_16,Myosin_74,Myosin_5
echi12615.t1,Not_Target,Not_Target,Not_Target
echi12616.t1,Myosin_26,Myosin_26,Myosin_11
echi12617.t1,Not_Target,Not_Target,Not_Target
echi12618.t1,Not_Target,Not_Target,Not_Target
echi12619.t1,Not_Target,Not_Target,Not_Target
echi12620.t1,Not_Target,Not_Target,Myosin_8
echi12621.t1,Myosin_1,Myosin_17,Myosin_1
echi12622.t1,Not_Target,Myosin_5,Not_Target
echi8394.t1,Myosin_2,Not_Target,Not_Target
echi8395.t1,Not_Target,Not_Target,Not_Target
echi8396.t1,Not_Target,Myosin_36,Not_Target
echi8397.t1,Not_Target,Not_Target,Not_Target
echi8398.t1,Myosin_31,Not_Target,Myosin_6
echi4.t1,Not_Target,Not_Target,Not_Target
echi5.t1,Myosin_17,Myosin_17,Myosin_17
echi6.t1,Myosin_5,Myosin_5,Myosin_17
echi7.t1,Myosin_5,Myosin_5,Myosin_72
echi5205.t1,Myosin_23,Myosin_7,Not_Target
echi5206.t1,Myosin_19,Myosin_7,Myosin_1
echi5207.t1,Myosin_5,Myosin_5,Myosin_2
echi5208.t1,Myosin_30,Myosin_17,Myosin_5
echi5209.t1,Not_Target,Not_Target,Not_Target
echi5210.t1,Not_Target,Myosin_73,Not_Target
echi5132.t1,Not_Target,Not_Target,Not_Target
echi5133.t1,Not_Target,Myosin_19,Not_Target
echi5134.t1,Myosin_6,Not_Target,Myosin_3
echi4668.t1,Not_Target,Not_Target,Not_Target
echi4669.t1,Not_Target,Not_Target,Myosin_5
echi4670.t1,Not_Target,Not_Target,Not_Target
echi4671.t1,Not_Target,Not_Target,Not_Target
echi4672.t1,Not_Target,Not_Target,Not_Target
echi15029.t1,Not_Target,Not_Target,Not_Target
echi15030.t1,Not_Target,Not_Target,Not_Target
echi15031.t1,Not_Target,Myosin_28,Myosin_8
echi15032.t1,Not_Target,Not_Target,Not_Target
echi15033.t1,Not_Target,Myosin_55,Not_Target
echi15034.t1,Myosin_17,Myosin_4,Myosin_57
echi2563.t1,Myosin_17,Myosin_17,Myosin_19
echi2564.t1,Not_Target,Myosin_5,Not_Target
echi2565.t1,Not_Target,Not_Target,Not_Target
echi2566.t1,Not_Target,Not_Target,Myosin_4
echi2567.t1,Not_Target,Not_Target,Not_Target
echi2568.t1,Not_Target,Not_Target,Not_Target
echi2569.t1,Not_Target,Not_Target,Myosin_4
echi2570.t1,Not_Target,Not_Target,Not_Target
echi2571.t1,Not_Target,Not_Target,Not_Target
echi13933.t1,Not_Target,Not_Target,Not_Target
echi13934.t1,Not_Target,Not_Target,Not_Target
echi13935.t1,Not_Target,Not_Target,Not_Target
echi13936.t1,Not_Target,Not_Target,Not_Target
echi13937.t1,Myosin_30,Myosin_6,Myosin_55
echi13938.t1,Myosin_6,Not_Target,Not_Target
echi13939.t1,Not_Target,Not_Target,Not_Target
echi10347.t1,Myosin_30,Not_Target,Myosin_14
echi10348.t1,Not_Target,Myosin_3,Not_Target
echi10349.t1,Not_Target,Not_Target,Not_Target
echi10350.t1,Not_Target,Not_Target,Not_Target
echi10351.t1,Myosin_22,Myosin_22,Myosin_37
echi1157.t1,Not_Target,Not_Target,Not_Target
echi1158.t1,Not_Target,Not_Target,Not_Target
echi1159.t1,Not_Target,Not_Target,Myosin_1
echi1160.t1,Myosin_19,Myosin_29,Not_Target
echi1161.t1,Not_Target,Not_Target,Myosin_30
echi1162.t1,Not_Target,Not_Target,Not_Target
echi6431.t1,Not_Target,Not_Target,Not_Target
echi6432.t1,Not_Target,Myosin_5,Not_Target
echi6433.t1,Not_Target,Not_Target,Not_Target
echi6434.t1,Not_Target,Not_Target,Myosin_20
echi6435.t1,Not_Target,Not_Target,Not_Target
echi6436.t1,Not_Target,Not_Target,Not_Target
echi4768.t1,Not_Target,Not_Target,Not_Target
echi4769.t1,Not_Target,Not_Target,Myosin_20
echi4770.t1,Not_Target,Not_Target,Not_Target
echi4771.t1,Myosin_3,Not_Target,Myosin_3
echi17073.t1,Not_Target,Myosin_5,Not_Target
echi17074.t1,Myosin_26,Myosin_31,Not_Target
echi17075.t1,Not_Target,Not_Target,Not_Target
echi17076.t1,Not_Target,Not_Target,Not_Target
echi17077.t1,Myosin_11,Myosin_11,Not_Target
echi16955.t1,Not_Target,Not_Target,Not_Target
echi16956.t1,Not_Target,Not_Target,Not_Target
echi16957.t1,Not_Target,Not_Target,Not_Target
echi16958.t1,Not_Target,Not_Target,Not_Target
echi16959.t1,Not_Target,Myosin_17,Myosin_20
echi16960.t1,Not_Target,Not_Target,Not_Target
echi16961.t1,Not_Target,Not_Target,Not_Target
echi16962.t1,Not_Target,Not_Target,Myosin_17
echi16963.t1,Myosin_24,Myosin_57,Myosin_34
echi16267.t1,Myosin_45,Myosin_16,Not_Target
echi16268.t1,Not_Target,Myosin_5,Not_Target
echi16269.t1,Myosin_66,Not_Target,Not_Target
echi16270.t1,Not_Target,Not_Target,Not_Target
echi16271.t1,Not_Target,Not_Target,Not_Target
echi11464.t1,Myosin_30,Not_Target,Myosin_51
echi11465.t1,Not_Target,Not_Target,Not_Target
echi11466.t1,Not_Target,Not_Target,Not_Target
echi11467.t1,Not_Target,Not_Target,Not_Target
echi11468.t1,Not_Target,Not_Target,Not_Target
echi11469.t1,Not_Target,Not_Target,Not_Target
echi11470.t1,Not_Target,Not_Target,Not_Target
echi11471.t1,Not_Target,Not_Target,Not_Target
echi11838.t1,Not_Target,Not_Target,Not_Target
echi11839.t1,Not_Target,Not_Target,Myosin_73
echi11840.t1,Not_Target,Not_Target,Not_Target
echi11841.t1,Myosin_45,Myosin_1,Myosin_11
echi11842.t1,Not_Target,Not_Target,Myosin_2
echi780.t1,Myosin_31,Myosin_17,Myosin_57
echi781.t1,Myosin_1,Not_Target,Myosin_34
echi782.t1,Not_Target,Myosin_15,Not_Target
echi783.t1,Not_Target,Not_Target,Not_Target
echi16295.t1,Not_Target,Not_Target,Not_Target
echi16296.t1,Myosin_45,Not_Target,Not_Target
echi16297.t1,Myosin_3,Myosin_26,Myosin_20
echi16298.t1,Myosin_51,Myosin_26,Myosin_20
echi5096.t1,Not_Target,Not_Target,Not_Target
echi5097.t1,Not_Target,Not_Target,Not_Target
echi5098.t1,Not_Target,Not_Target,Not_Target
echi5099.t1,Not_Target,Not_Target,Not_Target
echi5100.t1,Myosin_45,Myosin_17,Not_Target
echi5101.t1,Myosin_17,Not_Target,Myosin_19
echi13269.t1,Not_Target,Not_Target,Not_Target
echi13270.t1,Not_Target,Not_Target,Myosin_1
echi13271.t1,Not_Target,Not_Target,Myosin_23
echi4718.t1,Not_Target,Myosin_1,Not_Target
echi4719.t1,Not_Target,Not_Target,Not_Target
echi4720.t1,Not_Target,Not_Target,Not_Target
echi4721.t1,Not_Target,Myosin_50,Myosin_8
echi4722.t1,Not_Target,Not_Target,Not_Target
echi4723.t1,Not_Target,Myosin_5,Not_Target
echi4724.t1,Not_Target,Myosin_1,Not_Target
echi4725.t1,Not_Target,Not_Target,Not_Target
echi8183.t1,Not_Target,Myosin_6,Not_Target
echi8184.t1,Not_Target,Myosin_17,Not_Target
echi8185.t1,Not_Target,Not_Target,Myosin_5
echi8186.t1,Not_Target,Not_Target,Not_Target
echi8187.t1,Not_Target,Not_Target,Not_Target
echi8188.t1,Not_Target,Not_Target,Myosin_5
echi8189.t1,Not_Target,Myosin_17,Not_Target
echi8190.t1,Not_Target,Myosin_5,Not_Target
echi8191.t1,Not_Target,Not_Target,Not_Target
echi8970.t1,Not_Target,Not_Target,Not_Target
echi8971.t1,Not_Target,Not_Target,Myosin_1
echi8972.t1,Not_Target,Not_Target,Not_Target
echi8973.t1,Not_Target,Not_Target,Not_Target
echi8974.t1,Not_Target,Not_Target,Not_Target
echi2128.t1,Not_Target,Not_Target,Not_Target
echi2129.t1,Not_Target,Not_Target,Not_Target
echi2130.t1,Not_Target,Not_Target,Not_Target
echi2131.t1,Not_Target,Not_Target,Not_Target
echi10083.t1,Not_Target,Not_Target,Myosin_4
echi10084.t1,Not_Target,Not_Target,Not_Target
echi10085.t1,Not_Target,Not_Target,Not_Target
echi10086.t1,Not_Target,Not_Target,Not_Target
echi9557.t1,Not_Target,Not_Target,Myosin_8
echi9558.t1,Myosin_57,Myosin_57,Myosin_5
echi9559.t1,Not_Target,Myosin_17,Not_Target
echi9560.t1,Not_Target,Not_Target,Not_Target
echi9561.t1,Not_Target,Not_Target,Not_Target
echi9562.t1,Myosin_8,Myosin_46,Not_Target
echi6929.t1,Not_Target,Not_Target,Not_Target
echi6930.t1,Not_Target,Not_Target,Not_Target
echi6931.t1,Not_Target,Not_Target,Not_Target
echi6932.t1,Not_Target,Not_Target,Not_Target
echi6933.t1,Not_Target,Not_Target,Not_Target
echi6934.t1,Not_Target,Not_Target,Not_Target
echi6935.t1,Not_Target,Not_Target,Not_Target
echi18355.t1,Not_Target,Not_Target,Not_Target
echi18356.t1,Myosin_45,Myosin_45,Not_Target
echi18357.t1,Not_Target,Myosin_11,Not_Target
echi11081.t1,Not_Target,Not_Target,Not_Target
echi11082.t1,Not_Target,Myosin_55,Not_Target
echi11083.t1,Not_Target,Not_Target,Not_Target
echi11084.t1,Myosin_24,Not_Target,Not_Target
echi11085.t1,Not_Target,Not_Target,Not_Target
echi11144.t1,Myosin_27,Not_Target,Myosin_2
echi11145.t1,Not_Target,Myosin_17,Myosin_22
echi11146.t1,Myosin_24,Not_Target,Myosin_8
echi11147.t1,Not_Target,Not_Target,Not_Target
echi6871.t1,Myosin_26,Myosin_26,Not_Target
echi6872.t1,Not_Target,Myosin_26,Not_Target
echi6873.t1,Not_Target,Myosin_11,Not_Target
echi6874.t1,Not_Target,Not_Target,Myosin_2
echi6875.t1,Not_Target,Not_Target,Not_Target
echi6876.t1,Not_Target,Not_Target,Myosin_51
echi6877.t1,Myosin_31,Not_Target,Not_Target
echi10879.t1,Not_Target,Not_Target,Not_Target
echi10880.t1,Not_Target,Not_Target,Myosin_1
echi10881.t1,Not_Target,Myosin_1,Not_Target
echi10882.t1,Not_Target,Not_Target,Not_Target
echi10883.t1,Not_Target,Not_Target,Not_Target
echi8748.t1,Not_Target,Myosin_5,Not_Target
echi8749.t1,Not_Target,Myosin_5,Not_Target
echi8750.t1,Myosin_1,Myosin_1,Not_Target
echi8751.t1,Not_Target,Not_Target,Not_Target
echi8752.t1,Myosin_45,Myosin_74,Myosin_1
echi8753.t1,Not_Target,Not_Target,Not_Target
echi8754.t1,Not_Target,Not_Target,Not_Target
echi8755.t1,Myosin_31,Not_Target,Myosin_27
echi8756.t1,Not_Target,Myosin_19,Myosin_22
echi8757.t1,Not_Target,Myosin_6,Not_Target
echi1152.t1,Not_Target,Not_Target,Myosin_16
echi1153.t1,Not_Target,Not_Target,Not_Target
echi1154.t1,Myosin_17,Myosin_6,Myosin_64
echi1155.t1,Not_Target,Not_Target,Not_Target
echi11310.t1,Not_Target,Not_Target,Not_Target
echi11311.t1,Not_Target,Not_Target,Not_Target
echi11312.t1,Not_Target,Not_Target,Not_Target
echi11313.t1,Myosin_6,Myosin_6,Myosin_57
echi11314.t1,Not_Target,Not_Target,Myosin_20
echi11315.t1,Not_Target,Not_Target,Not_Target
echi11316.t1,Not_Target,Not_Target,Not_Target
echi13838.t1,Not_Target,Not_Target,Not_Target
echi13839.t1,Not_Target,Myosin_24,Not_Target
echi13840.t1,Not_Target,Not_Target,Not_Target
echi13841.t1,Not_Target,Not_Target,Not_Target
echi13842.t1,Not_Target,Not_Target,Not_Target
echi13843.t1,Not_Target,Not_Target,Not_Target
echi13844.t1,Not_Target,Not_Target,Not_Target
echi13845.t1,Actin,Actin,Actin
echi13846.t1,Not_Target,Not_Target,Not_Target
echi2966.t1,Myosin_19,Not_Target,Myosin_19
echi2967.t1,Not_Target,Not_Target,Not_Target
echi2968.t1,Not_Target,Not_Target,Myosin_4
echi2969.t1,Not_Target,Not_Target,Not_Target
echi2970.t1,Not_Target,Not_Target,Myosin_4
echi2971.t1,Not_Target,Not_Target,Not_Target
echi12363.t1,Not_Target,Not_Target,Not_Target
echi12364.t1,Not_Target,Not_Target,Myosin_20
echi12365.t1,Not_Target,Myosin_34,Myosin_6
echi12366.t1,Not_Target,Myosin_34,Myosin_6
echi12367.t1,Not_Target,Not_Target,Myosin_20
echi12368.t1,Not_Target,Not_Target,Not_Target
echi6688.t1,Not_Target,Not_Target,Myosin_17
echi6689.t1,Not_Target,Not_Target,Myosin_1
echi6690.t1,Not_Target,Not_Target,Not_Target
echi6691.t1,Not_Target,Not_Target,Not_Target
echi6692.t1,Not_Target,Not_Target,Myosin_19
echi6693.t1,Not_Target,Not_Target,Not_Target
echi10699.t1,Not_Target,Not_Target,Not_Target
echi10700.t1,Not_Target,Not_Target,Not_Target
echi10701.t1,Not_Target,Not_Target,Myosin_5
echi10702.t1,Not_Target,Myosin_18,Not_Target
echi10703.t1,Not_Target,Not_Target,Not_Target
echi10704.t1,Not_Target,Not_Target,Not_Target
echi10705.t1,Not_Target,Myosin_1,Myosin_2
echi10706.t1,Not_Target,Not_Target,Not_Target
echi10707.t1,Not_Target,Not_Target,Not_Target
echi18402.t1,Not_Target,Not_Target,Not_Target
echi18403.t1,Myosin_17,Myosin_17,Myosin_51
echi18404.t1,Not_Target,Not_Target,Not_Target
echi18405.t1,Myosin_5,Myosin_57,Not_Target
echi18406.t1,Not_Target,Not_Target,Myosin_5
echi4288.t1,Not_Target,Not_Target,Myosin_57
echi4289.t1,Myosin_24,Myosin_74,Not_Target
echi4290.t1,Not_Target,Not_Target,Myosin_1
echi4291.t1,Myosin_20,Not_Target,Not_Target
echi4292.t1,Not_Target,Not_Target,Not_Target
echi4293.t1,Not_Target,Not_Target,Not_Target
echi4294.t1,Not_Target,Not_Target,Not_Target
echi16310.t1,Not_Target,Not_Target,Not_Target
echi16311.t1,Not_Target,Not_Target,Not_Target
echi16312.t1,Not_Target,Not_Target,Not_Target
echi16313.t1,Myosin_6,Myosin_16,Myosin_6
echi16314.t1,Not_Target,Not_Target,Not_Target
echi16315.t1,Not_Target,Not_Target,Not_Target
echi16316.t1,Not_Target,Not_Target,Not_Target
echi16317.t1,Myosin_51,Not_Target,Myosin_23
echi16318.t1,Not_Target,Not_Target,Not_Target
echi16319.t1,Not_Target,Not_Target,Not_Target
echi16369.t1,Myosin_15,Myosin_22,Myosin_22
echi16370.t1,Myosin_3,Myosin_1,Myosin_1
echi16371.t1,Not_Target,Not_Target,Not_Target
echi16372.t1,Not_Target,Myosin_8,Not_Target
echi16373.t1,Not_Target,Not_Target,Not_Target
echi16374.t1,Not_Target,Not_Target,Not_Target
echi16375.t1,Not_Target,Not_Target,Myosin_19
echi16376.t1,Myosin_57,Not_Target,Not_Target
echi17207.t1,Myosin_2,Not_Target,Not_Target
echi17208.t1,Not_Target,Not_Target,Not_Target
echi17209.t1,Not_Target,Not_Target,Not_Target
echi17210.t1,Not_Target,Not_Target,Not_Target
echi17211.t1,Not_Target,Not_Target,Not_Target
echi11223.t1,Myosin_6,Myosin_3,Myosin_72
echi11224.t1,Not_Target,Not_Target,Not_Target
echi11225.t1,Not_Target,Not_Target,Not_Target
echi11226.t1,Not_Target,Not_Target,Not_Target
echi11227.t1,Not_Target,Not_Target,Myosin_14
echi7817.t1,Myosin_8,Not_Target,Not_Target
echi7818.t1,Not_Target,Not_Target,Myosin_11
echi7819.t1,Not_Target,Not_Target,Not_Target
echi7820.t1,Not_Target,Not_Target,Myosin_10
echi7821.t1,Not_Target,Not_Target,Not_Target
echi7822.t1,Not_Target,Not_Target,Not_Target
echi7823.t1,Not_Target,Not_Target,Not_Target
echi4277.t1,Myosin_31,Not_Target,Not_Target
echi4278.t1,Myosin_45,Myosin_74,Not_Target
echi4279.t1,Not_Target,Not_Target,Not_Target
echi4280.t1,Myosin_3,Not_Target,Myosin_34
echi4281.t1,Not_Target,Not_Target,Not_Target
echi10656.t1,Myosin_17,Not_Target,Not_Target
echi10657.t1,Not_Target,Not_Target,Not_Target
echi10658.t1,Not_Target,Not_Target,Not_Target
echi10659.t1,Not_Target,Myosin_73,Not_Target
echi10660.t1,Not_Target,Not_Target,Not_Target
echi10661.t1,Not_Target,Not_Target,Not_Target
echi10662.t1,Not_Target,Not_Target,Myosin_17
echi14933.t1,Myosin_18,Myosin_18,Myosin_17
echi14934.t1,Myosin_16,Not_Target,Myosin_16
echi15456.t1,Myosin_1,Not_Target,Myosin_81
echi15457.t1,Not_Target,Not_Target,Not_Target
echi15458.t1,Not_Target,Myosin_37,Not_Target
echi15459.t1,Myosin_4,Myosin_4,Myosin_4
echi15460.t1,Not_Target,Not_Target,Not_Target
echi15461.t1,Not_Target,Not_Target,Not_Target
echi16246.t1,Myosin_15,Myosin_22,Myosin_13
echi16247.t1,Myosin_50,Myosin_5,Not_Target
echi16248.t1,Not_Target,Not_Target,Not_Target
echi16249.t1,Not_Target,Not_Target,Not_Target
echi16250.t1,Not_Target,Not_Target,Not_Target
echi14563.t1,Not_Target,Myosin_4,Not_Target
echi14564.t1,Not_Target,Not_Target,Not_Target
echi14565.t1,Not_Target,Not_Target,Not_Target
echi14566.t1,Not_Target,Myosin_1,Myosin_1
echi14567.t1,Not_Target,Myosin_1,Not_Target
echi14568.t1,Myosin_51,Myosin_6,Myosin_3
echi14569.t1,Not_Target,Not_Target,Not_Target
echi7513.t1,Not_Target,Not_Target,Not_Target
echi7514.t1,Not_Target,Myosin_71,Not_Target
echi7515.t1,Not_Target,Not_Target,Myosin_48
echi7516.t1,Not_Target,Not_Target,Not_Target
echi7517.t1,Not_Target,Not_Target,Not_Target
echi7518.t1,Not_Target,Myosin_18,Myosin_51
echi18285.t1,Not_Target,Not_Target,Not_Target
echi18286.t1,Myosin_5,Myosin_5,Not_Target
echi18287.t1,Myosin_19,Not_Target,Not_Target
echi18288.t1,Not_Target,Not_Target,Not_Target
echi18289.t1,Not_Target,Not_Target,Myosin_22
echi18290.t1,Not_Target,Not_Target,Not_Target
echi18291.t1,Not_Target,Not_Target,Not_Target
echi18292.t1,Not_Target,Not_Target,Not_Target
echi18293.t1,Not_Target,Myosin_5,Not_Target
echi18294.t1,Not_Target,Not_Target,Not_Target
echi16966.t1,Myosin_57,Not_Target,Not_Target
echi16967.t1,Not_Target,Not_Target,Not_Target
echi16968.t1,Not_Target,Myosin_17,Not_Target
echi16969.t1,Not_Target,Not_Target,Not_Target
echi16970.t1,Not_Target,Not_Target,Myosin_19
echi16971.t1,Not_Target,Not_Target,Not_Target
echi16972.t1,Not_Target,Not_Target,Not_Target
echi16973.t1,Not_Target,Not_Target,Not_Target
echi16974.t1,Not_Target,Not_Target,Not_Target
echi12425.t1,Not_Target,Not_Target,Not_Target
echi12426.t1,Myosin_16,Myosin_22,Myosin_18
echi12427.t1,Not_Target,Not_Target,Not_Target
echi12428.t1,Not_Target,Not_Target,Not_Target
echi12429.t1,Not_Target,Not_Target,Not_Target
echi12430.t1,Not_Target,Not_Target,Not_Target
echi12431.t1,Not_Target,Not_Target,Myosin_2
echi14376.t1,Myosin_15,Not_Target,Myosin_22
echi14377.t1,Myosin_15,Not_Target,Myosin_22
echi15584.t1,Not_Target,Not_Target,Not_Target
echi15585.t1,Not_Target,Not_Target,Not_Target
echi15586.t1,Not_Target,Not_Target,Not_Target
echi15587.t1,Not_Target,Not_Target,Not_Target
echi11714.t1,Not_Target,Not_Target,Myosin_53
echi11715.t1,Myosin_45,Myosin_45,Myosin_10
echi14217.t1,Not_Target,Not_Target,Not_Target
echi14218.t1,Not_Target,Not_Target,Myosin_2
echi13246.t1,Not_Target,Not_Target,Not_Target
echi13247.t1,Myosin_1,Not_Target,Not_Target
echi13248.t1,Not_Target,Not_Target,Not_Target
echi13249.t1,Not_Target,Not_Target,Not_Target
echi13250.t1,Not_Target,Not_Target,Not_Target
echi13251.t1,Myosin_51,Myosin_51,Myosin_14
echi13369.t1,Not_Target,Not_Target,Not_Target
echi13370.t1,Not_Target,Not_Target,Myosin_20
echi13371.t1,Not_Target,Myosin_17,Not_Target
echi13372.t1,Myosin_36,Myosin_3,Myosin_5
echi13373.t1,Myosin_18,Myosin_18,Myosin_2
echi17798.t1,Myosin_26,Myosin_26,Myosin_24
echi17799.t1,Not_Target,Not_Target,Not_Target
echi17800.t1,Not_Target,Not_Target,Not_Target
echi14864.t1,Not_Target,Not_Target,Not_Target
echi14865.t1,Not_Target,Not_Target,Not_Target
echi14866.t1,Not_Target,Not_Target,Not_Target
echi14867.t1,Not_Target,Myosin_5,Myosin_8
echi14868.t1,Not_Target,Not_Target,Not_Target
echi14869.t1,Not_Target,Not_Target,Not_Target
echi14870.t1,Not_Target,Not_Target,Myosin_19
echi14871.t1,Not_Target,Not_Target,Not_Target
echi8987.t1,Not_Target,Not_Target,Not_Target
echi8988.t1,Not_Target,Not_Target,Not_Target
echi8989.t1,Myosin_17,Not_Target,Myosin_19
echi8990.t1,Not_Target,Not_Target,Not_Target
echi8991.t1,Not_Target,Not_Target,Not_Target
echi8992.t1,Not_Target,Myosin_1,Myosin_1
echi8993.t1,Not_Target,Myosin_5,Not_Target
echi15137.t1,Myosin_16,Myosin_43,Myosin_18
echi15138.t1,Not_Target,Not_Target,Not_Target
echi15139.t1,Not_Target,Not_Target,Not_Target
echi16216.t1,Myosin_81,Myosin_4,Not_Target
echi16217.t1,Myosin_81,Myosin_37,Myosin_2
echi16218.t1,Myosin_81,Myosin_37,Not_Target
echi16219.t1,Myosin_81,Not_Target,Not_Target
echi16220.t1,Not_Target,Not_Target,Myosin_24
echi16221.t1,Not_Target,Not_Target,Not_Target
echi2390.t1,Not_Target,Not_Target,Not_Target
echi2391.t1,Not_Target,Not_Target,Not_Target
echi2392.t1,Myosin_15,Myosin_15,Myosin_68
echi2393.t1,Not_Target,Not_Target,Not_Target
echi1554.t1,Not_Target,Not_Target,Not_Target
echi1555.t1,Not_Target,Myosin_1,Myosin_6
echi1556.t1,Not_Target,Myosin_2,Not_Target
echi1557.t1,Myosin_24,Not_Target,Myosin_8
echi1558.t1,Not_Target,Not_Target,Not_Target
echi17012.t1,Myosin_1,Myosin_1,Myosin_20
echi17013.t1,Myosin_26,Not_Target,Not_Target
echi17014.t1,Myosin_37,Myosin_18,Not_Target
echi17015.t1,Myosin_37,Not_Target,Not_Target
echi17016.t1,Not_Target,Not_Target,Myosin_20
echi17017.t1,Not_Target,Not_Target,Not_Target
echi17018.t1,Not_Target,Myosin_6,Not_Target
echi17019.t1,Not_Target,Not_Target,Not_Target
echi7936.t1,Myosin_55,Not_Target,Myosin_55
echi7937.t1,Not_Target,Not_Target,Not_Target
echi7938.t1,Myosin_29,Myosin_29,Myosin_29
echi7939.t1,Not_Target,Not_Target,Not_Target
echi7940.t1,Myosin_29,Not_Target,Myosin_14
echi15895.t1,Not_Target,Not_Target,Not_Target
echi15896.t1,Not_Target,Not_Target,Not_Target
echi15897.t1,Not_Target,Not_Target,Not_Target
echi15898.t1,Myosin_5,Not_Target,Not_Target
echi15899.t1,Not_Target,Not_Target,Not_Target
echi15900.t1,Not_Target,Myosin_1,Not_Target
echi1304.t1,Not_Target,Not_Target,Not_Target
echi1305.t1,Myosin_15,Myosin_15,Myosin_15
echi1306.t1,Myosin_25,Myosin_22,Not_Target
echi11074.t1,Myosin_17,Myosin_17,Myosin_36
echi11075.t1,Not_Target,Not_Target,Not_Target
echi11076.t1,Myosin_74,Myosin_18,Myosin_3
echi11077.t1,Not_Target,Not_Target,Not_Target
echi11078.t1,Myosin_1,Myosin_5,Myosin_5
echi11079.t1,Not_Target,Not_Target,Myosin_1
echi15278.t1,Not_Target,Myosin_2,Myosin_4
echi15279.t1,Not_Target,Myosin_8,Not_Target
echi15280.t1,Not_Target,Not_Target,Not_Target
echi15281.t1,Myosin_23,Myosin_17,Myosin_68
echi15282.t1,Not_Target,Myosin_19,Not_Target
echi16569.t1,Not_Target,Not_Target,Not_Target
echi16570.t1,Myosin_2,Not_Target,Not_Target
echi16571.t1,Not_Target,Not_Target,Myosin_40
echi16572.t1,Not_Target,Not_Target,Myosin_23
echi16573.t1,Myosin_1,Not_Target,Myosin_5
echi16574.t1,Not_Target,Not_Target,Not_Target
echi14310.t1,Myosin_37,Not_Target,Myosin_1
echi14311.t1,Not_Target,Myosin_28,Not_Target
echi14312.t1,Not_Target,Not_Target,Myosin_2
echi14313.t1,Myosin_26,Not_Target,Myosin_23
echi14314.t1,Not_Target,Not_Target,Myosin_2
echi8361.t1,Myosin_37,Myosin_29,Myosin_37
echi8362.t1,Myosin_15,Myosin_22,Myosin_15
echi8363.t1,Not_Target,Myosin_5,Not_Target
echi14391.t1,Not_Target,Not_Target,Not_Target
echi14392.t1,Not_Target,Not_Target,Myosin_1
echi14393.t1,Not_Target,Not_Target,Myosin_6
echi14394.t1,Not_Target,Myosin_18,Not_Target
echi14395.t1,Not_Target,Not_Target,Not_Target
echi14396.t1,Not_Target,Not_Target,Not_Target
echi5935.t1,Myosin_64,Not_Target,Not_Target
echi5936.t1,Not_Target,Not_Target,Not_Target
echi5937.t1,Not_Target,Not_Target,Myosin_40
echi5938.t1,Myosin_31,Not_Target,Not_Target
echi7950.t1,Myosin_1,Myosin_1,Myosin_22
echi7951.t1,Not_Target,Not_Target,Not_Target
echi7952.t1,Myosin_19,Myosin_19,Myosin_19
echi7953.t1,Myosin_19,Myosin_19,Myosin_19
echi7954.t1,Not_Target,Myosin_19,Not_Target
echi13517.t1,Not_Target,Not_Target,Not_Target
echi13518.t1,Not_Target,Not_Target,Not_Target
echi13519.t1,Not_Target,Not_Target,Not_Target
echi13520.t1,Not_Target,Myosin_5,Not_Target
echi13521.t1,Not_Target,Not_Target,Not_Target
echi16031.t1,Myosin_57,Myosin_2,Not_Target
echi16032.t1,Myosin_57,Myosin_2,Myosin_5
echi17949.t1,Not_Target,Myosin_1,Myosin_1
echi17950.t1,Myosin_17,Not_Target,Not_Target
echi17951.t1,Not_Target,Not_Target,Not_Target
echi17952.t1,Myosin_24,Not_Target,Myosin_1
echi17953.t1,Not_Target,Not_Target,Not_Target
echi17954.t1,Not_Target,Myosin_1,Not_Target
echi17955.t1,Not_Target,Not_Target,Myosin_19
echi8559.t1,Not_Target,Not_Target,Not_Target
echi8560.t1,Not_Target,Not_Target,Not_Target
echi8561.t1,Not_Target,Not_Target,Not_Target
echi8562.t1,Myosin_37,Myosin_22,Myosin_2
echi8563.t1,Myosin_36,Not_Target,Myosin_22
echi8564.t1,Not_Target,Not_Target,Not_Target
echi10892.t1,Not_Target,Not_Target,Not_Target
echi10893.t1,Not_Target,Myosin_26,Not_Target
echi10894.t1,Not_Target,Not_Target,Not_Target
echi10895.t1,Myosin_15,Myosin_15,Myosin_5
echi10896.t1,Not_Target,Myosin_5,Not_Target
echi10897.t1,Myosin_45,Not_Target,Not_Target
echi10088.t1,Not_Target,Not_Target,Not_Target
echi10089.t1,Not_Target,Not_Target,Not_Target
echi10090.t1,Not_Target,Not_Target,Not_Target
echi10091.t1,Not_Target,Not_Target,Not_Target
echi10092.t1,Not_Target,Not_Target,Not_Target
echi10093.t1,Not_Target,Myosin_1,Not_Target
echi10094.t1,Myosin_19,Not_Target,Not_Target
echi10095.t1,Not_Target,Not_Target,Not_Target
echi7432.t1,Not_Target,Not_Target,Not_Target
echi7433.t1,Not_Target,Myosin_5,Not_Target
echi7434.t1,Not_Target,Not_Target,Not_Target
echi7435.t1,Myosin_17,Myosin_17,Myosin_5
echi7436.t1,Not_Target,Not_Target,Not_Target
echi5215.t1,Not_Target,Not_Target,Not_Target
echi5216.t1,Not_Target,Not_Target,Not_Target
echi5217.t1,Not_Target,Myosin_4,Myosin_8
echi5218.t1,Not_Target,Not_Target,Not_Target
echi9360.t1,Myosin_15,Myosin_15,Myosin_4
echi9361.t1,Myosin_1,Not_Target,Not_Target
echi9362.t1,Not_Target,Not_Target,Not_Target
echi7296.t1,Myosin_16,Not_Target,Myosin_16
echi7297.t1,Not_Target,Not_Target,Not_Target
echi7298.t1,Myosin_4,Myosin_1,Myosin_54
echi7299.t1,Not_Target,Not_Target,Not_Target
echi7300.t1,Myosin_20,Not_Target,Not_Target
echi14814.t1,Not_Target,Not_Target,Myosin_57
echi14816.t1,Not_Target,Not_Target,Not_Target
echi1740.t1,Not_Target,Not_Target,Not_Target
echi1741.t1,Myosin_23,Not_Target,Myosin_24
echi1742.t1,Not_Target,Not_Target,Not_Target
echi1743.t1,Not_Target,Not_Target,Not_Target
echi1744.t1,Not_Target,Not_Target,Not_Target
echi1745.t1,Not_Target,Not_Target,Myosin_19
echi11887.t1,Myosin_18,Not_Target,Myosin_2
echi11888.t1,Not_Target,Not_Target,Myosin_17
echi11889.t1,Not_Target,Not_Target,Not_Target
echi11890.t1,Myosin_57,Myosin_57,Not_Target
echi14001.t1,Not_Target,Myosin_31,Not_Target
echi14002.t1,Not_Target,Not_Target,Not_Target
echi14003.t1,Not_Target,Not_Target,Not_Target
echi14004.t1,Myosin_1,Not_Target,Myosin_2
echi14005.t1,Not_Target,Not_Target,Not_Target
echi14006.t1,Myosin_45,Not_Target,Not_Target
echi14007.t1,Myosin_45,Not_Target,Not_Target
echi14008.t1,Not_Target,Not_Target,Not_Target
echi14009.t1,Myosin_6,Not_Target,Myosin_1
echi6947.t1,Not_Target,Not_Target,Not_Target
echi6948.t1,Myosin_24,Myosin_55,Myosin_20
echi6949.t1,Myosin_18,Not_Target,Myosin_51
echi6950.t1,Not_Target,Not_Target,Not_Target
echi6951.t1,Not_Target,Myosin_5,Not_Target
echi6952.t1,Not_Target,Myosin_6,Not_Target
echi6953.t1,Not_Target,Myosin_55,Not_Target
echi6954.t1,Not_Target,Not_Target,Not_Target
echi8019.t1,Myosin_6,Not_Target,Not_Target
echi8020.t1,Not_Target,Not_Target,Not_Target
echi8021.t1,Not_Target,Not_Target,Not_Target
echi8022.t1,Not_Target,Not_Target,Not_Target
echi8023.t1,Not_Target,Not_Target,Not_Target
echi8024.t1,Not_Target,Not_Target,Not_Target
echi13992.t1,Not_Target,Not_Target,Not_Target
echi13993.t1,Not_Target,Not_Target,Not_Target
echi13994.t1,Myosin_17,Myosin_17,Not_Target
echi13995.t1,Myosin_17,Myosin_17,Not_Target
echi13996.t1,Not_Target,Not_Target,Not_Target
echi13997.t1,Myosin_17,Not_Target,Not_Target
echi10218.t1,Not_Target,Not_Target,Not_Target
echi10219.t1,Not_Target,Not_Target,Myosin_19
echi10220.t1,Myosin_49,Myosin_5,Not_Target
echi10221.t1,Not_Target,Not_Target,Not_Target
echi10222.t1,Myosin_18,Myosin_18,Myosin_51
echi10223.t1,Not_Target,Not_Target,Not_Target
echi10224.t1,Not_Target,Not_Target,Not_Target
echi11.t1,Not_Target,Not_Target,Not_Target
echi12.t1,Not_Target,Not_Target,Not_Target
echi13.t1,Not_Target,Myosin_57,Myosin_15
echi14.t1,Not_Target,Not_Target,Not_Target
echi15.t1,Not_Target,Not_Target,Not_Target
echi9373.t1,Not_Target,Not_Target,Not_Target
echi9374.t1,Not_Target,Not_Target,Not_Target
echi9375.t1,Not_Target,Not_Target,Not_Target
echi9376.t1,Not_Target,Not_Target,Not_Target
echi9377.t1,Not_Target,Not_Target,Not_Target
echi9378.t1,Myosin_5,Myosin_37,Not_Target
echi16353.t1,Not_Target,Myosin_26,Not_Target
echi16354.t1,Not_Target,Not_Target,Not_Target
echi16355.t1,Myosin_3,Not_Target,Not_Target
echi16356.t1,Not_Target,Myosin_22,Myosin_2
echi16357.t1,Not_Target,Not_Target,Myosin_20
echi16358.t1,Not_Target,Not_Target,Not_Target
echi11755.t1,Not_Target,Not_Target,Not_Target
echi11756.t1,Myosin_74,Myosin_74,Not_Target
echi11757.t1,Not_Target,Not_Target,Not_Target
echi11758.t1,Not_Target,Not_Target,Not_Target
echi11759.t1,Not_Target,Not_Target,Not_Target
echi11760.t1,Not_Target,Not_Target,Not_Target
echi11761.t1,Not_Target,Not_Target,Not_Target
echi8491.t1,Not_Target,Not_Target,Not_Target
echi8492.t1,Myosin_18,Myosin_18,Myosin_9
echi8493.t1,Not_Target,Not_Target,Not_Target
echi8494.t1,Not_Target,Not_Target,Not_Target
echi8495.t1,Not_Target,Not_Target,Not_Target
echi8496.t1,Not_Target,Not_Target,Not_Target
echi7703.t1,Myosin_23,Myosin_22,Myosin_17
echi7704.t1,Myosin_1,Not_Target,Myosin_42
echi7705.t1,Not_Target,Not_Target,Not_Target
echi7706.t1,Not_Target,Not_Target,Not_Target
echi7707.t1,Myosin_22,Myosin_22,Not_Target
echi7708.t1,Not_Target,Not_Target,Not_Target
echi7709.t1,Not_Target,Not_Target,Not_Target
echi1325.t1,Not_Target,Myosin_26,Myosin_20
echi1326.t1,Not_Target,Not_Target,Not_Target
echi1327.t1,Not_Target,Not_Target,Myosin_71
echi1328.t1,Not_Target,Not_Target,Not_Target
echi1329.t1,Not_Target,Not_Target,Not_Target
echi1330.t1,Not_Target,Not_Target,Not_Target
echi6522.t1,Not_Target,Myosin_1,Not_Target
echi6523.t1,Not_Target,Not_Target,Not_Target
echi6524.t1,Not_Target,Not_Target,Not_Target
echi6525.t1,Not_Target,Myosin_18,Not_Target
echi6526.t1,Not_Target,Not_Target,Not_Target
echi6527.t1,Not_Target,Not_Target,Myosin_2
echi6528.t1,Not_Target,Not_Target,Not_Target
echi6529.t1,Not_Target,Myosin_6,Not_Target
echi16233.t1,Myosin_45,Not_Target,Myosin_3
echi16234.t1,Not_Target,Not_Target,Not_Target
echi16235.t1,Not_Target,Not_Target,Not_Target
echi16236.t1,Myosin_26,Myosin_18,Not_Target
echi16237.t1,Myosin_18,Myosin_18,Not_Target
echi10933.t1,Not_Target,Not_Target,Not_Target
echi10934.t1,Not_Target,Myosin_17,Myosin_20
echi10935.t1,Not_Target,Not_Target,Myosin_4
echi8016.t1,Not_Target,Not_Target,Not_Target
echi8017.t1,Myosin_51,Myosin_3,Myosin_20
echi8018.t1,Myosin_15,Myosin_7,Myosin_17
echi16757.t1,Not_Target,Not_Target,Not_Target
echi16758.t1,Not_Target,Not_Target,Not_Target
echi16759.t1,Not_Target,Not_Target,Not_Target
echi16760.t1,Not_Target,Not_Target,Not_Target
echi16761.t1,Not_Target,Myosin_19,Not_Target
echi16762.t1,Not_Target,Myosin_26,Not_Target
echi1711.t1,Not_Target,Myosin_1,Myosin_4
echi1712.t1,Not_Target,Not_Target,Not_Target
echi1713.t1,Not_Target,Not_Target,Not_Target
echi1714.t1,Not_Target,Not_Target,Myosin_5
echi9586.t1,Not_Target,Myosin_29,Not_Target
echi9587.t1,Not_Target,Not_Target,Myosin_1
echi9588.t1,Myosin_1,Not_Target,Myosin_1
echi9589.t1,Not_Target,Myosin_29,Not_Target
echi9590.t1,Not_Target,Myosin_66,Myosin_1
echi7670.t1,Myosin_73,Myosin_66,Not_Target
echi7671.t1,Not_Target,Myosin_23,Not_Target
echi7672.t1,Not_Target,Not_Target,Not_Target
echi7673.t1,Myosin_15,Myosin_15,Myosin_6
echi7674.t1,Not_Target,Not_Target,Not_Target
echi12953.t1,Not_Target,Not_Target,Myosin_1
echi12954.t1,Not_Target,Not_Target,Not_Target
echi12955.t1,Not_Target,Not_Target,Not_Target
echi12956.t1,Myosin_23,Not_Target,Myosin_4
echi12957.t1,Not_Target,Myosin_80,Not_Target
echi12958.t1,Not_Target,Myosin_5,Not_Target
echi12959.t1,Not_Target,Not_Target,Not_Target
echi3369.t1,Not_Target,Not_Target,Not_Target
echi3370.t1,Myosin_3,Myosin_3,Myosin_4
echi3371.t1,Not_Target,Not_Target,Not_Target
echi3372.t1,Not_Target,Not_Target,Myosin_22
echi8675.t1,Myosin_2,Myosin_54,Not_Target
echi8676.t1,Myosin_19,Not_Target,Not_Target
echi8677.t1,Not_Target,Not_Target,Not_Target
echi8678.t1,Not_Target,Not_Target,Not_Target
echi8679.t1,Not_Target,Not_Target,Not_Target
echi8680.t1,Myosin_6,Myosin_6,Not_Target
echi13920.t1,Not_Target,Not_Target,Myosin_3
echi13921.t1,Not_Target,Not_Target,Not_Target
echi13922.t1,Not_Target,Not_Target,Not_Target
echi13923.t1,Not_Target,Myosin_5,Not_Target
echi13924.t1,Not_Target,Not_Target,Not_Target
echi13925.t1,Not_Target,Myosin_22,Not_Target
echi13926.t1,Not_Target,Not_Target,Not_Target
echi13927.t1,Not_Target,Not_Target,Not_Target
echi14166.t1,Not_Target,Myosin_17,Not_Target
echi14167.t1,Myosin_17,Myosin_17,Myosin_17
echi14168.t1,Not_Target,Myosin_25,Not_Target
echi10999.t1,Not_Target,Not_Target,Myosin_3
echi16272.t1,Not_Target,Not_Target,Not_Target
echi16273.t1,Not_Target,Not_Target,Not_Target
echi16274.t1,Not_Target,Not_Target,Not_Target
echi16275.t1,Not_Target,Myosin_11,Not_Target
echi16276.t1,Not_Target,Myosin_11,Not_Target
echi16277.t1,Not_Target,Not_Target,Not_Target
echi16278.t1,Not_Target,Not_Target,Not_Target
echi16279.t1,Not_Target,Not_Target,Not_Target
echi10825.t1,Not_Target,Not_Target,Not_Target
echi10826.t1,Not_Target,Not_Target,Not_Target
echi10827.t1,Not_Target,Not_Target,Not_Target
echi16429.t1,Not_Target,Not_Target,Not_Target
echi16430.t1,Not_Target,Myosin_17,Not_Target
echi16431.t1,Not_Target,Not_Target,Not_Target
echi16432.t1,Not_Target,Not_Target,Not_Target
echi16433.t1,Not_Target,Not_Target,Myosin_4
echi12076.t1,Not_Target,Myosin_16,Myosin_18
echi12077.t1,Myosin_3,Myosin_2,Not_Target
echi12078.t1,Not_Target,Not_Target,Not_Target
echi12079.t1,Not_Target,Not_Target,Not_Target
echi12080.t1,Myosin_51,Not_Target,Myosin_5
echi4599.t1,Myosin_53,Not_Target,Myosin_20
echi4600.t1,Not_Target,Not_Target,Myosin_1
echi4601.t1,Not_Target,Not_Target,Not_Target
echi4602.t1,Not_Target,Not_Target,Myosin_19
echi12099.t1,Not_Target,Not_Target,Myosin_37
echi12100.t1,Myosin_17,Myosin_17,Myosin_17
echi12101.t1,Not_Target,Not_Target,Not_Target
echi12102.t1,Not_Target,Not_Target,Not_Target
echi16687.t1,Myosin_9,Myosin_17,Myosin_5
echi16688.t1,Not_Target,Myosin_17,Not_Target
echi17489.t1,Myosin_16,Not_Target,Myosin_19
echi17490.t1,Not_Target,Not_Target,Not_Target
echi17491.t1,Myosin_31,Not_Target,Not_Target
echi17492.t1,Not_Target,Not_Target,Not_Target
echi17493.t1,Not_Target,Myosin_22,Not_Target
echi14045.t1,Not_Target,Not_Target,Not_Target
echi6409.t1,Myosin_26,Not_Target,Not_Target
echi6410.t1,Not_Target,Myosin_22,Myosin_20
echi2908.t1,Not_Target,Not_Target,Not_Target
echi2909.t1,Not_Target,Not_Target,Not_Target
echi2910.t1,Not_Target,Not_Target,Not_Target
echi2911.t1,Not_Target,Not_Target,Myosin_64
echi2912.t1,Myosin_5,Myosin_5,Not_Target
echi2913.t1,Not_Target,Not_Target,Not_Target
echi2914.t1,Not_Target,Not_Target,Not_Target
echi16381.t1,Not_Target,Not_Target,Not_Target
echi16382.t1,Myosin_16,Not_Target,Myosin_14
echi16383.t1,Not_Target,Not_Target,Not_Target
echi16384.t1,Not_Target,Not_Target,Not_Target
echi16385.t1,Not_Target,Myosin_57,Not_Target
echi16386.t1,Myosin_26,Myosin_26,Not_Target
echi16387.t1,Myosin_7,Myosin_22,Myosin_1
echi10246.t1,Not_Target,Not_Target,Not_Target
echi10247.t1,Not_Target,Not_Target,Myosin_1
echi10248.t1,Not_Target,Not_Target,Myosin_1
echi10249.t1,Not_Target,Myosin_23,Not_Target
echi10250.t1,Not_Target,Not_Target,Myosin_1
echi10251.t1,Not_Target,Not_Target,Not_Target
echi13587.t1,Not_Target,Not_Target,Not_Target
echi13588.t1,Not_Target,Myosin_6,Myosin_8
echi13589.t1,Not_Target,Not_Target,Not_Target
echi13590.t1,Not_Target,Not_Target,Not_Target
echi13591.t1,Not_Target,Myosin_20,Not_Target
echi13592.t1,Myosin_2,Not_Target,Not_Target
echi13593.t1,Not_Target,Not_Target,Not_Target
echi11949.t1,Myosin_45,Myosin_18,Not_Target
echi11950.t1,Not_Target,Myosin_27,Not_Target
echi11951.t1,Not_Target,Not_Target,Not_Target
echi11952.t1,Not_Target,Not_Target,Not_Target
echi11953.t1,Not_Target,Not_Target,Myosin_19
echi12946.t1,Not_Target,Not_Target,Not_Target
echi12947.t1,Not_Target,Not_Target,Not_Target
echi12948.t1,Not_Target,Not_Target,Myosin_1
echi12949.t1,Not_Target,Not_Target,Myosin_8
echi6445.t1,Myosin_45,Myosin_45,Myosin_16
echi6446.t1,Not_Target,Not_Target,Not_Target
echi6447.t1,Not_Target,Not_Target,Not_Target
echi2985.t1,Not_Target,Not_Target,Not_Target
echi2986.t1,Myosin_74,Myosin_74,Not_Target
echi2987.t1,Not_Target,Not_Target,Not_Target
echi2988.t1,Not_Target,Not_Target,Not_Target
echi2989.t1,Not_Target,Not_Target,Not_Target
echi2990.t1,Not_Target,Not_Target,Myosin_20
echi2991.t1,Not_Target,Not_Target,Myosin_1
echi7413.t1,Myosin_34,Not_Target,Not_Target
echi7414.t1,Myosin_15,Myosin_15,Myosin_15
echi18097.t1,Not_Target,Myosin_19,Not_Target
echi18098.t1,Not_Target,Not_Target,Not_Target
echi18099.t1,Not_Target,Not_Target,Not_Target
echi18100.t1,Not_Target,Not_Target,Not_Target
echi18101.t1,Not_Target,Not_Target,Not_Target
echi11676.t1,Myosin_57,Myosin_22,Myosin_1
echi11677.t1,Not_Target,Not_Target,Not_Target
echi11678.t1,Myosin_57,Not_Target,Myosin_57
echi11679.t1,Not_Target,Not_Target,Not_Target
echi11680.t1,Not_Target,Not_Target,Not_Target
echi1085.t1,Myosin_45,Myosin_1,Not_Target
echi1086.t1,Myosin_45,Myosin_1,Not_Target
echi1087.t1,Not_Target,Not_Target,Not_Target
echi1088.t1,Not_Target,Not_Target,Not_Target
echi1089.t1,Not_Target,Myosin_1,Not_Target
echi11504.t1,Not_Target,Not_Target,Not_Target
echi11505.t1,Myosin_30,Myosin_57,Myosin_2
echi11506.t1,Not_Target,Not_Target,Not_Target
echi11507.t1,Not_Target,Not_Target,Not_Target
echi11508.t1,Not_Target,Not_Target,Not_Target
echi12094.t1,Myosin_3,Not_Target,Myosin_2
echi12095.t1,Not_Target,Not_Target,Not_Target
echi12096.t1,Not_Target,Not_Target,Not_Target
echi12097.t1,Myosin_3,Not_Target,Myosin_2
echi13073.t1,Not_Target,Not_Target,Not_Target
echi13074.t1,Not_Target,Not_Target,Not_Target
echi13075.t1,Not_Target,Not_Target,Not_Target
echi13076.t1,Not_Target,Not_Target,Not_Target
echi16263.t1,Not_Target,Not_Target,Not_Target
echi16264.t1,Myosin_19,Not_Target,Not_Target
echi16265.t1,Not_Target,Not_Target,Not_Target
echi16266.t1,Not_Target,Myosin_18,Not_Target
echi2252.t1,Myosin_19,Myosin_28,Myosin_14
echi2253.t1,Not_Target,Not_Target,Not_Target
echi2254.t1,Not_Target,Not_Target,Not_Target
echi2255.t1,Not_Target,Not_Target,Not_Target
echi2160.t1,Not_Target,Myosin_19,Myosin_62
echi2161.t1,Not_Target,Not_Target,Not_Target
echi2162.t1,Not_Target,Not_Target,Not_Target
echi2163.t1,Myosin_17,Myosin_17,Myosin_1
echi2164.t1,Not_Target,Myosin_19,Not_Target
echi3273.t1,Not_Target,Not_Target,Not_Target
echi3274.t1,Myosin_18,Not_Target,Myosin_5
echi3275.t1,Not_Target,Not_Target,Myosin_37
echi3276.t1,Not_Target,Not_Target,Not_Target
echi3277.t1,Myosin_31,Not_Target,Myosin_15
echi7632.t1,Not_Target,Not_Target,Not_Target
echi7633.t1,Not_Target,Myosin_5,Not_Target
echi7634.t1,Not_Target,Not_Target,Myosin_53
echi7635.t1,Myosin_57,Myosin_6,Not_Target
echi7636.t1,Not_Target,Not_Target,Not_Target
echi72.t1,Not_Target,Not_Target,Not_Target
echi73.t1,Not_Target,Not_Target,Not_Target
echi74.t1,Not_Target,Not_Target,Not_Target
echi75.t1,Not_Target,Not_Target,Not_Target
echi8612.t1,Myosin_15,Myosin_15,Myosin_27
echi8613.t1,Myosin_1,Myosin_1,Myosin_27
echi16300.t1,Not_Target,Not_Target,Myosin_2
echi16301.t1,Myosin_3,Myosin_3,Myosin_3
echi18116.t1,Not_Target,Not_Target,Myosin_2
echi18117.t1,Myosin_6,Myosin_22,Myosin_1
echi18118.t1,Not_Target,Not_Target,Not_Target
echi7224.t1,Not_Target,Not_Target,Not_Target
echi7225.t1,Not_Target,Not_Target,Not_Target
echi7226.t1,Not_Target,Not_Target,Not_Target
echi7227.t1,Not_Target,Not_Target,Not_Target
echi7228.t1,Not_Target,Not_Target,Not_Target
echi7229.t1,Not_Target,Myosin_19,Not_Target
echi7230.t1,Not_Target,Not_Target,Not_Target
echi7231.t1,Myosin_37,Not_Target,Myosin_1
echi17394.t1,Myosin_20,Myosin_18,Myosin_45
echi17395.t1,Not_Target,Not_Target,Myosin_2
echi17396.t1,Not_Target,Not_Target,Not_Target
echi17397.t1,Not_Target,Not_Target,Not_Target
echi13908.t1,Not_Target,Not_Target,Not_Target
echi13909.t1,Not_Target,Myosin_5,Not_Target
echi13910.t1,Not_Target,Not_Target,Not_Target
echi13911.t1,Myosin_45,Not_Target,Myosin_1
echi13912.t1,Myosin_45,Not_Target,Myosin_1
echi13913.t1,Not_Target,Not_Target,Not_Target
echi3406.t1,Not_Target,Myosin_11,Not_Target
echi3407.t1,Myosin_57,Not_Target,Not_Target
echi3408.t1,Myosin_16,Myosin_18,Myosin_3
echi8317.t1,Myosin_15,Myosin_3,Myosin_15
echi8318.t1,Myosin_45,Not_Target,Not_Target
echi15625.t1,Not_Target,Not_Target,Not_Target
echi15626.t1,Not_Target,Myosin_1,Myosin_1
echi15627.t1,Not_Target,Not_Target,Not_Target
echi15628.t1,Not_Target,Not_Target,Not_Target
echi15629.t1,Not_Target,Not_Target,Not_Target
echi15392.t1,Myosin_37,Myosin_6,Not_Target
echi15393.t1,Not_Target,Not_Target,Not_Target
echi15394.t1,Not_Target,Not_Target,Not_Target
echi1199.t1,Myosin_15,Myosin_5,Myosin_40
echi1200.t1,Myosin_30,Not_Target,Not_Target
echi1201.t1,Not_Target,Not_Target,Not_Target
echi1202.t1,Not_Target,Not_Target,Myosin_54
echi1203.t1,Not_Target,Myosin_5,Not_Target
echi5641.t1,Myosin_17,Myosin_17,Myosin_19
echi5642.t1,Myosin_17,Myosin_17,Myosin_34
echi5643.t1,Not_Target,Not_Target,Myosin_1
echi15349.t1,Not_Target,Not_Target,Myosin_4
echi15350.t1,Not_Target,Not_Target,Myosin_4
echi15351.t1,Myosin_18,Not_Target,Myosin_42
echi15352.t1,Not_Target,Not_Target,Not_Target
echi15353.t1,Not_Target,Not_Target,Not_Target
echi15354.t1,Not_Target,Not_Target,Not_Target
echi528.t1,Myosin_15,Myosin_15,Myosin_15
echi529.t1,Myosin_26,Not_Target,Myosin_8
echi3838.t1,Not_Target,Not_Target,Not_Target
echi3839.t1,Not_Target,Not_Target,Not_Target
echi3840.t1,Not_Target,Not_Target,Not_Target
echi3841.t1,Myosin_64,Myosin_51,Not_Target
echi3842.t1,Myosin_18,Not_Target,Myosin_31
echi3843.t1,Myosin_18,Not_Target,Not_Target
echi10678.t1,Not_Target,Myosin_17,Not_Target
echi10679.t1,Myosin_18,Myosin_18,Myosin_18
echi6356.t1,Not_Target,Not_Target,Not_Target
echi6357.t1,Not_Target,Not_Target,Not_Target
echi6358.t1,Not_Target,Not_Target,Not_Target
echi6359.t1,Not_Target,Not_Target,Not_Target
echi6360.t1,Not_Target,Not_Target,Not_Target
echi14757.t1,Not_Target,Myosin_20,Myosin_20
echi14758.t1,Not_Target,Myosin_47,Not_Target
echi14759.t1,Not_Target,Not_Target,Not_Target
echi14760.t1,Myosin_57,Myosin_11,Myosin_62
echi14761.t1,Not_Target,Not_Target,Not_Target
echi14762.t1,Not_Target,Not_Target,Not_Target
echi530.t1,Not_Target,Not_Target,Not_Target
echi1528.t1,Not_Target,Not_Target,Myosin_1
echi1529.t1,Myosin_11,Not_Target,Myosin_11
echi1530.t1,Not_Target,Not_Target,Not_Target
echi1531.t1,Myosin_17,Not_Target,Myosin_17
echi1532.t1,Myosin_17,Myosin_75,Myosin_17
echi1533.t1,Myosin_30,Myosin_30,Myosin_5
echi1534.t1,Not_Target,Not_Target,Not_Target
echi3556.t1,Not_Target,Not_Target,Not_Target
echi3557.t1,Not_Target,Not_Target,Myosin_19
echi3558.t1,Not_Target,Not_Target,Not_Target
echi3559.t1,Myosin_19,Not_Target,Not_Target
echi3560.t1,Not_Target,Not_Target,Not_Target
echi5124.t1,Not_Target,Not_Target,Not_Target
echi5125.t1,Not_Target,Not_Target,Myosin_8
echi5126.t1,Not_Target,Not_Target,Not_Target
echi5127.t1,Not_Target,Not_Target,Not_Target
echi5128.t1,Not_Target,Not_Target,Not_Target
echi5129.t1,Not_Target,Not_Target,Not_Target
echi982.t1,Myosin_18,Myosin_18,Myosin_20
echi983.t1,Myosin_18,Myosin_18,Not_Target
echi984.t1,Myosin_4,Not_Target,Myosin_30
echi985.t1,Myosin_4,Not_Target,Myosin_4
echi986.t1,Not_Target,Myosin_20,Not_Target
echi987.t1,Myosin_4,Myosin_4,Myosin_4
echi14196.t1,Myosin_9,Myosin_9,Myosin_36
echi14197.t1,Myosin_9,Myosin_9,Myosin_36
echi1316.t1,Not_Target,Not_Target,Not_Target
echi1317.t1,Myosin_8,Myosin_64,Not_Target
echi1318.t1,Not_Target,Not_Target,Not_Target
echi1319.t1,Not_Target,Not_Target,Not_Target
echi1320.t1,Myosin_17,Myosin_17,Not_Target
echi1321.t1,Myosin_8,Not_Target,Not_Target
echi1322.t1,Not_Target,Not_Target,Not_Target
echi1323.t1,Myosin_8,Not_Target,Not_Target
echi18438.t1,Myosin_6,Myosin_6,Myosin_25
echi18317.t1,Not_Target,Not_Target,Not_Target
echi18318.t1,Not_Target,Not_Target,Not_Target
echi18319.t1,Not_Target,Not_Target,Myosin_20
echi18320.t1,Not_Target,Not_Target,Not_Target
echi18321.t1,Myosin_1,Myosin_1,Myosin_1
echi16589.t1,Myosin_3,Myosin_3,Myosin_3
echi16590.t1,Myosin_9,Myosin_9,Myosin_3
echi16591.t1,Myosin_51,Not_Target,Myosin_23
echi3656.t1,Not_Target,Not_Target,Not_Target
echi3657.t1,Not_Target,Not_Target,Not_Target
echi3658.t1,Not_Target,Not_Target,Not_Target
echi3659.t1,Not_Target,Not_Target,Not_Target
echi3660.t1,Not_Target,Not_Target,Not_Target
echi17632.t1,Not_Target,Not_Target,Not_Target
echi17633.t1,Not_Target,Not_Target,Not_Target
echi12541.t1,Myosin_26,Not_Target,Myosin_1
echi12542.t1,Not_Target,Not_Target,Not_Target
echi12543.t1,Not_Target,Not_Target,Not_Target
echi1214.t1,Myosin_16,Not_Target,Myosin_46
echi1215.t1,Not_Target,Not_Target,Not_Target
echi1216.t1,Myosin_36,Not_Target,Myosin_57
echi1217.t1,Not_Target,Not_Target,Not_Target
echi923.t1,Not_Target,Not_Target,Myosin_4
echi924.t1,Not_Target,Not_Target,Not_Target
echi925.t1,Myosin_19,Not_Target,Myosin_37
echi926.t1,Not_Target,Not_Target,Not_Target
echi927.t1,Not_Target,Not_Target,Not_Target
echi928.t1,Not_Target,Not_Target,Not_Target
echi929.t1,Not_Target,Not_Target,Not_Target
echi930.t1,Not_Target,Not_Target,Not_Target
echi7481.t1,Not_Target,Not_Target,Not_Target
echi7482.t1,Not_Target,Not_Target,Not_Target
echi7483.t1,Myosin_15,Myosin_17,Myosin_22
echi14304.t1,Myosin_19,Myosin_19,Myosin_19
echi14305.t1,Not_Target,Not_Target,Not_Target
echi14306.t1,Not_Target,Myosin_27,Not_Target
echi12736.t1,Not_Target,Not_Target,Not_Target
echi12737.t1,Not_Target,Not_Target,Myosin_5
echi12738.t1,Not_Target,Not_Target,Myosin_3
echi12739.t1,Not_Target,Not_Target,Not_Target
echi12740.t1,Not_Target,Not_Target,Myosin_38
echi12741.t1,Not_Target,Not_Target,Not_Target
echi5225.t1,Not_Target,Not_Target,Myosin_72
echi5226.t1,Not_Target,Not_Target,Not_Target
echi5227.t1,Myosin_5,Not_Target,Myosin_19
echi5228.t1,Not_Target,Not_Target,Not_Target
echi5229.t1,Not_Target,Not_Target,Myosin_1
echi5230.t1,Myosin_2,Not_Target,Not_Target
echi5231.t1,Not_Target,Not_Target,Myosin_19
echi12492.t1,Not_Target,Not_Target,Not_Target
echi12493.t1,Not_Target,Not_Target,Myosin_57
echi12494.t1,Not_Target,Not_Target,Not_Target
echi12495.t1,Myosin_24,Not_Target,Myosin_2
echi14850.t1,Not_Target,Not_Target,Not_Target
echi14851.t1,Myosin_45,Myosin_57,Myosin_26
echi14852.t1,Not_Target,Not_Target,Not_Target
echi5006.t1,Not_Target,Not_Target,Not_Target
echi5007.t1,Not_Target,Myosin_16,Not_Target
echi5008.t1,Not_Target,Not_Target,Not_Target
echi5009.t1,Not_Target,Not_Target,Not_Target
echi14923.t1,Not_Target,Not_Target,Not_Target
echi14924.t1,Not_Target,Not_Target,Not_Target
echi1697.t1,Not_Target,Not_Target,Not_Target
echi1698.t1,Not_Target,Not_Target,Not_Target
echi16438.t1,Not_Target,Not_Target,Not_Target
echi16439.t1,Not_Target,Myosin_19,Not_Target
echi16440.t1,Myosin_19,Not_Target,Not_Target
echi16441.t1,Not_Target,Not_Target,Not_Target
echi16442.t1,Myosin_19,Not_Target,Not_Target
echi16443.t1,Not_Target,Myosin_28,Not_Target
echi16007.t1,Myosin_19,Not_Target,Myosin_16
echi16380.t1,Myosin_51,Not_Target,Myosin_1
echi18360.t1,Myosin_3,Myosin_3,Myosin_34
echi18361.t1,Myosin_24,Not_Target,Myosin_24
echi17674.t1,Not_Target,Not_Target,Not_Target
echi17675.t1,Myosin_15,Myosin_15,Myosin_17
echi17676.t1,Not_Target,Not_Target,Not_Target
echi4702.t1,Not_Target,Not_Target,Not_Target
echi4703.t1,Myosin_24,Not_Target,Myosin_3
echi4704.t1,Not_Target,Not_Target,Not_Target
echi4705.t1,Not_Target,Not_Target,Not_Target
echi7961.t1,Not_Target,Myosin_16,Not_Target
echi7962.t1,Not_Target,Not_Target,Myosin_57
echi7963.t1,Not_Target,Not_Target,Not_Target
echi7964.t1,Not_Target,Myosin_1,Myosin_2
echi7965.t1,Myosin_5,Not_Target,Not_Target
echi7966.t1,Not_Target,Not_Target,Not_Target
echi15400.t1,Not_Target,Not_Target,Not_Target
echi15401.t1,Not_Target,Not_Target,Not_Target
echi15402.t1,Not_Target,Not_Target,Not_Target
echi15403.t1,Not_Target,Myosin_18,Myosin_20
echi15404.t1,Not_Target,Not_Target,Not_Target
echi15405.t1,Not_Target,Not_Target,Not_Target
echi561.t1,Not_Target,Not_Target,Not_Target
echi562.t1,Not_Target,Not_Target,Myosin_2
echi563.t1,Not_Target,Not_Target,Not_Target
echi564.t1,Not_Target,Not_Target,Myosin_37
echi565.t1,Myosin_8,Not_Target,Not_Target
echi566.t1,Not_Target,Not_Target,Myosin_14
echi18130.t1,Not_Target,Not_Target,Not_Target
echi18131.t1,Not_Target,Not_Target,Not_Target
echi18132.t1,Not_Target,Not_Target,Not_Target
echi18133.t1,Not_Target,Myosin_1,Not_Target
echi15019.t1,Myosin_37,Not_Target,Not_Target
echi15020.t1,Not_Target,Not_Target,Not_Target
echi15021.t1,Not_Target,Myosin_6,Not_Target
echi15022.t1,Not_Target,Myosin_47,Not_Target
echi15023.t1,Not_Target,Not_Target,Not_Target
echi15024.t1,Myosin_45,Not_Target,Not_Target
echi15025.t1,Not_Target,Myosin_1,Myosin_1
echi15026.t1,Not_Target,Not_Target,Not_Target
echi15027.t1,Not_Target,Not_Target,Not_Target
echi15028.t1,Not_Target,Not_Target,Not_Target
echi2997.t1,Myosin_37,Myosin_22,Myosin_37
echi2998.t1,Myosin_3,Not_Target,Myosin_18
echi8919.t1,Not_Target,Not_Target,Not_Target
echi8920.t1,Not_Target,Not_Target,Not_Target
echi8921.t1,Not_Target,Not_Target,Myosin_8
echi8922.t1,Not_Target,Not_Target,Myosin_2
echi8923.t1,Not_Target,Not_Target,Not_Target
echi9577.t1,Myosin_71,Not_Target,Not_Target
echi9578.t1,Not_Target,Not_Target,Not_Target
echi9579.t1,Not_Target,Not_Target,Not_Target
echi6399.t1,Not_Target,Not_Target,Myosin_3
echi6400.t1,Not_Target,Not_Target,Not_Target
echi6401.t1,Not_Target,Not_Target,Not_Target
echi6402.t1,Myosin_17,Myosin_17,Not_Target
echi6403.t1,Not_Target,Not_Target,Myosin_16
echi6404.t1,Myosin_5,Myosin_5,Myosin_42
echi6405.t1,Not_Target,Not_Target,Not_Target
echi11666.t1,Not_Target,Myosin_6,Myosin_2
echi11667.t1,Myosin_45,Myosin_45,Myosin_18
echi11668.t1,Myosin_73,Not_Target,Not_Target
echi8510.t1,Not_Target,Not_Target,Not_Target
echi8511.t1,Not_Target,Not_Target,Not_Target
echi8512.t1,Not_Target,Not_Target,Not_Target
echi8513.t1,Myosin_17,Myosin_17,Not_Target
echi9929.t1,Not_Target,Myosin_16,Not_Target
echi9930.t1,Not_Target,Myosin_17,Not_Target
echi9931.t1,Myosin_45,Not_Target,Myosin_18
echi18428.t1,Not_Target,Not_Target,Myosin_8
echi18429.t1,Not_Target,Not_Target,Myosin_1
echi18430.t1,Not_Target,Not_Target,Not_Target
echi18431.t1,Not_Target,Not_Target,Not_Target
echi18432.t1,Not_Target,Not_Target,Not_Target
echi18433.t1,Not_Target,Not_Target,Not_Target
echi3020.t1,Not_Target,Not_Target,Not_Target
echi3021.t1,Not_Target,Not_Target,Myosin_23
echi3022.t1,Not_Target,Not_Target,Not_Target
echi3023.t1,Not_Target,Not_Target,Not_Target
echi17605.t1,Not_Target,Not_Target,Myosin_4
echi17606.t1,Not_Target,Myosin_1,Not_Target
echi17607.t1,Myosin_37,Not_Target,Not_Target
echi17608.t1,Myosin_24,Not_Target,Myosin_5
echi17609.t1,Not_Target,Not_Target,Not_Target
echi8942.t1,Not_Target,Not_Target,Not_Target
echi8943.t1,Myosin_9,Myosin_9,Myosin_3
echi17498.t1,Myosin_5,Not_Target,Myosin_8
echi17499.t1,Not_Target,Not_Target,Not_Target
echi17500.t1,Not_Target,Not_Target,Not_Target
echi17501.t1,Myosin_5,Myosin_5,Myosin_5
echi17502.t1,Not_Target,Not_Target,Not_Target
echi6390.t1,Myosin_45,Myosin_16,Not_Target
echi6391.t1,Not_Target,Not_Target,Not_Target
echi6392.t1,Not_Target,Not_Target,Not_Target
echi9260.t1,Not_Target,Not_Target,Myosin_24
echi9261.t1,Not_Target,Not_Target,Myosin_20
echi9262.t1,Not_Target,Not_Target,Not_Target
echi14330.t1,Not_Target,Not_Target,Not_Target
echi5601.t1,Myosin_15,Myosin_23,Myosin_17
echi4578.t1,Myosin_15,Not_Target,Not_Target
echi4579.t1,Myosin_18,Not_Target,Not_Target
echi4580.t1,Not_Target,Not_Target,Not_Target
echi18195.t1,Not_Target,Not_Target,Not_Target
echi18196.t1,Myosin_20,Myosin_45,Myosin_3
echi3046.t1,Not_Target,Myosin_17,Myosin_57
echi3047.t1,Not_Target,Not_Target,Myosin_14
echi3048.t1,Not_Target,Myosin_5,Not_Target
echi8529.t1,Not_Target,Not_Target,Myosin_2
echi8530.t1,Not_Target,Not_Target,Not_Target
echi8531.t1,Myosin_17,Not_Target,Myosin_15
echi5177.t1,Not_Target,Not_Target,Myosin_2
echi5178.t1,Not_Target,Not_Target,Not_Target
echi5179.t1,Myosin_78,Not_Target,Not_Target
echi14280.t1,Not_Target,Not_Target,Not_Target
echi14281.t1,Not_Target,Not_Target,Not_Target
echi14282.t1,Myosin_45,Not_Target,Myosin_5
echi14283.t1,Not_Target,Not_Target,Myosin_22
echi14284.t1,Not_Target,Not_Target,Not_Target
echi14285.t1,Not_Target,Not_Target,Myosin_8
echi3008.t1,Not_Target,Myosin_19,Myosin_27
echi3009.t1,Not_Target,Not_Target,Not_Target
echi3010.t1,Not_Target,Not_Target,Not_Target
echi3011.t1,Not_Target,Myosin_19,Myosin_57
echi6198.t1,Myosin_45,Myosin_11,Not_Target
echi6199.t1,Not_Target,Not_Target,Not_Target
echi6200.t1,Myosin_17,Not_Target,Myosin_5
echi6201.t1,Not_Target,Not_Target,Not_Target
echi6202.t1,Not_Target,Not_Target,Not_Target
echi7852.t1,Myosin_1,Myosin_1,Myosin_19
echi7853.t1,Not_Target,Not_Target,Not_Target
echi7854.t1,Not_Target,Not_Target,Not_Target
echi2380.t1,Not_Target,Not_Target,Not_Target
echi2381.t1,Not_Target,Not_Target,Not_Target
echi2382.t1,Not_Target,Myosin_1,Myosin_1
echi2383.t1,Myosin_37,Myosin_37,Not_Target
echi2384.t1,Not_Target,Not_Target,Not_Target
echi14163.t1,Not_Target,Not_Target,Not_Target
echi14164.t1,Not_Target,Not_Target,Not_Target
echi8233.t1,Myosin_71,Not_Target,Myosin_66
echi8234.t1,Not_Target,Not_Target,Not_Target
echi8235.t1,Not_Target,Not_Target,Not_Target
echi8236.t1,Not_Target,Not_Target,Not_Target
echi8237.t1,Not_Target,Myosin_19,Myosin_51
echi8238.t1,Not_Target,Not_Target,Not_Target
echi2067.t1,Not_Target,Not_Target,Not_Target
echi2068.t1,Not_Target,Not_Target,Not_Target
echi2069.t1,Not_Target,Not_Target,Not_Target
echi2070.t1,Myosin_17,Myosin_17,Not_Target
echi8960.t1,Not_Target,Not_Target,Not_Target
echi8961.t1,Not_Target,Not_Target,Myosin_51
echi8962.t1,Not_Target,Not_Target,Not_Target
echi8963.t1,Not_Target,Not_Target,Not_Target
echi8964.t1,Not_Target,Not_Target,Not_Target
echi6837.t1,Not_Target,Not_Target,Myosin_64
echi6838.t1,Not_Target,Not_Target,Not_Target
echi6839.t1,Not_Target,Not_Target,Not_Target
echi6840.t1,Not_Target,Not_Target,Myosin_5
echi16129.t1,Myosin_64,Not_Target,Not_Target
echi16130.t1,Not_Target,Not_Target,Not_Target
echi16131.t1,Not_Target,Not_Target,Not_Target
echi16132.t1,Not_Target,Not_Target,Not_Target
echi16133.t1,Myosin_18,Myosin_7,Not_Target
echi5079.t1,Not_Target,Not_Target,Myosin_5
echi5080.t1,Myosin_18,Myosin_29,Not_Target
echi5081.t1,Not_Target,Not_Target,Myosin_24
echi16208.t1,Not_Target,Not_Target,Not_Target
echi16209.t1,Not_Target,Not_Target,Not_Target
echi16210.t1,Not_Target,Myosin_18,Not_Target
echi16211.t1,Not_Target,Not_Target,Not_Target
echi16212.t1,Not_Target,Not_Target,Not_Target
echi16213.t1,Not_Target,Not_Target,Not_Target
echi7526.t1,Not_Target,Not_Target,Myosin_51
echi7527.t1,Not_Target,Myosin_19,Myosin_6
echi7528.t1,Not_Target,Not_Target,Not_Target
echi7529.t1,Not_Target,Not_Target,Not_Target
echi7530.t1,Not_Target,Not_Target,Myosin_5
echi7531.t1,Myosin_9,Myosin_3,Myosin_1
echi4009.t1,Not_Target,Not_Target,Not_Target
echi4010.t1,Not_Target,Not_Target,Not_Target
echi4011.t1,Not_Target,Not_Target,Not_Target
echi4012.t1,Myosin_18,Myosin_18,Not_Target
echi4013.t1,Not_Target,Not_Target,Not_Target
echi4014.t1,Myosin_1,Myosin_24,Myosin_5
echi774.t1,Not_Target,Not_Target,Not_Target
echi775.t1,Not_Target,Not_Target,Not_Target
echi776.t1,Myosin_53,Not_Target,Myosin_53
echi777.t1,Myosin_18,Not_Target,Not_Target
echi778.t1,Myosin_1,Myosin_1,Not_Target
echi779.t1,Not_Target,Myosin_57,Myosin_6
echi15826.t1,Not_Target,Myosin_16,Not_Target
echi15827.t1,Not_Target,Myosin_26,Not_Target
echi15828.t1,Myosin_5,Myosin_5,Not_Target
echi15829.t1,Myosin_5,Myosin_5,Not_Target
echi15830.t1,Not_Target,Myosin_26,Not_Target
echi8310.t1,Myosin_30,Myosin_30,Myosin_4
echi8311.t1,Not_Target,Not_Target,Not_Target
echi8312.t1,Myosin_30,Myosin_30,Not_Target
echi8313.t1,Not_Target,Not_Target,Not_Target
echi8314.t1,Not_Target,Not_Target,Not_Target
echi8315.t1,Not_Target,Not_Target,Not_Target
echi8316.t1,Myosin_30,Not_Target,Myosin_30
echi12114.t1,Not_Target,Myosin_5,Myosin_5
echi12115.t1,Not_Target,Not_Target,Not_Target
echi12116.t1,Not_Target,Not_Target,Not_Target
echi12117.t1,Not_Target,Not_Target,Myosin_64
echi11522.t1,Not_Target,Not_Target,Not_Target
echi11523.t1,Not_Target,Not_Target,Not_Target
echi11524.t1,Not_Target,Myosin_10,Not_Target
echi11525.t1,Not_Target,Not_Target,Not_Target
echi11526.t1,Not_Target,Not_Target,Not_Target
echi11527.t1,Myosin_6,Myosin_5,Not_Target
echi11528.t1,Not_Target,Not_Target,Not_Target
echi11529.t1,Not_Target,Not_Target,Not_Target
echi3014.t1,Not_Target,Myosin_19,Myosin_5
echi3015.t1,Not_Target,Not_Target,Not_Target
echi3016.t1,Not_Target,Not_Target,Not_Target
echi3017.t1,Myosin_8,Myosin_11,Not_Target
echi3018.t1,Not_Target,Not_Target,Not_Target
echi7194.t1,Not_Target,Not_Target,Myosin_15
echi7195.t1,Not_Target,Not_Target,Not_Target
echi7196.t1,Myosin_45,Not_Target,Myosin_18
echi2347.t1,Not_Target,Not_Target,Not_Target
echi2348.t1,Not_Target,Not_Target,Not_Target
echi2349.t1,Not_Target,Not_Target,Not_Target
echi2350.t1,Not_Target,Not_Target,Not_Target
echi2351.t1,Not_Target,Myosin_19,Myosin_4
echi2352.t1,Not_Target,Not_Target,Not_Target
echi2353.t1,Not_Target,Not_Target,Not_Target
echi5318.t1,Not_Target,Not_Target,Myosin_36
echi5319.t1,Not_Target,Not_Target,Not_Target
echi12544.t1,Not_Target,Not_Target,Not_Target
echi12545.t1,Myosin_1,Myosin_66,Not_Target
echi12546.t1,Not_Target,Not_Target,Myosin_20
echi12547.t1,Not_Target,Not_Target,Not_Target
echi12548.t1,Not_Target,Not_Target,Not_Target
echi190.t1,Not_Target,Not_Target,Not_Target
echi191.t1,Not_Target,Not_Target,Not_Target
echi192.t1,Not_Target,Not_Target,Myosin_8
echi193.t1,Not_Target,Not_Target,Not_Target
echi194.t1,Myosin_32,Not_Target,Myosin_23
echi195.t1,Not_Target,Not_Target,Not_Target
echi196.t1,Myosin_19,Myosin_41,Not_Target
echi197.t1,Not_Target,Myosin_41,Myosin_73
echi198.t1,Not_Target,Not_Target,Not_Target
echi199.t1,Myosin_32,Not_Target,Myosin_20
echi8722.t1,Not_Target,Not_Target,Not_Target
echi8723.t1,Myosin_23,Myosin_22,Myosin_34
echi8724.t1,Not_Target,Not_Target,Not_Target
echi8725.t1,Not_Target,Myosin_22,Myosin_1
echi4392.t1,Not_Target,Not_Target,Not_Target
echi4393.t1,Not_Target,Not_Target,Not_Target
echi4394.t1,Myosin_45,Not_Target,Not_Target
echi4395.t1,Not_Target,Not_Target,Not_Target
echi4396.t1,Not_Target,Not_Target,Not_Target
echi4397.t1,Not_Target,Not_Target,Not_Target
echi4398.t1,Not_Target,Not_Target,Not_Target
echi4015.t1,Myosin_29,Myosin_29,Myosin_7
echi4016.t1,Myosin_1,Not_Target,Not_Target
echi4017.t1,Myosin_1,Not_Target,Not_Target
echi4018.t1,Not_Target,Not_Target,Not_Target
echi4019.t1,Not_Target,Not_Target,Not_Target
echi4020.t1,Not_Target,Not_Target,Not_Target
echi8278.t1,Myosin_15,Myosin_15,Myosin_15
echi6046.t1,Myosin_34,Myosin_11,Not_Target
echi6047.t1,Myosin_24,Not_Target,Not_Target
echi6048.t1,Not_Target,Not_Target,Myosin_69
echi6049.t1,Myosin_18,Myosin_47,Not_Target
echi6050.t1,Myosin_1,Not_Target,Myosin_1
echi6051.t1,Not_Target,Not_Target,Not_Target
echi4932.t1,Myosin_18,Myosin_70,Myosin_11
echi4933.t1,Not_Target,Myosin_15,Not_Target
echi4934.t1,Not_Target,Not_Target,Not_Target
echi4935.t1,Not_Target,Not_Target,Not_Target
echi7569.t1,Myosin_37,Not_Target,Myosin_37
echi7570.t1,Not_Target,Myosin_1,Not_Target
echi7571.t1,Not_Target,Not_Target,Not_Target
echi3645.t1,Not_Target,Not_Target,Not_Target
echi3646.t1,Not_Target,Not_Target,Not_Target
echi3647.t1,Not_Target,Not_Target,Myosin_2
echi3648.t1,Not_Target,Myosin_51,Myosin_5
echi3472.t1,Not_Target,Not_Target,Myosin_20
echi3473.t1,Myosin_57,Myosin_57,Myosin_37
echi3474.t1,Myosin_6,Myosin_57,Not_Target
echi3475.t1,Not_Target,Not_Target,Myosin_1
echi3476.t1,Not_Target,Not_Target,Not_Target
echi11209.t1,Myosin_18,Myosin_18,Myosin_24
echi11210.t1,Not_Target,Not_Target,Not_Target
echi11211.t1,Not_Target,Not_Target,Not_Target
echi15174.t1,Myosin_45,Not_Target,Myosin_1
echi15175.t1,Not_Target,Not_Target,Not_Target
echi7903.t1,Not_Target,Not_Target,Not_Target
echi7904.t1,Myosin_18,Not_Target,Myosin_20
echi7905.t1,Myosin_19,Not_Target,Not_Target
echi9368.t1,Not_Target,Not_Target,Myosin_1
echi9369.t1,Not_Target,Not_Target,Not_Target
echi9370.t1,Not_Target,Not_Target,Not_Target
echi9371.t1,Not_Target,Not_Target,Not_Target
echi9372.t1,Myosin_1,Myosin_1,Myosin_1
echi13358.t1,Not_Target,Not_Target,Not_Target
echi13359.t1,Not_Target,Not_Target,Not_Target
echi13360.t1,Myosin_1,Myosin_1,Myosin_5
echi13361.t1,Not_Target,Not_Target,Not_Target
echi13362.t1,Not_Target,Not_Target,Not_Target
echi10800.t1,Myosin_19,Not_Target,Myosin_19
echi10801.t1,Not_Target,Not_Target,Not_Target
echi10802.t1,Not_Target,Not_Target,Not_Target
echi10803.t1,Myosin_37,Myosin_37,Myosin_5
echi10804.t1,Not_Target,Not_Target,Not_Target
echi16764.t1,Not_Target,Not_Target,Not_Target
echi16765.t1,Not_Target,Not_Target,Not_Target
echi16766.t1,Not_Target,Not_Target,Not_Target
echi16767.t1,Not_Target,Not_Target,Myosin_80
echi14681.t1,Not_Target,Not_Target,Not_Target
echi14682.t1,Not_Target,Not_Target,Not_Target
echi14683.t1,Not_Target,Myosin_1,Myosin_4
echi14684.t1,Not_Target,Not_Target,Not_Target
echi14685.t1,Not_Target,Not_Target,Not_Target
echi14686.t1,Not_Target,Myosin_1,Myosin_4
echi16147.t1,Not_Target,Not_Target,Not_Target
echi16148.t1,Not_Target,Myosin_1,Not_Target
echi16149.t1,Myosin_30,Myosin_5,Not_Target
echi16150.t1,Myosin_1,Not_Target,Not_Target
echi8543.t1,Not_Target,Not_Target,Not_Target
echi8544.t1,Not_Target,Myosin_19,Not_Target
echi8545.t1,Not_Target,Not_Target,Not_Target
echi8546.t1,Myosin_3,Myosin_3,Myosin_4
echi8547.t1,Not_Target,Myosin_57,Not_Target
echi10948.t1,Not_Target,Not_Target,Not_Target
echi10949.t1,Not_Target,Not_Target,Not_Target
echi17623.t1,Not_Target,Not_Target,Myosin_1
echi17624.t1,Not_Target,Not_Target,Not_Target
echi17625.t1,Myosin_37,Myosin_1,Myosin_14
echi17626.t1,Not_Target,Myosin_57,Not_Target
echi17627.t1,Not_Target,Not_Target,Not_Target
echi17628.t1,Not_Target,Not_Target,Not_Target
echi17629.t1,Not_Target,Not_Target,Not_Target
echi17630.t1,Not_Target,Not_Target,Not_Target
echi15441.t1,Not_Target,Not_Target,Not_Target
echi15442.t1,Myosin_20,Myosin_20,Myosin_4
echi15443.t1,Not_Target,Not_Target,Not_Target
echi4088.t1,Not_Target,Myosin_11,Not_Target
echi4089.t1,Not_Target,Not_Target,Not_Target
echi4090.t1,Not_Target,Not_Target,Myosin_8
echi4091.t1,Not_Target,Not_Target,Myosin_8
echi4092.t1,Not_Target,Not_Target,Not_Target
echi16690.t1,Not_Target,Myosin_3,Myosin_5
echi16691.t1,Myosin_42,Not_Target,Not_Target
echi16692.t1,Myosin_1,Not_Target,Not_Target
echi16693.t1,Myosin_17,Not_Target,Not_Target
echi16694.t1,Not_Target,Not_Target,Not_Target
echi16695.t1,Not_Target,Not_Target,Not_Target
echi623.t1,Not_Target,Not_Target,Not_Target
echi624.t1,Not_Target,Not_Target,Not_Target
echi625.t1,Not_Target,Not_Target,Not_Target
echi626.t1,Not_Target,Not_Target,Not_Target
echi627.t1,Not_Target,Not_Target,Not_Target
echi4543.t1,Not_Target,Not_Target,Not_Target
echi4544.t1,Myosin_37,Not_Target,Myosin_37
echi4545.t1,Not_Target,Not_Target,Not_Target
echi7475.t1,Not_Target,Not_Target,Myosin_1
echi7476.t1,Not_Target,Not_Target,Not_Target
echi7477.t1,Myosin_19,Not_Target,Myosin_57
echi954.t1,Not_Target,Not_Target,Not_Target
echi955.t1,Myosin_1,Myosin_1,Myosin_2
echi956.t1,Myosin_30,Not_Target,Myosin_61
echi3910.t1,Myosin_3,Not_Target,Myosin_3
echi14577.t1,Myosin_18,Not_Target,Myosin_5
echi14578.t1,Not_Target,Not_Target,Myosin_19
echi14579.t1,Myosin_30,Not_Target,Myosin_15
echi10525.t1,Not_Target,Not_Target,Not_Target
echi10526.t1,Not_Target,Not_Target,Not_Target
echi10527.t1,Not_Target,Not_Target,Myosin_37
echi10528.t1,Not_Target,Not_Target,Not_Target
echi10529.t1,Not_Target,Myosin_8,Not_Target
echi4040.t1,Not_Target,Not_Target,Not_Target
echi4041.t1,Not_Target,Not_Target,Not_Target
echi4042.t1,Not_Target,Not_Target,Not_Target
echi4043.t1,Not_Target,Not_Target,Not_Target
echi4044.t1,Not_Target,Not_Target,Not_Target
echi4045.t1,Not_Target,Not_Target,Not_Target
echi9872.t1,Myosin_9,Not_Target,Myosin_31
echi9873.t1,Not_Target,Not_Target,Not_Target
echi9874.t1,Myosin_30,Myosin_1,Myosin_1
echi1722.t1,Not_Target,Not_Target,Not_Target
echi1723.t1,Myosin_45,Not_Target,Not_Target
echi1724.t1,Not_Target,Not_Target,Myosin_20
echi1725.t1,Not_Target,Not_Target,Not_Target
echi1726.t1,Not_Target,Myosin_18,Not_Target
echi3060.t1,Not_Target,Not_Target,Myosin_10
echi3061.t1,Myosin_15,Myosin_15,Myosin_15
echi5758.t1,Not_Target,Not_Target,Not_Target
echi5759.t1,Not_Target,Not_Target,Not_Target
echi7660.t1,Not_Target,Not_Target,Myosin_51
echi7661.t1,Not_Target,Not_Target,Myosin_23
echi7662.t1,Not_Target,Not_Target,Not_Target
echi7663.t1,Not_Target,Myosin_19,Myosin_2
echi7664.t1,Not_Target,Not_Target,Myosin_51
echi7665.t1,Not_Target,Not_Target,Not_Target
echi9551.t1,Myosin_5,Myosin_28,Myosin_57
echi9552.t1,Not_Target,Not_Target,Myosin_57
echi5117.t1,Not_Target,Not_Target,Not_Target
echi5118.t1,Not_Target,Not_Target,Not_Target
echi5119.t1,Myosin_51,Not_Target,Myosin_3
echi5120.t1,Not_Target,Not_Target,Myosin_30
echi5121.t1,Not_Target,Not_Target,Not_Target
echi5122.t1,Not_Target,Not_Target,Not_Target
echi1208.t1,Myosin_45,Not_Target,Not_Target
echi1209.t1,Not_Target,Not_Target,Not_Target
echi1210.t1,Not_Target,Not_Target,Not_Target
echi1211.t1,Myosin_1,Myosin_1,Myosin_19
echi18140.t1,Not_Target,Myosin_57,Not_Target
echi18141.t1,Not_Target,Not_Target,Not_Target
echi18142.t1,Not_Target,Not_Target,Not_Target
echi18143.t1,Not_Target,Not_Target,Not_Target
echi2796.t1,Myosin_26,Not_Target,Myosin_51
echi2797.t1,Myosin_19,Not_Target,Myosin_3
echi1194.t1,Myosin_2,Myosin_5,Myosin_2
echi1195.t1,Not_Target,Not_Target,Not_Target
echi1196.t1,Not_Target,Not_Target,Not_Target
echi15888.t1,Myosin_17,Myosin_31,Not_Target
echi15889.t1,Not_Target,Not_Target,Not_Target
echi15890.t1,Not_Target,Not_Target,Not_Target
echi15891.t1,Not_Target,Actin,Myosin_27
echi15892.t1,Not_Target,Not_Target,Not_Target
echi8615.t1,Not_Target,Not_Target,Myosin_17
echi8616.t1,Not_Target,Not_Target,Not_Target
echi8617.t1,Not_Target,Myosin_19,Not_Target
echi8618.t1,Not_Target,Not_Target,Not_Target
echi8619.t1,Not_Target,Not_Target,Not_Target
echi11511.t1,Not_Target,Not_Target,Not_Target
echi11512.t1,Not_Target,Not_Target,Myosin_34
echi11513.t1,Not_Target,Not_Target,Not_Target
echi11514.t1,Not_Target,Not_Target,Not_Target
echi11515.t1,Myosin_26,Not_Target,Myosin_19
echi5931.t1,Not_Target,Not_Target,Not_Target
echi2549.t1,Myosin_44,Myosin_44,Myosin_5
echi2550.t1,Not_Target,Not_Target,Not_Target
echi2551.t1,Not_Target,Not_Target,Not_Target
echi2552.t1,Not_Target,Not_Target,Not_Target
echi2553.t1,Myosin_57,Myosin_16,Myosin_57
echi15016.t1,Not_Target,Myosin_19,Not_Target
echi15017.t1,Not_Target,Not_Target,Not_Target
echi15018.t1,Not_Target,Not_Target,Not_Target
echi16054.t1,Not_Target,Not_Target,Myosin_51
echi16055.t1,Not_Target,Not_Target,Not_Target
echi16056.t1,Not_Target,Not_Target,Myosin_51
echi16057.t1,Not_Target,Myosin_1,Not_Target
echi16871.t1,Not_Target,Not_Target,Not_Target
echi10899.t1,Not_Target,Not_Target,Not_Target
echi10900.t1,Not_Target,Myosin_1,Not_Target
echi10901.t1,Not_Target,Not_Target,Not_Target
echi10902.t1,Not_Target,Not_Target,Not_Target
echi6961.t1,Not_Target,Not_Target,Not_Target
echi6962.t1,Myosin_18,Myosin_17,Not_Target
echi6963.t1,Not_Target,Myosin_5,Not_Target
echi10186.t1,Not_Target,Not_Target,Not_Target
echi10187.t1,Not_Target,Not_Target,Not_Target
echi10188.t1,Not_Target,Not_Target,Myosin_14
echi14855.t1,Not_Target,Not_Target,Not_Target
echi14856.t1,Not_Target,Not_Target,Not_Target
echi14857.t1,Not_Target,Not_Target,Myosin_1
echi14858.t1,Not_Target,Not_Target,Not_Target
echi14859.t1,Not_Target,Myosin_6,Not_Target
echi14860.t1,Not_Target,Myosin_28,Not_Target
echi13998.t1,Not_Target,Not_Target,Not_Target
echi13999.t1,Myosin_5,Myosin_5,Myosin_5
echi14000.t1,Not_Target,Myosin_1,Not_Target
echi7140.t1,Myosin_26,Myosin_74,Myosin_18
echi7141.t1,Myosin_26,Myosin_74,Myosin_3
echi3451.t1,Not_Target,Not_Target,Not_Target
echi3452.t1,Not_Target,Not_Target,Not_Target
echi3453.t1,Not_Target,Not_Target,Not_Target
echi3454.t1,Not_Target,Not_Target,Not_Target
echi6916.t1,Not_Target,Not_Target,Not_Target
echi6917.t1,Not_Target,Not_Target,Not_Target
echi6918.t1,Not_Target,Not_Target,Not_Target
echi6919.t1,Not_Target,Not_Target,Not_Target
echi6920.t1,Not_Target,Not_Target,Not_Target
echi14977.t1,Not_Target,Myosin_53,Not_Target
echi14978.t1,Myosin_18,Myosin_18,Myosin_19
echi4056.t1,Not_Target,Not_Target,Not_Target
echi4057.t1,Not_Target,Not_Target,Not_Target
echi4058.t1,Not_Target,Not_Target,Not_Target
echi4059.t1,Not_Target,Not_Target,Not_Target
echi4060.t1,Not_Target,Not_Target,Not_Target
echi4061.t1,Not_Target,Not_Target,Not_Target
echi12677.t1,Myosin_30,Myosin_30,Myosin_30
echi12678.t1,Myosin_4,Myosin_4,Myosin_17
echi12679.t1,Myosin_4,Not_Target,Not_Target
echi15810.t1,Not_Target,Not_Target,Not_Target
echi15811.t1,Not_Target,Not_Target,Not_Target
echi15812.t1,Not_Target,Not_Target,Not_Target
echi15813.t1,Not_Target,Not_Target,Not_Target
echi15814.t1,Not_Target,Not_Target,Not_Target
echi15815.t1,Not_Target,Not_Target,Myosin_20
echi15816.t1,Not_Target,Not_Target,Not_Target
echi274.t1,Not_Target,Not_Target,Not_Target
echi275.t1,Myosin_37,Myosin_46,Myosin_27
echi5136.t1,Not_Target,Not_Target,Myosin_20
echi5137.t1,Myosin_15,Myosin_66,Myosin_71
echi5138.t1,Not_Target,Not_Target,Not_Target
echi5139.t1,Not_Target,Not_Target,Not_Target
echi5140.t1,Not_Target,Not_Target,Not_Target
echi11086.t1,Myosin_45,Not_Target,Not_Target
echi11087.t1,Not_Target,Not_Target,Not_Target
echi11088.t1,Not_Target,Myosin_19,Not_Target
echi11089.t1,Myosin_37,Myosin_57,Myosin_19
echi11090.t1,Myosin_17,Not_Target,Not_Target
echi11091.t1,Not_Target,Not_Target,Not_Target
echi11092.t1,Not_Target,Not_Target,Not_Target
echi14688.t1,Not_Target,Not_Target,Not_Target
echi14689.t1,Not_Target,Not_Target,Not_Target
echi14690.t1,Not_Target,Not_Target,Not_Target
echi14691.t1,Not_Target,Myosin_1,Not_Target
echi14692.t1,Myosin_45,Not_Target,Myosin_3
echi14693.t1,Not_Target,Myosin_1,Not_Target
echi9580.t1,Not_Target,Not_Target,Not_Target
echi9581.t1,Not_Target,Not_Target,Not_Target
echi9582.t1,Not_Target,Not_Target,Myosin_1
echi9583.t1,Not_Target,Not_Target,Not_Target
echi9584.t1,Not_Target,Not_Target,Not_Target
echi15579.t1,Not_Target,Not_Target,Not_Target
echi15580.t1,Not_Target,Not_Target,Not_Target
echi15581.t1,Not_Target,Myosin_1,Not_Target
echi15582.t1,Not_Target,Myosin_1,Myosin_8
echi14522.t1,Not_Target,Not_Target,Myosin_30
echi14523.t1,Not_Target,Not_Target,Not_Target
echi14524.t1,Not_Target,Myosin_30,Not_Target
echi14525.t1,Not_Target,Not_Target,Myosin_8
echi10242.t1,Not_Target,Not_Target,Not_Target
echi10243.t1,Not_Target,Not_Target,Not_Target
echi10244.t1,Not_Target,Not_Target,Not_Target
echi6212.t1,Myosin_45,Not_Target,Myosin_16
echi6213.t1,Myosin_18,Myosin_11,Not_Target
echi6214.t1,Myosin_18,Myosin_11,Not_Target
echi6215.t1,Myosin_45,Not_Target,Myosin_1
echi12153.t1,Myosin_23,Myosin_7,Myosin_22
echi12154.t1,Not_Target,Not_Target,Not_Target
echi3158.t1,Not_Target,Not_Target,Not_Target
echi3159.t1,Not_Target,Not_Target,Not_Target
echi3160.t1,Not_Target,Not_Target,Not_Target
echi3161.t1,Myosin_14,Not_Target,Myosin_5
echi3162.t1,Myosin_17,Not_Target,Myosin_20
echi15269.t1,Not_Target,Not_Target,Not_Target
echi15270.t1,Not_Target,Not_Target,Not_Target
echi15271.t1,Not_Target,Not_Target,Not_Target
echi15272.t1,Myosin_24,Not_Target,Myosin_24
echi15273.t1,Not_Target,Myosin_26,Myosin_23
echi15274.t1,Not_Target,Not_Target,Not_Target
echi3806.t1,Not_Target,Myosin_19,Not_Target
echi3807.t1,Not_Target,Not_Target,Not_Target
echi3808.t1,Not_Target,Not_Target,Not_Target
echi3809.t1,Not_Target,Not_Target,Not_Target
echi3810.t1,Not_Target,Not_Target,Not_Target
echi3811.t1,Myosin_7,Myosin_7,Myosin_7
echi3812.t1,Not_Target,Not_Target,Not_Target
echi3813.t1,Not_Target,Not_Target,Not_Target
echi7536.t1,Myosin_18,Myosin_18,Myosin_8
echi7537.t1,Not_Target,Not_Target,Myosin_72
echi7538.t1,Not_Target,Not_Target,Not_Target
echi7539.t1,Not_Target,Myosin_8,Not_Target
echi9461.t1,Not_Target,Myosin_15,Not_Target
echi9462.t1,Not_Target,Not_Target,Not_Target
echi9463.t1,Not_Target,Myosin_6,Not_Target
echi9464.t1,Not_Target,Not_Target,Not_Target
echi9465.t1,Myosin_17,Myosin_1,Not_Target
echi14490.t1,Not_Target,Not_Target,Not_Target
echi14491.t1,Not_Target,Not_Target,Not_Target
echi14492.t1,Not_Target,Not_Target,Not_Target
echi14493.t1,Not_Target,Not_Target,Not_Target
echi11608.t1,Not_Target,Not_Target,Not_Target
echi11609.t1,Not_Target,Not_Target,Not_Target
echi11610.t1,Not_Target,Not_Target,Not_Target
echi11611.t1,Myosin_2,Myosin_4,Not_Target
echi11612.t1,Myosin_18,Myosin_18,Myosin_2
echi12088.t1,Not_Target,Not_Target,Not_Target
echi12089.t1,Not_Target,Not_Target,Not_Target
echi12090.t1,Myosin_81,Not_Target,Myosin_14
echi16003.t1,Not_Target,Not_Target,Not_Target
echi16004.t1,Not_Target,Not_Target,Not_Target
echi16005.t1,Not_Target,Not_Target,Not_Target
echi14289.t1,Not_Target,Not_Target,Not_Target
echi14290.t1,Not_Target,Not_Target,Myosin_19
echi12510.t1,Not_Target,Not_Target,Not_Target
echi12511.t1,Myosin_17,Myosin_29,Not_Target
echi12512.t1,Not_Target,Not_Target,Not_Target
echi12513.t1,Not_Target,Not_Target,Not_Target
echi12514.t1,Not_Target,Not_Target,Not_Target
echi4232.t1,Not_Target,Not_Target,Not_Target
echi4233.t1,Not_Target,Not_Target,Not_Target
echi4234.t1,Myosin_51,Myosin_7,Myosin_7
echi6849.t1,Myosin_50,Myosin_18,Not_Target
echi6850.t1,Myosin_45,Myosin_18,Not_Target
echi3267.t1,Not_Target,Myosin_7,Not_Target
echi3268.t1,Not_Target,Not_Target,Not_Target
echi3269.t1,Not_Target,Myosin_5,Not_Target
echi3270.t1,Not_Target,Not_Target,Not_Target
echi3271.t1,Not_Target,Not_Target,Myosin_57
echi9707.t1,Not_Target,Not_Target,Not_Target
echi9708.t1,Not_Target,Myosin_74,Not_Target
echi9709.t1,Not_Target,Not_Target,Not_Target
echi14105.t1,Not_Target,Myosin_19,Myosin_36
echi14106.t1,Not_Target,Myosin_16,Not_Target
echi14107.t1,Not_Target,Not_Target,Not_Target
echi3814.t1,Not_Target,Not_Target,Not_Target
echi3815.t1,Myosin_4,Myosin_7,Myosin_2
echi3816.t1,Not_Target,Not_Target,Not_Target
echi3817.t1,Not_Target,Not_Target,Myosin_82
echi3818.t1,Myosin_1,Myosin_37,Not_Target
echi3819.t1,Myosin_26,Myosin_11,Not_Target
echi15615.t1,Not_Target,Not_Target,Not_Target
echi15616.t1,Not_Target,Not_Target,Not_Target
echi15617.t1,Not_Target,Not_Target,Not_Target
echi15618.t1,Not_Target,Not_Target,Not_Target
echi15619.t1,Not_Target,Myosin_19,Not_Target
echi15620.t1,Not_Target,Myosin_28,Not_Target
echi1225.t1,Myosin_17,Myosin_4,Myosin_18
echi1226.t1,Myosin_30,Myosin_5,Myosin_8
echi1227.t1,Not_Target,Not_Target,Not_Target
echi14571.t1,Myosin_9,Myosin_5,Myosin_5
echi14572.t1,Not_Target,Not_Target,Not_Target
echi14573.t1,Myosin_31,Not_Target,Not_Target
echi14574.t1,Not_Target,Not_Target,Not_Target
echi14010.t1,Not_Target,Not_Target,Not_Target
echi14011.t1,Myosin_2,Not_Target,Myosin_2
echi14012.t1,Myosin_5,Myosin_5,Myosin_18
echi618.t1,Not_Target,Not_Target,Myosin_71
echi619.t1,Not_Target,Myosin_1,Not_Target
echi620.t1,Myosin_46,Myosin_5,Not_Target
echi621.t1,Not_Target,Not_Target,Not_Target
echi6458.t1,Myosin_17,Not_Target,Not_Target
echi6459.t1,Not_Target,Not_Target,Not_Target
echi2133.t1,Not_Target,Myosin_51,Not_Target
echi2134.t1,Not_Target,Not_Target,Not_Target
echi2135.t1,Not_Target,Not_Target,Not_Target
echi2136.t1,Not_Target,Not_Target,Not_Target
echi2137.t1,Not_Target,Not_Target,Not_Target
echi4489.t1,Myosin_17,Not_Target,Myosin_20
echi4490.t1,Myosin_45,Not_Target,Myosin_71
echi8894.t1,Myosin_81,Not_Target,Myosin_5
echi8895.t1,Not_Target,Not_Target,Myosin_3
echi8896.t1,Myosin_1,Not_Target,Myosin_1
echi18244.t1,Myosin_3,Myosin_3,Not_Target
echi18245.t1,Myosin_51,Not_Target,Not_Target
echi18246.t1,Myosin_22,Myosin_22,Myosin_4
echi18247.t1,Myosin_19,Not_Target,Myosin_19
echi2058.t1,Not_Target,Not_Target,Not_Target
echi2059.t1,Not_Target,Not_Target,Not_Target
echi2060.t1,Not_Target,Not_Target,Myosin_23
echi2061.t1,Myosin_16,Not_Target,Not_Target
echi3898.t1,Myosin_15,Myosin_15,Myosin_15
echi3899.t1,Myosin_37,Not_Target,Myosin_37
echi16058.t1,Myosin_15,Myosin_36,Myosin_17
echi16059.t1,Not_Target,Myosin_28,Not_Target
echi18184.t1,Not_Target,Not_Target,Not_Target
echi18185.t1,Myosin_24,Not_Target,Not_Target
echi18186.t1,Not_Target,Not_Target,Not_Target
echi18187.t1,Not_Target,Not_Target,Not_Target
echi14198.t1,Not_Target,Not_Target,Not_Target
echi14199.t1,Myosin_45,Myosin_18,Myosin_71
echi14200.t1,Myosin_45,Myosin_45,Myosin_5
echi16363.t1,Not_Target,Not_Target,Myosin_36
echi16151.t1,Not_Target,Myosin_1,Not_Target
echi16152.t1,Myosin_8,Myosin_1,Not_Target
echi16153.t1,Not_Target,Not_Target,Myosin_19
echi16154.t1,Not_Target,Not_Target,Myosin_19
echi16155.t1,Not_Target,Not_Target,Not_Target
echi16156.t1,Not_Target,Myosin_18,Not_Target
echi16866.t1,Not_Target,Not_Target,Not_Target
echi16867.t1,Myosin_30,Not_Target,Myosin_4
echi16868.t1,Not_Target,Not_Target,Not_Target
echi17022.t1,Not_Target,Not_Target,Not_Target
echi17023.t1,Not_Target,Myosin_28,Not_Target
echi17024.t1,Not_Target,Not_Target,Not_Target
echi13337.t1,Not_Target,Not_Target,Myosin_13
echi13338.t1,Not_Target,Not_Target,Not_Target
echi13339.t1,Not_Target,Not_Target,Not_Target
echi13340.t1,Myosin_30,Myosin_17,Myosin_51
echi15971.t1,Myosin_2,Not_Target,Not_Target
echi15972.t1,Not_Target,Not_Target,Not_Target
echi15973.t1,Not_Target,Not_Target,Not_Target
echi15974.t1,Not_Target,Not_Target,Not_Target
echi13950.t1,Not_Target,Not_Target,Myosin_5
echi13951.t1,Myosin_51,Myosin_5,Not_Target
echi13952.t1,Not_Target,Myosin_81,Myosin_5
echi16231.t1,Not_Target,Myosin_37,Not_Target
echi16232.t1,Not_Target,Not_Target,Not_Target
echi14315.t1,Not_Target,Not_Target,Myosin_20
echi14316.t1,Not_Target,Not_Target,Not_Target
echi14317.t1,Not_Target,Not_Target,Not_Target
echi14318.t1,Not_Target,Not_Target,Not_Target
echi14319.t1,Not_Target,Myosin_8,Myosin_11
echi7749.t1,Myosin_45,Not_Target,Myosin_16
echi7750.t1,Myosin_24,Myosin_74,Not_Target
echi7751.t1,Not_Target,Not_Target,Not_Target
echi7752.t1,Myosin_18,Not_Target,Not_Target
echi12081.t1,Myosin_19,Myosin_25,Myosin_1
echi12082.t1,Not_Target,Not_Target,Not_Target
echi12083.t1,Myosin_1,Not_Target,Not_Target
echi12084.t1,Myosin_19,Not_Target,Not_Target
echi17622.t1,Not_Target,Not_Target,Not_Target
echi7096.t1,Not_Target,Not_Target,Not_Target
echi7097.t1,Not_Target,Myosin_1,Not_Target
echi7098.t1,Not_Target,Not_Target,Not_Target
echi7099.t1,Not_Target,Myosin_64,Not_Target
echi6694.t1,Myosin_17,Myosin_17,Myosin_22
echi6695.t1,Not_Target,Not_Target,Not_Target
echi4713.t1,Not_Target,Not_Target,Not_Target
echi4714.t1,Not_Target,Not_Target,Not_Target
echi4715.t1,Not_Target,Myosin_1,Not_Target
echi4716.t1,Myosin_73,Not_Target,Not_Target
echi427.t1,Not_Target,Not_Target,Not_Target
echi428.t1,Myosin_1,Myosin_30,Not_Target
echi429.t1,Myosin_33,Not_Target,Myosin_34
echi4742.t1,Not_Target,Not_Target,Not_Target
echi4743.t1,Not_Target,Not_Target,Myosin_17
echi4744.t1,Not_Target,Myosin_23,Not_Target
echi14781.t1,Not_Target,Not_Target,Not_Target
echi14782.t1,Not_Target,Myosin_20,Myosin_20
echi16444.t1,Myosin_45,Myosin_64,Not_Target
echi16445.t1,Myosin_45,Myosin_16,Not_Target
echi8003.t1,Not_Target,Not_Target,Not_Target
echi8004.t1,Not_Target,Not_Target,Not_Target
echi8005.t1,Not_Target,Not_Target,Not_Target
echi10861.t1,Myosin_8,Not_Target,Myosin_53
echi10862.t1,Not_Target,Not_Target,Not_Target
echi10863.t1,Not_Target,Not_Target,Not_Target
echi10864.t1,Myosin_1,Not_Target,Not_Target
echi10865.t1,Myosin_1,Myosin_1,Not_Target
echi5731.t1,Not_Target,Not_Target,Not_Target
echi5732.t1,Not_Target,Not_Target,Not_Target
echi5733.t1,Not_Target,Not_Target,Not_Target
echi5734.t1,Myosin_30,Not_Target,Myosin_30
echi7601.t1,Myosin_23,Not_Target,Not_Target
echi7602.t1,Myosin_19,Not_Target,Not_Target
echi14956.t1,Myosin_3,Myosin_3,Myosin_26
echi14957.t1,Not_Target,Not_Target,Not_Target
echi14958.t1,Myosin_6,Myosin_6,Not_Target
echi5375.t1,Not_Target,Myosin_5,Not_Target
echi5376.t1,Not_Target,Not_Target,Myosin_8
echi5377.t1,Myosin_18,Not_Target,Myosin_57
echi5378.t1,Not_Target,Not_Target,Not_Target
echi13900.t1,Not_Target,Not_Target,Not_Target
echi13901.t1,Not_Target,Not_Target,Not_Target
echi13902.t1,Not_Target,Not_Target,Not_Target
echi13903.t1,Myosin_57,Myosin_57,Not_Target
echi13904.t1,Not_Target,Not_Target,Not_Target
echi13905.t1,Myosin_74,Myosin_2,Myosin_20
echi13906.t1,Not_Target,Not_Target,Not_Target
echi10708.t1,Myosin_19,Myosin_19,Not_Target
echi10709.t1,Myosin_36,Myosin_17,Myosin_2
echi13793.t1,Not_Target,Myosin_37,Not_Target
echi13794.t1,Not_Target,Not_Target,Not_Target
echi13795.t1,Myosin_57,Myosin_57,Not_Target
echi971.t1,Not_Target,Not_Target,Not_Target
echi972.t1,Myosin_18,Not_Target,Myosin_2
echi973.t1,Not_Target,Not_Target,Myosin_19
echi8548.t1,Not_Target,Not_Target,Not_Target
echi8549.t1,Myosin_19,Myosin_19,Myosin_19
echi8550.t1,Not_Target,Not_Target,Not_Target
echi8551.t1,Not_Target,Myosin_41,Not_Target
echi8552.t1,Not_Target,Myosin_41,Not_Target
echi4583.t1,Not_Target,Not_Target,Not_Target
echi4584.t1,Not_Target,Not_Target,Not_Target
echi4585.t1,Not_Target,Not_Target,Not_Target
echi4586.t1,Not_Target,Not_Target,Not_Target
echi3515.t1,Not_Target,Not_Target,Not_Target
echi3516.t1,Not_Target,Myosin_5,Not_Target
echi3517.t1,Myosin_37,Not_Target,Not_Target
echi3518.t1,Not_Target,Not_Target,Not_Target
echi7468.t1,Myosin_14,Not_Target,Myosin_36
echi7469.t1,Not_Target,Not_Target,Not_Target
echi7470.t1,Not_Target,Not_Target,Not_Target
echi7471.t1,Not_Target,Not_Target,Not_Target
echi12931.t1,Myosin_3,Myosin_80,Not_Target
echi12932.t1,Myosin_2,Myosin_1,Not_Target
echi12933.t1,Myosin_71,Not_Target,Myosin_3
echi12934.t1,Not_Target,Myosin_8,Myosin_5
echi12935.t1,Not_Target,Not_Target,Not_Target
echi12936.t1,Not_Target,Not_Target,Not_Target
echi15631.t1,Not_Target,Not_Target,Not_Target
echi15632.t1,Not_Target,Not_Target,Not_Target
echi15633.t1,Not_Target,Not_Target,Not_Target
echi15634.t1,Not_Target,Not_Target,Not_Target
echi15635.t1,Not_Target,Not_Target,Not_Target
echi15636.t1,Not_Target,Not_Target,Not_Target
echi15637.t1,Not_Target,Not_Target,Not_Target
echi15638.t1,Not_Target,Not_Target,Not_Target
echi11111.t1,Not_Target,Myosin_23,Not_Target
echi11112.t1,Not_Target,Not_Target,Not_Target
echi11113.t1,Not_Target,Not_Target,Myosin_1
echi11114.t1,Not_Target,Not_Target,Not_Target
echi2169.t1,Not_Target,Not_Target,Not_Target
echi2170.t1,Not_Target,Not_Target,Myosin_11
echi2171.t1,Not_Target,Not_Target,Not_Target
echi2172.t1,Myosin_57,Not_Target,Myosin_57
echi15909.t1,Not_Target,Not_Target,Not_Target
echi15910.t1,Not_Target,Not_Target,Not_Target
echi15911.t1,Not_Target,Not_Target,Not_Target
echi15912.t1,Not_Target,Not_Target,Not_Target
echi17307.t1,Not_Target,Not_Target,Not_Target
echi17308.t1,Not_Target,Not_Target,Not_Target
echi17309.t1,Myosin_6,Myosin_6,Not_Target
echi17310.t1,Not_Target,Not_Target,Not_Target
echi17311.t1,Not_Target,Myosin_19,Not_Target
echi17312.t1,Not_Target,Myosin_2,Not_Target
echi4315.t1,Not_Target,Not_Target,Not_Target
echi4316.t1,Not_Target,Not_Target,Myosin_64
echi4317.t1,Myosin_4,Myosin_1,Myosin_1
echi2333.t1,Myosin_17,Not_Target,Myosin_18
echi2334.t1,Not_Target,Not_Target,Not_Target
echi8682.t1,Not_Target,Not_Target,Not_Target
echi8683.t1,Not_Target,Not_Target,Myosin_1
echi8684.t1,Not_Target,Not_Target,Not_Target
echi8685.t1,Not_Target,Not_Target,Not_Target
echi4826.t1,Not_Target,Myosin_43,Not_Target
echi4827.t1,Myosin_51,Not_Target,Not_Target
echi4828.t1,Myosin_20,Myosin_5,Not_Target
echi4829.t1,Not_Target,Not_Target,Not_Target
echi5167.t1,Myosin_9,Myosin_19,Myosin_5
echi5168.t1,Not_Target,Myosin_7,Not_Target
echi5169.t1,Not_Target,Myosin_19,Not_Target
echi3950.t1,Not_Target,Not_Target,Not_Target
echi3951.t1,Myosin_16,Not_Target,Not_Target
echi3952.t1,Not_Target,Not_Target,Not_Target
echi3953.t1,Not_Target,Not_Target,Not_Target
echi3954.t1,Not_Target,Myosin_19,Myosin_20
echi16975.t1,Not_Target,Not_Target,Not_Target
echi16976.t1,Not_Target,Not_Target,Not_Target
echi2601.t1,Not_Target,Not_Target,Not_Target
echi2602.t1,Not_Target,Not_Target,Not_Target
echi2603.t1,Not_Target,Not_Target,Myosin_23
echi12195.t1,Not_Target,Not_Target,Not_Target
echi12196.t1,Not_Target,Not_Target,Not_Target
echi12197.t1,Not_Target,Not_Target,Not_Target
echi1299.t1,Not_Target,Not_Target,Myosin_1
echi1300.t1,Not_Target,Not_Target,Myosin_28
echi1301.t1,Not_Target,Not_Target,Not_Target
echi1302.t1,Not_Target,Not_Target,Not_Target
echi1303.t1,Myosin_1,Not_Target,Myosin_1
echi13744.t1,Not_Target,Not_Target,Not_Target
echi13745.t1,Not_Target,Not_Target,Not_Target
echi13746.t1,Myosin_51,Not_Target,Myosin_2
echi14925.t1,Not_Target,Not_Target,Not_Target
echi14926.t1,Myosin_30,Myosin_5,Myosin_51
echi14927.t1,Not_Target,Not_Target,Not_Target
echi12866.t1,Not_Target,Myosin_17,Myosin_17
echi12867.t1,Not_Target,Myosin_17,Not_Target
echi12868.t1,Not_Target,Not_Target,Not_Target
echi12869.t1,Not_Target,Not_Target,Not_Target
echi9510.t1,Myosin_73,Myosin_57,Not_Target
echi9511.t1,Myosin_57,Not_Target,Myosin_51
echi9512.t1,Not_Target,Not_Target,Not_Target
echi9513.t1,Not_Target,Not_Target,Not_Target
echi9514.t1,Not_Target,Not_Target,Not_Target
echi15805.t1,Not_Target,Not_Target,Not_Target
echi15806.t1,Not_Target,Not_Target,Not_Target
echi15807.t1,Not_Target,Not_Target,Not_Target
echi15808.t1,Not_Target,Not_Target,Not_Target
echi15809.t1,Not_Target,Not_Target,Not_Target
echi17494.t1,Myosin_37,Myosin_37,Not_Target
echi17495.t1,Not_Target,Not_Target,Not_Target
echi17496.t1,Not_Target,Not_Target,Not_Target
echi17497.t1,Myosin_37,Myosin_37,Not_Target
echi8008.t1,Not_Target,Not_Target,Not_Target
echi8009.t1,Not_Target,Not_Target,Myosin_19
echi8010.t1,Not_Target,Not_Target,Not_Target
echi8011.t1,Not_Target,Not_Target,Not_Target
echi11546.t1,Not_Target,Myosin_11,Myosin_24
echi11547.t1,Not_Target,Not_Target,Not_Target
echi11548.t1,Myosin_17,Not_Target,Myosin_17
echi17794.t1,Not_Target,Not_Target,Not_Target
echi17795.t1,Not_Target,Not_Target,Not_Target
echi13036.t1,Not_Target,Not_Target,Not_Target
echi13037.t1,Not_Target,Not_Target,Myosin_1
echi13038.t1,Myosin_45,Myosin_57,Myosin_18
echi13039.t1,Not_Target,Myosin_8,Not_Target
echi6249.t1,Not_Target,Not_Target,Not_Target
echi6250.t1,Not_Target,Not_Target,Not_Target
echi6251.t1,Not_Target,Not_Target,Not_Target
echi6881.t1,Not_Target,Myosin_19,Not_Target
echi6882.t1,Not_Target,Myosin_5,Not_Target
echi6883.t1,Not_Target,Not_Target,Not_Target
echi6884.t1,Not_Target,Not_Target,Not_Target
echi6885.t1,Myosin_19,Not_Target,Not_Target
echi6886.t1,Not_Target,Not_Target,Not_Target
echi2077.t1,Myosin_9,Myosin_3,Myosin_3
echi2078.t1,Myosin_2,Not_Target,Not_Target
echi16870.t1,Myosin_17,Myosin_17,Myosin_5
echi9135.t1,Myosin_2,Myosin_2,Myosin_2
echi9136.t1,Myosin_2,Myosin_2,Myosin_2
echi5003.t1,Not_Target,Not_Target,Not_Target
echi5004.t1,Not_Target,Not_Target,Not_Target
echi5005.t1,Not_Target,Not_Target,Myosin_1
echi5563.t1,Myosin_51,Not_Target,Myosin_1
echi5564.t1,Not_Target,Not_Target,Not_Target
echi5565.t1,Not_Target,Not_Target,Not_Target
echi5566.t1,Not_Target,Not_Target,Myosin_2
echi5567.t1,Not_Target,Not_Target,Not_Target
echi11040.t1,Not_Target,Not_Target,Not_Target
echi11041.t1,Not_Target,Not_Target,Not_Target
echi11042.t1,Not_Target,Not_Target,Myosin_57
echi581.t1,Myosin_46,Myosin_46,Myosin_1
echi582.t1,Not_Target,Not_Target,Not_Target
echi583.t1,Not_Target,Not_Target,Not_Target
echi2247.t1,Myosin_57,Myosin_51,Myosin_51
echi2248.t1,Not_Target,Not_Target,Not_Target
echi2249.t1,Not_Target,Not_Target,Not_Target
echi2250.t1,Not_Target,Not_Target,Not_Target
echi2251.t1,Not_Target,Not_Target,Not_Target
echi1179.t1,Not_Target,Not_Target,Myosin_53
echi1180.t1,Not_Target,Not_Target,Not_Target
echi6697.t1,Myosin_1,Myosin_1,Myosin_51
echi6698.t1,Not_Target,Not_Target,Not_Target
echi4399.t1,Not_Target,Not_Target,Not_Target
echi4400.t1,Not_Target,Not_Target,Not_Target
echi4401.t1,Not_Target,Not_Target,Not_Target
echi4402.t1,Not_Target,Myosin_19,Myosin_62
echi3299.t1,Not_Target,Not_Target,Not_Target
echi3300.t1,Not_Target,Not_Target,Not_Target
echi3301.t1,Not_Target,Not_Target,Not_Target
echi3302.t1,Not_Target,Not_Target,Not_Target
echi5853.t1,Not_Target,Not_Target,Not_Target
echi5854.t1,Myosin_1,Myosin_54,Not_Target
echi5855.t1,Myosin_1,Myosin_54,Not_Target
echi5856.t1,Not_Target,Not_Target,Not_Target
echi4708.t1,Not_Target,Not_Target,Not_Target
echi4709.t1,Not_Target,Not_Target,Not_Target
echi4710.t1,Not_Target,Not_Target,Not_Target
echi4711.t1,Not_Target,Not_Target,Not_Target
echi4712.t1,Not_Target,Not_Target,Not_Target
echi14784.t1,Not_Target,Not_Target,Not_Target
echi14785.t1,Myosin_37,Myosin_6,Not_Target
echi14786.t1,Myosin_37,Myosin_6,Not_Target
echi14787.t1,Not_Target,Not_Target,Not_Target
echi14292.t1,Myosin_26,Not_Target,Not_Target
echi15156.t1,Not_Target,Not_Target,Not_Target
echi15157.t1,Not_Target,Not_Target,Myosin_2
echi15158.t1,Not_Target,Not_Target,Not_Target
echi15159.t1,Not_Target,Not_Target,Myosin_2
echi9781.t1,Myosin_15,Myosin_7,Myosin_17
echi9782.t1,Not_Target,Not_Target,Not_Target
echi9783.t1,Myosin_17,Not_Target,Not_Target
echi9784.t1,Not_Target,Myosin_1,Myosin_13
echi13009.t1,Not_Target,Myosin_17,Not_Target
echi13010.t1,Not_Target,Myosin_29,Not_Target
echi13011.t1,Not_Target,Not_Target,Not_Target
echi11979.t1,Not_Target,Myosin_5,Myosin_8
echi11980.t1,Not_Target,Not_Target,Not_Target
echi11981.t1,Myosin_37,Not_Target,Not_Target
echi6973.t1,Not_Target,Myosin_1,Not_Target
echi6974.t1,Myosin_1,Not_Target,Not_Target
echi6975.t1,Not_Target,Not_Target,Not_Target
echi6976.t1,Not_Target,Not_Target,Not_Target
echi6977.t1,Not_Target,Not_Target,Not_Target
echi6978.t1,Not_Target,Not_Target,Not_Target
echi178.t1,Not_Target,Not_Target,Not_Target
echi179.t1,Myosin_31,Not_Target,Not_Target
echi180.t1,Not_Target,Not_Target,Not_Target
echi4318.t1,Myosin_19,Myosin_8,Myosin_11
echi4319.t1,Not_Target,Not_Target,Not_Target
echi4320.t1,Not_Target,Not_Target,Not_Target
echi4321.t1,Not_Target,Not_Target,Not_Target
echi4322.t1,Not_Target,Not_Target,Myosin_51
echi4323.t1,Not_Target,Not_Target,Not_Target
echi15161.t1,Myosin_8,Not_Target,Myosin_1
echi15162.t1,Not_Target,Myosin_73,Myosin_2
echi15163.t1,Not_Target,Not_Target,Not_Target
echi15164.t1,Not_Target,Not_Target,Not_Target
echi15165.t1,Not_Target,Not_Target,Not_Target
echi15166.t1,Not_Target,Not_Target,Not_Target
echi182.t1,Not_Target,Myosin_25,Not_Target
echi183.t1,Not_Target,Myosin_25,Not_Target
echi184.t1,Myosin_2,Myosin_2,Myosin_2
echi6034.t1,Not_Target,Not_Target,Myosin_57
echi6035.t1,Not_Target,Myosin_11,Not_Target
echi6036.t1,Myosin_17,Not_Target,Myosin_6
echi4636.t1,Myosin_5,Myosin_5,Not_Target
echi4637.t1,Not_Target,Not_Target,Myosin_5
echi4638.t1,Not_Target,Not_Target,Not_Target
echi4639.t1,Not_Target,Not_Target,Not_Target
echi4640.t1,Not_Target,Not_Target,Myosin_1
echi4641.t1,Not_Target,Not_Target,Not_Target
echi3900.t1,Not_Target,Not_Target,Not_Target
echi3901.t1,Myosin_17,Myosin_17,Myosin_4
echi3902.t1,Not_Target,Not_Target,Not_Target
echi3903.t1,Not_Target,Myosin_14,Myosin_20
echi3904.t1,Myosin_17,Not_Target,Myosin_17
echi12308.t1,Not_Target,Not_Target,Not_Target
echi12309.t1,Myosin_45,Not_Target,Myosin_16
echi12310.t1,Not_Target,Not_Target,Not_Target
echi12311.t1,Not_Target,Not_Target,Not_Target
echi1060.t1,Not_Target,Not_Target,Not_Target
echi1061.t1,Not_Target,Not_Target,Not_Target
echi1062.t1,Not_Target,Not_Target,Myosin_6
echi1063.t1,Myosin_6,Myosin_6,Not_Target
echi1064.t1,Not_Target,Not_Target,Myosin_19
echi1065.t1,Not_Target,Not_Target,Not_Target
echi1066.t1,Myosin_31,Not_Target,Not_Target
echi8045.t1,Not_Target,Not_Target,Not_Target
echi8046.t1,Not_Target,Myosin_1,Not_Target
echi8047.t1,Not_Target,Not_Target,Not_Target
echi8048.t1,Not_Target,Not_Target,Myosin_3
echi8787.t1,Not_Target,Myosin_19,Not_Target
echi8788.t1,Not_Target,Not_Target,Not_Target
echi8789.t1,Not_Target,Not_Target,Not_Target
echi8790.t1,Myosin_5,Myosin_5,Myosin_16
echi2265.t1,Myosin_17,Not_Target,Not_Target
echi11135.t1,Not_Target,Not_Target,Not_Target
echi11136.t1,Myosin_2,Not_Target,Not_Target
echi11137.t1,Not_Target,Myosin_17,Not_Target
echi11138.t1,Myosin_19,Myosin_19,Not_Target
echi11139.t1,Not_Target,Not_Target,Not_Target
echi16885.t1,Not_Target,Not_Target,Not_Target
echi16886.t1,Not_Target,Not_Target,Not_Target
echi16887.t1,Not_Target,Not_Target,Not_Target
echi16888.t1,Not_Target,Not_Target,Not_Target
echi17410.t1,Not_Target,Not_Target,Not_Target
echi17411.t1,Not_Target,Not_Target,Myosin_57
echi17412.t1,Myosin_4,Myosin_55,Myosin_4
echi17413.t1,Not_Target,Not_Target,Not_Target
echi17414.t1,Not_Target,Not_Target,Not_Target
echi17415.t1,Not_Target,Not_Target,Not_Target
echi14038.t1,Not_Target,Not_Target,Not_Target
echi14039.t1,Not_Target,Not_Target,Not_Target
echi14040.t1,Not_Target,Not_Target,Not_Target
echi14041.t1,Not_Target,Not_Target,Myosin_3
echi17504.t1,Not_Target,Not_Target,Not_Target
echi17505.t1,Not_Target,Not_Target,Not_Target
echi17506.t1,Not_Target,Not_Target,Not_Target
echi17507.t1,Not_Target,Not_Target,Not_Target
echi17508.t1,Myosin_9,Myosin_1,Myosin_4
echi17509.t1,Not_Target,Not_Target,Not_Target
echi4930.t1,Not_Target,Not_Target,Myosin_6
echi4931.t1,Myosin_18,Myosin_18,Not_Target
echi11894.t1,Not_Target,Not_Target,Myosin_4
echi11895.t1,Not_Target,Not_Target,Not_Target
echi11896.t1,Not_Target,Not_Target,Not_Target
echi11897.t1,Not_Target,Not_Target,Not_Target
echi11898.t1,Not_Target,Not_Target,Not_Target
echi11899.t1,Not_Target,Not_Target,Myosin_4
echi6205.t1,Not_Target,Not_Target,Not_Target
echi6206.t1,Myosin_18,Myosin_18,Myosin_18
echi6207.t1,Not_Target,Not_Target,Not_Target
echi6208.t1,Not_Target,Not_Target,Not_Target
echi15506.t1,Not_Target,Not_Target,Not_Target
echi15507.t1,Not_Target,Not_Target,Not_Target
echi15508.t1,Myosin_81,Myosin_37,Not_Target
echi13989.t1,Not_Target,Not_Target,Not_Target
echi13990.t1,Myosin_18,Myosin_28,Myosin_27
echi13964.t1,Not_Target,Not_Target,Not_Target
echi13965.t1,Myosin_6,Not_Target,Myosin_36
echi13966.t1,Not_Target,Not_Target,Not_Target
echi7186.t1,Myosin_6,Myosin_18,Myosin_4
echi7187.t1,Not_Target,Not_Target,Not_Target
echi7188.t1,Myosin_18,Myosin_18,Myosin_2
echi1259.t1,Myosin_15,Myosin_15,Myosin_5
echi6245.t1,Not_Target,Not_Target,Not_Target
echi6246.t1,Not_Target,Not_Target,Not_Target
echi6247.t1,Not_Target,Not_Target,Not_Target
echi11628.t1,Myosin_6,Not_Target,Myosin_28
echi11629.t1,Not_Target,Not_Target,Not_Target
echi4261.t1,Not_Target,Not_Target,Not_Target
echi4262.t1,Not_Target,Not_Target,Not_Target
echi4263.t1,Not_Target,Not_Target,Not_Target
echi4264.t1,Not_Target,Not_Target,Not_Target
echi10156.t1,Myosin_17,Myosin_17,Myosin_40
echi10157.t1,Not_Target,Not_Target,Myosin_27
echi10158.t1,Not_Target,Not_Target,Not_Target
echi4550.t1,Not_Target,Not_Target,Not_Target
echi4551.t1,Not_Target,Not_Target,Not_Target
echi4552.t1,Myosin_57,Not_Target,Not_Target
echi15802.t1,Not_Target,Not_Target,Not_Target
echi167.t1,Not_Target,Not_Target,Not_Target
echi168.t1,Not_Target,Not_Target,Myosin_20
echi169.t1,Myosin_3,Myosin_15,Myosin_68
echi170.t1,Not_Target,Not_Target,Not_Target
echi7955.t1,Not_Target,Myosin_22,Not_Target
echi7956.t1,Not_Target,Not_Target,Not_Target
echi7957.t1,Not_Target,Not_Target,Not_Target
echi7958.t1,Not_Target,Not_Target,Not_Target
echi7959.t1,Not_Target,Not_Target,Not_Target
echi4360.t1,Myosin_15,Not_Target,Myosin_1
echi4361.t1,Not_Target,Not_Target,Not_Target
echi4362.t1,Not_Target,Not_Target,Not_Target
echi4363.t1,Not_Target,Myosin_57,Not_Target
echi5309.t1,Myosin_24,Not_Target,Not_Target
echi5310.t1,Not_Target,Not_Target,Not_Target
echi5311.t1,Not_Target,Not_Target,Not_Target
echi16106.t1,Myosin_26,Not_Target,Myosin_26
echi16107.t1,Not_Target,Not_Target,Not_Target
echi16108.t1,Not_Target,Not_Target,Not_Target
echi12537.t1,Myosin_6,Myosin_57,Myosin_19
echi12538.t1,Myosin_57,Myosin_28,Myosin_57
echi12539.t1,Not_Target,Not_Target,Myosin_2
echi3449.t1,Not_Target,Myosin_28,Myosin_6
echi8442.t1,Not_Target,Not_Target,Not_Target
echi8443.t1,Not_Target,Not_Target,Myosin_5
echi8444.t1,Myosin_9,Myosin_8,Not_Target
echi14675.t1,Not_Target,Not_Target,Not_Target
echi14676.t1,Not_Target,Not_Target,Not_Target
echi14677.t1,Not_Target,Not_Target,Not_Target
echi14678.t1,Not_Target,Not_Target,Not_Target
echi14679.t1,Not_Target,Not_Target,Myosin_8
echi14220.t1,Not_Target,Not_Target,Not_Target
echi14221.t1,Not_Target,Not_Target,Not_Target
echi14222.t1,Not_Target,Not_Target,Not_Target
echi14223.t1,Not_Target,Not_Target,Not_Target
echi4968.t1,Not_Target,Not_Target,Not_Target
echi4969.t1,Not_Target,Not_Target,Not_Target
echi4970.t1,Not_Target,Not_Target,Not_Target
echi4971.t1,Not_Target,Not_Target,Not_Target
echi4972.t1,Not_Target,Myosin_18,Not_Target
echi4973.t1,Not_Target,Not_Target,Not_Target
echi4974.t1,Not_Target,Myosin_8,Myosin_39
echi2072.t1,Not_Target,Myosin_19,Not_Target
echi2073.t1,Not_Target,Not_Target,Not_Target
echi2074.t1,Not_Target,Not_Target,Not_Target
echi4938.t1,Not_Target,Not_Target,Not_Target
echi4939.t1,Not_Target,Not_Target,Not_Target
echi4940.t1,Not_Target,Myosin_6,Not_Target
echi4941.t1,Not_Target,Not_Target,Not_Target
echi4942.t1,Not_Target,Not_Target,Not_Target
echi5185.t1,Not_Target,Myosin_5,Not_Target
echi5186.t1,Not_Target,Not_Target,Not_Target
echi5187.t1,Myosin_2,Not_Target,Not_Target
echi5188.t1,Myosin_19,Not_Target,Myosin_1
echi5189.t1,Not_Target,Myosin_1,Not_Target
echi2505.t1,Not_Target,Not_Target,Not_Target
echi2506.t1,Not_Target,Not_Target,Not_Target
echi2507.t1,Not_Target,Not_Target,Not_Target
echi2508.t1,Not_Target,Not_Target,Myosin_1
echi2509.t1,Not_Target,Not_Target,Not_Target
echi13242.t1,Not_Target,Not_Target,Not_Target
echi13243.t1,Not_Target,Not_Target,Not_Target
echi13244.t1,Myosin_18,Myosin_51,Not_Target
echi14980.t1,Not_Target,Not_Target,Not_Target
echi14981.t1,Myosin_74,Myosin_74,Not_Target
echi14982.t1,Not_Target,Not_Target,Not_Target
echi14983.t1,Not_Target,Not_Target,Not_Target
echi2559.t1,Not_Target,Not_Target,Not_Target
echi2560.t1,Not_Target,Not_Target,Not_Target
echi2561.t1,Myosin_18,Not_Target,Myosin_20
echi3949.t1,Myosin_15,Myosin_3,Myosin_17
echi13824.t1,Myosin_3,Myosin_3,Myosin_3
echi13825.t1,Not_Target,Not_Target,Not_Target
echi13826.t1,Not_Target,Not_Target,Myosin_5
echi15510.t1,Not_Target,Not_Target,Not_Target
echi15511.t1,Not_Target,Not_Target,Not_Target
echi4493.t1,Not_Target,Not_Target,Not_Target
echi4494.t1,Myosin_26,Myosin_3,Not_Target
echi6958.t1,Not_Target,Not_Target,Not_Target
echi6959.t1,Not_Target,Not_Target,Not_Target
echi6960.t1,Myosin_22,Myosin_19,Myosin_30
echi9515.t1,Myosin_19,Myosin_19,Not_Target
echi9516.t1,Myosin_3,Not_Target,Not_Target
echi9517.t1,Myosin_3,Not_Target,Not_Target
echi9518.t1,Myosin_19,Myosin_19,Not_Target
echi9990.t1,Not_Target,Not_Target,Not_Target
echi9991.t1,Not_Target,Not_Target,Not_Target
echi2972.t1,Not_Target,Not_Target,Not_Target
echi2973.t1,Not_Target,Not_Target,Myosin_22
echi2974.t1,Not_Target,Not_Target,Not_Target
echi2975.t1,Myosin_6,Myosin_1,Myosin_73
echi9172.t1,Myosin_3,Myosin_66,Myosin_20
echi9173.t1,Not_Target,Not_Target,Not_Target
echi18105.t1,Not_Target,Not_Target,Not_Target
echi18106.t1,Not_Target,Not_Target,Not_Target
echi18107.t1,Not_Target,Myosin_19,Myosin_19
echi18108.t1,Not_Target,Myosin_73,Not_Target
echi18109.t1,Myosin_8,Myosin_11,Not_Target
echi18110.t1,Not_Target,Not_Target,Not_Target
echi6498.t1,Not_Target,Not_Target,Not_Target
echi13273.t1,Not_Target,Not_Target,Not_Target
echi13274.t1,Not_Target,Not_Target,Not_Target
echi13275.t1,Not_Target,Not_Target,Not_Target
echi8137.t1,Not_Target,Not_Target,Not_Target
echi8138.t1,Not_Target,Not_Target,Not_Target
echi8139.t1,Not_Target,Not_Target,Not_Target
echi8140.t1,Not_Target,Not_Target,Not_Target
echi8141.t1,Myosin_45,Not_Target,Myosin_51
echi8142.t1,Not_Target,Not_Target,Not_Target
echi278.t1,Myosin_45,Not_Target,Not_Target
echi279.t1,Not_Target,Not_Target,Not_Target
echi280.t1,Not_Target,Not_Target,Not_Target
echi281.t1,Not_Target,Not_Target,Not_Target
echi2618.t1,Myosin_69,Myosin_22,Myosin_5
echi2619.t1,Not_Target,Not_Target,Not_Target
echi10581.t1,Not_Target,Not_Target,Not_Target
echi10582.t1,Not_Target,Not_Target,Myosin_68
echi8885.t1,Not_Target,Not_Target,Not_Target
echi8886.t1,Not_Target,Not_Target,Not_Target
echi8887.t1,Not_Target,Not_Target,Not_Target
echi8888.t1,Not_Target,Not_Target,Not_Target
echi5524.t1,Not_Target,Not_Target,Not_Target
echi5525.t1,Not_Target,Not_Target,Myosin_23
echi5526.t1,Not_Target,Not_Target,Myosin_57
echi5181.t1,Not_Target,Not_Target,Not_Target
echi5182.t1,Myosin_4,Myosin_4,Not_Target
echi5183.t1,Not_Target,Not_Target,Not_Target
echi5184.t1,Not_Target,Not_Target,Not_Target
echi6254.t1,Myosin_26,Myosin_26,Not_Target
echi6255.t1,Not_Target,Myosin_19,Not_Target
echi6256.t1,Not_Target,Not_Target,Not_Target
echi6257.t1,Not_Target,Myosin_19,Not_Target
echi6258.t1,Myosin_26,Myosin_26,Not_Target
echi17145.t1,Not_Target,Not_Target,Not_Target
echi18158.t1,Not_Target,Not_Target,Myosin_23
echi18159.t1,Not_Target,Not_Target,Not_Target
echi18160.t1,Not_Target,Not_Target,Not_Target
echi18435.t1,Myosin_18,Myosin_18,Myosin_5
echi18436.t1,Not_Target,Not_Target,Not_Target
echi13333.t1,Not_Target,Myosin_17,Not_Target
echi13334.t1,Not_Target,Not_Target,Not_Target
echi13335.t1,Not_Target,Not_Target,Not_Target
echi13336.t1,Not_Target,Not_Target,Not_Target
echi15689.t1,Not_Target,Not_Target,Not_Target
echi15690.t1,Not_Target,Not_Target,Myosin_5
echi15691.t1,Not_Target,Not_Target,Myosin_5
echi5576.t1,Not_Target,Not_Target,Not_Target
echi5577.t1,Not_Target,Not_Target,Not_Target
echi5578.t1,Not_Target,Myosin_1,Not_Target
echi5579.t1,Not_Target,Myosin_80,Not_Target
echi5580.t1,Not_Target,Not_Target,Not_Target
echi17635.t1,Not_Target,Not_Target,Not_Target
echi17636.t1,Not_Target,Not_Target,Not_Target
echi17637.t1,Not_Target,Myosin_1,Myosin_8
echi17638.t1,Not_Target,Not_Target,Not_Target
echi17639.t1,Not_Target,Not_Target,Not_Target
echi4575.t1,Myosin_51,Myosin_66,Not_Target
echi4576.t1,Not_Target,Not_Target,Not_Target
echi4577.t1,Not_Target,Not_Target,Not_Target
echi17555.t1,Not_Target,Not_Target,Not_Target
echi17556.t1,Myosin_27,Myosin_6,Not_Target
echi8241.t1,Not_Target,Not_Target,Not_Target
echi8242.t1,Myosin_26,Not_Target,Myosin_3
echi8388.t1,Not_Target,Not_Target,Myosin_4
echi8389.t1,Not_Target,Not_Target,Not_Target
echi10759.t1,Not_Target,Not_Target,Not_Target
echi10760.t1,Not_Target,Not_Target,Not_Target
echi10761.t1,Not_Target,Not_Target,Not_Target
echi10762.t1,Not_Target,Not_Target,Not_Target
echi10763.t1,Not_Target,Myosin_74,Not_Target
echi11070.t1,Not_Target,Not_Target,Not_Target
echi11071.t1,Not_Target,Not_Target,Not_Target
echi11072.t1,Not_Target,Myosin_19,Myosin_14
echi11073.t1,Not_Target,Not_Target,Not_Target
echi11682.t1,Not_Target,Not_Target,Not_Target
echi11683.t1,Not_Target,Myosin_1,Myosin_3
echi10852.t1,Not_Target,Not_Target,Myosin_5
echi10853.t1,Myosin_45,Not_Target,Myosin_5
echi10854.t1,Not_Target,Not_Target,Not_Target
echi15236.t1,Not_Target,Not_Target,Not_Target
echi15237.t1,Not_Target,Not_Target,Not_Target
echi15238.t1,Not_Target,Myosin_2,Not_Target
echi15239.t1,Myosin_17,Myosin_19,Myosin_14
echi3844.t1,Myosin_19,Myosin_19,Not_Target
echi3845.t1,Not_Target,Not_Target,Myosin_36
echi3846.t1,Not_Target,Not_Target,Not_Target
echi5923.t1,Not_Target,Not_Target,Not_Target
echi5924.t1,Not_Target,Not_Target,Not_Target
echi5925.t1,Not_Target,Not_Target,Myosin_51
echi13486.t1,Not_Target,Not_Target,Not_Target
echi13487.t1,Not_Target,Not_Target,Not_Target
echi9027.t1,Not_Target,Not_Target,Not_Target
echi9028.t1,Myosin_2,Myosin_2,Myosin_2
echi9029.t1,Not_Target,Not_Target,Not_Target
echi17907.t1,Myosin_52,Myosin_15,Myosin_23
echi3093.t1,Myosin_17,Myosin_17,Myosin_13
echi3094.t1,Not_Target,Not_Target,Not_Target
echi630.t1,Myosin_6,Myosin_29,Not_Target
echi631.t1,Myosin_30,Myosin_76,Myosin_18
echi632.t1,Myosin_17,Not_Target,Myosin_36
echi112.t1,Not_Target,Not_Target,Myosin_18
echi113.t1,Not_Target,Not_Target,Not_Target
echi4146.t1,Not_Target,Not_Target,Myosin_57
echi4147.t1,Not_Target,Not_Target,Not_Target
echi4148.t1,Not_Target,Not_Target,Not_Target
echi15417.t1,Myosin_18,Myosin_74,Myosin_26
echi15418.t1,Myosin_17,Myosin_17,Not_Target
echi11116.t1,Not_Target,Not_Target,Not_Target
echi15355.t1,Not_Target,Not_Target,Not_Target
echi15356.t1,Not_Target,Not_Target,Myosin_51
echi15357.t1,Not_Target,Not_Target,Not_Target
echi15358.t1,Not_Target,Not_Target,Not_Target
echi15359.t1,Not_Target,Not_Target,Not_Target
echi977.t1,Not_Target,Not_Target,Not_Target
echi978.t1,Not_Target,Not_Target,Myosin_59
echi979.t1,Not_Target,Not_Target,Myosin_59
echi980.t1,Not_Target,Not_Target,Not_Target
echi981.t1,Not_Target,Not_Target,Not_Target
echi7174.t1,Not_Target,Not_Target,Not_Target
echi7175.t1,Not_Target,Not_Target,Not_Target
echi7176.t1,Not_Target,Not_Target,Myosin_51
echi4266.t1,Not_Target,Not_Target,Not_Target
echi4267.t1,Not_Target,Not_Target,Not_Target
echi4268.t1,Not_Target,Myosin_57,Myosin_27
echi4269.t1,Not_Target,Not_Target,Not_Target
echi4270.t1,Not_Target,Not_Target,Not_Target
echi6297.t1,Myosin_73,Myosin_1,Myosin_20
echi6298.t1,Myosin_2,Not_Target,Not_Target
echi6299.t1,Not_Target,Not_Target,Not_Target
echi6300.t1,Not_Target,Not_Target,Not_Target
echi6301.t1,Not_Target,Not_Target,Myosin_8
echi10808.t1,Not_Target,Not_Target,Not_Target
echi10809.t1,Not_Target,Not_Target,Myosin_19
echi10810.t1,Not_Target,Not_Target,Not_Target
echi1428.t1,Not_Target,Not_Target,Not_Target
echi1429.t1,Not_Target,Not_Target,Not_Target
echi1430.t1,Not_Target,Not_Target,Not_Target
echi1431.t1,Not_Target,Not_Target,Not_Target
echi3772.t1,Not_Target,Not_Target,Not_Target
echi3773.t1,Not_Target,Not_Target,Not_Target
echi3774.t1,Myosin_3,Myosin_3,Myosin_20
echi3775.t1,Not_Target,Not_Target,Not_Target
echi8345.t1,Myosin_45,Not_Target,Not_Target
echi8346.t1,Myosin_45,Not_Target,Not_Target
echi1517.t1,Not_Target,Not_Target,Myosin_3
echi1518.t1,Myosin_17,Not_Target,Not_Target
echi16027.t1,Not_Target,Not_Target,Not_Target
echi16028.t1,Not_Target,Not_Target,Not_Target
echi16029.t1,Not_Target,Not_Target,Not_Target
echi16030.t1,Not_Target,Not_Target,Not_Target
echi10816.t1,Not_Target,Not_Target,Myosin_31
echi10817.t1,Myosin_45,Myosin_16,Not_Target
echi10818.t1,Myosin_1,Myosin_30,Not_Target
echi7575.t1,Myosin_45,Myosin_18,Myosin_71
echi8283.t1,Not_Target,Not_Target,Not_Target
echi8284.t1,Myosin_4,Myosin_15,Myosin_81
echi12245.t1,Not_Target,Not_Target,Not_Target
echi12246.t1,Not_Target,Not_Target,Not_Target
echi12247.t1,Myosin_49,Myosin_5,Not_Target
echi5172.t1,Not_Target,Not_Target,Not_Target
echi5173.t1,Not_Target,Myosin_26,Myosin_19
echi5174.t1,Not_Target,Not_Target,Not_Target
echi15215.t1,Not_Target,Not_Target,Not_Target
echi15216.t1,Not_Target,Not_Target,Not_Target
echi15217.t1,Not_Target,Myosin_1,Not_Target
echi4926.t1,Myosin_17,Not_Target,Myosin_15
echi4927.t1,Not_Target,Not_Target,Myosin_20
echi4928.t1,Not_Target,Not_Target,Not_Target
echi4929.t1,Not_Target,Not_Target,Not_Target
echi13301.t1,Not_Target,Not_Target,Not_Target
echi13302.t1,Not_Target,Not_Target,Not_Target
echi13303.t1,Not_Target,Not_Target,Not_Target
echi13304.t1,Not_Target,Myosin_57,Not_Target
echi13305.t1,Not_Target,Not_Target,Not_Target
echi5752.t1,Not_Target,Not_Target,Not_Target
echi5753.t1,Not_Target,Not_Target,Not_Target
echi5754.t1,Myosin_73,Not_Target,Not_Target
echi5755.t1,Not_Target,Not_Target,Myosin_2
echi5756.t1,Not_Target,Not_Target,Not_Target
echi1537.t1,Not_Target,Not_Target,Not_Target
echi1538.t1,Not_Target,Myosin_5,Not_Target
echi16135.t1,Myosin_17,Not_Target,Myosin_15
echi9569.t1,Not_Target,Not_Target,Not_Target
echi9570.t1,Not_Target,Not_Target,Myosin_1
echi9571.t1,Not_Target,Not_Target,Not_Target
echi9572.t1,Not_Target,Not_Target,Not_Target
echi9573.t1,Not_Target,Not_Target,Myosin_19
echi3980.t1,Not_Target,Not_Target,Not_Target
echi3981.t1,Not_Target,Not_Target,Not_Target
echi3982.t1,Myosin_5,Not_Target,Not_Target
echi3983.t1,Not_Target,Not_Target,Not_Target
echi3984.t1,Not_Target,Not_Target,Not_Target
echi3985.t1,Not_Target,Not_Target,Not_Target
echi3986.t1,Not_Target,Myosin_1,Not_Target
echi3005.t1,Myosin_24,Not_Target,Myosin_3
echi3006.t1,Myosin_3,Not_Target,Myosin_4
echi3007.t1,Not_Target,Myosin_17,Myosin_51
echi17789.t1,Myosin_18,Myosin_18,Not_Target
echi17790.t1,Myosin_71,Not_Target,Myosin_24
echi17791.t1,Not_Target,Not_Target,Myosin_57
echi18362.t1,Not_Target,Not_Target,Not_Target
echi18363.t1,Not_Target,Not_Target,Not_Target
echi18364.t1,Not_Target,Not_Target,Not_Target
echi18365.t1,Not_Target,Not_Target,Myosin_1
echi13944.t1,Not_Target,Not_Target,Not_Target
echi13945.t1,Not_Target,Not_Target,Not_Target
echi13946.t1,Myosin_5,Not_Target,Myosin_34
echi9828.t1,Not_Target,Not_Target,Not_Target
echi9829.t1,Not_Target,Not_Target,Not_Target
echi9830.t1,Not_Target,Not_Target,Not_Target
echi9831.t1,Not_Target,Not_Target,Not_Target
echi9832.t1,Not_Target,Not_Target,Not_Target
echi9833.t1,Not_Target,Not_Target,Myosin_24
echi18112.t1,Not_Target,Not_Target,Not_Target
echi18113.t1,Not_Target,Not_Target,Myosin_64
echi18114.t1,Myosin_22,Myosin_11,Not_Target
echi2713.t1,Not_Target,Not_Target,Myosin_20
echi2714.t1,Myosin_57,Not_Target,Myosin_24
echi10903.t1,Not_Target,Not_Target,Not_Target
echi10904.t1,Myosin_17,Myosin_26,Myosin_30
echi14952.t1,Not_Target,Not_Target,Not_Target
echi14953.t1,Not_Target,Not_Target,Not_Target
echi14954.t1,Myosin_51,Myosin_26,Myosin_37
echi4338.t1,Not_Target,Not_Target,Not_Target
echi4339.t1,Not_Target,Not_Target,Not_Target
echi4340.t1,Not_Target,Not_Target,Not_Target
echi13353.t1,Myosin_57,Not_Target,Not_Target
echi4645.t1,Myosin_23,Myosin_23,Myosin_23
echi4646.t1,Not_Target,Myosin_1,Myosin_1
echi5857.t1,Not_Target,Not_Target,Not_Target
echi11405.t1,Myosin_5,Not_Target,Not_Target
echi11406.t1,Myosin_5,Not_Target,Not_Target
echi11407.t1,Myosin_5,Not_Target,Not_Target
echi11408.t1,Myosin_5,Not_Target,Not_Target
echi8966.t1,Not_Target,Not_Target,Myosin_5
echi8967.t1,Not_Target,Not_Target,Not_Target
echi8968.t1,Not_Target,Not_Target,Not_Target
echi8969.t1,Not_Target,Not_Target,Not_Target
echi11170.t1,Myosin_26,Not_Target,Not_Target
echi11171.t1,Not_Target,Not_Target,Not_Target
echi11172.t1,Not_Target,Not_Target,Not_Target
echi11173.t1,Not_Target,Not_Target,Myosin_1
echi13489.t1,Myosin_2,Myosin_57,Not_Target
echi13490.t1,Not_Target,Myosin_18,Not_Target
echi8553.t1,Not_Target,Not_Target,Not_Target
echi8554.t1,Myosin_17,Myosin_17,Not_Target
echi8555.t1,Not_Target,Not_Target,Not_Target
echi8556.t1,Not_Target,Not_Target,Not_Target
echi8557.t1,Not_Target,Not_Target,Not_Target
echi188.t1,Not_Target,Not_Target,Not_Target
echi189.t1,Not_Target,Myosin_5,Not_Target
echi2623.t1,Not_Target,Myosin_3,Myosin_37
echi2624.t1,Myosin_2,Myosin_22,Myosin_81
echi7523.t1,Not_Target,Not_Target,Not_Target
echi7524.t1,Not_Target,Not_Target,Not_Target
echi7525.t1,Not_Target,Not_Target,Not_Target
echi4257.t1,Not_Target,Myosin_47,Not_Target
echi4258.t1,Not_Target,Not_Target,Not_Target
echi4259.t1,Not_Target,Myosin_1,Not_Target
echi4260.t1,Not_Target,Not_Target,Myosin_2
echi4283.t1,Not_Target,Not_Target,Not_Target
echi4284.t1,Not_Target,Not_Target,Myosin_23
echi4285.t1,Not_Target,Not_Target,Not_Target
echi4286.t1,Myosin_18,Myosin_2,Not_Target
echi15512.t1,Not_Target,Not_Target,Myosin_36
echi15513.t1,Not_Target,Not_Target,Not_Target
echi15514.t1,Myosin_2,Not_Target,Not_Target
echi15515.t1,Not_Target,Not_Target,Not_Target
echi7542.t1,Not_Target,Not_Target,Not_Target
echi7543.t1,Myosin_17,Not_Target,Not_Target
echi7544.t1,Not_Target,Myosin_1,Not_Target
echi7545.t1,Not_Target,Not_Target,Not_Target
echi6613.t1,Not_Target,Not_Target,Myosin_8
echi6614.t1,Myosin_57,Not_Target,Not_Target
echi6615.t1,Not_Target,Not_Target,Myosin_24
echi13281.t1,Not_Target,Not_Target,Myosin_8
echi13282.t1,Not_Target,Not_Target,Not_Target
echi2268.t1,Not_Target,Not_Target,Not_Target
echi2269.t1,Not_Target,Not_Target,Not_Target
echi2270.t1,Not_Target,Not_Target,Not_Target
echi2271.t1,Myosin_19,Myosin_1,Myosin_19
echi2272.t1,Not_Target,Not_Target,Myosin_8
echi7135.t1,Not_Target,Not_Target,Not_Target
echi7136.t1,Not_Target,Not_Target,Not_Target
echi7293.t1,Not_Target,Not_Target,Myosin_19
echi7294.t1,Not_Target,Not_Target,Myosin_5
echi7295.t1,Not_Target,Not_Target,Myosin_19
echi17235.t1,Not_Target,Not_Target,Not_Target
echi15930.t1,Myosin_17,Myosin_17,Myosin_19
echi15931.t1,Not_Target,Not_Target,Not_Target
echi11095.t1,Not_Target,Not_Target,Not_Target
echi11096.t1,Not_Target,Not_Target,Not_Target
echi11097.t1,Not_Target,Not_Target,Not_Target
echi5528.t1,Not_Target,Not_Target,Not_Target
echi5529.t1,Not_Target,Not_Target,Not_Target
echi5530.t1,Myosin_30,Myosin_3,Myosin_57
echi8869.t1,Myosin_18,Myosin_51,Not_Target
echi8870.t1,Not_Target,Not_Target,Not_Target
echi8871.t1,Not_Target,Not_Target,Myosin_24
echi8872.t1,Not_Target,Not_Target,Not_Target
echi8873.t1,Not_Target,Not_Target,Not_Target
echi3971.t1,Myosin_45,Not_Target,Myosin_23
echi3972.t1,Not_Target,Not_Target,Not_Target
echi3973.t1,Not_Target,Not_Target,Not_Target
echi3974.t1,Not_Target,Not_Target,Not_Target
echi16136.t1,Not_Target,Myosin_16,Not_Target
echi17802.t1,Not_Target,Not_Target,Not_Target
echi17803.t1,Not_Target,Not_Target,Not_Target
echi17804.t1,Not_Target,Not_Target,Not_Target
echi17805.t1,Not_Target,Not_Target,Not_Target
echi17806.t1,Not_Target,Not_Target,Not_Target
echi17807.t1,Not_Target,Not_Target,Not_Target
echi17808.t1,Not_Target,Not_Target,Not_Target
echi17809.t1,Not_Target,Myosin_19,Not_Target
echi17810.t1,Not_Target,Not_Target,Not_Target
echi17811.t1,Not_Target,Not_Target,Not_Target
echi17812.t1,Not_Target,Not_Target,Not_Target
echi8052.t1,Myosin_20,Not_Target,Myosin_3
echi8053.t1,Not_Target,Not_Target,Not_Target
echi8054.t1,Not_Target,Not_Target,Not_Target
echi10952.t1,Myosin_27,Myosin_27,Myosin_3
echi15819.t1,Not_Target,Not_Target,Not_Target
echi15820.t1,Not_Target,Not_Target,Not_Target
echi15821.t1,Not_Target,Not_Target,Myosin_34
echi15822.t1,Not_Target,Myosin_23,Not_Target
echi14408.t1,Myosin_1,Not_Target,Myosin_10
echi14409.t1,Not_Target,Not_Target,Not_Target
echi14410.t1,Not_Target,Not_Target,Not_Target
echi14411.t1,Not_Target,Not_Target,Myosin_4
echi13817.t1,Myosin_13,Not_Target,Not_Target
echi13818.t1,Myosin_13,Not_Target,Not_Target
echi13819.t1,Not_Target,Myosin_5,Not_Target
echi14383.t1,Myosin_4,Myosin_54,Myosin_3
echi14384.t1,Not_Target,Not_Target,Not_Target
echi2173.t1,Not_Target,Not_Target,Not_Target
echi2174.t1,Not_Target,Not_Target,Not_Target
echi2175.t1,Not_Target,Not_Target,Not_Target
echi15462.t1,Myosin_37,Not_Target,Myosin_37
echi15463.t1,Not_Target,Not_Target,Not_Target
echi6437.t1,Myosin_3,Not_Target,Myosin_3
echi6438.t1,Not_Target,Not_Target,Not_Target
echi12070.t1,Not_Target,Not_Target,Not_Target
echi12071.t1,Not_Target,Not_Target,Myosin_2
echi12072.t1,Not_Target,Not_Target,Not_Target
echi14725.t1,Myosin_18,Not_Target,Myosin_20
echi14726.t1,Not_Target,Myosin_8,Not_Target
echi1716.t1,Myosin_31,Not_Target,Not_Target
echi5521.t1,Not_Target,Not_Target,Myosin_5
echi5522.t1,Not_Target,Not_Target,Not_Target
echi12681.t1,Not_Target,Myosin_18,Not_Target
echi12682.t1,Myosin_3,Not_Target,Myosin_4
echi13110.t1,Not_Target,Myosin_25,Not_Target
echi13111.t1,Myosin_5,Myosin_5,Not_Target
echi11202.t1,Not_Target,Myosin_8,Not_Target
echi11203.t1,Myosin_1,Myosin_1,Myosin_5
echi11204.t1,Not_Target,Not_Target,Not_Target
echi18188.t1,Not_Target,Myosin_29,Not_Target
echi18189.t1,Not_Target,Not_Target,Myosin_1
echi18190.t1,Not_Target,Not_Target,Not_Target
echi18191.t1,Not_Target,Not_Target,Not_Target
echi18192.t1,Not_Target,Not_Target,Not_Target
echi18193.t1,Not_Target,Not_Target,Not_Target
echi2306.t1,Not_Target,Not_Target,Not_Target
echi2307.t1,Not_Target,Not_Target,Not_Target
echi2308.t1,Not_Target,Myosin_2,Not_Target
echi2309.t1,Myosin_19,Myosin_19,Myosin_8
echi2310.t1,Not_Target,Not_Target,Not_Target
echi2311.t1,Not_Target,Not_Target,Myosin_8
echi12818.t1,Not_Target,Not_Target,Not_Target
echi12819.t1,Not_Target,Myosin_1,Not_Target
echi15610.t1,Not_Target,Not_Target,Not_Target
echi15611.t1,Not_Target,Not_Target,Not_Target
echi15612.t1,Not_Target,Not_Target,Not_Target
echi15613.t1,Not_Target,Myosin_19,Myosin_11
echi4434.t1,Not_Target,Not_Target,Not_Target
echi4435.t1,Not_Target,Not_Target,Not_Target
echi4436.t1,Not_Target,Not_Target,Not_Target
echi3211.t1,Not_Target,Not_Target,Not_Target
echi8688.t1,Not_Target,Not_Target,Not_Target
echi8689.t1,Myosin_19,Myosin_19,Myosin_4
echi8690.t1,Not_Target,Not_Target,Not_Target
echi8691.t1,Not_Target,Not_Target,Not_Target
echi8692.t1,Not_Target,Not_Target,Not_Target
echi8693.t1,Not_Target,Myosin_2,Not_Target
echi6052.t1,Not_Target,Not_Target,Not_Target
echi6053.t1,Not_Target,Myosin_19,Not_Target
echi6054.t1,Not_Target,Myosin_37,Not_Target
echi8610.t1,Not_Target,Myosin_16,Not_Target
echi3802.t1,Not_Target,Not_Target,Not_Target
echi3803.t1,Not_Target,Not_Target,Not_Target
echi3804.t1,Not_Target,Not_Target,Not_Target
echi16061.t1,Not_Target,Not_Target,Not_Target
echi16062.t1,Myosin_45,Not_Target,Myosin_31
echi4272.t1,Not_Target,Not_Target,Not_Target
echi5103.t1,Myosin_5,Myosin_5,Myosin_5
echi5104.t1,Not_Target,Not_Target,Not_Target
echi5039.t1,Not_Target,Not_Target,Myosin_5
echi5040.t1,Not_Target,Not_Target,Not_Target
echi5041.t1,Not_Target,Not_Target,Not_Target
echi5042.t1,Not_Target,Not_Target,Not_Target
echi5043.t1,Not_Target,Not_Target,Not_Target
echi17117.t1,Not_Target,Not_Target,Not_Target
echi12193.t1,Not_Target,Not_Target,Not_Target
echi12194.t1,Not_Target,Not_Target,Not_Target
echi7941.t1,Not_Target,Myosin_11,Not_Target
echi7942.t1,Myosin_5,Myosin_5,Myosin_5
echi8075.t1,Not_Target,Not_Target,Not_Target
echi8076.t1,Not_Target,Not_Target,Not_Target
echi8077.t1,Not_Target,Not_Target,Not_Target
echi8078.t1,Myosin_22,Not_Target,Not_Target
echi8079.t1,Not_Target,Not_Target,Not_Target
echi5018.t1,Not_Target,Not_Target,Not_Target
echi9106.t1,Myosin_30,Myosin_7,Myosin_19
echi17774.t1,Myosin_23,Myosin_66,Myosin_25
echi17579.t1,Myosin_4,Myosin_4,Myosin_4
echi17580.t1,Myosin_4,Not_Target,Myosin_30
echi15240.t1,Not_Target,Myosin_6,Not_Target
echi15241.t1,Not_Target,Myosin_8,Myosin_8
echi15242.t1,Not_Target,Not_Target,Not_Target
echi11661.t1,Myosin_15,Myosin_22,Myosin_4
echi11662.t1,Not_Target,Not_Target,Not_Target
echi2312.t1,Not_Target,Not_Target,Not_Target
echi2313.t1,Not_Target,Not_Target,Not_Target
echi2314.t1,Not_Target,Not_Target,Not_Target
echi1424.t1,Myosin_18,Not_Target,Not_Target
echi1425.t1,Not_Target,Not_Target,Myosin_14
echi1426.t1,Not_Target,Not_Target,Not_Target
echi1427.t1,Myosin_2,Myosin_2,Not_Target
echi10996.t1,Myosin_6,Myosin_1,Myosin_2
echi10997.t1,Not_Target,Not_Target,Not_Target
echi10998.t1,Myosin_17,Not_Target,Myosin_4
echi9124.t1,Not_Target,Not_Target,Not_Target
echi9125.t1,Not_Target,Not_Target,Not_Target
echi9126.t1,Not_Target,Myosin_19,Myosin_22
echi9127.t1,Not_Target,Myosin_6,Not_Target
echi12942.t1,Myosin_45,Not_Target,Myosin_3
echi12943.t1,Not_Target,Not_Target,Not_Target
echi12944.t1,Myosin_45,Myosin_18,Not_Target
echi7850.t1,Not_Target,Not_Target,Not_Target
echi7851.t1,Myosin_20,Myosin_11,Not_Target
echi1551.t1,Not_Target,Not_Target,Myosin_20
echi1552.t1,Not_Target,Not_Target,Not_Target
echi2980.t1,Not_Target,Not_Target,Not_Target
echi2981.t1,Not_Target,Not_Target,Not_Target
echi2982.t1,Not_Target,Not_Target,Not_Target
echi2983.t1,Myosin_81,Not_Target,Myosin_16
echi15803.t1,Not_Target,Myosin_19,Not_Target
echi15804.t1,Not_Target,Not_Target,Not_Target
echi10945.t1,Not_Target,Not_Target,Myosin_4
echi2315.t1,Not_Target,Not_Target,Not_Target
echi2316.t1,Not_Target,Myosin_22,Not_Target
echi2317.t1,Not_Target,Not_Target,Not_Target
echi2318.t1,Not_Target,Not_Target,Myosin_68
echi5928.t1,Not_Target,Not_Target,Not_Target
echi5929.t1,Myosin_23,Not_Target,Myosin_18
echi5930.t1,Not_Target,Not_Target,Myosin_2
echi6148.t1,Not_Target,Not_Target,Not_Target
echi18181.t1,Myosin_3,Not_Target,Myosin_3
echi5766.t1,Not_Target,Not_Target,Not_Target
echi5767.t1,Not_Target,Not_Target,Not_Target
echi5768.t1,Not_Target,Not_Target,Not_Target
echi5769.t1,Not_Target,Not_Target,Not_Target
echi5770.t1,Not_Target,Not_Target,Not_Target
echi16137.t1,Not_Target,Not_Target,Not_Target
echi16138.t1,Not_Target,Not_Target,Not_Target
echi6887.t1,Myosin_3,Not_Target,Myosin_3
echi8527.t1,Not_Target,Not_Target,Not_Target
echi8528.t1,Not_Target,Not_Target,Not_Target
echi3073.t1,Myosin_18,Not_Target,Myosin_5
echi3074.t1,Myosin_5,Myosin_5,Not_Target
echi3075.t1,Not_Target,Not_Target,Not_Target
echi8865.t1,Not_Target,Myosin_5,Not_Target
echi8866.t1,Not_Target,Myosin_57,Not_Target
echi8867.t1,Not_Target,Not_Target,Myosin_20
echi8868.t1,Not_Target,Not_Target,Not_Target
echi13800.t1,Not_Target,Not_Target,Not_Target
echi13801.t1,Not_Target,Myosin_18,Not_Target
echi13802.t1,Myosin_19,Myosin_19,Not_Target
echi13803.t1,Myosin_15,Not_Target,Myosin_17
echi8319.t1,Not_Target,Not_Target,Not_Target
echi8320.t1,Myosin_57,Not_Target,Not_Target
echi8321.t1,Not_Target,Myosin_80,Not_Target
echi8322.t1,Not_Target,Not_Target,Not_Target
echi1270.t1,Myosin_57,Myosin_18,Not_Target
echi10940.t1,Not_Target,Not_Target,Not_Target
echi10941.t1,Not_Target,Not_Target,Not_Target
echi10942.t1,Not_Target,Not_Target,Not_Target
echi10943.t1,Not_Target,Not_Target,Not_Target
echi13805.t1,Not_Target,Not_Target,Myosin_20
echi13806.t1,Not_Target,Not_Target,Not_Target
echi13807.t1,Not_Target,Not_Target,Not_Target
echi7563.t1,Myosin_36,Myosin_22,Myosin_27
echi7564.t1,Not_Target,Not_Target,Not_Target
echi11684.t1,Myosin_36,Myosin_17,Not_Target
echi11685.t1,Myosin_1,Not_Target,Not_Target
echi11686.t1,Myosin_18,Not_Target,Not_Target
echi13984.t1,Not_Target,Not_Target,Not_Target
echi13985.t1,Not_Target,Not_Target,Not_Target
echi5492.t1,Not_Target,Not_Target,Not_Target
echi5493.t1,Not_Target,Not_Target,Not_Target
echi5494.t1,Not_Target,Not_Target,Not_Target
echi5495.t1,Not_Target,Not_Target,Not_Target
echi5496.t1,Not_Target,Not_Target,Not_Target
echi3968.t1,Not_Target,Not_Target,Not_Target
echi3969.t1,Not_Target,Not_Target,Not_Target
echi13454.t1,Not_Target,Not_Target,Myosin_49
echi13455.t1,Myosin_3,Myosin_18,Not_Target
echi13456.t1,Not_Target,Not_Target,Not_Target
echi3477.t1,Myosin_3,Myosin_3,Myosin_20
echi3478.t1,Not_Target,Not_Target,Not_Target
echi8539.t1,Not_Target,Not_Target,Not_Target
echi8540.t1,Myosin_15,Myosin_7,Myosin_4
echi8541.t1,Myosin_64,Not_Target,Not_Target
echi9107.t1,Not_Target,Not_Target,Not_Target
echi9108.t1,Not_Target,Not_Target,Not_Target
echi17672.t1,Not_Target,Not_Target,Not_Target
echi17673.t1,Not_Target,Not_Target,Not_Target
echi4325.t1,Myosin_8,Not_Target,Myosin_8
echi4326.t1,Not_Target,Not_Target,Myosin_1
echi4327.t1,Not_Target,Myosin_3,Myosin_1
echi17902.t1,Not_Target,Myosin_25,Not_Target
echi17903.t1,Not_Target,Not_Target,Not_Target
echi17904.t1,Not_Target,Not_Target,Not_Target
echi1220.t1,Not_Target,Not_Target,Not_Target
echi1221.t1,Not_Target,Not_Target,Myosin_24
echi9574.t1,Myosin_3,Myosin_3,Not_Target
echi9575.t1,Not_Target,Not_Target,Not_Target
echi14495.t1,Myosin_5,Myosin_5,Myosin_5
echi14496.t1,Not_Target,Not_Target,Not_Target
echi14488.t1,Not_Target,Not_Target,Myosin_8
echi15894.t1,Myosin_19,Myosin_6,Myosin_34
echi15171.t1,Not_Target,Not_Target,Myosin_51
echi15172.t1,Not_Target,Not_Target,Not_Target
echi15173.t1,Myosin_5,Myosin_5,Myosin_5
echi8705.t1,Myosin_81,Myosin_81,Not_Target
echi8706.t1,Myosin_81,Not_Target,Not_Target
echi8707.t1,Myosin_5,Myosin_5,Not_Target
echi15871.t1,Not_Target,Not_Target,Myosin_1
echi15872.t1,Not_Target,Myosin_11,Not_Target
echi2236.t1,Not_Target,Not_Target,Not_Target
echi2237.t1,Not_Target,Not_Target,Not_Target
echi2238.t1,Not_Target,Not_Target,Not_Target
echi11565.t1,Not_Target,Not_Target,Not_Target
echi11566.t1,Not_Target,Not_Target,Not_Target
echi18218.t1,Not_Target,Not_Target,Myosin_26
echi14529.t1,Not_Target,Not_Target,Not_Target
echi8791.t1,Myosin_2,Not_Target,Not_Target
echi4643.t1,Not_Target,Not_Target,Not_Target
echi4644.t1,Not_Target,Not_Target,Not_Target
echi13542.t1,Not_Target,Not_Target,Myosin_57
echi13543.t1,Myosin_24,Not_Target,Myosin_2
echi11878.t1,Myosin_9,Not_Target,Myosin_15
echi6159.t1,Not_Target,Myosin_10,Not_Target
echi6160.t1,Not_Target,Not_Target,Not_Target
echi6161.t1,Not_Target,Not_Target,Not_Target
echi18242.t1,Myosin_18,Myosin_18,Myosin_5
echi9630.t1,Myosin_8,Myosin_64,Not_Target
echi9631.t1,Not_Target,Not_Target,Myosin_1
echi9632.t1,Not_Target,Not_Target,Not_Target
echi1267.t1,Myosin_23,Myosin_5,Myosin_5
echi1268.t1,Myosin_19,Myosin_5,Myosin_5
echi17668.t1,Not_Target,Not_Target,Not_Target
echi17669.t1,Myosin_18,Not_Target,Myosin_3
echi17670.t1,Not_Target,Not_Target,Not_Target
echi14160.t1,Not_Target,Not_Target,Not_Target
echi14161.t1,Not_Target,Not_Target,Not_Target
echi14162.t1,Not_Target,Myosin_5,Not_Target
echi2326.t1,Not_Target,Myosin_57,Not_Target
echi2327.t1,Not_Target,Not_Target,Not_Target
echi2328.t1,Myosin_5,Myosin_5,Not_Target
echi2329.t1,Not_Target,Not_Target,Not_Target
echi1544.t1,Not_Target,Not_Target,Not_Target
echi11542.t1,Not_Target,Not_Target,Not_Target
echi11543.t1,Not_Target,Not_Target,Not_Target
echi11544.t1,Not_Target,Not_Target,Not_Target
echi18220.t1,Not_Target,Not_Target,Not_Target
echi18221.t1,Not_Target,Myosin_1,Myosin_1
echi7180.t1,Myosin_26,Not_Target,Myosin_9
echi7181.t1,Not_Target,Myosin_43,Not_Target
echi7182.t1,Not_Target,Not_Target,Not_Target
echi1667.t1,Myosin_81,Myosin_1,Not_Target
echi1668.t1,Not_Target,Not_Target,Not_Target
echi13284.t1,Myosin_31,Myosin_6,Not_Target
echi13285.t1,Not_Target,Not_Target,Not_Target
echi13286.t1,Myosin_16,Not_Target,Myosin_1
echi16716.t1,Not_Target,Not_Target,Not_Target
echi16717.t1,Not_Target,Not_Target,Myosin_2
echi3662.t1,Not_Target,Not_Target,Not_Target
echi3663.t1,Not_Target,Myosin_1,Not_Target
echi3664.t1,Not_Target,Not_Target,Not_Target
echi3665.t1,Myosin_2,Myosin_23,Myosin_2
echi11560.t1,Not_Target,Not_Target,Myosin_19
echi11561.t1,Not_Target,Not_Target,Not_Target
echi18264.t1,Not_Target,Not_Target,Not_Target
echi18265.t1,Myosin_26,Myosin_26,Not_Target
echi18266.t1,Not_Target,Not_Target,Not_Target
echi18267.t1,Not_Target,Not_Target,Not_Target
echi18268.t1,Not_Target,Not_Target,Not_Target
echi18269.t1,Not_Target,Not_Target,Not_Target
echi5036.t1,Not_Target,Not_Target,Not_Target
echi5037.t1,Not_Target,Not_Target,Not_Target
echi5038.t1,Myosin_81,Myosin_19,Myosin_57
echi13288.t1,Not_Target,Not_Target,Not_Target
echi13289.t1,Not_Target,Not_Target,Not_Target
echi13290.t1,Not_Target,Not_Target,Myosin_8
echi2062.t1,Not_Target,Not_Target,Not_Target
echi2063.t1,Not_Target,Not_Target,Not_Target
echi2064.t1,Not_Target,Not_Target,Not_Target
echi9175.t1,Not_Target,Not_Target,Myosin_8
echi9176.t1,Myosin_23,Myosin_1,Myosin_19
echi2335.t1,Myosin_46,Not_Target,Myosin_5
echi11982.t1,Not_Target,Myosin_5,Not_Target
echi11983.t1,Not_Target,Not_Target,Not_Target
echi11984.t1,Not_Target,Myosin_6,Not_Target
echi11985.t1,Not_Target,Not_Target,Not_Target
echi11986.t1,Not_Target,Not_Target,Not_Target
echi1127.t1,Not_Target,Not_Target,Myosin_30
echi1128.t1,Not_Target,Not_Target,Not_Target
echi11474.t1,Not_Target,Not_Target,Not_Target
echi6294.t1,Not_Target,Not_Target,Not_Target
echi6295.t1,Not_Target,Not_Target,Not_Target
echi6296.t1,Not_Target,Myosin_57,Not_Target
echi4227.t1,Not_Target,Not_Target,Not_Target
echi4228.t1,Not_Target,Not_Target,Not_Target
echi5254.t1,Not_Target,Myosin_19,Not_Target
echi5255.t1,Not_Target,Not_Target,Myosin_27
echi15453.t1,Myosin_17,Myosin_17,Myosin_36
echi15454.t1,Not_Target,Myosin_5,Not_Target
echi15455.t1,Not_Target,Not_Target,Not_Target
echi11281.t1,Not_Target,Not_Target,Not_Target
echi11282.t1,Not_Target,Not_Target,Not_Target
echi11283.t1,Not_Target,Not_Target,Not_Target
echi7496.t1,Myosin_24,Not_Target,Not_Target
echi7497.t1,Not_Target,Not_Target,Not_Target
echi7498.t1,Not_Target,Not_Target,Not_Target
echi7499.t1,Not_Target,Not_Target,Not_Target
echi4151.t1,Myosin_36,Not_Target,Myosin_81
echi17969.t1,Myosin_8,Myosin_5,Not_Target
echi17970.t1,Not_Target,Not_Target,Not_Target
echi17971.t1,Not_Target,Not_Target,Not_Target
echi17972.t1,Not_Target,Not_Target,Not_Target
echi17194.t1,Not_Target,Not_Target,Myosin_8
echi17195.t1,Not_Target,Myosin_3,Myosin_36
echi171.t1,Myosin_4,Myosin_4,Myosin_7
echi8812.t1,Not_Target,Not_Target,Not_Target
echi8813.t1,Not_Target,Not_Target,Myosin_20
echi8814.t1,Not_Target,Not_Target,Not_Target
echi8815.t1,Not_Target,Not_Target,Myosin_23
echi7389.t1,Myosin_57,Not_Target,Not_Target
echi7390.t1,Not_Target,Not_Target,Not_Target
echi3947.t1,Myosin_15,Myosin_15,Myosin_15
echi5416.t1,Not_Target,Not_Target,Not_Target
echi5417.t1,Not_Target,Not_Target,Not_Target
echi5418.t1,Not_Target,Not_Target,Not_Target
echi1150.t1,Not_Target,Not_Target,Myosin_22
echi4422.t1,Not_Target,Myosin_5,Myosin_23
echi4423.t1,Myosin_24,Myosin_5,Myosin_24
echi7712.t1,Myosin_4,Myosin_25,Myosin_57
echi6394.t1,Not_Target,Not_Target,Myosin_14
echi6395.t1,Not_Target,Not_Target,Myosin_64
echi6396.t1,Not_Target,Not_Target,Not_Target
echi1348.t1,Myosin_31,Myosin_26,Not_Target
echi1349.t1,Not_Target,Not_Target,Not_Target
echi12027.t1,Not_Target,Not_Target,Not_Target
echi12028.t1,Not_Target,Not_Target,Not_Target
echi13426.t1,Not_Target,Not_Target,Not_Target
echi13427.t1,Myosin_37,Not_Target,Not_Target
echi13428.t1,Myosin_37,Not_Target,Not_Target
echi13429.t1,Not_Target,Not_Target,Not_Target
echi2896.t1,Myosin_51,Myosin_5,Myosin_5
echi2897.t1,Not_Target,Not_Target,Not_Target
echi2898.t1,Myosin_23,Not_Target,Not_Target
echi9935.t1,Not_Target,Not_Target,Myosin_5
echi9936.t1,Not_Target,Not_Target,Not_Target
echi13747.t1,Not_Target,Not_Target,Not_Target
echi13748.t1,Not_Target,Not_Target,Myosin_17
echi2341.t1,Actin,Actin,Actin
echi2342.t1,Not_Target,Not_Target,Not_Target
echi2343.t1,Myosin_17,Myosin_1,Myosin_25
echi15823.t1,Not_Target,Not_Target,Not_Target
echi15824.t1,Not_Target,Not_Target,Not_Target
echi15825.t1,Not_Target,Not_Target,Not_Target
echi4871.t1,Not_Target,Not_Target,Not_Target
echi5354.t1,Myosin_51,Not_Target,Myosin_5
echi2597.t1,Not_Target,Not_Target,Myosin_8
echi2598.t1,Not_Target,Not_Target,Not_Target
echi2599.t1,Myosin_17,Myosin_17,Not_Target
echi2600.t1,Not_Target,Not_Target,Not_Target
echi16141.t1,Not_Target,Myosin_17,Not_Target
echi16142.t1,Not_Target,Not_Target,Not_Target
echi16143.t1,Not_Target,Not_Target,Not_Target
echi16144.t1,Not_Target,Not_Target,Not_Target
echi16145.t1,Not_Target,Not_Target,Not_Target
echi18366.t1,Not_Target,Not_Target,Myosin_51
echi18367.t1,Not_Target,Myosin_16,Not_Target
echi10299.t1,Myosin_15,Myosin_22,Myosin_7
echi10300.t1,Not_Target,Not_Target,Not_Target
echi7407.t1,Not_Target,Myosin_28,Not_Target
echi13821.t1,Not_Target,Myosin_1,Myosin_30
echi13822.t1,Not_Target,Not_Target,Myosin_1
echi13823.t1,Not_Target,Not_Target,Not_Target
echi10301.t1,Not_Target,Not_Target,Not_Target
echi10302.t1,Not_Target,Not_Target,Not_Target
echi10303.t1,Myosin_26,Not_Target,Myosin_3
echi17140.t1,Not_Target,Not_Target,Not_Target
echi17141.t1,Not_Target,Not_Target,Not_Target
echi17142.t1,Not_Target,Myosin_81,Not_Target
echi8708.t1,Myosin_74,Myosin_74,Myosin_1
echi8709.t1,Myosin_1,Myosin_74,Not_Target
echi383.t1,Not_Target,Not_Target,Not_Target
echi15901.t1,Not_Target,Not_Target,Not_Target
echi15902.t1,Not_Target,Not_Target,Not_Target
echi15903.t1,Myosin_51,Not_Target,Myosin_5
echi10813.t1,Not_Target,Not_Target,Not_Target
echi10814.t1,Myosin_15,Myosin_3,Myosin_5
echi18369.t1,Myosin_17,Not_Target,Myosin_22
echi8131.t1,Not_Target,Not_Target,Not_Target
echi8132.t1,Not_Target,Myosin_11,Not_Target
echi8133.t1,Myosin_18,Myosin_74,Not_Target
echi8134.t1,Not_Target,Not_Target,Not_Target
echi8135.t1,Not_Target,Not_Target,Not_Target
echi11613.t1,Myosin_37,Myosin_22,Myosin_37
echi16827.t1,Myosin_68,Not_Target,Myosin_61
echi16828.t1,Not_Target,Not_Target,Not_Target
echi15915.t1,Not_Target,Not_Target,Not_Target
echi15916.t1,Not_Target,Not_Target,Not_Target
echi15917.t1,Not_Target,Not_Target,Not_Target
echi1879.t1,Myosin_51,Not_Target,Myosin_5
echi1880.t1,Not_Target,Not_Target,Myosin_3
echi16289.t1,Not_Target,Not_Target,Not_Target
echi16290.t1,Not_Target,Not_Target,Not_Target
echi16291.t1,Myosin_5,Myosin_5,Myosin_4
echi16292.t1,Not_Target,Not_Target,Not_Target
echi16293.t1,Not_Target,Myosin_5,Not_Target
echi5846.t1,Not_Target,Not_Target,Not_Target
echi5847.t1,Not_Target,Not_Target,Not_Target
echi18249.t1,Not_Target,Not_Target,Not_Target
echi18250.t1,Not_Target,Not_Target,Not_Target
echi11530.t1,Not_Target,Not_Target,Not_Target
echi11531.t1,Not_Target,Not_Target,Not_Target
echi4295.t1,Not_Target,Not_Target,Not_Target
echi4296.t1,Not_Target,Not_Target,Not_Target
echi4297.t1,Not_Target,Not_Target,Not_Target
echi10307.t1,Not_Target,Not_Target,Myosin_5
echi12939.t1,Not_Target,Not_Target,Not_Target
echi12940.t1,Not_Target,Myosin_17,Not_Target
echi12941.t1,Not_Target,Not_Target,Not_Target
echi14910.t1,Not_Target,Not_Target,Myosin_5
echi14911.t1,Not_Target,Myosin_51,Not_Target
echi14912.t1,Not_Target,Not_Target,Not_Target
echi185.t1,Myosin_57,Not_Target,Myosin_71
echi186.t1,Not_Target,Not_Target,Not_Target
echi12023.t1,Not_Target,Not_Target,Not_Target
echi12024.t1,Not_Target,Not_Target,Not_Target
echi12025.t1,Not_Target,Not_Target,Not_Target
echi15198.t1,Myosin_27,Myosin_6,Myosin_8
echi8.t1,Not_Target,Not_Target,Not_Target
echi9.t1,Myosin_19,Myosin_37,Myosin_1
echi10.t1,Not_Target,Not_Target,Not_Target
echi11353.t1,Not_Target,Not_Target,Not_Target
echi11354.t1,Not_Target,Not_Target,Not_Target
echi11355.t1,Myosin_15,Myosin_17,Myosin_73
echi8507.t1,Not_Target,Myosin_26,Not_Target
echi8508.t1,Not_Target,Not_Target,Not_Target
echi13940.t1,Myosin_51,Not_Target,Myosin_19
echi13941.t1,Not_Target,Not_Target,Not_Target
echi13942.t1,Not_Target,Myosin_55,Not_Target
echi10040.t1,Not_Target,Myosin_1,Not_Target
echi10041.t1,Myosin_57,Not_Target,Myosin_51
echi3513.t1,Not_Target,Not_Target,Not_Target
echi14025.t1,Not_Target,Not_Target,Not_Target
echi14026.t1,Not_Target,Not_Target,Not_Target
echi9073.t1,Not_Target,Not_Target,Not_Target
echi11557.t1,Not_Target,Not_Target,Myosin_2
echi11558.t1,Not_Target,Not_Target,Not_Target
echi14076.t1,Not_Target,Not_Target,Not_Target
echi14077.t1,Not_Target,Not_Target,Not_Target
echi14078.t1,Myosin_5,Myosin_5,Not_Target
echi11043.t1,Not_Target,Not_Target,Not_Target
echi11044.t1,Not_Target,Not_Target,Not_Target
echi9351.t1,Not_Target,Not_Target,Myosin_11
echi9352.t1,Not_Target,Not_Target,Not_Target
echi9353.t1,Myosin_17,Not_Target,Myosin_5
echi9354.t1,Not_Target,Myosin_19,Not_Target
echi11053.t1,Not_Target,Not_Target,Myosin_20
echi11054.t1,Myosin_41,Not_Target,Not_Target
echi8672.t1,Not_Target,Not_Target,Not_Target
echi10062.t1,Not_Target,Not_Target,Not_Target
echi10063.t1,Not_Target,Not_Target,Not_Target
echi10064.t1,Not_Target,Not_Target,Not_Target
echi10065.t1,Not_Target,Not_Target,Not_Target
echi3213.t1,Myosin_45,Not_Target,Not_Target
echi3214.t1,Not_Target,Myosin_16,Not_Target
echi3215.t1,Not_Target,Not_Target,Not_Target
echi3216.t1,Not_Target,Not_Target,Not_Target
echi14333.t1,Not_Target,Not_Target,Not_Target
echi15929.t1,Myosin_30,Not_Target,Myosin_36
echi12821.t1,Myosin_3,Not_Target,Not_Target
echi12822.t1,Not_Target,Myosin_19,Not_Target
echi15277.t1,Not_Target,Not_Target,Not_Target
echi6636.t1,Myosin_1,Myosin_57,Not_Target
echi6637.t1,Not_Target,Not_Target,Not_Target
echi18215.t1,Not_Target,Myosin_1,Not_Target
echi18216.t1,Myosin_45,Not_Target,Not_Target
echi9879.t1,Myosin_30,Not_Target,Not_Target
echi9880.t1,Not_Target,Not_Target,Not_Target
echi2945.t1,Not_Target,Not_Target,Not_Target
echi2946.t1,Not_Target,Not_Target,Not_Target
echi2947.t1,Not_Target,Not_Target,Myosin_8
echi2948.t1,Not_Target,Myosin_8,Not_Target
echi2949.t1,Myosin_17,Myosin_22,Myosin_22
echi2950.t1,Not_Target,Not_Target,Not_Target
echi5411.t1,Not_Target,Myosin_6,Not_Target
echi5412.t1,Not_Target,Not_Target,Myosin_5
echi5413.t1,Not_Target,Myosin_2,Not_Target
echi5414.t1,Not_Target,Not_Target,Not_Target
echi5415.t1,Not_Target,Not_Target,Myosin_39
echi2166.t1,Myosin_1,Not_Target,Myosin_73
echi2167.t1,Not_Target,Not_Target,Myosin_1
echi2168.t1,Not_Target,Not_Target,Not_Target
echi16435.t1,Not_Target,Not_Target,Myosin_73
echi16436.t1,Not_Target,Myosin_57,Not_Target
echi16437.t1,Not_Target,Not_Target,Not_Target
echi13226.t1,Not_Target,Myosin_2,Not_Target
echi13227.t1,Not_Target,Not_Target,Not_Target
echi10994.t1,Not_Target,Not_Target,Not_Target
echi15370.t1,Not_Target,Not_Target,Myosin_64
echi15371.t1,Not_Target,Not_Target,Not_Target
echi15372.t1,Myosin_24,Not_Target,Not_Target
echi11989.t1,Not_Target,Not_Target,Not_Target
echi11990.t1,Not_Target,Myosin_15,Not_Target
echi6878.t1,Not_Target,Not_Target,Not_Target
echi6879.t1,Not_Target,Not_Target,Not_Target
echi6880.t1,Not_Target,Myosin_18,Myosin_2
echi16365.t1,Myosin_31,Not_Target,Not_Target
echi16366.t1,Not_Target,Not_Target,Not_Target
echi16367.t1,Not_Target,Myosin_3,Myosin_30
echi16388.t1,Not_Target,Not_Target,Not_Target
echi16389.t1,Not_Target,Not_Target,Not_Target
echi13848.t1,Not_Target,Not_Target,Not_Target
echi13849.t1,Myosin_2,Myosin_6,Not_Target
echi13750.t1,Not_Target,Not_Target,Not_Target
echi13751.t1,Not_Target,Not_Target,Not_Target
echi13752.t1,Not_Target,Not_Target,Not_Target
echi13753.t1,Not_Target,Not_Target,Not_Target
echi13754.t1,Not_Target,Not_Target,Not_Target
echi13755.t1,Not_Target,Not_Target,Not_Target
echi17272.t1,Not_Target,Not_Target,Not_Target
echi17273.t1,Not_Target,Myosin_3,Not_Target
echi11638.t1,Myosin_1,Not_Target,Not_Target
echi11639.t1,Not_Target,Not_Target,Myosin_5
echi11640.t1,Not_Target,Not_Target,Not_Target
echi11641.t1,Not_Target,Not_Target,Not_Target
echi10697.t1,Not_Target,Not_Target,Not_Target
echi17592.t1,Not_Target,Not_Target,Not_Target
echi17593.t1,Not_Target,Not_Target,Myosin_1
echi17594.t1,Not_Target,Not_Target,Myosin_1
echi17595.t1,Not_Target,Not_Target,Not_Target
echi12249.t1,Not_Target,Not_Target,Myosin_20
echi12250.t1,Not_Target,Not_Target,Not_Target
echi12251.t1,Not_Target,Not_Target,Not_Target
echi12252.t1,Not_Target,Not_Target,Not_Target
echi13266.t1,Not_Target,Not_Target,Not_Target
echi13267.t1,Myosin_5,Myosin_19,Myosin_19
echi16008.t1,Not_Target,Not_Target,Not_Target
echi16009.t1,Myosin_30,Myosin_1,Myosin_2
echi13492.t1,Not_Target,Not_Target,Myosin_20
echi13493.t1,Not_Target,Not_Target,Not_Target
echi14386.t1,Not_Target,Not_Target,Myosin_51
echi5323.t1,Myosin_2,Not_Target,Not_Target
echi713.t1,Not_Target,Myosin_19,Not_Target
echi714.t1,Not_Target,Myosin_22,Not_Target
echi715.t1,Not_Target,Not_Target,Not_Target
echi10237.t1,Not_Target,Not_Target,Not_Target
echi10238.t1,Not_Target,Not_Target,Not_Target
echi10239.t1,Not_Target,Not_Target,Not_Target
echi10240.t1,Not_Target,Myosin_19,Myosin_2
echi2055.t1,Not_Target,Not_Target,Not_Target
echi2056.t1,Not_Target,Not_Target,Not_Target
echi2057.t1,Not_Target,Not_Target,Not_Target
echi5373.t1,Myosin_5,Not_Target,Not_Target
echi5374.t1,Not_Target,Not_Target,Not_Target
echi3002.t1,Not_Target,Myosin_5,Not_Target
echi3003.t1,Not_Target,Not_Target,Not_Target
echi3004.t1,Not_Target,Not_Target,Not_Target
echi5432.t1,Not_Target,Not_Target,Not_Target
echi5433.t1,Not_Target,Not_Target,Not_Target
echi5434.t1,Not_Target,Not_Target,Not_Target
echi10868.t1,Myosin_27,Not_Target,Not_Target
echi10869.t1,Not_Target,Not_Target,Myosin_5
echi10870.t1,Not_Target,Not_Target,Myosin_51
echi14920.t1,Not_Target,Not_Target,Not_Target
echi14921.t1,Not_Target,Myosin_19,Not_Target
echi7146.t1,Not_Target,Not_Target,Not_Target
echi7147.t1,Not_Target,Not_Target,Not_Target
echi7148.t1,Not_Target,Not_Target,Not_Target
echi6453.t1,Not_Target,Not_Target,Not_Target
echi6454.t1,Not_Target,Not_Target,Not_Target
echi6455.t1,Not_Target,Not_Target,Myosin_14
echi3077.t1,Myosin_37,Not_Target,Myosin_46
echi8891.t1,Not_Target,Not_Target,Not_Target
echi8892.t1,Not_Target,Myosin_1,Not_Target
echi2376.t1,Not_Target,Not_Target,Not_Target
echi2377.t1,Not_Target,Not_Target,Not_Target
echi2378.t1,Not_Target,Myosin_5,Not_Target
echi2379.t1,Not_Target,Not_Target,Myosin_1
echi13915.t1,Not_Target,Not_Target,Not_Target
echi10693.t1,Not_Target,Not_Target,Not_Target
echi10694.t1,Not_Target,Not_Target,Not_Target
echi10695.t1,Not_Target,Not_Target,Not_Target
echi10696.t1,Not_Target,Not_Target,Not_Target
echi15932.t1,Myosin_16,Myosin_55,Not_Target
echi15933.t1,Not_Target,Myosin_7,Not_Target
echi15934.t1,Myosin_8,Not_Target,Not_Target
echi15935.t1,Not_Target,Not_Target,Myosin_5
echi7178.t1,Myosin_18,Not_Target,Myosin_5
echi13741.t1,Not_Target,Not_Target,Myosin_20
echi13742.t1,Not_Target,Myosin_17,Myosin_28
echi16360.t1,Not_Target,Not_Target,Not_Target
echi702.t1,Myosin_15,Not_Target,Not_Target
echi703.t1,Not_Target,Not_Target,Not_Target
echi704.t1,Not_Target,Not_Target,Not_Target
echi14861.t1,Myosin_18,Myosin_18,Not_Target
echi14862.t1,Myosin_24,Not_Target,Not_Target
echi8636.t1,Not_Target,Not_Target,Not_Target
echi8637.t1,Not_Target,Not_Target,Not_Target
echi8638.t1,Myosin_3,Myosin_3,Myosin_3
echi15396.t1,Not_Target,Not_Target,Not_Target
echi15397.t1,Not_Target,Not_Target,Myosin_53
echi15398.t1,Myosin_30,Myosin_30,Myosin_27
echi16103.t1,Not_Target,Not_Target,Not_Target
echi16104.t1,Not_Target,Not_Target,Myosin_2
echi16105.t1,Not_Target,Not_Target,Not_Target
echi16262.t1,Myosin_18,Myosin_18,Myosin_64
echi15178.t1,Myosin_26,Myosin_26,Not_Target
echi15179.t1,Not_Target,Not_Target,Not_Target
echi5017.t1,Myosin_30,Myosin_17,Myosin_30
echi16873.t1,Not_Target,Not_Target,Not_Target
echi7100.t1,Not_Target,Not_Target,Not_Target
echi12602.t1,Not_Target,Not_Target,Not_Target
echi12603.t1,Not_Target,Not_Target,Not_Target
echi12604.t1,Myosin_7,Myosin_1,Myosin_1
echi12605.t1,Not_Target,Not_Target,Not_Target
echi5407.t1,Not_Target,Not_Target,Not_Target
echi5408.t1,Not_Target,Not_Target,Not_Target
echi5409.t1,Not_Target,Not_Target,Not_Target
echi5410.t1,Not_Target,Not_Target,Not_Target
echi4223.t1,Not_Target,Not_Target,Not_Target
echi4224.t1,Not_Target,Not_Target,Not_Target
echi4225.t1,Not_Target,Not_Target,Not_Target
echi11032.t1,Myosin_36,Not_Target,Myosin_23
echi9314.t1,Not_Target,Myosin_4,Not_Target
echi9315.t1,Not_Target,Not_Target,Not_Target
echi9316.t1,Not_Target,Not_Target,Not_Target
echi9317.t1,Not_Target,Not_Target,Not_Target
echi12950.t1,Myosin_6,Myosin_1,Not_Target
echi12951.t1,Not_Target,Not_Target,Not_Target
echi12952.t1,Not_Target,Not_Target,Myosin_2
echi15193.t1,Myosin_31,Not_Target,Not_Target
echi15194.t1,Not_Target,Myosin_18,Not_Target
echi7667.t1,Not_Target,Myosin_19,Not_Target
echi7668.t1,Myosin_3,Myosin_6,Myosin_3
echi16182.t1,Not_Target,Myosin_17,Myosin_57
echi13515.t1,Myosin_30,Not_Target,Myosin_30
echi17407.t1,Not_Target,Myosin_5,Not_Target
echi17408.t1,Myosin_45,Myosin_18,Myosin_18
echi13014.t1,Not_Target,Myosin_37,Not_Target
echi13015.t1,Not_Target,Not_Target,Not_Target
echi13016.t1,Not_Target,Myosin_55,Not_Target
echi3459.t1,Not_Target,Myosin_8,Not_Target
echi3460.t1,Not_Target,Not_Target,Not_Target
echi3461.t1,Not_Target,Not_Target,Not_Target
echi16701.t1,Not_Target,Myosin_1,Myosin_1
echi16702.t1,Not_Target,Not_Target,Not_Target
echi16703.t1,Not_Target,Not_Target,Not_Target
echi12106.t1,Not_Target,Not_Target,Not_Target
echi12107.t1,Not_Target,Not_Target,Not_Target
echi12108.t1,Not_Target,Not_Target,Not_Target
echi12109.t1,Not_Target,Not_Target,Not_Target
echi12110.t1,Not_Target,Not_Target,Not_Target
echi4053.t1,Not_Target,Not_Target,Not_Target
echi13512.t1,Not_Target,Not_Target,Myosin_51
echi13513.t1,Not_Target,Not_Target,Not_Target
echi10580.t1,Myosin_74,Myosin_74,Not_Target
echi10752.t1,Not_Target,Not_Target,Not_Target
echi10753.t1,Myosin_22,Myosin_22,Myosin_4
echi14914.t1,Not_Target,Myosin_22,Not_Target
echi14915.t1,Not_Target,Myosin_18,Not_Target
echi14916.t1,Not_Target,Not_Target,Myosin_19
echi10991.t1,Myosin_45,Not_Target,Not_Target
echi10992.t1,Not_Target,Not_Target,Not_Target
echi6407.t1,Not_Target,Not_Target,Not_Target
echi931.t1,Myosin_81,Not_Target,Myosin_1
echi932.t1,Not_Target,Not_Target,Not_Target
echi14307.t1,Not_Target,Not_Target,Not_Target
echi14308.t1,Not_Target,Not_Target,Myosin_20
echi14309.t1,Myosin_25,Not_Target,Not_Target
echi508.t1,Myosin_5,Myosin_5,Myosin_5
echi10756.t1,Not_Target,Not_Target,Not_Target
echi10757.t1,Myosin_24,Not_Target,Myosin_24
echi10758.t1,Not_Target,Not_Target,Myosin_3
echi174.t1,Not_Target,Not_Target,Not_Target
echi175.t1,Not_Target,Not_Target,Not_Target
echi176.t1,Not_Target,Not_Target,Not_Target
echi11219.t1,Myosin_45,Myosin_26,Not_Target
echi558.t1,Not_Target,Not_Target,Myosin_2
echi559.t1,Not_Target,Not_Target,Not_Target
echi560.t1,Not_Target,Not_Target,Not_Target
echi7815.t1,Not_Target,Myosin_2,Not_Target
echi15879.t1,Not_Target,Not_Target,Not_Target
echi15880.t1,Not_Target,Myosin_5,Not_Target
echi15881.t1,Not_Target,Not_Target,Not_Target
echi15882.t1,Not_Target,Not_Target,Not_Target
echi6684.t1,Not_Target,Not_Target,Not_Target
echi6685.t1,Not_Target,Not_Target,Not_Target
echi6686.t1,Not_Target,Not_Target,Not_Target
echi13103.t1,Not_Target,Not_Target,Not_Target
echi13104.t1,Not_Target,Not_Target,Not_Target
echi13105.t1,Myosin_1,Myosin_5,Not_Target
echi13101.t1,Myosin_17,Not_Target,Myosin_17
echi13102.t1,Not_Target,Not_Target,Not_Target
echi15799.t1,Not_Target,Not_Target,Myosin_27
echi15800.t1,Not_Target,Not_Target,Myosin_51
echi2233.t1,Myosin_24,Not_Target,Not_Target
echi2234.t1,Myosin_27,Myosin_6,Myosin_1
echi10577.t1,Myosin_71,Not_Target,Myosin_24
echi10578.t1,Not_Target,Myosin_57,Not_Target
echi1547.t1,Not_Target,Myosin_18,Not_Target
echi1548.t1,Not_Target,Not_Target,Not_Target
echi1549.t1,Not_Target,Myosin_1,Myosin_1
echi1637.t1,Not_Target,Not_Target,Not_Target
echi1638.t1,Not_Target,Not_Target,Not_Target
echi1639.t1,Not_Target,Not_Target,Not_Target
echi9382.t1,Not_Target,Not_Target,Not_Target
echi9383.t1,Not_Target,Not_Target,Not_Target
echi10184.t1,Myosin_23,Not_Target,Myosin_30
echi13495.t1,Not_Target,Not_Target,Not_Target
echi13496.t1,Myosin_30,Not_Target,Myosin_30
echi13497.t1,Not_Target,Not_Target,Not_Target
echi10866.t1,Not_Target,Not_Target,Not_Target
echi10867.t1,Not_Target,Myosin_5,Not_Target
echi14831.t1,Not_Target,Not_Target,Not_Target
echi14832.t1,Not_Target,Not_Target,Myosin_71
echi14833.t1,Not_Target,Myosin_66,Not_Target
echi3944.t1,Myosin_3,Not_Target,Myosin_4
echi3945.t1,Not_Target,Myosin_2,Not_Target
echi3946.t1,Not_Target,Not_Target,Not_Target
echi3976.t1,Not_Target,Not_Target,Myosin_30
echi3977.t1,Not_Target,Not_Target,Not_Target
echi3978.t1,Not_Target,Not_Target,Myosin_11
echi5023.t1,Myosin_2,Not_Target,Not_Target
echi5024.t1,Not_Target,Not_Target,Not_Target
echi5025.t1,Not_Target,Not_Target,Not_Target
echi5026.t1,Not_Target,Myosin_17,Not_Target
echi3388.t1,Not_Target,Not_Target,Not_Target
echi3389.t1,Myosin_30,Not_Target,Myosin_3
echi10812.t1,Not_Target,Not_Target,Not_Target
echi12268.t1,Myosin_57,Not_Target,Myosin_20
echi12269.t1,Not_Target,Not_Target,Not_Target
echi14212.t1,Not_Target,Not_Target,Not_Target
echi14213.t1,Not_Target,Not_Target,Not_Target
echi14214.t1,Myosin_26,Not_Target,Not_Target
echi12267.t1,Myosin_5,Not_Target,Not_Target
echi587.t1,Myosin_30,Not_Target,Not_Target
echi588.t1,Not_Target,Not_Target,Not_Target
echi1331.t1,Not_Target,Not_Target,Not_Target
echi1332.t1,Not_Target,Not_Target,Not_Target
echi1333.t1,Not_Target,Not_Target,Not_Target
echi1334.t1,Myosin_8,Myosin_81,Not_Target
echi16241.t1,Not_Target,Not_Target,Not_Target
echi16242.t1,Not_Target,Not_Target,Myosin_51
echi16243.t1,Not_Target,Not_Target,Not_Target
echi16698.t1,Myosin_18,Myosin_18,Myosin_57
echi11836.t1,Myosin_3,Not_Target,Myosin_3
echi5202.t1,Not_Target,Not_Target,Not_Target
echi5203.t1,Not_Target,Not_Target,Not_Target
echi12460.t1,Not_Target,Not_Target,Not_Target
echi18139.t1,Not_Target,Not_Target,Not_Target
echi13012.t1,Not_Target,Not_Target,Myosin_14
echi13013.t1,Not_Target,Not_Target,Not_Target
echi1212.t1,Not_Target,Not_Target,Not_Target
echi1213.t1,Not_Target,Not_Target,Myosin_1
echi13797.t1,Not_Target,Not_Target,Not_Target
echi13798.t1,Not_Target,Not_Target,Not_Target
echi9026.t1,Myosin_3,Myosin_3,Not_Target
echi11631.t1,Not_Target,Not_Target,Not_Target
echi11632.t1,Not_Target,Not_Target,Not_Target
echi5922.t1,Not_Target,Not_Target,Myosin_18
echi9460.t1,Not_Target,Not_Target,Not_Target
echi5926.t1,Not_Target,Not_Target,Not_Target
echi5927.t1,Not_Target,Not_Target,Not_Target
echi8525.t1,Not_Target,Not_Target,Not_Target
echi8526.t1,Myosin_2,Not_Target,Not_Target
echi8764.t1,Not_Target,Myosin_19,Not_Target
echi8765.t1,Not_Target,Not_Target,Not_Target
echi4100.t1,Myosin_5,Not_Target,Not_Target
echi10096.t1,Not_Target,Not_Target,Myosin_18
echi10097.t1,Not_Target,Not_Target,Not_Target
echi4547.t1,Not_Target,Not_Target,Not_Target
echi4548.t1,Not_Target,Not_Target,Not_Target
echi9466.t1,Not_Target,Not_Target,Not_Target
echi9467.t1,Not_Target,Not_Target,Not_Target
echi12568.t1,Not_Target,Not_Target,Not_Target
echi12569.t1,Not_Target,Myosin_1,Myosin_1
echi2737.t1,Not_Target,Not_Target,Not_Target
echi2738.t1,Not_Target,Myosin_19,Not_Target
echi2739.t1,Not_Target,Not_Target,Not_Target
echi7357.t1,Not_Target,Myosin_4,Not_Target
echi7358.t1,Not_Target,Not_Target,Not_Target
echi11475.t1,Myosin_19,Not_Target,Myosin_19
echi11476.t1,Not_Target,Not_Target,Not_Target
echi290.t1,Not_Target,Not_Target,Not_Target
echi291.t1,Not_Target,Not_Target,Not_Target
echi17304.t1,Not_Target,Not_Target,Not_Target
echi17305.t1,Myosin_26,Not_Target,Myosin_32
echi6449.t1,Myosin_2,Myosin_22,Not_Target
echi6450.t1,Not_Target,Not_Target,Not_Target
echi6451.t1,Not_Target,Not_Target,Not_Target
echi15913.t1,Myosin_17,Not_Target,Myosin_37
echi1866.t1,Not_Target,Not_Target,Not_Target
echi11658.t1,Not_Target,Not_Target,Not_Target
echi11659.t1,Not_Target,Myosin_18,Not_Target
echi11660.t1,Myosin_81,Myosin_22,Myosin_16
echi1665.t1,Myosin_45,Not_Target,Not_Target
echi1666.t1,Not_Target,Myosin_8,Myosin_8
echi11029.t1,Not_Target,Not_Target,Myosin_23
echi11030.t1,Not_Target,Not_Target,Not_Target
echi5212.t1,Not_Target,Not_Target,Not_Target
echi5213.t1,Myosin_19,Not_Target,Not_Target
echi13348.t1,Myosin_1,Myosin_1,Not_Target
echi13349.t1,Not_Target,Not_Target,Not_Target
echi13350.t1,Not_Target,Not_Target,Not_Target
echi13351.t1,Not_Target,Not_Target,Not_Target
echi3445.t1,Myosin_30,Not_Target,Not_Target
echi3446.t1,Not_Target,Not_Target,Not_Target
echi3447.t1,Not_Target,Not_Target,Not_Target
echi6594.t1,Not_Target,Myosin_19,Not_Target
echi6595.t1,Not_Target,Not_Target,Myosin_8
echi6596.t1,Not_Target,Not_Target,Not_Target
echi11045.t1,Not_Target,Not_Target,Not_Target
echi11046.t1,Not_Target,Not_Target,Not_Target
echi11047.t1,Not_Target,Not_Target,Myosin_1
echi16026.t1,Myosin_18,Myosin_19,Myosin_31
echi3544.t1,Not_Target,Not_Target,Not_Target
echi3545.t1,Not_Target,Not_Target,Myosin_8
echi13403.t1,Not_Target,Not_Target,Myosin_1
echi13404.t1,Not_Target,Not_Target,Not_Target
echi7532.t1,Not_Target,Not_Target,Myosin_1
echi7533.t1,Not_Target,Myosin_57,Myosin_2
echi8245.t1,Not_Target,Not_Target,Not_Target
echi7190.t1,Not_Target,Not_Target,Not_Target
echi7191.t1,Not_Target,Not_Target,Not_Target
echi7192.t1,Not_Target,Not_Target,Not_Target
echi7193.t1,Not_Target,Not_Target,Myosin_14
echi3626.t1,Not_Target,Myosin_19,Not_Target
echi3627.t1,Not_Target,Not_Target,Not_Target
echi2024.t1,Myosin_8,Myosin_8,Not_Target
echi1176.t1,Not_Target,Myosin_5,Not_Target
echi1177.t1,Myosin_51,Myosin_2,Myosin_20
echi2354.t1,Myosin_9,Not_Target,Not_Target
echi4358.t1,Not_Target,Not_Target,Myosin_14
echi12371.t1,Not_Target,Not_Target,Myosin_23
echi3120.t1,Myosin_18,Myosin_18,Myosin_16
echi8270.t1,Not_Target,Not_Target,Not_Target
echi8271.t1,Not_Target,Myosin_16,Not_Target
echi7472.t1,Not_Target,Myosin_11,Not_Target
echi11751.t1,Not_Target,Not_Target,Not_Target
echi11752.t1,Not_Target,Not_Target,Not_Target
echi11753.t1,Not_Target,Not_Target,Not_Target
echi13478.t1,Not_Target,Not_Target,Not_Target
echi13479.t1,Not_Target,Myosin_51,Not_Target
echi13480.t1,Not_Target,Not_Target,Not_Target
echi13481.t1,Not_Target,Not_Target,Not_Target
echi8098.t1,Not_Target,Not_Target,Not_Target
echi8099.t1,Not_Target,Myosin_19,Myosin_5
echi2100.t1,Not_Target,Not_Target,Not_Target
echi2101.t1,Not_Target,Myosin_41,Not_Target
echi9363.t1,Myosin_3,Myosin_1,Myosin_3
echi9364.t1,Not_Target,Not_Target,Not_Target
echi11977.t1,Myosin_23,Not_Target,Myosin_4
echi634.t1,Not_Target,Not_Target,Myosin_51
echi635.t1,Not_Target,Not_Target,Not_Target
echi1522.t1,Not_Target,Myosin_11,Not_Target
echi1523.t1,Myosin_3,Not_Target,Not_Target
echi3905.t1,Myosin_57,Myosin_57,Not_Target
echi3906.t1,Not_Target,Not_Target,Not_Target
echi3907.t1,Not_Target,Not_Target,Myosin_2
echi3908.t1,Not_Target,Not_Target,Myosin_37
echi743.t1,Not_Target,Not_Target,Not_Target
echi744.t1,Myosin_9,Not_Target,Myosin_81
echi16979.t1,Not_Target,Not_Target,Not_Target
echi15055.t1,Myosin_8,Not_Target,Not_Target
echi12238.t1,Not_Target,Not_Target,Myosin_19
echi12239.t1,Myosin_74,Myosin_3,Not_Target
echi2156.t1,Not_Target,Not_Target,Myosin_51
echi2157.t1,Not_Target,Not_Target,Not_Target
echi8898.t1,Not_Target,Not_Target,Not_Target
echi13698.t1,Myosin_6,Myosin_1,Not_Target
echi13699.t1,Not_Target,Not_Target,Not_Target
echi6531.t1,Myosin_45,Not_Target,Not_Target
echi6532.t1,Not_Target,Myosin_26,Myosin_2
echi10583.t1,Not_Target,Myosin_11,Not_Target
echi10584.t1,Not_Target,Myosin_26,Myosin_51
echi2301.t1,Not_Target,Myosin_5,Not_Target
echi2302.t1,Not_Target,Not_Target,Not_Target
echi2303.t1,Not_Target,Not_Target,Not_Target
echi16718.t1,Myosin_9,Myosin_9,Myosin_5
echi3464.t1,Myosin_51,Not_Target,Myosin_51
echi3465.t1,Not_Target,Not_Target,Not_Target
echi3466.t1,Not_Target,Not_Target,Not_Target
echi12486.t1,Not_Target,Not_Target,Not_Target
echi12487.t1,Not_Target,Not_Target,Not_Target
echi12488.t1,Not_Target,Not_Target,Not_Target
echi8364.t1,Myosin_2,Not_Target,Myosin_2
echi8365.t1,Myosin_2,Not_Target,Myosin_2
echi8366.t1,Myosin_1,Not_Target,Myosin_8
echi9628.t1,Not_Target,Not_Target,Myosin_1
echi4597.t1,Myosin_2,Myosin_1,Myosin_68
echi4598.t1,Myosin_81,Myosin_2,Not_Target
echi13002.t1,Not_Target,Not_Target,Not_Target
echi13003.t1,Not_Target,Not_Target,Not_Target
echi2976.t1,Not_Target,Myosin_19,Not_Target
echi2977.t1,Myosin_19,Not_Target,Myosin_5
echi2978.t1,Not_Target,Not_Target,Myosin_54
echi11449.t1,Not_Target,Not_Target,Not_Target
echi11450.t1,Not_Target,Myosin_5,Not_Target
echi11451.t1,Not_Target,Not_Target,Not_Target
echi2621.t1,Not_Target,Myosin_19,Not_Target
echi2622.t1,Not_Target,Myosin_19,Not_Target
echi13961.t1,Not_Target,Myosin_6,Not_Target
echi13962.t1,Not_Target,Not_Target,Not_Target
echi8275.t1,Not_Target,Not_Target,Not_Target
echi10098.t1,Not_Target,Myosin_19,Not_Target
echi10099.t1,Not_Target,Not_Target,Not_Target
echi10614.t1,Not_Target,Not_Target,Not_Target
echi10615.t1,Not_Target,Myosin_18,Not_Target
echi8100.t1,Myosin_31,Not_Target,Not_Target
echi8101.t1,Not_Target,Not_Target,Myosin_57
echi8102.t1,Not_Target,Not_Target,Not_Target
echi15492.t1,Myosin_23,Myosin_18,Myosin_31
echi15493.t1,Not_Target,Not_Target,Not_Target
echi15494.t1,Not_Target,Myosin_16,Myosin_20
echi4717.t1,Myosin_30,Myosin_40,Myosin_3
echi9757.t1,Not_Target,Myosin_6,Myosin_1
echi2242.t1,Not_Target,Not_Target,Not_Target
echi2243.t1,Myosin_45,Myosin_18,Myosin_5
echi17677.t1,Myosin_6,Myosin_6,Myosin_1
echi17678.t1,Myosin_2,Myosin_29,Myosin_2
echi17679.t1,Myosin_2,Myosin_57,Not_Target
echi1686.t1,Myosin_15,Myosin_2,Not_Target
echi1687.t1,Not_Target,Not_Target,Not_Target
echi9177.t1,Not_Target,Not_Target,Not_Target
echi9178.t1,Not_Target,Not_Target,Not_Target
echi6461.t1,Not_Target,Not_Target,Not_Target
echi6462.t1,Not_Target,Not_Target,Not_Target
echi9566.t1,Not_Target,Not_Target,Not_Target
echi9567.t1,Not_Target,Not_Target,Not_Target
echi15708.t1,Not_Target,Not_Target,Not_Target
echi15709.t1,Not_Target,Not_Target,Not_Target
echi15710.t1,Not_Target,Myosin_23,Not_Target
echi13540.t1,Myosin_26,Not_Target,Not_Target
echi13541.t1,Not_Target,Not_Target,Not_Target
echi2894.t1,Not_Target,Not_Target,Not_Target
echi2895.t1,Not_Target,Not_Target,Not_Target
echi9329.t1,Not_Target,Myosin_8,Not_Target
echi9330.t1,Not_Target,Not_Target,Not_Target
echi9331.t1,Myosin_4,Myosin_4,Not_Target
echi9332.t1,Not_Target,Myosin_8,Not_Target
echi1472.t1,Myosin_17,Myosin_17,Myosin_45
echi16953.t1,Not_Target,Not_Target,Not_Target
echi16954.t1,Not_Target,Not_Target,Not_Target
echi14750.t1,Myosin_3,Myosin_3,Not_Target
echi14751.t1,Not_Target,Not_Target,Not_Target
echi14752.t1,Myosin_16,Not_Target,Not_Target
echi14753.t1,Not_Target,Myosin_1,Not_Target
echi16427.t1,Not_Target,Not_Target,Not_Target
echi921.t1,Not_Target,Not_Target,Not_Target
echi922.t1,Not_Target,Not_Target,Not_Target
echi17118.t1,Not_Target,Not_Target,Not_Target
echi17119.t1,Not_Target,Not_Target,Not_Target
echi9922.t1,Not_Target,Not_Target,Not_Target
echi13355.t1,Not_Target,Myosin_8,Not_Target
echi13356.t1,Not_Target,Not_Target,Not_Target
echi14800.t1,Not_Target,Not_Target,Not_Target
echi14801.t1,Not_Target,Not_Target,Not_Target
echi9787.t1,Not_Target,Not_Target,Myosin_1
echi9788.t1,Not_Target,Not_Target,Not_Target
echi9924.t1,Not_Target,Myosin_8,Myosin_64
echi9925.t1,Not_Target,Not_Target,Myosin_47
echi13295.t1,Myosin_57,Myosin_18,Not_Target
echi13296.t1,Not_Target,Not_Target,Not_Target
echi13297.t1,Not_Target,Not_Target,Not_Target
echi4404.t1,Not_Target,Not_Target,Not_Target
echi4405.t1,Not_Target,Not_Target,Not_Target
echi4341.t1,Not_Target,Not_Target,Not_Target
echi4342.t1,Not_Target,Not_Target,Not_Target
echi4343.t1,Myosin_26,Myosin_43,Myosin_5
echi3410.t1,Not_Target,Not_Target,Not_Target
echi13929.t1,Not_Target,Not_Target,Not_Target
echi13930.t1,Not_Target,Not_Target,Not_Target
echi13278.t1,Myosin_25,Not_Target,Myosin_5
echi16240.t1,Not_Target,Not_Target,Not_Target
echi2297.t1,Myosin_51,Not_Target,Not_Target
echi2298.t1,Not_Target,Not_Target,Not_Target
echi6797.t1,Not_Target,Not_Target,Not_Target
echi9923.t1,Myosin_25,Not_Target,Myosin_19
echi17909.t1,Not_Target,Myosin_5,Not_Target
echi17095.t1,Not_Target,Not_Target,Not_Target
echi17096.t1,Not_Target,Not_Target,Not_Target
echi5232.t1,Not_Target,Not_Target,Not_Target
echi10805.t1,Myosin_1,Myosin_5,Not_Target
echi10806.t1,Myosin_71,Myosin_5,Not_Target
echi13483.t1,Not_Target,Myosin_66,Myosin_20
echi3117.t1,Not_Target,Not_Target,Not_Target
echi3118.t1,Not_Target,Not_Target,Not_Target
echi13166.t1,Not_Target,Not_Target,Not_Target
echi13167.t1,Not_Target,Not_Target,Not_Target
echi13168.t1,Not_Target,Not_Target,Not_Target
echi7967.t1,Not_Target,Not_Target,Not_Target
echi7968.t1,Not_Target,Not_Target,Not_Target
echi7969.t1,Not_Target,Not_Target,Not_Target
echi10400.t1,Not_Target,Not_Target,Not_Target
echi10874.t1,Not_Target,Not_Target,Not_Target
echi10875.t1,Myosin_17,Myosin_1,Myosin_30
echi3468.t1,Myosin_1,Myosin_1,Myosin_1
echi3469.t1,Not_Target,Not_Target,Myosin_1
echi13342.t1,Not_Target,Myosin_19,Not_Target
echi13343.t1,Not_Target,Myosin_2,Not_Target
echi15420.t1,Not_Target,Not_Target,Not_Target
echi15421.t1,Not_Target,Not_Target,Not_Target
echi13978.t1,Not_Target,Myosin_25,Not_Target
echi13979.t1,Not_Target,Not_Target,Not_Target
echi7747.t1,Not_Target,Myosin_19,Not_Target
echi7748.t1,Not_Target,Not_Target,Not_Target
echi10113.t1,Myosin_17,Myosin_5,Not_Target
echi10114.t1,Not_Target,Not_Target,Not_Target
echi15712.t1,Not_Target,Not_Target,Not_Target
echi15713.t1,Not_Target,Not_Target,Not_Target
echi11891.t1,Myosin_37,Not_Target,Myosin_8
echi11892.t1,Not_Target,Not_Target,Not_Target
echi11893.t1,Myosin_2,Myosin_2,Not_Target
echi10402.t1,Not_Target,Not_Target,Not_Target
echi10403.t1,Not_Target,Myosin_59,Not_Target
echi16390.t1,Not_Target,Not_Target,Not_Target
echi16391.t1,Not_Target,Not_Target,Myosin_20
echi16392.t1,Not_Target,Not_Target,Not_Target
echi11034.t1,Not_Target,Not_Target,Not_Target
echi11035.t1,Not_Target,Myosin_8,Not_Target
echi16280.t1,Not_Target,Not_Target,Not_Target
echi3106.t1,Not_Target,Not_Target,Myosin_8
echi6518.t1,Not_Target,Not_Target,Not_Target
echi6519.t1,Not_Target,Myosin_28,Not_Target
echi6520.t1,Not_Target,Not_Target,Not_Target
echi7023.t1,Not_Target,Myosin_55,Not_Target
echi7024.t1,Not_Target,Not_Target,Not_Target
echi4153.t1,Myosin_5,Myosin_5,Not_Target
echi4154.t1,Not_Target,Not_Target,Myosin_20
echi1984.t1,Not_Target,Not_Target,Not_Target
echi1985.t1,Not_Target,Not_Target,Not_Target
echi1986.t1,Not_Target,Not_Target,Not_Target
echi5324.t1,Not_Target,Not_Target,Myosin_8
echi5325.t1,Myosin_18,Myosin_18,Not_Target
echi15142.t1,Not_Target,Myosin_6,Myosin_28
echi1901.t1,Myosin_19,Myosin_17,Not_Target
echi12462.t1,Myosin_15,Not_Target,Myosin_1
echi12463.t1,Not_Target,Not_Target,Myosin_54
echi12464.t1,Not_Target,Myosin_1,Myosin_1
echi9350.t1,Not_Target,Not_Target,Not_Target
echi1173.t1,Not_Target,Not_Target,Not_Target
echi1174.t1,Not_Target,Not_Target,Not_Target
echi15870.t1,Not_Target,Myosin_8,Not_Target
echi3456.t1,Myosin_8,Not_Target,Not_Target
echi3457.t1,Not_Target,Not_Target,Not_Target
echi1205.t1,Not_Target,Not_Target,Not_Target
echi1206.t1,Myosin_57,Not_Target,Not_Target
echi2446.t1,Not_Target,Not_Target,Not_Target
echi10132.t1,Not_Target,Not_Target,Not_Target
echi10133.t1,Not_Target,Not_Target,Myosin_30
echi17231.t1,Myosin_30,Myosin_1,Myosin_20
echi605.t1,Not_Target,Not_Target,Not_Target
echi606.t1,Not_Target,Not_Target,Not_Target
echi3189.t1,Not_Target,Not_Target,Not_Target
echi3190.t1,Myosin_81,Not_Target,Not_Target
echi9287.t1,Not_Target,Not_Target,Myosin_1
echi9288.t1,Not_Target,Not_Target,Not_Target
echi10324.t1,Not_Target,Not_Target,Not_Target
echi10325.t1,Myosin_3,Myosin_4,Myosin_3
echi4037.t1,Not_Target,Not_Target,Not_Target
echi13820.t1,Myosin_17,Myosin_17,Myosin_17
echi10820.t1,Not_Target,Not_Target,Not_Target
echi10821.t1,Not_Target,Not_Target,Not_Target
echi10822.t1,Myosin_19,Myosin_19,Not_Target
echi1324.t1,Myosin_29,Myosin_17,Not_Target
echi3967.t1,Not_Target,Not_Target,Myosin_1
echi2994.t1,Myosin_30,Not_Target,Not_Target
echi2995.t1,Myosin_19,Myosin_8,Not_Target
echi15925.t1,Not_Target,Not_Target,Not_Target
echi15926.t1,Not_Target,Not_Target,Not_Target
echi1619.t1,Not_Target,Not_Target,Not_Target
echi1620.t1,Myosin_1,Myosin_5,Not_Target
echi1621.t1,Myosin_17,Not_Target,Myosin_2
echi14472.t1,Not_Target,Not_Target,Not_Target
echi14473.t1,Not_Target,Not_Target,Not_Target
echi8198.t1,Not_Target,Myosin_18,Not_Target
echi15621.t1,Myosin_45,Myosin_11,Not_Target
echi15622.t1,Not_Target,Not_Target,Not_Target
echi649.t1,Not_Target,Myosin_1,Not_Target
echi650.t1,Not_Target,Not_Target,Not_Target
echi651.t1,Not_Target,Not_Target,Not_Target
echi652.t1,Myosin_8,Not_Target,Not_Target
echi653.t1,Not_Target,Not_Target,Not_Target
echi13276.t1,Not_Target,Not_Target,Not_Target
echi13277.t1,Not_Target,Not_Target,Not_Target
echi11633.t1,Not_Target,Not_Target,Not_Target
echi11563.t1,Not_Target,Not_Target,Not_Target
echi9711.t1,Myosin_5,Myosin_5,Not_Target
echi9712.t1,Myosin_45,Myosin_5,Myosin_31
echi8445.t1,Not_Target,Not_Target,Not_Target
echi8446.t1,Not_Target,Not_Target,Not_Target
echi8447.t1,Not_Target,Not_Target,Myosin_8
echi10397.t1,Myosin_17,Myosin_17,Myosin_3
echi10398.t1,Not_Target,Not_Target,Not_Target
echi14755.t1,Not_Target,Not_Target,Not_Target
echi11962.t1,Not_Target,Not_Target,Myosin_3
echi11963.t1,Myosin_45,Not_Target,Not_Target
echi1541.t1,Not_Target,Myosin_28,Not_Target
echi1542.t1,Not_Target,Not_Target,Not_Target
echi1543.t1,Not_Target,Not_Target,Not_Target
echi12490.t1,Myosin_36,Myosin_77,Not_Target
echi12491.t1,Not_Target,Not_Target,Not_Target
echi14403.t1,Not_Target,Not_Target,Myosin_14
echi16320.t1,Not_Target,Myosin_19,Not_Target
echi16321.t1,Not_Target,Not_Target,Not_Target
echi16322.t1,Not_Target,Not_Target,Not_Target
echi3539.t1,Myosin_45,Myosin_50,Not_Target
echi3540.t1,Not_Target,Not_Target,Not_Target
echi9024.t1,Not_Target,Myosin_6,Not_Target
echi9025.t1,Not_Target,Myosin_54,Not_Target
echi10304.t1,Not_Target,Myosin_1,Not_Target
echi10305.t1,Not_Target,Myosin_5,Myosin_1
echi7519.t1,Not_Target,Not_Target,Not_Target
echi7520.t1,Not_Target,Myosin_5,Not_Target
echi7521.t1,Not_Target,Not_Target,Not_Target
echi7522.t1,Not_Target,Not_Target,Not_Target
echi12433.t1,Not_Target,Not_Target,Not_Target
echi12434.t1,Not_Target,Not_Target,Not_Target
echi12435.t1,Not_Target,Not_Target,Not_Target
echi14381.t1,Myosin_19,Myosin_19,Myosin_8
echi14382.t1,Not_Target,Not_Target,Not_Target
echi15212.t1,Not_Target,Myosin_18,Not_Target
echi15213.t1,Not_Target,Not_Target,Not_Target
echi2346.t1,Not_Target,Not_Target,Not_Target
echi4835.t1,Myosin_19,Not_Target,Myosin_1
echi4836.t1,Not_Target,Not_Target,Not_Target
echi4002.t1,Myosin_45,Myosin_45,Myosin_5
echi12735.t1,Myosin_29,Not_Target,Not_Target
echi4766.t1,Not_Target,Myosin_37,Not_Target
echi1645.t1,Not_Target,Not_Target,Not_Target
echi1646.t1,Not_Target,Not_Target,Not_Target
echi1647.t1,Not_Target,Not_Target,Not_Target
echi1648.t1,Not_Target,Not_Target,Not_Target
echi1649.t1,Not_Target,Not_Target,Not_Target
echi1640.t1,Not_Target,Not_Target,Not_Target
echi1641.t1,Not_Target,Not_Target,Not_Target
echi1642.t1,Not_Target,Not_Target,Not_Target
echi13292.t1,Not_Target,Myosin_18,Myosin_8
echi13293.t1,Not_Target,Not_Target,Not_Target
echi12570.t1,Myosin_34,Myosin_1,Myosin_11
echi12571.t1,Myosin_20,Myosin_1,Myosin_1
echi11228.t1,Not_Target,Myosin_23,Not_Target
echi11229.t1,Not_Target,Not_Target,Not_Target
echi11230.t1,Not_Target,Not_Target,Not_Target
echi11231.t1,Not_Target,Not_Target,Not_Target
echi5606.t1,Myosin_19,Not_Target,Not_Target
echi15904.t1,Not_Target,Not_Target,Not_Target
echi4701.t1,Not_Target,Not_Target,Not_Target
echi1526.t1,Not_Target,Not_Target,Not_Target
echi15883.t1,Myosin_31,Myosin_5,Not_Target
echi15884.t1,Not_Target,Not_Target,Not_Target
echi11037.t1,Not_Target,Not_Target,Not_Target
echi11038.t1,Not_Target,Not_Target,Not_Target
echi11039.t1,Not_Target,Not_Target,Not_Target
echi12074.t1,Myosin_45,Myosin_74,Not_Target
echi785.t1,Myosin_30,Not_Target,Myosin_14
echi786.t1,Not_Target,Not_Target,Myosin_3
echi787.t1,Not_Target,Not_Target,Not_Target
echi16324.t1,Not_Target,Not_Target,Not_Target
echi6638.t1,Myosin_45,Myosin_45,Not_Target
echi16964.t1,Not_Target,Not_Target,Not_Target
echi16965.t1,Not_Target,Not_Target,Not_Target
echi15516.t1,Myosin_27,Not_Target,Myosin_30
echi14398.t1,Myosin_81,Not_Target,Not_Target
echi14399.t1,Not_Target,Not_Target,Myosin_4
echi14400.t1,Not_Target,Not_Target,Not_Target
echi17270.t1,Not_Target,Not_Target,Not_Target
echi17271.t1,Not_Target,Not_Target,Not_Target
echi12211.t1,Not_Target,Not_Target,Myosin_20
echi6868.t1,Not_Target,Not_Target,Not_Target
echi6869.t1,Not_Target,Not_Target,Not_Target
echi6870.t1,Not_Target,Not_Target,Not_Target
echi9672.t1,Not_Target,Not_Target,Not_Target
echi10117.t1,Not_Target,Not_Target,Not_Target
echi10118.t1,Not_Target,Not_Target,Not_Target
echi10119.t1,Not_Target,Myosin_8,Myosin_23
echi10120.t1,Myosin_19,Not_Target,Not_Target
echi3101.t1,Not_Target,Not_Target,Not_Target
echi3102.t1,Not_Target,Not_Target,Not_Target
echi10058.t1,Not_Target,Myosin_8,Myosin_1
echi10059.t1,Not_Target,Myosin_19,Myosin_28
echi9291.t1,Not_Target,Not_Target,Myosin_27
echi11049.t1,Not_Target,Myosin_4,Not_Target
echi11050.t1,Not_Target,Myosin_5,Not_Target
echi3236.t1,Not_Target,Not_Target,Not_Target
echi3237.t1,Not_Target,Not_Target,Not_Target
echi3238.t1,Not_Target,Not_Target,Not_Target
echi17192.t1,Not_Target,Not_Target,Not_Target
echi8391.t1,Not_Target,Not_Target,Not_Target
echi3670.t1,Not_Target,Not_Target,Myosin_4
echi5848.t1,Myosin_23,Not_Target,Myosin_20
echi6835.t1,Myosin_57,Not_Target,Not_Target
echi6836.t1,Not_Target,Not_Target,Not_Target
echi408.t1,Not_Target,Not_Target,Not_Target
echi15284.t1,Not_Target,Not_Target,Not_Target
echi15285.t1,Not_Target,Not_Target,Not_Target
echi15577.t1,Not_Target,Not_Target,Not_Target
echi15578.t1,Not_Target,Not_Target,Not_Target
echi1595.t1,Not_Target,Not_Target,Not_Target
echi13422.t1,Not_Target,Myosin_5,Not_Target
echi512.t1,Myosin_30,Myosin_30,Not_Target
echi9993.t1,Not_Target,Myosin_27,Not_Target
echi9994.t1,Not_Target,Not_Target,Not_Target
echi14931.t1,Myosin_15,Not_Target,Myosin_8
echi17558.t1,Not_Target,Not_Target,Not_Target
echi17559.t1,Myosin_74,Myosin_74,Not_Target
echi11867.t1,Not_Target,Not_Target,Not_Target
echi11868.t1,Myosin_30,Not_Target,Myosin_1
echi2717.t1,Not_Target,Not_Target,Myosin_24
echi2718.t1,Not_Target,Not_Target,Myosin_2
echi2719.t1,Myosin_26,Not_Target,Not_Target
echi3685.t1,Not_Target,Not_Target,Myosin_20
echi3686.t1,Myosin_5,Myosin_5,Not_Target
echi13679.t1,Not_Target,Not_Target,Not_Target
echi14853.t1,Not_Target,Not_Target,Myosin_1
echi14854.t1,Myosin_6,Myosin_1,Myosin_16
echi14873.t1,Not_Target,Not_Target,Not_Target
echi13928.t1,Myosin_19,Not_Target,Myosin_53
echi15177.t1,Not_Target,Not_Target,Not_Target
echi6460.t1,Myosin_17,Not_Target,Not_Target
echi425.t1,Not_Target,Not_Target,Not_Target
echi7824.t1,Not_Target,Not_Target,Not_Target
echi7825.t1,Myosin_31,Not_Target,Not_Target
echi7826.t1,Not_Target,Not_Target,Myosin_19
echi16066.t1,Not_Target,Not_Target,Not_Target
echi16067.t1,Not_Target,Not_Target,Not_Target
echi13347.t1,Not_Target,Not_Target,Myosin_24
echi8602.t1,Not_Target,Myosin_19,Not_Target
echi6639.t1,Myosin_51,Myosin_1,Not_Target
echi6640.t1,Not_Target,Not_Target,Not_Target
echi6641.t1,Not_Target,Myosin_8,Not_Target
echi11351.t1,Not_Target,Myosin_5,Not_Target
echi13399.t1,Not_Target,Myosin_18,Not_Target
echi16664.t1,Not_Target,Not_Target,Not_Target
echi13299.t1,Not_Target,Not_Target,Myosin_20
echi13300.t1,Not_Target,Not_Target,Myosin_1
echi4572.t1,Not_Target,Not_Target,Not_Target
echi4573.t1,Not_Target,Myosin_19,Not_Target
echi9367.t1,Not_Target,Not_Target,Not_Target
echi8880.t1,Not_Target,Not_Target,Not_Target
echi8881.t1,Not_Target,Not_Target,Myosin_1
echi8882.t1,Not_Target,Not_Target,Not_Target
echi2357.t1,Not_Target,Not_Target,Not_Target
echi2358.t1,Not_Target,Myosin_17,Not_Target
echi18252.t1,Not_Target,Not_Target,Not_Target
echi9245.t1,Not_Target,Not_Target,Not_Target
echi9246.t1,Not_Target,Not_Target,Not_Target
echi3095.t1,Not_Target,Not_Target,Myosin_1
echi116.t1,Myosin_1,Myosin_1,Not_Target
echi117.t1,Not_Target,Not_Target,Not_Target
echi18358.t1,Myosin_5,Myosin_5,Not_Target
echi13724.t1,Not_Target,Not_Target,Not_Target
echi16340.t1,Not_Target,Not_Target,Myosin_36
echi15439.t1,Not_Target,Not_Target,Not_Target
echi12607.t1,Myosin_31,Not_Target,Not_Target
echi12608.t1,Myosin_18,Myosin_18,Not_Target
echi14205.t1,Not_Target,Not_Target,Not_Target
echi14206.t1,Not_Target,Not_Target,Not_Target
echi5010.t1,Myosin_32,Not_Target,Myosin_3
echi14527.t1,Not_Target,Not_Target,Not_Target
echi14528.t1,Not_Target,Myosin_43,Not_Target
echi14836.t1,Myosin_51,Myosin_19,Myosin_3
echi6611.t1,Not_Target,Not_Target,Not_Target
echi2256.t1,Not_Target,Myosin_26,Myosin_45
echi2257.t1,Not_Target,Myosin_8,Not_Target
echi9544.t1,Not_Target,Not_Target,Not_Target
echi9545.t1,Not_Target,Not_Target,Not_Target
echi9546.t1,Not_Target,Myosin_6,Not_Target
echi284.t1,Myosin_2,Myosin_2,Myosin_2
echi5327.t1,Not_Target,Not_Target,Not_Target
echi5328.t1,Not_Target,Not_Target,Not_Target
echi5329.t1,Not_Target,Not_Target,Not_Target
echi5330.t1,Not_Target,Not_Target,Not_Target
echi5308.t1,Not_Target,Not_Target,Myosin_3
echi382.t1,Not_Target,Not_Target,Not_Target
echi2244.t1,Not_Target,Not_Target,Not_Target
echi16950.t1,Not_Target,Not_Target,Myosin_1
echi16951.t1,Not_Target,Not_Target,Not_Target
echi1116.t1,Not_Target,Not_Target,Myosin_81
echi282.t1,Myosin_1,Myosin_1,Myosin_1
echi283.t1,Not_Target,Not_Target,Not_Target
echi430.t1,Not_Target,Not_Target,Not_Target
echi2246.t1,Not_Target,Not_Target,Myosin_31
echi13424.t1,Not_Target,Not_Target,Not_Target
echi13425.t1,Not_Target,Not_Target,Not_Target
echi3650.t1,Not_Target,Not_Target,Not_Target
echi6209.t1,Myosin_31,Not_Target,Not_Target
echi6210.t1,Not_Target,Not_Target,Myosin_33
echi6211.t1,Myosin_19,Myosin_19,Not_Target
echi8947.t1,Not_Target,Not_Target,Not_Target
echi8948.t1,Not_Target,Not_Target,Not_Target
echi8949.t1,Not_Target,Not_Target,Not_Target
echi5531.t1,Not_Target,Not_Target,Not_Target
echi5532.t1,Not_Target,Not_Target,Not_Target
echi6217.t1,Not_Target,Myosin_1,Not_Target
echi2355.t1,Myosin_77,Myosin_2,Myosin_5
echi2356.t1,Myosin_18,Not_Target,Not_Target
echi14108.t1,Not_Target,Not_Target,Not_Target
echi5021.t1,Not_Target,Not_Target,Not_Target
echi5022.t1,Not_Target,Not_Target,Not_Target
echi1519.t1,Not_Target,Not_Target,Myosin_55
echi1520.t1,Not_Target,Not_Target,Myosin_8
echi1521.t1,Myosin_18,Not_Target,Not_Target
echi3155.t1,Myosin_31,Not_Target,Myosin_11
echi3156.t1,Not_Target,Not_Target,Not_Target
echi6946.t1,Not_Target,Not_Target,Not_Target
echi4229.t1,Not_Target,Not_Target,Myosin_25
echi4230.t1,Not_Target,Myosin_1,Myosin_57
echi2188.t1,Not_Target,Not_Target,Not_Target
echi7132.t1,Myosin_22,Not_Target,Myosin_36
echi17230.t1,Not_Target,Not_Target,Not_Target
echi2330.t1,Not_Target,Not_Target,Myosin_1
echi2331.t1,Not_Target,Not_Target,Not_Target
echi6388.t1,Not_Target,Not_Target,Not_Target
echi6389.t1,Myosin_57,Myosin_51,Not_Target
echi2138.t1,Not_Target,Myosin_1,Not_Target
echi14476.t1,Not_Target,Not_Target,Not_Target
echi14477.t1,Not_Target,Not_Target,Not_Target
echi14478.t1,Not_Target,Myosin_19,Not_Target
echi13476.t1,Not_Target,Not_Target,Myosin_5
echi11503.t1,Not_Target,Not_Target,Myosin_4
echi11520.t1,Not_Target,Not_Target,Not_Target
echi1350.t1,Not_Target,Not_Target,Not_Target
echi1351.t1,Myosin_9,Not_Target,Not_Target
echi18103.t1,Not_Target,Not_Target,Not_Target
echi18104.t1,Not_Target,Not_Target,Not_Target
echi8984.t1,Not_Target,Not_Target,Not_Target
echi15168.t1,Myosin_45,Not_Target,Not_Target
echi8673.t1,Not_Target,Not_Target,Not_Target
echi8674.t1,Myosin_45,Myosin_18,Not_Target
echi4287.t1,Myosin_30,Not_Target,Not_Target
echi14874.t1,Not_Target,Not_Target,Not_Target
echi14875.t1,Not_Target,Myosin_8,Not_Target
echi16205.t1,Not_Target,Not_Target,Not_Target
echi16206.t1,Myosin_45,Not_Target,Not_Target
echi16207.t1,Myosin_45,Not_Target,Not_Target
echi12118.t1,Not_Target,Not_Target,Myosin_20
echi12119.t1,Myosin_45,Myosin_18,Not_Target
echi7410.t1,Not_Target,Not_Target,Not_Target
echi7411.t1,Not_Target,Myosin_19,Not_Target
echi14388.t1,Not_Target,Not_Target,Not_Target
echi1145.t1,Not_Target,Not_Target,Not_Target
echi15395.t1,Not_Target,Myosin_1,Not_Target
echi5581.t1,Not_Target,Myosin_26,Not_Target
echi14401.t1,Myosin_30,Myosin_3,Myosin_3
echi2963.t1,Not_Target,Not_Target,Myosin_22
echi11212.t1,Not_Target,Not_Target,Not_Target
echi14042.t1,Not_Target,Myosin_15,Not_Target
echi18353.t1,Not_Target,Myosin_19,Not_Target
echi13561.t1,Not_Target,Myosin_19,Not_Target
echi13562.t1,Myosin_1,Myosin_1,Myosin_1
echi1650.t1,Not_Target,Not_Target,Not_Target
echi1651.t1,Not_Target,Myosin_11,Myosin_2
echi18439.t1,Not_Target,Not_Target,Not_Target
echi8604.t1,Not_Target,Not_Target,Not_Target
echi2999.t1,Myosin_8,Not_Target,Not_Target
echi3000.t1,Not_Target,Not_Target,Not_Target
echi3001.t1,Not_Target,Not_Target,Not_Target
echi15276.t1,Not_Target,Myosin_11,Not_Target
echi9334.t1,Not_Target,Myosin_19,Not_Target
echi9335.t1,Not_Target,Not_Target,Not_Target
echi9336.t1,Not_Target,Not_Target,Not_Target
echi628.t1,Not_Target,Not_Target,Not_Target
echi629.t1,Not_Target,Not_Target,Not_Target
echi8412.t1,Not_Target,Not_Target,Not_Target
echi3666.t1,Not_Target,Myosin_1,Not_Target
echi12960.t1,Not_Target,Not_Target,Not_Target
echi13033.t1,Myosin_5,Myosin_5,Not_Target
echi13034.t1,Myosin_19,Myosin_13,Myosin_15
echi14955.t1,Not_Target,Not_Target,Not_Target
echi2374.t1,Not_Target,Not_Target,Not_Target
echi2375.t1,Not_Target,Not_Target,Not_Target
echi13224.t1,Not_Target,Not_Target,Not_Target
echi4274.t1,Not_Target,Myosin_57,Not_Target
echi4275.t1,Not_Target,Not_Target,Not_Target
echi4276.t1,Not_Target,Not_Target,Not_Target
echi18135.t1,Myosin_57,Myosin_57,Myosin_51
echi18136.t1,Myosin_3,Myosin_3,Myosin_2
echi585.t1,Myosin_18,Myosin_18,Not_Target
echi8583.t1,Not_Target,Not_Target,Myosin_4
echi8584.t1,Myosin_3,Myosin_7,Myosin_1
echi16997.t1,Not_Target,Not_Target,Not_Target
echi16641.t1,Myosin_1,Not_Target,Not_Target
echi9564.t1,Not_Target,Not_Target,Myosin_8
echi12104.t1,Not_Target,Not_Target,Not_Target
echi7764.t1,Myosin_3,Not_Target,Myosin_3
echi7565.t1,Myosin_19,Myosin_19,Not_Target
echi7566.t1,Not_Target,Not_Target,Myosin_2
echi7567.t1,Not_Target,Not_Target,Not_Target
echi9257.t1,Myosin_18,Myosin_73,Myosin_11
echi9258.t1,Not_Target,Myosin_5,Not_Target
echi10015.t1,Myosin_55,Myosin_18,Myosin_8
echi12029.t1,Not_Target,Not_Target,Myosin_19
echi13897.t1,Myosin_37,Not_Target,Myosin_5
echi6834.t1,Not_Target,Not_Target,Not_Target
echi5141.t1,Not_Target,Not_Target,Not_Target
echi14438.t1,Not_Target,Not_Target,Not_Target
echi14439.t1,Not_Target,Not_Target,Myosin_19
echi3234.t1,Myosin_57,Myosin_5,Not_Target
echi15196.t1,Myosin_6,Not_Target,Myosin_1
echi11995.t1,Not_Target,Not_Target,Not_Target
echi5603.t1,Myosin_45,Not_Target,Not_Target
echi4975.t1,Not_Target,Not_Target,Myosin_4
echi4976.t1,Not_Target,Not_Target,Not_Target
echi4004.t1,Not_Target,Not_Target,Not_Target
echi7466.t1,Not_Target,Not_Target,Not_Target
echi12191.t1,Not_Target,Not_Target,Not_Target
echi2385.t1,Not_Target,Not_Target,Not_Target
echi10530.t1,Not_Target,Not_Target,Not_Target
echi12254.t1,Myosin_26,Myosin_74,Not_Target
echi4003.t1,Not_Target,Not_Target,Not_Target
echi10995.t1,Not_Target,Not_Target,Not_Target
echi917.t1,Myosin_18,Not_Target,Myosin_3
echi1219.t1,Not_Target,Myosin_15,Not_Target
echi12369.t1,Myosin_1,Myosin_6,Not_Target
echi12370.t1,Not_Target,Not_Target,Not_Target
echi11421.t1,Myosin_19,Myosin_6,Myosin_19
echi15945.t1,Not_Target,Not_Target,Myosin_20
echi14286.t1,Not_Target,Myosin_47,Not_Target
echi14287.t1,Not_Target,Myosin_11,Not_Target
echi8793.t1,Not_Target,Not_Target,Not_Target
echi10938.t1,Not_Target,Myosin_16,Myosin_1
echi2964.t1,Not_Target,Not_Target,Not_Target
echi11462.t1,Not_Target,Not_Target,Not_Target
echi11463.t1,Not_Target,Not_Target,Not_Target
echi13757.t1,Not_Target,Not_Target,Not_Target
echi9222.t1,Myosin_1,Actin,Myosin_24
echi5115.t1,Not_Target,Not_Target,Not_Target
echi5116.t1,Not_Target,Myosin_6,Not_Target
echi16594.t1,Not_Target,Myosin_5,Myosin_73
echi2321.t1,Not_Target,Myosin_1,Myosin_1
echi10323.t1,Not_Target,Not_Target,Not_Target
echi11420.t1,Not_Target,Not_Target,Not_Target
echi4052.t1,Myosin_17,Not_Target,Myosin_51
echi5849.t1,Not_Target,Not_Target,Not_Target
echi1694.t1,Not_Target,Myosin_5,Not_Target
echi1695.t1,Myosin_17,Not_Target,Myosin_8
echi11284.t1,Not_Target,Not_Target,Not_Target
echi14788.t1,Not_Target,Not_Target,Not_Target
echi8767.t1,Not_Target,Not_Target,Myosin_2
echi6494.t1,Not_Target,Not_Target,Myosin_8
echi10855.t1,Not_Target,Not_Target,Not_Target
echi10856.t1,Myosin_2,Not_Target,Myosin_2
echi2239.t1,Not_Target,Not_Target,Not_Target
echi3403.t1,Not_Target,Myosin_19,Not_Target
echi2459.t1,Not_Target,Not_Target,Not_Target
echi2460.t1,Not_Target,Not_Target,Not_Target
echi12609.t1,Not_Target,Myosin_51,Not_Target
echi12610.t1,Not_Target,Myosin_10,Not_Target
echi2716.t1,Not_Target,Not_Target,Not_Target
echi10871.t1,Not_Target,Myosin_1,Not_Target
echi10872.t1,Not_Target,Not_Target,Not_Target
echi14938.t1,Not_Target,Not_Target,Not_Target
echi12313.t1,Not_Target,Myosin_8,Not_Target
echi12314.t1,Not_Target,Not_Target,Not_Target
echi2340.t1,Not_Target,Not_Target,Not_Target
echi7359.t1,Not_Target,Not_Target,Not_Target
echi7360.t1,Not_Target,Not_Target,Not_Target
echi2875.t1,Not_Target,Not_Target,Myosin_57
echi772.t1,Not_Target,Not_Target,Not_Target
echi10950.t1,Myosin_1,Not_Target,Not_Target
echi1644.t1,Not_Target,Not_Target,Not_Target
echi11214.t1,Not_Target,Not_Target,Not_Target
echi8640.t1,Not_Target,Myosin_8,Not_Target
echi5882.t1,Not_Target,Not_Target,Not_Target
echi5883.t1,Not_Target,Not_Target,Myosin_19
echi7547.t1,Not_Target,Not_Target,Not_Target
echi7548.t1,Not_Target,Not_Target,Not_Target
echi6456.t1,Not_Target,Not_Target,Not_Target
echi13727.t1,Myosin_53,Not_Target,Not_Target
echi9484.t1,Myosin_18,Myosin_11,Not_Target
echi16696.t1,Not_Target,Myosin_8,Myosin_11
echi12243.t1,Myosin_2,Myosin_2,Not_Target
echi12244.t1,Not_Target,Myosin_2,Not_Target
echi13228.t1,Not_Target,Myosin_1,Not_Target
echi13229.t1,Not_Target,Not_Target,Not_Target
echi13230.t1,Not_Target,Not_Target,Not_Target
echi16593.t1,Not_Target,Not_Target,Not_Target
echi8874.t1,Not_Target,Not_Target,Not_Target
echi8875.t1,Not_Target,Not_Target,Not_Target
echi12675.t1,Not_Target,Not_Target,Myosin_20
echi16927.t1,Not_Target,Myosin_19,Myosin_6
echi8146.t1,Not_Target,Not_Target,Not_Target
echi8147.t1,Not_Target,Myosin_2,Not_Target
echi8148.t1,Myosin_2,Myosin_2,Not_Target
echi8149.t1,Not_Target,Not_Target,Not_Target
echi12152.t1,Not_Target,Not_Target,Not_Target
echi17021.t1,Not_Target,Not_Target,Not_Target
echi12111.t1,Myosin_23,Myosin_7,Not_Target
echi16446.t1,Not_Target,Myosin_1,Not_Target
echi14936.t1,Not_Target,Not_Target,Not_Target
echi9220.t1,Not_Target,Not_Target,Not_Target
echi8080.t1,Not_Target,Not_Target,Not_Target
echi9137.t1,Not_Target,Not_Target,Not_Target
echi9138.t1,Not_Target,Not_Target,Not_Target
echi14084.t1,Not_Target,Not_Target,Not_Target
echi14085.t1,Myosin_1,Myosin_1,Not_Target
echi4831.t1,Myosin_51,Not_Target,Not_Target
echi473.t1,Not_Target,Not_Target,Not_Target
echi474.t1,Not_Target,Not_Target,Not_Target
echi1163.t1,Not_Target,Not_Target,Myosin_4
echi9633.t1,Not_Target,Not_Target,Not_Target
echi9634.t1,Not_Target,Myosin_15,Not_Target
echi11869.t1,Myosin_18,Myosin_18,Not_Target
echi11870.t1,Not_Target,Not_Target,Not_Target
echi14909.t1,Not_Target,Myosin_1,Myosin_1
echi10060.t1,Not_Target,Not_Target,Not_Target
echi10061.t1,Not_Target,Not_Target,Not_Target
echi6204.t1,Not_Target,Not_Target,Myosin_1
echi3254.t1,Not_Target,Not_Target,Not_Target
echi11597.t1,Not_Target,Not_Target,Not_Target
echi5221.t1,Not_Target,Not_Target,Not_Target
echi5222.t1,Not_Target,Not_Target,Not_Target
echi1265.t1,Not_Target,Not_Target,Myosin_1
echi1527.t1,Not_Target,Not_Target,Not_Target
echi7975.t1,Not_Target,Not_Target,Not_Target
echi1294.t1,Not_Target,Not_Target,Not_Target
echi10613.t1,Myosin_19,Myosin_8,Myosin_73
echi8565.t1,Not_Target,Not_Target,Not_Target
echi14937.t1,Not_Target,Not_Target,Not_Target
echi12550.t1,Not_Target,Not_Target,Not_Target
echi12551.t1,Myosin_19,Not_Target,Myosin_1
echi3541.t1,Not_Target,Not_Target,Not_Target
echi2720.t1,Not_Target,Not_Target,Not_Target
echi3157.t1,Not_Target,Not_Target,Not_Target
echi11518.t1,Not_Target,Not_Target,Not_Target
echi11140.t1,Not_Target,Not_Target,Not_Target
echi11141.t1,Not_Target,Myosin_4,Not_Target
echi6252.t1,Not_Target,Not_Target,Not_Target
echi13986.t1,Not_Target,Not_Target,Not_Target
echi8415.t1,Not_Target,Myosin_2,Not_Target
echi8416.t1,Not_Target,Not_Target,Not_Target
echi6799.t1,Not_Target,Not_Target,Not_Target
echi9926.t1,Not_Target,Not_Target,Not_Target
echi9927.t1,Not_Target,Not_Target,Not_Target
echi9928.t1,Not_Target,Not_Target,Not_Target
echi8951.t1,Not_Target,Not_Target,Not_Target
echi5064.t1,Myosin_71,Myosin_29,Not_Target
echi5065.t1,Not_Target,Not_Target,Not_Target
echi5066.t1,Not_Target,Not_Target,Not_Target
echi8050.t1,Not_Target,Not_Target,Not_Target
echi8273.t1,Myosin_73,Myosin_2,Myosin_8
echi6364.t1,Not_Target,Not_Target,Not_Target
echi6365.t1,Not_Target,Not_Target,Not_Target
echi6366.t1,Not_Target,Not_Target,Not_Target
echi6367.t1,Myosin_2,Not_Target,Not_Target
echi11220.t1,Not_Target,Not_Target,Not_Target
echi11221.t1,Not_Target,Not_Target,Not_Target
echi6832.t1,Not_Target,Not_Target,Not_Target
echi11055.t1,Myosin_18,Myosin_1,Myosin_5
echi2140.t1,Not_Target,Not_Target,Not_Target
echi4184.t1,Not_Target,Not_Target,Not_Target
echi4185.t1,Not_Target,Myosin_51,Myosin_11
echi2389.t1,Not_Target,Myosin_5,Myosin_57
echi8197.t1,Not_Target,Not_Target,Not_Target
echi5602.t1,Not_Target,Not_Target,Not_Target
echi16286.t1,Not_Target,Myosin_57,Myosin_2
echi16287.t1,Not_Target,Myosin_1,Not_Target
echi9021.t1,Not_Target,Not_Target,Not_Target
echi9022.t1,Myosin_8,Not_Target,Not_Target
echi7711.t1,Not_Target,Not_Target,Not_Target
echi14249.t1,Not_Target,Not_Target,Not_Target
echi14250.t1,Not_Target,Not_Target,Not_Target
echi11051.t1,Not_Target,Not_Target,Not_Target
echi11052.t1,Not_Target,Myosin_2,Not_Target
echi9875.t1,Not_Target,Not_Target,Not_Target
echi9876.t1,Not_Target,Not_Target,Not_Target
echi759.t1,Not_Target,Not_Target,Not_Target
echi12092.t1,Not_Target,Not_Target,Not_Target
echi12093.t1,Not_Target,Not_Target,Not_Target
echi15970.t1,Myosin_6,Not_Target,Not_Target
echi3479.t1,Not_Target,Not_Target,Myosin_30
echi10443.t1,Myosin_2,Not_Target,Not_Target
echi10444.t1,Not_Target,Not_Target,Not_Target
echi1925.t1,Not_Target,Not_Target,Not_Target
echi8343.t1,Not_Target,Not_Target,Not_Target
echi14202.t1,Not_Target,Not_Target,Not_Target
echi14203.t1,Not_Target,Not_Target,Not_Target
echi717.t1,Not_Target,Not_Target,Not_Target
echi718.t1,Not_Target,Not_Target,Not_Target
echi18371.t1,Not_Target,Not_Target,Not_Target
echi9836.t1,Not_Target,Not_Target,Not_Target
echi9837.t1,Not_Target,Not_Target,Not_Target
echi6867.t1,Not_Target,Not_Target,Not_Target
echi17620.t1,Not_Target,Myosin_55,Not_Target
echi7388.t1,Myosin_37,Not_Target,Not_Target
echi5367.t1,Myosin_17,Not_Target,Not_Target
echi5368.t1,Not_Target,Not_Target,Not_Target
echi1535.t1,Myosin_45,Myosin_40,Myosin_11
echi11521.t1,Not_Target,Not_Target,Not_Target
echi13005.t1,Not_Target,Not_Target,Not_Target
echi13006.t1,Not_Target,Myosin_8,Not_Target
echi471.t1,Myosin_3,Not_Target,Myosin_2
echi6464.t1,Not_Target,Not_Target,Not_Target
echi10815.t1,Not_Target,Not_Target,Not_Target
echi14847.t1,Not_Target,Myosin_19,Myosin_20
echi6851.t1,Not_Target,Not_Target,Not_Target
echi7405.t1,Not_Target,Not_Target,Not_Target
echi7901.t1,Myosin_71,Myosin_23,Not_Target
echi7902.t1,Myosin_71,Myosin_23,Not_Target
echi2417.t1,Myosin_19,Myosin_19,Myosin_11
echi2418.t1,Not_Target,Myosin_8,Myosin_11
echi7143.t1,Not_Target,Not_Target,Not_Target
echi7144.t1,Not_Target,Not_Target,Not_Target
echi5372.t1,Myosin_6,Myosin_6,Myosin_1
echi5135.t1,Myosin_23,Not_Target,Not_Target
echi8863.t1,Not_Target,Not_Target,Not_Target
echi7179.t1,Not_Target,Myosin_22,Myosin_1
echi16191.t1,Not_Target,Not_Target,Not_Target
echi14474.t1,Not_Target,Not_Target,Not_Target
echi14475.t1,Not_Target,Not_Target,Not_Target
echi758.t1,Not_Target,Not_Target,Not_Target
echi13453.t1,Not_Target,Not_Target,Not_Target
echi1815.t1,Not_Target,Not_Target,Myosin_3
echi6362.t1,Not_Target,Not_Target,Not_Target
echi6363.t1,Not_Target,Not_Target,Not_Target
echi8883.t1,Not_Target,Not_Target,Not_Target
echi7753.t1,Not_Target,Not_Target,Myosin_14
echi719.t1,Not_Target,Not_Target,Not_Target
echi10322.t1,Not_Target,Myosin_19,Not_Target
echi15053.t1,Not_Target,Not_Target,Not_Target
echi15054.t1,Not_Target,Not_Target,Not_Target
echi1261.t1,Myosin_18,Myosin_19,Myosin_24
echi14949.t1,Not_Target,Not_Target,Not_Target
echi7185.t1,Not_Target,Not_Target,Myosin_1
echi8686.t1,Not_Target,Not_Target,Not_Target
echi16883.t1,Not_Target,Not_Target,Not_Target
echi7479.t1,Not_Target,Myosin_16,Not_Target
echi11927.t1,Not_Target,Not_Target,Not_Target
echi17561.t1,Not_Target,Not_Target,Not_Target
echi11048.t1,Not_Target,Not_Target,Not_Target
echi11067.t1,Not_Target,Myosin_26,Not_Target
echi11285.t1,Not_Target,Not_Target,Not_Target
echi15218.t1,Not_Target,Not_Target,Not_Target
echi15219.t1,Not_Target,Not_Target,Not_Target
echi18134.t1,Not_Target,Not_Target,Not_Target
echi16352.t1,Not_Target,Myosin_5,Not_Target
echi16864.t1,Not_Target,Not_Target,Not_Target
echi2076.t1,Not_Target,Not_Target,Not_Target
echi11409.t1,Not_Target,Not_Target,Not_Target
echi18137.t1,Myosin_6,Not_Target,Myosin_2
echi9870.t1,Not_Target,Not_Target,Myosin_6
echi14378.t1,Not_Target,Myosin_5,Not_Target
echi5370.t1,Not_Target,Not_Target,Not_Target
echi2066.t1,Not_Target,Myosin_2,Not_Target
echi8945.t1,Not_Target,Not_Target,Not_Target
echi8946.t1,Not_Target,Not_Target,Not_Target
echi5604.t1,Not_Target,Not_Target,Not_Target
echi12373.t1,Not_Target,Not_Target,Not_Target
echi7139.t1,Not_Target,Not_Target,Not_Target
echi735.t1,Not_Target,Not_Target,Not_Target
echi17604.t1,Not_Target,Not_Target,Not_Target
echi919.t1,Not_Target,Not_Target,Myosin_8
echi12549.t1,Not_Target,Not_Target,Myosin_8
echi11630.t1,Not_Target,Not_Target,Not_Target
echi7666.t1,Not_Target,Not_Target,Not_Target
echi18081.t1,Not_Target,Not_Target,Not_Target
echi1178.t1,Not_Target,Not_Target,Not_Target
echi8144.t1,Not_Target,Not_Target,Not_Target
echi1913.t1,Not_Target,Not_Target,Not_Target
echi11213.t1,Not_Target,Not_Target,Not_Target
echi15817.t1,Not_Target,Not_Target,Not_Target
echi3543.t1,Not_Target,Not_Target,Not_Target
echi17654.t1,Not_Target,Not_Target,Not_Target
echi8639.t1,Not_Target,Not_Target,Not_Target
echi18426.t1,Myosin_18,Not_Target,Not_Target
echi18427.t1,Myosin_24,Myosin_18,Not_Target
echi8145.t1,Not_Target,Not_Target,Not_Target
echi952.t1,Not_Target,Not_Target,Myosin_81
echi8081.t1,Not_Target,Not_Target,Not_Target
echi8710.t1,Not_Target,Not_Target,Myosin_2
echi6955.t1,Not_Target,Not_Target,Not_Target
echi2113.t1,Not_Target,Myosin_17,Not_Target
echi7022.t1,Not_Target,Not_Target,Not_Target
echi8893.t1,Not_Target,Not_Target,Not_Target
echi17191.t1,Not_Target,Not_Target,Not_Target
echi12611.t1,Not_Target,Not_Target,Not_Target
echi14919.t1,Myosin_6,Not_Target,Myosin_2
echi11837.t1,Not_Target,Myosin_8,Myosin_19
echi14302.t1,Not_Target,Not_Target,Not_Target
echi2085.t1,Not_Target,Not_Target,Not_Target
echi6024.t1,Not_Target,Myosin_11,Not_Target
echi11987.t1,Not_Target,Not_Target,Not_Target
echi14424.t1,Not_Target,Not_Target,Not_Target
echi4542.t1,Not_Target,Not_Target,Not_Target
echi12485.t1,Not_Target,Not_Target,Not_Target
echi3471.t1,Not_Target,Not_Target,Not_Target
echi11430.t1,Not_Target,Not_Target,Not_Target
echi13539.t1,Not_Target,Myosin_5,Not_Target
echi16980.t1,Not_Target,Not_Target,Myosin_57
echi13758.t1,Not_Target,Not_Target,Not_Target
echi3298.t1,Myosin_5,Myosin_5,Myosin_51
echi4186.t1,Myosin_18,Myosin_64,Not_Target
echi16484.t1,Not_Target,Not_Target,Not_Target
echi6429.t1,Not_Target,Not_Target,Not_Target
echi2344.t1,Not_Target,Not_Target,Not_Target
echi15234.t1,Myosin_45,Not_Target,Myosin_5
echi14387.t1,Not_Target,Not_Target,Not_Target
echi2087.t1,Not_Target,Not_Target,Not_Target
echi6681.t1,Not_Target,Not_Target,Not_Target
echi4438.t1,Myosin_18,Not_Target,Myosin_8
echi6055.t1,Not_Target,Not_Target,Not_Target
echi12992.t1,Not_Target,Not_Target,Not_Target
echi12993.t1,Not_Target,Not_Target,Not_Target
echi10655.t1,Not_Target,Not_Target,Not_Target
echi13430.t1,Not_Target,Not_Target,Not_Target
echi13431.t1,Not_Target,Not_Target,Not_Target
echi4102.t1,Not_Target,Myosin_17,Not_Target
echi2305.t1,Not_Target,Not_Target,Not_Target
echi5180.t1,Myosin_57,Myosin_57,Myosin_8
echi4647.t1,Not_Target,Not_Target,Not_Target
echi17911.t1,Not_Target,Not_Target,Myosin_73
echi18270.t1,Not_Target,Not_Target,Not_Target
echi2159.t1,Not_Target,Not_Target,Not_Target
echi7540.t1,Not_Target,Myosin_8,Myosin_11
echi12031.t1,Not_Target,Myosin_11,Not_Target
echi2158.t1,Not_Target,Myosin_17,Not_Target
echi4977.t1,Myosin_57,Not_Target,Not_Target
echi8414.t1,Myosin_31,Myosin_5,Not_Target
echi13354.t1,Not_Target,Not_Target,Not_Target
echi11502.t1,Not_Target,Not_Target,Not_Target
echi9427.t1,Not_Target,Not_Target,Not_Target
echi9428.t1,Not_Target,Not_Target,Not_Target
echi13931.t1,Not_Target,Not_Target,Not_Target
echi15465.t1,Not_Target,Not_Target,Not_Target
echi14834.t1,Not_Target,Myosin_15,Not_Target
echi17597.t1,Not_Target,Not_Target,Not_Target
echi13040.t1,Not_Target,Not_Target,Not_Target
echi9591.t1,Not_Target,Not_Target,Not_Target
echi1346.t1,Myosin_45,Not_Target,Myosin_3
echi9259.t1,Myosin_17,Myosin_1,Not_Target
echi16068.t1,Not_Target,Not_Target,Not_Target
echi13077.t1,Not_Target,Not_Target,Myosin_26
echi7184.t1,Not_Target,Not_Target,Not_Target
echi11093.t1,Not_Target,Not_Target,Not_Target
echi2547.t1,Myosin_27,Myosin_1,Not_Target
echi406.t1,Not_Target,Not_Target,Not_Target
echi17071.t1,Not_Target,Not_Target,Not_Target
echi2338.t1,Not_Target,Not_Target,Not_Target
echi8357.t1,Myosin_18,Myosin_18,Not_Target
echi10555.t1,Not_Target,Not_Target,Not_Target
echi3542.t1,Not_Target,Not_Target,Not_Target
echi10296.t1,Not_Target,Not_Target,Myosin_73
echi10297.t1,Myosin_2,Not_Target,Not_Target
echi11207.t1,Not_Target,Not_Target,Not_Target
echi255.t1,Not_Target,Myosin_5,Not_Target
echi9555.t1,Not_Target,Not_Target,Not_Target
echi13865.t1,Not_Target,Myosin_19,Not_Target
echi9852.t1,Not_Target,Not_Target,Not_Target
echi18102.t1,Not_Target,Myosin_18,Not_Target
echi16588.t1,Not_Target,Not_Target,Myosin_24
echi12820.t1,Not_Target,Myosin_18,Not_Target
echi14835.t1,Not_Target,Not_Target,Not_Target
echi9835.t1,Not_Target,Not_Target,Not_Target
echi13482.t1,Myosin_1,Myosin_1,Not_Target
echi4486.t1,Myosin_1,Myosin_1,Not_Target
echi4487.t1,Not_Target,Not_Target,Not_Target
echi584.t1,Not_Target,Not_Target,Not_Target
echi4155.t1,Not_Target,Myosin_55,Not_Target
echi1524.t1,Not_Target,Myosin_18,Not_Target
echi1525.t1,Not_Target,Not_Target,Not_Target
echi9333.t1,Not_Target,Not_Target,Not_Target
echi4872.t1,Myosin_57,Myosin_38,Not_Target
echi4873.t1,Not_Target,Myosin_5,Not_Target
echi1911.t1,Not_Target,Not_Target,Not_Target
echi939.t1,Not_Target,Not_Target,Not_Target
echi13837.t1,Myosin_73,Not_Target,Not_Target
echi1812.t1,Myosin_26,Myosin_51,Myosin_30
echi11472.t1,Myosin_19,Myosin_5,Not_Target
echi13932.t1,Not_Target,Not_Target,Not_Target
echi7763.t1,Not_Target,Not_Target,Not_Target
echi9629.t1,Not_Target,Myosin_8,Not_Target
echi14918.t1,Not_Target,Myosin_19,Not_Target
echi17190.t1,Not_Target,Not_Target,Not_Target
echi5369.t1,Not_Target,Myosin_1,Not_Target
echi12213.t1,Not_Target,Not_Target,Not_Target
echi13325.t1,Not_Target,Not_Target,Myosin_23
echi513.t1,Not_Target,Not_Target,Not_Target
echi514.t1,Not_Target,Not_Target,Not_Target
echi13457.t1,Not_Target,Not_Target,Not_Target
echi10556.t1,Not_Target,Not_Target,Not_Target
echi9760.t1,Not_Target,Not_Target,Not_Target
echi1262.t1,Not_Target,Not_Target,Not_Target
echi7473.t1,Not_Target,Not_Target,Not_Target
echi633.t1,Not_Target,Not_Target,Not_Target
echi11142.t1,Not_Target,Myosin_8,Not_Target
echi6314.t1,Not_Target,Not_Target,Not_Target
echi13907.t1,Not_Target,Not_Target,Not_Target
echi720.t1,Not_Target,Not_Target,Not_Target
echi721.t1,Myosin_18,Myosin_2,Not_Target
echi9289.t1,Not_Target,Not_Target,Not_Target
echi8392.t1,Myosin_1,Myosin_1,Myosin_1
echi14939.t1,Not_Target,Not_Target,Not_Target
echi9877.t1,Not_Target,Myosin_22,Not_Target
echi14694.t1,Myosin_30,Not_Target,Not_Target
echi15466.t1,Not_Target,Not_Target,Not_Target
echi15195.t1,Not_Target,Myosin_2,Not_Target
echi16424.t1,Myosin_71,Myosin_15,Not_Target
echi11716.t1,Not_Target,Not_Target,Not_Target
echi16064.t1,Not_Target,Not_Target,Not_Target
echi15056.t1,Not_Target,Not_Target,Not_Target
echi12241.t1,Not_Target,Not_Target,Not_Target
echi3103.t1,Not_Target,Not_Target,Not_Target
echi5765.t1,Not_Target,Not_Target,Not_Target
echi6964.t1,Not_Target,Not_Target,Not_Target
echi10326.t1,Not_Target,Not_Target,Not_Target
echi470.t1,Not_Target,Myosin_11,Myosin_1
echi8206.t1,Not_Target,Not_Target,Not_Target
echi6408.t1,Not_Target,Myosin_8,Not_Target
echi17144.t1,Not_Target,Not_Target,Not_Target
echi16946.t1,Not_Target,Not_Target,Not_Target
echi10884.t1,Myosin_2,Not_Target,Myosin_23
echi10823.t1,Not_Target,Myosin_41,Not_Target
echi16428.t1,Not_Target,Not_Target,Not_Target
echi5933.t1,Not_Target,Not_Target,Not_Target
echi1882.t1,Not_Target,Not_Target,Not_Target
echi8766.t1,Not_Target,Not_Target,Not_Target
echi426.t1,Not_Target,Myosin_5,Not_Target
echi9671.t1,Not_Target,Not_Target,Not_Target
echi637.t1,Not_Target,Not_Target,Not_Target
echi18271.t1,Not_Target,Not_Target,Not_Target
echi10937.t1,Not_Target,Not_Target,Not_Target
echi12222.t1,Myosin_1,Not_Target,Not_Target
echi7341.t1,Not_Target,Not_Target,Not_Target
echi2071.t1,Not_Target,Not_Target,Not_Target
echi11036.t1,Not_Target,Not_Target,Not_Target
echi17180.t1,Myosin_55,Myosin_11,Not_Target
echi12113.t1,Not_Target,Not_Target,Not_Target
echi11663.t1,Not_Target,Myosin_11,Not_Target
echi4541.t1,Not_Target,Myosin_19,Not_Target
echi4005.t1,Myosin_2,Myosin_18,Not_Target
echi4006.t1,Not_Target,Not_Target,Myosin_1
echi14144.t1,Not_Target,Not_Target,Not_Target
echi1881.t1,Not_Target,Not_Target,Not_Target
echi366.t1,Not_Target,Not_Target,Not_Target
echi2300.t1,Not_Target,Myosin_5,Not_Target
echi5607.t1,Not_Target,Myosin_8,Not_Target
echi17416.t1,Not_Target,Not_Target,Not_Target
echi2740.t1,Not_Target,Not_Target,Not_Target
echi11149.t1,Not_Target,Not_Target,Not_Target
echi15927.t1,Not_Target,Not_Target,Not_Target
echi11217.t1,Not_Target,Not_Target,Not_Target
echi8497.t1,Not_Target,Not_Target,Not_Target
echi5951.t1,Myosin_27,Not_Target,Not_Target
echi10116.t1,Not_Target,Myosin_8,Not_Target
echi3820.t1,Not_Target,Myosin_8,Not_Target
echi1147.t1,Not_Target,Not_Target,Not_Target
echi13522.t1,Not_Target,Not_Target,Not_Target
echi4282.t1,Not_Target,Myosin_18,Not_Target
echi12744.t1,Not_Target,Not_Target,Not_Target
echi12745.t1,Not_Target,Not_Target,Not_Target
echi7906.t1,Myosin_11,Myosin_11,Not_Target
echi13400.t1,Not_Target,Myosin_27,Not_Target
echi1344.t1,Myosin_19,Myosin_8,Not_Target
echi5016.t1,Not_Target,Not_Target,Not_Target
echi8509.t1,Not_Target,Not_Target,Myosin_14
echi12105.t1,Not_Target,Not_Target,Not_Target
echi4899.t1,Myosin_2,Myosin_2,Not_Target
echi2562.t1,Not_Target,Not_Target,Not_Target
echi7173.t1,Not_Target,Myosin_19,Not_Target
echi16245.t1,Not_Target,Myosin_8,Not_Target
echi14817.t1,Myosin_2,Not_Target,Not_Target
echi172.t1,Myosin_16,Myosin_16,Not_Target
echi7638.t1,Not_Target,Not_Target,Not_Target
echi10936.t1,Not_Target,Not_Target,Not_Target
echi8794.t1,Myosin_15,Myosin_8,Not_Target
echi9359.t1,Myosin_31,Not_Target,Not_Target
echi14917.t1,Not_Target,Myosin_8,Not_Target
echi6045.t1,Not_Target,Not_Target,Not_Target
echi13982.t1,Myosin_26,Not_Target,Not_Target
echi3434.t1,Not_Target,Not_Target,Not_Target
echi14204.t1,Myosin_19,Not_Target,Not_Target
echi7133.t1,Myosin_8,Myosin_8,Not_Target
echi7408.t1,Not_Target,Not_Target,Not_Target
echi6798.t1,Not_Target,Not_Target,Not_Target
echi17754.t1,Myosin_26,Not_Target,Not_Target
echi6915.t1,Not_Target,Myosin_8,Not_Target
echi2304.t1,Not_Target,Not_Target,Myosin_8
echi11697.t1,Not_Target,Myosin_8,Myosin_11
echi13981.t1,Not_Target,Not_Target,Not_Target
echi16948.t1,Not_Target,Myosin_31,Not_Target
echi2715.t1,Not_Target,Myosin_55,Not_Target
echi3462.t1,Not_Target,Myosin_8,Not_Target
echi889.t1,Not_Target,Not_Target,Not_Target
echi5884.t1,Myosin_19,Myosin_11,Not_Target
