Title,Logistic_Regression,MLP,XGBoost
tr|A0A3M7PEJ4|A0A3M7PEJ4_BRAPC Myosin-IIIb isoform X2 OS=Brachionus plicatilis OX=10195 GN=BpHYR1_000227 PE=3 SV=1,Myosin,Myosin,Myosin
tr|A0A3M7RFY3|A0A3M7RFY3_BRAPC Myosin heavy chain isoform A (Fragment) OS=Brachionus plicatilis OX=10195 GN=BpHYR1_043050 PE=3 SV=1,Myosin,Not_Target,Myosin
tr|A0A3M7SX84|A0A3M7SX84_BRAPC Myosin heavy chain isoform A OS=Brachionus plicatilis OX=10195 GN=BpHYR1_041440 PE=3 SV=1,Myosin,Myosin,Myosin
tr|A0A813QVK5|A0A813QVK5_9BILA Myosin motor domain-containing protein OS=Adineta steineri OX=433720 GN=IZO911_LOCUS5430 PE=3 SV=1,Myosin,Myosin,Myosin
tr|A0A813R2R8|A0A813R2R8_9BILA Myosin motor domain-containing protein OS=Rotaria sp. Silwood1 OX=2762511 GN=NZN594_LOCUS18798 PE=3 SV=1,Myosin,Myosin,Myosin
tr|A0A813SWG6|A0A813SWG6_9BILA Myosin motor domain-containing protein OS=Rotaria sordida OX=392033 GN=ZHD862_LOCUS2644 PE=3 SV=1,Myosin,Myosin,Not_Target
tr|A0A813SYF9|A0A813SYF9_9BILA Myosin motor domain-containing protein OS=Adineta steineri OX=433720 GN=VCS650_LOCUS4043 PE=3 SV=1,Myosin,Myosin,Myosin
tr|A0A813YHL1|A0A813YHL1_9BILA Myosin motor domain-containing protein OS=Adineta steineri OX=433720 GN=BJG266_LOCUS9471 PE=3 SV=1,Myosin,Myosin,Myosin
tr|A0A813YRM4|A0A813YRM4_9BILA Myosin heavy chain OS=Didymodactylos carnosus OX=1234261 GN=GPM918_LOCUS8001 PE=3 SV=1,Myosin,Myosin,Myosin
tr|A0A814AEJ0|A0A814AEJ0_9BILA Myosin motor domain-containing protein OS=Rotaria sordida OX=392033 GN=JXQ802_LOCUS9631 PE=3 SV=1,Myosin,Myosin,Not_Target
tr|A0A814ALA8|A0A814ALA8_9BILA Myosin motor domain-containing protein OS=Rotaria sordida OX=392033 GN=JXQ802_LOCUS9828 PE=3 SV=1,Myosin,Myosin,Not_Target
tr|A0A814CSE7|A0A814CSE7_9BILA Myosin heavy chain OS=Didymodactylos carnosus OX=1234261 GN=GPM918_LOCUS10986 PE=3 SV=1,Myosin,Myosin,Myosin
tr|A0A814D1L7|A0A814D1L7_9BILA Myosin motor domain-containing protein OS=Rotaria sordida OX=392033 GN=RFH988_LOCUS11689 PE=3 SV=1,Myosin,Myosin,Myosin
tr|A0A814EYJ7|A0A814EYJ7_9BILA Myosin heavy chain OS=Rotaria sordida OX=392033 GN=ZHD862_LOCUS11242 PE=3 SV=1,Myosin,Myosin,Myosin
tr|A0A814F3A2|A0A814F3A2_9BILA Myosin heavy chain OS=Rotaria sordida OX=392033 GN=RFH988_LOCUS12959 PE=3 SV=1,Myosin,Myosin,Myosin
tr|A0A814J4D7|A0A814J4D7_9BILA Myosin heavy chain OS=Rotaria sp. Silwood1 OX=2762511 GN=NZN594_LOCUS16033 PE=3 SV=1,Myosin,Myosin,Myosin
tr|A0A814JVD5|A0A814JVD5_9BILA Myosin heavy chain OS=Rotaria sp. Silwood1 OX=2762511 GN=DUG663_LOCUS8573 PE=3 SV=1,Myosin,Myosin,Myosin
tr|A0A814Q072|A0A814Q072_9BILA Myosin heavy chain OS=Adineta steineri OX=433720 GN=VCS650_LOCUS20781 PE=3 SV=1,Myosin,Myosin,Myosin
tr|A0A814RDD3|A0A814RDD3_9BILA Myosin heavy chain OS=Rotaria sordida OX=392033 GN=JXQ802_LOCUS32296 PE=3 SV=1,Myosin,Myosin,Myosin
tr|A0A814VD19|A0A814VD19_ADIRI Myosin motor domain-containing protein OS=Adineta ricciae OX=249248 GN=XAT740_LOCUS22869 PE=3 SV=1,Myosin,Myosin,Myosin
tr|A0A814VFZ6|A0A814VFZ6_ADIRI Myosin motor domain-containing protein OS=Adineta ricciae OX=249248 GN=EDS130_LOCUS14533 PE=3 SV=1,Myosin,Myosin,Myosin
tr|A0A814WSU3|A0A814WSU3_9BILA Myosin motor domain-containing protein OS=Rotaria magnacalcarata OX=392030 GN=CJN711_LOCUS12289 PE=3 SV=1,Myosin,Myosin,Myosin
tr|A0A815CYU0|A0A815CYU0_9BILA Myosin motor domain-containing protein OS=Adineta steineri OX=433720 GN=BJG266_LOCUS31691 PE=3 SV=1,Myosin,Myosin,Myosin
tr|A0A815QC94|A0A815QC94_9BILA Myosin motor domain-containing protein OS=Rotaria sp. Silwood1 OX=2762511 GN=NZN594_LOCUS40423 PE=3 SV=1,Myosin,Myosin,Myosin
tr|A0A816C5B2|A0A816C5B2_9BILA Myosin heavy chain OS=Rotaria magnacalcarata OX=392030 GN=BYL167_LOCUS420 PE=3 SV=1,Myosin,Myosin,Myosin
tr|A0A816KMB2|A0A816KMB2_9BILA Myosin motor domain-containing protein OS=Rotaria magnacalcarata OX=392030 GN=MBJ925_LOCUS1886 PE=3 SV=1,Myosin,Myosin,Myosin
tr|A0A816N4L2|A0A816N4L2_9BILA Myosin heavy chain OS=Rotaria magnacalcarata OX=392030 GN=MBJ925_LOCUS9798 PE=3 SV=1,Myosin,Myosin,Myosin
tr|A0A816T2B5|A0A816T2B5_9BILA Myosin motor domain-containing protein OS=Rotaria magnacalcarata OX=392030 GN=WKI299_LOCUS18473 PE=3 SV=1,Myosin,Myosin,Myosin
tr|A0A816TKD8|A0A816TKD8_9BILA Myosin heavy chain OS=Rotaria magnacalcarata OX=392030 GN=OVN521_LOCUS830 PE=3 SV=1,Myosin,Myosin,Myosin
tr|A0A817BYF7|A0A817BYF7_9BILA Myosin motor domain-containing protein OS=Rotaria sp. Silwood2 OX=2762512 GN=DRW283_LOCUS9328 PE=3 SV=1,Not_Target,Not_Target,Not_Target
tr|A0A817CIJ3|A0A817CIJ3_9BILA Myosin motor domain-containing protein OS=Rotaria sp. Silwood2 OX=2762512 GN=NCT539_LOCUS13677 PE=3 SV=1,Myosin,Myosin,Myosin
tr|A0A817D650|A0A817D650_9BILA Myosin heavy chain OS=Rotaria sp. Silwood2 OX=2762512 GN=NCT539_LOCUS18796 PE=3 SV=1,Myosin,Myosin,Myosin
tr|A0A817EG95|A0A817EG95_9BILA Myosin motor domain-containing protein OS=Rotaria sp. Silwood2 OX=2762512 GN=NCT539_LOCUS24183 PE=3 SV=1,Myosin,Myosin,Myosin
tr|A0A817N8H9|A0A817N8H9_9BILA Myosin heavy chain OS=Rotaria sp. Silwood2 OX=2762512 GN=YTW244_LOCUS13976 PE=3 SV=1,Myosin,Myosin,Myosin
tr|A0A817PKI6|A0A817PKI6_9BILA Myosin heavy chain OS=Rotaria sp. Silwood2 OX=2762512 GN=YTW244_LOCUS18190 PE=3 SV=1,Myosin,Myosin,Myosin
tr|A0A817QRM5|A0A817QRM5_9BILA Myosin heavy chain OS=Rotaria socialis OX=392032 GN=TIS948_LOCUS13661 PE=3 SV=1,Myosin,Myosin,Myosin
tr|A0A817WKP4|A0A817WKP4_9BILA Myosin heavy chain OS=Rotaria socialis OX=392032 GN=FME351_LOCUS5097 PE=3 SV=1,Myosin,Myosin,Myosin
tr|A0A817YF51|A0A817YF51_9BILA Myosin motor domain-containing protein OS=Rotaria socialis OX=392032 GN=KIK155_LOCUS6312 PE=3 SV=1,Myosin,Myosin,Myosin
tr|A0A817ZG41|A0A817ZG41_9BILA Myosin heavy chain OS=Rotaria sp. Silwood1 OX=2762511 GN=NZO219_LOCUS7417 PE=3 SV=1,Myosin,Myosin,Myosin
tr|A0A818DPN2|A0A818DPN2_9BILA Myosin motor domain-containing protein OS=Rotaria sp. Silwood1 OX=2762511 GN=CBO169_LOCUS10039 PE=3 SV=1,Myosin,Myosin,Not_Target
tr|A0A818DXG4|A0A818DXG4_9BILA Myosin motor domain-containing protein OS=Rotaria sp. Silwood1 OX=2762511 GN=DUG663_LOCUS11092 PE=3 SV=1,Myosin,Myosin,Not_Target
tr|A0A818J3D6|A0A818J3D6_9BILA Myosin motor domain-containing protein OS=Rotaria sp. Silwood1 OX=2762511 GN=NZO219_LOCUS18380 PE=3 SV=1,Myosin,Myosin,Myosin
tr|A0A818J3X9|A0A818J3X9_9BILA Myosin motor domain-containing protein OS=Rotaria sordida OX=392033 GN=FNK824_LOCUS27 PE=3 SV=1,Myosin,Myosin,Myosin
tr|A0A818LCY6|A0A818LCY6_9BILA Myosin heavy chain OS=Rotaria socialis OX=392032 GN=LUA448_LOCUS28615 PE=3 SV=1,Myosin,Myosin,Myosin
tr|A0A818LT92|A0A818LT92_9BILA Myosin heavy chain OS=Adineta steineri OX=433720 GN=OKA104_LOCUS5417 PE=3 SV=1,Myosin,Myosin,Myosin
tr|A0A818MXX0|A0A818MXX0_9BILA Myosin motor domain-containing protein OS=Rotaria sordida OX=392033 GN=OTI717_LOCUS6608 PE=3 SV=1,Myosin,Myosin,Myosin
tr|A0A818NY05|A0A818NY05_9BILA Myosin heavy chain OS=Adineta steineri OX=433720 GN=KXQ929_LOCUS5765 PE=3 SV=1,Myosin,Myosin,Myosin
tr|A0A818P3E3|A0A818P3E3_9BILA Myosin motor domain-containing protein OS=Rotaria sordida OX=392033 GN=JBS370_LOCUS4450 PE=3 SV=1,Myosin,Myosin,Myosin
tr|A0A818QCJ7|A0A818QCJ7_9BILA Myosin heavy chain OS=Adineta steineri OX=433720 GN=OKA104_LOCUS8547 PE=3 SV=1,Myosin,Myosin,Myosin
tr|A0A818TN81|A0A818TN81_9BILA Myosin motor domain-containing protein OS=Rotaria sp. Silwood1 OX=2762511 GN=LEP731_LOCUS24902 PE=3 SV=1,Myosin,Myosin,Myosin
tr|A0A818U083|A0A818U083_9BILA Myosin heavy chain OS=Rotaria socialis OX=392032 GN=GRG538_LOCUS27875 PE=3 SV=1,Myosin,Myosin,Myosin
tr|A0A819ADW9|A0A819ADW9_9BILA Myosin heavy chain OS=Rotaria magnacalcarata OX=392030 GN=UXM345_LOCUS3848 PE=3 SV=1,Myosin,Myosin,Myosin
tr|A0A819CMP0|A0A819CMP0_9BILA Myosin motor domain-containing protein OS=Rotaria magnacalcarata OX=392030 GN=OVN521_LOCUS4668 PE=3 SV=1,Not_Target,Not_Target,Not_Target
tr|A0A819IRY0|A0A819IRY0_9BILA Myosin motor domain-containing protein (Fragment) OS=Rotaria magnacalcarata OX=392030 GN=OVN521_LOCUS10436 PE=3 SV=1,Myosin,Myosin,Myosin
tr|A0A819J244|A0A819J244_9BILA Myosin heavy chain OS=Adineta steineri OX=433720 GN=OXD698_LOCUS25329 PE=3 SV=1,Myosin,Myosin,Myosin
tr|A0A819JUP2|A0A819JUP2_9BILA Myosin motor domain-containing protein OS=Rotaria sordida OX=392033 GN=FNK824_LOCUS22555 PE=3 SV=1,Myosin,Myosin,Myosin
tr|A0A819RU02|A0A819RU02_9BILA Myosin motor domain-containing protein OS=Rotaria sp. Silwood2 OX=2762512 GN=JQV615_LOCUS11304 PE=3 SV=1,Myosin,Myosin,Myosin
tr|A0A819VV14|A0A819VV14_9BILA Myosin motor domain-containing protein OS=Rotaria sp. Silwood2 OX=2762512 GN=RMH319_LOCUS13976 PE=3 SV=1,Myosin,Myosin,Not_Target
tr|A0A820CTC7|A0A820CTC7_9BILA Myosin heavy chain OS=Rotaria socialis OX=392032 GN=FME351_LOCUS2572 PE=3 SV=1,Myosin,Myosin,Myosin
tr|A0A820DQI9|A0A820DQI9_9BILA Myosin heavy chain OS=Rotaria socialis OX=392032 GN=HFQ381_LOCUS9485 PE=3 SV=1,Myosin,Myosin,Myosin
tr|A0A820G0A8|A0A820G0A8_9BILA Myosin motor domain-containing protein (Fragment) OS=Adineta steineri OX=433720 GN=KXQ929_LOCUS43872 PE=3 SV=1,Not_Target,Myosin,Not_Target
tr|A0A820G7E9|A0A820G7E9_9BILA Myosin motor domain-containing protein (Fragment) OS=Adineta steineri OX=433720 GN=KXQ929_LOCUS43981 PE=3 SV=1,Not_Target,Myosin,Not_Target
tr|A0A820JWA9|A0A820JWA9_9BILA Myosin motor domain-containing protein OS=Rotaria sp. Silwood2 OX=2762512 GN=DRW283_LOCUS9274 PE=3 SV=1,Myosin,Myosin,Not_Target
tr|A0A820RPK1|A0A820RPK1_9BILA Myosin motor domain-containing protein (Fragment) OS=Rotaria socialis OX=392032 GN=UJA718_LOCUS21885 PE=3 SV=1,Not_Target,Not_Target,Not_Target
tr|A0A820SZU5|A0A820SZU5_9BILA Myosin heavy chain OS=Rotaria socialis OX=392032 GN=QYT958_LOCUS1283 PE=3 SV=1,Myosin,Myosin,Myosin
tr|A0A820WYM0|A0A820WYM0_9BILA Myosin heavy chain OS=Rotaria socialis OX=392032 GN=KIK155_LOCUS13601 PE=3 SV=1,Myosin,Myosin,Myosin
tr|A0A820YJC9|A0A820YJC9_9BILA Myosin heavy chain OS=Rotaria sp. Silwood1 OX=2762511 GN=XPS770_LOCUS4702 PE=3 SV=1,Myosin,Myosin,Myosin
tr|A0A820YPD4|A0A820YPD4_9BILA Myosin heavy chain OS=Rotaria sp. Silwood1 OX=2762511 GN=BAC187_LOCUS2271 PE=3 SV=1,Myosin,Myosin,Myosin
tr|A0A821A1L9|A0A821A1L9_9BILA Myosin motor domain-containing protein OS=Rotaria sp. Silwood1 OX=2762511 GN=PXF425_LOCUS854 PE=3 SV=1,Myosin,Myosin,Not_Target
tr|A0A821AXQ9|A0A821AXQ9_9BILA Myosin motor domain-containing protein OS=Rotaria socialis OX=392032 GN=TOA249_LOCUS9427 PE=3 SV=1,Myosin,Myosin,Myosin
tr|A0A821BS60|A0A821BS60_9BILA Myosin motor domain-containing protein (Fragment) OS=Rotaria socialis OX=392032 GN=TOA249_LOCUS10344 PE=3 SV=1,Myosin,Myosin,Myosin
tr|A0A821F9I0|A0A821F9I0_9BILA Myosin heavy chain OS=Rotaria sp. Silwood1 OX=2762511 GN=NFQ510_LOCUS9083 PE=3 SV=1,Myosin,Myosin,Myosin
tr|A0A821H9H6|A0A821H9H6_9BILA Myosin motor domain-containing protein OS=Rotaria sp. Silwood1 OX=2762511 GN=BAC187_LOCUS10578 PE=3 SV=1,Myosin,Myosin,Myosin
tr|A0A821N699|A0A821N699_9BILA Myosin motor domain-containing protein (Fragment) OS=Rotaria sp. Silwood1 OX=2762511 GN=NFQ510_LOCUS17487 PE=3 SV=1,Myosin,Myosin,Not_Target
tr|A0A821PLU9|A0A821PLU9_9BILA Myosin motor domain-containing protein (Fragment) OS=Rotaria socialis OX=392032 GN=QYT958_LOCUS24321 PE=3 SV=1,Not_Target,Not_Target,Not_Target
tr|A0A8S2KYP1|A0A8S2KYP1_9BILA Myosin motor domain-containing protein (Fragment) OS=Rotaria magnacalcarata OX=392030 GN=BYL167_LOCUS7251 PE=3 SV=1,Myosin,Myosin,Myosin
tr|A0A8S2PS52|A0A8S2PS52_9BILA Myosin motor domain-containing protein OS=Rotaria magnacalcarata OX=392030 GN=BYL167_LOCUS17379 PE=3 SV=1,Myosin,Myosin,Myosin
tr|A0A8S2ZEL8|A0A8S2ZEL8_9BILA Myosin motor domain-containing protein (Fragment) OS=Rotaria magnacalcarata OX=392030 GN=BYL167_LOCUS41116 PE=3 SV=1,Not_Target,Not_Target,Not_Target
tr|A0A3M7P3Y3|A0A3M7P3Y3_BRAPC Myosin heavy muscle-like isoform X1 (Fragment) OS=Brachionus plicatilis OX=10195 GN=BpHYR1_024997 PE=4 SV=1,Myosin,Myosin,Myosin
tr|A0A3M7P4W6|A0A3M7P4W6_BRAPC Myosin heavy striated muscle-like isoform X1 OS=Brachionus plicatilis OX=10195 GN=BpHYR1_011010 PE=3 SV=1,Not_Target,Not_Target,Not_Target
tr|A0A3M7P5J2|A0A3M7P5J2_BRAPC Myosin heavy striated muscle-like isoform X1 (Fragment) OS=Brachionus plicatilis OX=10195 GN=BpHYR1_033336 PE=3 SV=1,Not_Target,Not_Target,Not_Target
tr|A0A3M7P7R8|A0A3M7P7R8_BRAPC Myosin heavy chain isoform A (Fragment) OS=Brachionus plicatilis OX=10195 GN=BpHYR1_039101 PE=3 SV=1,Not_Target,Not_Target,Not_Target
tr|A0A3M7PPF3|A0A3M7PPF3_BRAPC Myosin heavy chain isoform A (Fragment) OS=Brachionus plicatilis OX=10195 GN=BpHYR1_000513 PE=4 SV=1,Myosin,Not_Target,Myosin
tr|A0A3M7PQ36|A0A3M7PQ36_BRAPC Myosin heavy chain isoform A OS=Brachionus plicatilis OX=10195 GN=BpHYR1_050060 PE=3 SV=1,Myosin,Myosin,Myosin
tr|A0A3M7PYJ4|A0A3M7PYJ4_BRAPC Myosin (Fragment) OS=Brachionus plicatilis OX=10195 GN=BpHYR1_028492 PE=3 SV=1,Not_Target,Not_Target,Not_Target
tr|A0A3M7Q6M8|A0A3M7Q6M8_BRAPC Myosin-IIIa isoform X2 OS=Brachionus plicatilis OX=10195 GN=BpHYR1_035249 PE=3 SV=1,Not_Target,Not_Target,Not_Target
tr|A0A3M7Q8T7|A0A3M7Q8T7_BRAPC Myosin heavy chain isoform A (Fragment) OS=Brachionus plicatilis OX=10195 GN=BpHYR1_041240 PE=3 SV=1,Myosin,Myosin,Myosin
tr|A0A3M7QA26|A0A3M7QA26_BRAPC Myosin-VIIa OS=Brachionus plicatilis OX=10195 GN=BpHYR1_018733 PE=3 SV=1,Myosin,Myosin,Myosin
tr|A0A3M7QUN5|A0A3M7QUN5_BRAPC Myosin heavy non-muscle (Fragment) OS=Brachionus plicatilis OX=10195 GN=BpHYR1_007406 PE=3 SV=1,Myosin,Myosin,Myosin
tr|A0A3M7SSW0|A0A3M7SSW0_BRAPC Myosin heavy striated muscle isoform X1 (Fragment) OS=Brachionus plicatilis OX=10195 GN=BpHYR1_013965 PE=3 SV=1,Not_Target,Not_Target,Not_Target
tr|A0A3M7SXA3|A0A3M7SXA3_BRAPC Myosin heavy chain (Fragment) OS=Brachionus plicatilis OX=10195 GN=BpHYR1_023025 PE=4 SV=1,Myosin,Myosin,Not_Target
tr|A0A813LWX2|A0A813LWX2_9BILA Myosin motor domain-containing protein OS=Brachionus calyciflorus OX=104777 GN=OXX778_LOCUS553 PE=3 SV=1,Myosin,Myosin,Myosin
tr|A0A813M263|A0A813M263_9BILA Myosin VIIa OS=Brachionus calyciflorus OX=104777 GN=OXX778_LOCUS1558 PE=3 SV=1,Myosin,Myosin,Myosin
tr|A0A813M9P2|A0A813M9P2_9BILA Myosin heavy chain OS=Adineta steineri OX=433720 GN=IZO911_LOCUS139 PE=3 SV=1,Myosin,Myosin,Myosin
tr|A0A813MDL4|A0A813MDL4_9BILA Myosin motor domain-containing protein OS=Adineta steineri OX=433720 GN=IZO911_LOCUS994 PE=3 SV=1,Myosin,Myosin,Myosin
tr|A0A813MRC1|A0A813MRC1_9BILA Myosin motor domain-containing protein OS=Brachionus calyciflorus OX=104777 GN=OXX778_LOCUS2699 PE=3 SV=1,Myosin,Myosin,Myosin
tr|A0A813MUP4|A0A813MUP4_9BILA Myosin heavy chain OS=Adineta steineri OX=433720 GN=QVE165_LOCUS196 PE=3 SV=1,Myosin,Myosin,Myosin
tr|A0A813N0X3|A0A813N0X3_9BILA Myosin heavy chain OS=Rotaria sp. Silwood1 OX=2762511 GN=NZN594_LOCUS1279 PE=3 SV=1,Myosin,Myosin,Myosin
tr|A0A813N3Q0|A0A813N3Q0_9BILA Myosin heavy chain OS=Adineta steineri OX=433720 GN=QVE165_LOCUS288 PE=3 SV=1,Myosin,Myosin,Myosin
tr|A0A813NGH0|A0A813NGH0_9BILA Myosin motor domain-containing protein OS=Rotaria sordida OX=392033 GN=JXQ802_LOCUS9828 PE=3 SV=1,Myosin,Myosin,Not_Target
tr|A0A813NGX8|A0A813NGX8_9BILA Myosin heavy chain OS=Adineta steineri OX=433720 GN=BJG266_LOCUS1747 PE=3 SV=1,Myosin,Myosin,Myosin
tr|A0A813NIN6|A0A813NIN6_9BILA Myosin heavy chain OS=Adineta steineri OX=433720 GN=BJG266_LOCUS1655 PE=3 SV=1,Myosin,Myosin,Myosin
tr|A0A813NSN2|A0A813NSN2_9BILA Myosin motor domain-containing protein OS=Adineta steineri OX=433720 GN=VCS650_LOCUS644 PE=3 SV=1,Myosin,Myosin,Myosin
tr|A0A813NWN2|A0A813NWN2_9BILA Myosin heavy chain OS=Adineta steineri OX=433720 GN=OKA104_LOCUS31043 PE=3 SV=1,Myosin,Myosin,Myosin
tr|A0A813P2C4|A0A813P2C4_9BILA Myosin motor domain-containing protein OS=Brachionus calyciflorus OX=104777 GN=OXX778_LOCUS3757 PE=3 SV=1,Not_Target,Not_Target,Not_Target
tr|A0A813P3C3|A0A813P3C3_9BILA Myosin heavy chain OS=Rotaria sordida OX=392033 GN=JXQ802_LOCUS9066 PE=3 SV=1,Myosin,Myosin,Myosin
tr|A0A813P5Y0|A0A813P5Y0_9BILA Myosin motor domain-containing protein OS=Adineta steineri OX=433720 GN=VCS650_LOCUS923 PE=3 SV=1,Myosin,Myosin,Myosin
tr|A0A813PD15|A0A813PD15_9BILA Myosin motor domain-containing protein OS=Adineta steineri OX=433720 GN=IZO911_LOCUS4146 PE=3 SV=1,Myosin,Myosin,Myosin
tr|A0A813PW19|A0A813PW19_9BILA Myosin motor domain-containing protein OS=Rotaria sp. Silwood1 OX=2762511 GN=NZN594_LOCUS6633 PE=3 SV=1,Myosin,Not_Target,Not_Target
tr|A0A813QMC1|A0A813QMC1_9BILA Myosin motor domain-containing protein OS=Brachionus calyciflorus OX=104777 GN=OXX778_LOCUS4855 PE=3 SV=1,Myosin,Not_Target,Not_Target
tr|A0A813QV48|A0A813QV48_9BILA Myosin heavy chain OS=Rotaria sordida OX=392033 GN=PYM288_LOCUS3159 PE=3 SV=1,Myosin,Myosin,Myosin
tr|A0A813QWI6|A0A813QWI6_9BILA Myosin motor domain-containing protein OS=Adineta steineri OX=433720 GN=JYZ213_LOCUS3790 PE=3 SV=1,Myosin,Myosin,Myosin
tr|A0A813QXF3|A0A813QXF3_9BILA Myosin motor domain-containing protein OS=Adineta steineri OX=433720 GN=IZO911_LOCUS5493 PE=3 SV=1,Myosin,Myosin,Myosin
tr|A0A813R9W9|A0A813R9W9_9BILA Myosin motor domain-containing protein OS=Brachionus calyciflorus OX=104777 GN=OXX778_LOCUS5438 PE=3 SV=1,Not_Target,Not_Target,Not_Target
tr|A0A813S143|A0A813S143_9BILA Myosin motor domain-containing protein (Fragment) OS=Didymodactylos carnosus OX=1234261 GN=GPM918_LOCUS2984 PE=3 SV=1,Myosin,Myosin,Myosin
tr|A0A813SA64|A0A813SA64_9BILA Myosin motor domain-containing protein OS=Brachionus calyciflorus OX=104777 GN=OXX778_LOCUS6128 PE=3 SV=1,Not_Target,Not_Target,Not_Target
tr|A0A813SKR0|A0A813SKR0_ADIRI Myosin heavy chain OS=Adineta ricciae OX=249248 GN=EDS130_LOCUS4622 PE=3 SV=1,Myosin,Myosin,Myosin
tr|A0A813SM07|A0A813SM07_9BILA Myosin heavy chain OS=Didymodactylos carnosus OX=1234261 GN=GPM918_LOCUS3415 PE=3 SV=1,Myosin,Myosin,Myosin
tr|A0A813SYC9|A0A813SYC9_9BILA Myosin motor domain-containing protein OS=Adineta steineri OX=433720 GN=OKA104_LOCUS4735 PE=3 SV=1,Myosin,Myosin,Myosin
tr|A0A813SYT4|A0A813SYT4_9BILA Myosin motor domain-containing protein OS=Rotaria sordida OX=392033 GN=SEV965_LOCUS904 PE=3 SV=1,Myosin,Myosin,Myosin
tr|A0A813T0V7|A0A813T0V7_9BILA Myosin motor domain-containing protein OS=Rotaria sordida OX=392033 GN=ZHD862_LOCUS2644 PE=3 SV=1,Myosin,Myosin,Not_Target
tr|A0A813T9R7|A0A813T9R7_9BILA Myosin heavy chain OS=Adineta steineri OX=433720 GN=IZO911_LOCUS7454 PE=3 SV=1,Myosin,Myosin,Myosin
tr|A0A813TQA7|A0A813TQA7_9BILA Myosin heavy chain OS=Rotaria sp. Silwood1 OX=2762511 GN=NZN594_LOCUS4408 PE=3 SV=1,Myosin,Myosin,Myosin
tr|A0A813TWW9|A0A813TWW9_9BILA Myosin heavy chain OS=Rotaria sp. Silwood1 OX=2762511 GN=NZN594_LOCUS11503 PE=3 SV=1,Myosin,Myosin,Myosin
tr|A0A813TZ87|A0A813TZ87_9BILA Myosin VIIa OS=Didymodactylos carnosus OX=1234261 GN=GPM918_LOCUS4533 PE=3 SV=1,Myosin,Myosin,Myosin
tr|A0A813U2F4|A0A813U2F4_9BILA Myosin motor domain-containing protein OS=Didymodactylos carnosus OX=1234261 GN=GPM918_LOCUS4495 PE=3 SV=1,Myosin,Myosin,Myosin
tr|A0A813UH39|A0A813UH39_9BILA Myosin motor domain-containing protein OS=Rotaria sordida OX=392033 GN=SEV965_LOCUS2032 PE=3 SV=1,Myosin,Myosin,Not_Target
tr|A0A813UK21|A0A813UK21_9BILA Myosin heavy chain OS=Rotaria sordida OX=392033 GN=JBS370_LOCUS7085 PE=3 SV=1,Myosin,Myosin,Myosin
tr|A0A813UUD3|A0A813UUD3_9BILA Myosin heavy chain OS=Didymodactylos carnosus OX=1234261 GN=GPM918_LOCUS5206 PE=3 SV=1,Myosin,Myosin,Myosin
tr|A0A813VLG9|A0A813VLG9_9BILA Myosin heavy chain OS=Rotaria sordida OX=392033 GN=OTI717_LOCUS4994 PE=3 SV=1,Myosin,Myosin,Myosin
tr|A0A813VZF7|A0A813VZF7_9BILA Myosin motor domain-containing protein OS=Didymodactylos carnosus OX=1234261 GN=GPM918_LOCUS5893 PE=3 SV=1,Myosin,Myosin,Not_Target
tr|A0A813W2V2|A0A813W2V2_9BILA Myosin heavy chain OS=Didymodactylos carnosus OX=1234261 GN=GPM918_LOCUS6103 PE=3 SV=1,Myosin,Myosin,Myosin
tr|A0A813W8B7|A0A813W8B7_9BILA Myosin heavy chain OS=Didymodactylos carnosus OX=1234261 GN=GPM918_LOCUS6092 PE=3 SV=1,Myosin,Myosin,Myosin
tr|A0A813WAR6|A0A813WAR6_9BILA Myosin heavy chain OS=Adineta steineri OX=433720 GN=BJG266_LOCUS8046 PE=3 SV=1,Myosin,Myosin,Myosin
tr|A0A813WEV3|A0A813WEV3_ADIRI Myosin motor domain-containing protein OS=Adineta ricciae OX=249248 GN=EDS130_LOCUS7473 PE=3 SV=1,Myosin,Not_Target,Not_Target
tr|A0A813WFA9|A0A813WFA9_9BILA Myosin heavy chain OS=Rotaria sordida OX=392033 GN=JXQ802_LOCUS15505 PE=3 SV=1,Myosin,Myosin,Myosin
tr|A0A813WU26|A0A813WU26_9BILA Myosin heavy chain OS=Adineta steineri OX=433720 GN=BJG266_LOCUS8357 PE=3 SV=1,Myosin,Myosin,Myosin
tr|A0A813XPR9|A0A813XPR9_9BILA Myosin motor domain-containing protein OS=Adineta steineri OX=433720 GN=BJG266_LOCUS9339 PE=3 SV=1,Myosin,Myosin,Not_Target
tr|A0A813XWT7|A0A813XWT7_9BILA Myosin motor domain-containing protein OS=Rotaria sp. Silwood1 OX=2762511 GN=BAC187_LOCUS2670 PE=3 SV=1,Myosin,Not_Target,Not_Target
tr|A0A813YJ77|A0A813YJ77_9BILA Myosin motor domain-containing protein OS=Adineta steineri OX=433720 GN=VCS650_LOCUS8464 PE=3 SV=1,Myosin,Not_Target,Not_Target
tr|A0A813YL59|A0A813YL59_9BILA Myosin motor domain-containing protein OS=Adineta steineri OX=433720 GN=BJG266_LOCUS9552 PE=3 SV=1,Myosin,Myosin,Myosin
tr|A0A813YN47|A0A813YN47_9BILA Myosin heavy chain OS=Didymodactylos carnosus OX=1234261 GN=GPM918_LOCUS7899 PE=3 SV=1,Myosin,Myosin,Myosin
tr|A0A813YQR4|A0A813YQR4_9BILA Myosin heavy chain OS=Brachionus calyciflorus OX=104777 GN=OXX778_LOCUS10732 PE=3 SV=1,Myosin,Myosin,Myosin
tr|A0A813YUD5|A0A813YUD5_9BILA Myosin motor domain-containing protein OS=Adineta steineri OX=433720 GN=QVE165_LOCUS8853 PE=3 SV=1,Myosin,Myosin,Myosin
tr|A0A813ZGP6|A0A813ZGP6_9BILA Myosin heavy chain OS=Rotaria sordida OX=392033 GN=JXQ802_LOCUS9066 PE=3 SV=1,Myosin,Myosin,Myosin
tr|A0A813ZR11|A0A813ZR11_9BILA Myosin motor domain-containing protein (Fragment) OS=Didymodactylos carnosus OX=1234261 GN=GPM918_LOCUS8746 PE=3 SV=1,Myosin,Myosin,Myosin
tr|A0A813ZSF1|A0A813ZSF1_9BILA Myosin heavy chain OS=Rotaria sordida OX=392033 GN=JXQ802_LOCUS9271 PE=3 SV=1,Myosin,Myosin,Myosin
tr|A0A813ZV03|A0A813ZV03_9BILA Myosin heavy chain OS=Rotaria sordida OX=392033 GN=JXQ802_LOCUS9271 PE=3 SV=1,Myosin,Myosin,Myosin
tr|A0A813ZX04|A0A813ZX04_9BILA Myosin motor domain-containing protein (Fragment) OS=Brachionus calyciflorus OX=104777 GN=OXX778_LOCUS11668 PE=3 SV=1,Myosin,Myosin,Myosin
tr|A0A814A7I0|A0A814A7I0_9BILA Myosin motor domain-containing protein OS=Rotaria sordida OX=392033 GN=JXQ802_LOCUS9631 PE=3 SV=1,Myosin,Myosin,Not_Target
tr|A0A814AAY3|A0A814AAY3_9BILA Myosin tail domain-containing protein OS=Rotaria sordida OX=392033 GN=SEV965_LOCUS6210 PE=4 SV=1,Myosin,Myosin,Myosin
tr|A0A814AWL3|A0A814AWL3_9BILA Myosin heavy chain OS=Rotaria sp. Silwood1 OX=2762511 GN=NZN594_LOCUS10057 PE=3 SV=1,Myosin,Myosin,Myosin
tr|A0A814B5E7|A0A814B5E7_9BILA Myosin motor domain-containing protein OS=Rotaria sordida OX=392033 GN=OTI717_LOCUS5159 PE=3 SV=1,Myosin,Myosin,Not_Target
tr|A0A814B5M2|A0A814B5M2_9BILA Myosin heavy chain OS=Rotaria sordida OX=392033 GN=ZHD862_LOCUS8582 PE=3 SV=1,Myosin,Myosin,Myosin
tr|A0A814B7C2|A0A814B7C2_9BILA Myosin heavy chain OS=Rotaria sordida OX=392033 GN=ZHD862_LOCUS8582 PE=3 SV=1,Myosin,Myosin,Myosin
tr|A0A814BGV3|A0A814BGV3_9BILA Myosin heavy chain OS=Rotaria sordida OX=392033 GN=JXQ802_LOCUS10543 PE=3 SV=1,Myosin,Myosin,Myosin
tr|A0A814BMH6|A0A814BMH6_ADIRI Myosin motor domain-containing protein OS=Adineta ricciae OX=249248 GN=EDS130_LOCUS11258 PE=3 SV=1,Myosin,Myosin,Myosin
tr|A0A814BMN2|A0A814BMN2_9BILA Myosin heavy chain OS=Rotaria sordida OX=392033 GN=JXQ802_LOCUS10664 PE=3 SV=1,Myosin,Myosin,Myosin
tr|A0A814BMZ3|A0A814BMZ3_9BILA Myosin heavy chain OS=Rotaria sordida OX=392033 GN=ZHD862_LOCUS8929 PE=3 SV=1,Myosin,Myosin,Myosin
tr|A0A814BQA1|A0A814BQA1_9BILA Myosin heavy chain (Fragment) OS=Brachionus calyciflorus OX=104777 GN=OXX778_LOCUS12924 PE=3 SV=1,Myosin,Myosin,Myosin
tr|A0A814BR88|A0A814BR88_ADIRI Myosin motor domain-containing protein OS=Adineta ricciae OX=249248 GN=EDS130_LOCUS11258 PE=3 SV=1,Myosin,Myosin,Myosin
tr|A0A814BX04|A0A814BX04_ADIRI Myosin heavy chain OS=Adineta ricciae OX=249248 GN=EDS130_LOCUS11407 PE=3 SV=1,Myosin,Myosin,Myosin
tr|A0A814CJV6|A0A814CJV6_9BILA Myosin motor domain-containing protein OS=Didymodactylos carnosus OX=1234261 GN=GPM918_LOCUS10824 PE=3 SV=1,Myosin,Myosin,Myosin
tr|A0A814CYF5|A0A814CYF5_9BILA Myosin V OS=Rotaria sordida OX=392033 GN=JXQ802_LOCUS24354 PE=3 SV=1,Myosin,Myosin,Myosin
tr|A0A814D656|A0A814D656_9BILA Myosin heavy chain OS=Adineta steineri OX=433720 GN=IZO911_LOCUS14993 PE=3 SV=1,Myosin,Myosin,Myosin
tr|A0A814D8D9|A0A814D8D9_9BILA Myosin V OS=Rotaria sordida OX=392033 GN=JXQ802_LOCUS24354 PE=3 SV=1,Myosin,Myosin,Myosin
tr|A0A814DA62|A0A814DA62_9BILA Myosin motor domain-containing protein (Fragment) OS=Brachionus calyciflorus OX=104777 GN=OXX778_LOCUS14043 PE=3 SV=1,Not_Target,Myosin,Not_Target
tr|A0A814DMT6|A0A814DMT6_ADIRI Myosin heavy chain OS=Adineta ricciae OX=249248 GN=EDS130_LOCUS12759 PE=3 SV=1,Myosin,Myosin,Myosin
tr|A0A814DX06|A0A814DX06_9BILA Myosin motor domain-containing protein (Fragment) OS=Didymodactylos carnosus OX=1234261 GN=GPM918_LOCUS11781 PE=3 SV=1,Not_Target,Not_Target,Not_Target
tr|A0A814DYE8|A0A814DYE8_9BILA Myosin motor domain-containing protein OS=Adineta steineri OX=433720 GN=BJG266_LOCUS14004 PE=3 SV=1,Myosin,Not_Target,Not_Target
tr|A0A814E4S1|A0A814E4S1_9BILA Myosin heavy chain OS=Rotaria sp. Silwood1 OX=2762511 GN=NFQ510_LOCUS13913 PE=3 SV=1,Myosin,Myosin,Myosin
tr|A0A814EKE7|A0A814EKE7_9BILA Myosin motor domain-containing protein OS=Brachionus calyciflorus OX=104777 GN=OXX778_LOCUS14794 PE=3 SV=1,Not_Target,Myosin,Not_Target
tr|A0A814ENN0|A0A814ENN0_9BILA Myosin motor domain-containing protein OS=Brachionus calyciflorus OX=104777 GN=OXX778_LOCUS14957 PE=3 SV=1,Myosin,Myosin,Myosin
tr|A0A814ESP2|A0A814ESP2_9BILA Myosin motor domain-containing protein (Fragment) OS=Adineta steineri OX=433720 GN=JYZ213_LOCUS14349 PE=3 SV=1,Myosin,Myosin,Not_Target
tr|A0A814F544|A0A814F544_9BILA Myosin motor domain-containing protein OS=Rotaria sordida OX=392033 GN=ZHD862_LOCUS11364 PE=3 SV=1,Myosin,Myosin,Myosin
tr|A0A814GP52|A0A814GP52_9BILA Myosin tail domain-containing protein OS=Adineta steineri OX=433720 GN=JYZ213_LOCUS15885 PE=4 SV=1,Myosin,Myosin,Myosin
tr|A0A814GXA8|A0A814GXA8_9BILA Myosin heavy chain OS=Didymodactylos carnosus OX=1234261 GN=GPM918_LOCUS13820 PE=3 SV=1,Not_Target,Not_Target,Not_Target
tr|A0A814H2J1|A0A814H2J1_9BILA Myosin tail domain-containing protein OS=Rotaria sordida OX=392033 GN=ZHD862_LOCUS12723 PE=4 SV=1,Myosin,Not_Target,Myosin
tr|A0A814I3L8|A0A814I3L8_9BILA Myosin tail domain-containing protein OS=Rotaria sordida OX=392033 GN=RFH988_LOCUS14977 PE=4 SV=1,Myosin,Myosin,Myosin
tr|A0A814IKX8|A0A814IKX8_9BILA Myosin heavy chain OS=Rotaria sordida OX=392033 GN=JBS370_LOCUS414 PE=3 SV=1,Myosin,Myosin,Myosin
tr|A0A814IN43|A0A814IN43_9BILA Myosin motor domain-containing protein (Fragment) OS=Didymodactylos carnosus OX=1234261 GN=GPM918_LOCUS15015 PE=3 SV=1,Not_Target,Not_Target,Not_Target
tr|A0A814JCE1|A0A814JCE1_9BILA Myosin heavy chain OS=Rotaria sordida OX=392033 GN=JXQ802_LOCUS15878 PE=3 SV=1,Myosin,Myosin,Myosin
tr|A0A814JHE2|A0A814JHE2_9BILA Myosin heavy chain OS=Rotaria sordida OX=392033 GN=ZHD862_LOCUS14346 PE=3 SV=1,Myosin,Myosin,Myosin
tr|A0A814JIF0|A0A814JIF0_9BILA Myosin-VIIa OS=Rotaria magnacalcarata OX=392030 GN=CJN711_LOCUS4103 PE=3 SV=1,Myosin,Myosin,Myosin
tr|A0A814KNM0|A0A814KNM0_9BILA Myosin heavy chain OS=Rotaria sp. Silwood1 OX=2762511 GN=NZN594_LOCUS38158 PE=3 SV=1,Myosin,Myosin,Myosin
tr|A0A814KU66|A0A814KU66_9BILA Myosin-VIIa OS=Rotaria sp. Silwood1 OX=2762511 GN=NZN594_LOCUS37500 PE=3 SV=1,Myosin,Myosin,Myosin
tr|A0A814KYG7|A0A814KYG7_ADIRI Myosin heavy chain OS=Adineta ricciae OX=249248 GN=EDS130_LOCUS17796 PE=3 SV=1,Myosin,Myosin,Myosin
tr|A0A814LGP8|A0A814LGP8_9BILA Myosin tail domain-containing protein OS=Rotaria sordida OX=392033 GN=SEV965_LOCUS14097 PE=4 SV=1,Myosin,Myosin,Not_Target
tr|A0A814LN01|A0A814LN01_9BILA Myosin motor domain-containing protein OS=Rotaria magnacalcarata OX=392030 GN=CJN711_LOCUS5482 PE=3 SV=1,Myosin,Not_Target,Not_Target
tr|A0A814LPC1|A0A814LPC1_9BILA Myosin heavy chain OS=Adineta steineri OX=433720 GN=QVE165_LOCUS18469 PE=3 SV=1,Myosin,Myosin,Myosin
tr|A0A814MDP1|A0A814MDP1_9BILA Myosin heavy chain OS=Rotaria sordida OX=392033 GN=SEV965_LOCUS14713 PE=3 SV=1,Myosin,Myosin,Myosin
tr|A0A814MGI5|A0A814MGI5_9BILA Myosin tail domain-containing protein OS=Rotaria sordida OX=392033 GN=JXQ802_LOCUS27798 PE=4 SV=1,Not_Target,Not_Target,Not_Target
tr|A0A814MRI9|A0A814MRI9_9BILA Myosin-VIIa OS=Rotaria sordida OX=392033 GN=JXQ802_LOCUS33530 PE=3 SV=1,Myosin,Myosin,Myosin
tr|A0A814MZR5|A0A814MZR5_9BILA Myosin-VIIa OS=Rotaria sordida OX=392033 GN=JXQ802_LOCUS33530 PE=3 SV=1,Myosin,Myosin,Myosin
tr|A0A814N1C4|A0A814N1C4_9BILA Myosin motor domain-containing protein OS=Rotaria sp. Silwood1 OX=2762511 GN=BAC187_LOCUS7509 PE=3 SV=1,Myosin,Not_Target,Not_Target
tr|A0A814NLI8|A0A814NLI8_9BILA Myosin V OS=Rotaria sordida OX=392033 GN=OTI717_LOCUS17216 PE=3 SV=1,Myosin,Myosin,Myosin
tr|A0A814NMA2|A0A814NMA2_9BILA Myosin V OS=Rotaria sordida OX=392033 GN=RFH988_LOCUS18955 PE=3 SV=1,Myosin,Myosin,Myosin
tr|A0A814NQ66|A0A814NQ66_9BILA Myosin motor domain-containing protein OS=Rotaria sordida OX=392033 GN=JXQ802_LOCUS30873 PE=3 SV=1,Myosin,Not_Target,Not_Target
tr|A0A814P5W2|A0A814P5W2_9BILA Myosin motor domain-containing protein (Fragment) OS=Rotaria sordida OX=392033 GN=RFH988_LOCUS19418 PE=3 SV=1,Not_Target,Not_Target,Not_Target
tr|A0A814P7P3|A0A814P7P3_ADIRI Myosin-VIIa OS=Adineta ricciae OX=249248 GN=EDS130_LOCUS20021 PE=3 SV=1,Myosin,Myosin,Myosin
tr|A0A814P9B1|A0A814P9B1_ADIRI Myosin-VIIa OS=Adineta ricciae OX=249248 GN=EDS130_LOCUS20021 PE=3 SV=1,Myosin,Myosin,Myosin
tr|A0A814PFB6|A0A814PFB6_9BILA Myosin-VIIa OS=Rotaria sordida OX=392033 GN=RFH988_LOCUS19469 PE=3 SV=1,Myosin,Myosin,Myosin
tr|A0A814PVH5|A0A814PVH5_9BILA Myosin heavy chain OS=Rotaria sp. Silwood1 OX=2762511 GN=NFQ510_LOCUS4711 PE=3 SV=1,Myosin,Myosin,Myosin
tr|A0A814PYC3|A0A814PYC3_9BILA Myosin heavy chain OS=Adineta steineri OX=433720 GN=VCS650_LOCUS20695 PE=3 SV=1,Myosin,Myosin,Myosin
tr|A0A814Q0E7|A0A814Q0E7_9BILA Myosin tail domain-containing protein OS=Adineta steineri OX=433720 GN=VCS650_LOCUS20784 PE=4 SV=1,Not_Target,Not_Target,Not_Target
tr|A0A814Q1E8|A0A814Q1E8_9BILA Myosin motor domain-containing protein OS=Rotaria sordida OX=392033 GN=SEV965_LOCUS16542 PE=3 SV=1,Myosin,Myosin,Myosin
tr|A0A814Q512|A0A814Q512_9BILA Myosin V OS=Rotaria sordida OX=392033 GN=SEV965_LOCUS16580 PE=3 SV=1,Myosin,Myosin,Myosin
tr|A0A814Q5S7|A0A814Q5S7_9BILA Myosin V OS=Rotaria sordida OX=392033 GN=FNK824_LOCUS13246 PE=3 SV=1,Myosin,Myosin,Myosin
tr|A0A814QF05|A0A814QF05_9BILA Myosin motor domain-containing protein OS=Adineta steineri OX=433720 GN=JYZ213_LOCUS22410 PE=3 SV=1,Myosin,Myosin,Myosin
tr|A0A814QGJ6|A0A814QGJ6_9BILA Myosin motor domain-containing protein (Fragment) OS=Brachionus calyciflorus OX=104777 GN=OXX778_LOCUS21992 PE=3 SV=1,Myosin,Myosin,Myosin
tr|A0A814QNQ5|A0A814QNQ5_9BILA Myosin motor domain-containing protein OS=Adineta steineri OX=433720 GN=VCS650_LOCUS21285 PE=3 SV=1,Myosin,Myosin,Myosin
tr|A0A814QP46|A0A814QP46_9BILA Myosin heavy chain OS=Adineta steineri OX=433720 GN=VCS650_LOCUS21283 PE=3 SV=1,Myosin,Myosin,Not_Target
tr|A0A814QSK1|A0A814QSK1_9BILA Myosin motor domain-containing protein OS=Rotaria sordida OX=392033 GN=SEV965_LOCUS17042 PE=3 SV=1,Not_Target,Not_Target,Not_Target
tr|A0A814QTK2|A0A814QTK2_9BILA Myosin motor domain-containing protein (Fragment) OS=Brachionus calyciflorus OX=104777 GN=OXX778_LOCUS22146 PE=3 SV=1,Myosin,Myosin,Myosin
tr|A0A814R8G1|A0A814R8G1_9BILA Myosin tail domain-containing protein OS=Rotaria sordida OX=392033 GN=SEV965_LOCUS17291 PE=4 SV=1,Myosin,Not_Target,Not_Target
tr|A0A814RK27|A0A814RK27_ADIRI Myosin motor domain-containing protein (Fragment) OS=Adineta ricciae OX=249248 GN=XAT740_LOCUS20092 PE=3 SV=1,Myosin,Myosin,Myosin
tr|A0A814S903|A0A814S903_9BILA Myosin heavy chain OS=Adineta steineri OX=433720 GN=JYZ213_LOCUS23712 PE=3 SV=1,Myosin,Myosin,Myosin
tr|A0A814SDD9|A0A814SDD9_9BILA Myosin motor domain-containing protein OS=Didymodactylos carnosus OX=1234261 GN=GPM918_LOCUS20861 PE=3 SV=1,Myosin,Myosin,Not_Target
tr|A0A814T6G1|A0A814T6G1_9BILA Myosin motor domain-containing protein OS=Rotaria sordida OX=392033 GN=JXQ802_LOCUS34697 PE=4 SV=1,Myosin,Myosin,Myosin
tr|A0A814T9I6|A0A814T9I6_9BILA Myosin motor domain-containing protein OS=Adineta steineri OX=433720 GN=JYZ213_LOCUS24471 PE=3 SV=1,Myosin,Myosin,Myosin
tr|A0A814THF6|A0A814THF6_9BILA Myosin motor domain-containing protein (Fragment) OS=Didymodactylos carnosus OX=1234261 GN=GPM918_LOCUS21701 PE=3 SV=1,Myosin,Myosin,Myosin
tr|A0A814TNK2|A0A814TNK2_9BILA Myosin motor domain-containing protein (Fragment) OS=Brachionus calyciflorus OX=104777 GN=OXX778_LOCUS23617 PE=3 SV=1,Not_Target,Not_Target,Not_Target
tr|A0A814TVA0|A0A814TVA0_9BILA Myosin motor domain-containing protein OS=Rotaria sordida OX=392033 GN=RFH988_LOCUS22649 PE=3 SV=1,Myosin,Not_Target,Not_Target
tr|A0A814TXB4|A0A814TXB4_9BILA Myosin motor domain-containing protein OS=Rotaria sordida OX=392033 GN=SEV965_LOCUS19134 PE=3 SV=1,Myosin,Myosin,Not_Target
tr|A0A814U6N1|A0A814U6N1_ADIRI Myosin heavy chain OS=Adineta ricciae OX=249248 GN=EDS130_LOCUS23763 PE=3 SV=1,Myosin,Myosin,Myosin
tr|A0A814UHK3|A0A814UHK3_ADIRI Myosin heavy chain OS=Adineta ricciae OX=249248 GN=EDS130_LOCUS23763 PE=3 SV=1,Myosin,Myosin,Myosin
tr|A0A814UR55|A0A814UR55_9BILA Myosin heavy chain OS=Rotaria sp. Silwood1 OX=2762511 GN=NZN594_LOCUS24006 PE=3 SV=1,Myosin,Myosin,Myosin
tr|A0A814VDE8|A0A814VDE8_9BILA Myosin V OS=Rotaria sordida OX=392033 GN=ZHD862_LOCUS22223 PE=3 SV=1,Myosin,Myosin,Myosin
tr|A0A814VF58|A0A814VF58_9BILA Myosin heavy chain OS=Rotaria sp. Silwood1 OX=2762511 GN=NZN594_LOCUS24504 PE=3 SV=1,Myosin,Myosin,Myosin
tr|A0A814VKJ5|A0A814VKJ5_9BILA Myosin V OS=Rotaria sordida OX=392033 GN=ZHD862_LOCUS22223 PE=3 SV=1,Myosin,Myosin,Myosin
tr|A0A814VXI9|A0A814VXI9_9BILA Myosin heavy chain OS=Rotaria sp. Silwood1 OX=2762511 GN=NZN594_LOCUS24716 PE=3 SV=1,Myosin,Myosin,Myosin
tr|A0A814W7R2|A0A814W7R2_9BILA Myosin heavy chain OS=Adineta steineri OX=433720 GN=IZO911_LOCUS22991 PE=3 SV=1,Myosin,Myosin,Myosin
tr|A0A814WB66|A0A814WB66_9BILA Myosin motor domain-containing protein (Fragment) OS=Rotaria sordida OX=392033 GN=RFH988_LOCUS24344 PE=3 SV=1,Myosin,Myosin,Myosin
tr|A0A814WYN1|A0A814WYN1_9BILA Myosin heavy chain OS=Rotaria sordida OX=392033 GN=JXQ802_LOCUS39473 PE=3 SV=1,Myosin,Myosin,Myosin
tr|A0A814WYZ6|A0A814WYZ6_9BILA Myosin heavy chain OS=Rotaria sordida OX=392033 GN=JXQ802_LOCUS39479 PE=3 SV=1,Myosin,Myosin,Myosin
tr|A0A814WZ38|A0A814WZ38_9BILA Myosin heavy chain OS=Adineta steineri OX=433720 GN=VCS650_LOCUS26055 PE=3 SV=1,Myosin,Myosin,Myosin
tr|A0A814X1I7|A0A814X1I7_9BILA Myosin V OS=Rotaria sordida OX=392033 GN=JXQ802_LOCUS24886 PE=3 SV=1,Myosin,Myosin,Myosin
tr|A0A814XUK1|A0A814XUK1_9BILA Myosin heavy chain OS=Adineta steineri OX=433720 GN=JYZ213_LOCUS27974 PE=3 SV=1,Myosin,Myosin,Myosin
tr|A0A814XY38|A0A814XY38_9BILA Myosin heavy chain OS=Adineta steineri OX=433720 GN=BJG266_LOCUS15740 PE=3 SV=1,Myosin,Myosin,Myosin
tr|A0A814YVM4|A0A814YVM4_9BILA Myosin heavy chain (Fragment) OS=Rotaria sordida OX=392033 GN=RFH988_LOCUS26387 PE=3 SV=1,Myosin,Myosin,Not_Target
tr|A0A814Z602|A0A814Z602_9BILA Myosin heavy chain OS=Rotaria sordida OX=392033 GN=RFH988_LOCUS26551 PE=3 SV=1,Myosin,Myosin,Myosin
tr|A0A814ZN57|A0A814ZN57_9BILA Myosin heavy chain OS=Adineta steineri OX=433720 GN=IZO911_LOCUS30955 PE=3 SV=1,Myosin,Myosin,Myosin
tr|A0A815AAB8|A0A815AAB8_9BILA Myosin motor domain-containing protein (Fragment) OS=Rotaria sordida OX=392033 GN=SEV965_LOCUS23892 PE=3 SV=1,Myosin,Myosin,Myosin
tr|A0A815ADM1|A0A815ADM1_9BILA Myosin heavy chain OS=Rotaria magnacalcarata OX=392030 GN=CJN711_LOCUS1521 PE=3 SV=1,Myosin,Myosin,Myosin
tr|A0A815AH68|A0A815AH68_9BILA Myosin heavy chain OS=Adineta steineri OX=433720 GN=QVE165_LOCUS28869 PE=3 SV=1,Myosin,Myosin,Myosin
tr|A0A815AKF1|A0A815AKF1_9BILA Myosin motor domain-containing protein OS=Rotaria sordida OX=392033 GN=SEV965_LOCUS24114 PE=3 SV=1,Myosin,Myosin,Not_Target
tr|A0A815BBS5|A0A815BBS5_9BILA Myosin motor domain-containing protein OS=Rotaria sordida OX=392033 GN=SEV965_LOCUS24608 PE=3 SV=1,Myosin,Myosin,Not_Target
tr|A0A815BH26|A0A815BH26_9BILA Myosin motor domain-containing protein OS=Rotaria sordida OX=392033 GN=SEV965_LOCUS24771 PE=3 SV=1,Myosin,Not_Target,Not_Target
tr|A0A815BKV2|A0A815BKV2_9BILA Myosin heavy chain OS=Rotaria sordida OX=392033 GN=SEV965_LOCUS24850 PE=3 SV=1,Myosin,Myosin,Myosin
tr|A0A815BY27|A0A815BY27_9BILA Myosin-VIIa OS=Rotaria sordida OX=392033 GN=FNK824_LOCUS31601 PE=3 SV=1,Myosin,Not_Target,Not_Target
tr|A0A815CRI5|A0A815CRI5_9BILA Myosin motor domain-containing protein OS=Rotaria magnacalcarata OX=392030 GN=KQP761_LOCUS4127 PE=3 SV=1,Myosin,Myosin,Myosin
tr|A0A815CSH0|A0A815CSH0_9BILA Myosin heavy chain OS=Adineta steineri OX=433720 GN=IZO911_LOCUS33407 PE=3 SV=1,Myosin,Myosin,Myosin
tr|A0A815DQU6|A0A815DQU6_9BILA Myosin motor domain-containing protein OS=Rotaria sordida OX=392033 GN=FNK824_LOCUS29975 PE=3 SV=1,Myosin,Not_Target,Not_Target
tr|A0A815DRR7|A0A815DRR7_9BILA Myosin heavy chain OS=Adineta steineri OX=433720 GN=VCS650_LOCUS31067 PE=3 SV=1,Myosin,Myosin,Myosin
tr|A0A815DVU8|A0A815DVU8_9BILA Myosin heavy chain (Fragment) OS=Rotaria sordida OX=392033 GN=ZHD862_LOCUS27847 PE=3 SV=1,Myosin,Myosin,Myosin
tr|A0A815DW94|A0A815DW94_9BILA Myosin heavy chain 95F OS=Rotaria sordida OX=392033 GN=JXQ802_LOCUS45640 PE=3 SV=1,Myosin,Myosin,Myosin
tr|A0A815F0V1|A0A815F0V1_9BILA Myosin heavy chain (Fragment) OS=Adineta steineri OX=433720 GN=BJG266_LOCUS33150 PE=3 SV=1,Myosin,Myosin,Myosin
tr|A0A815F531|A0A815F531_9BILA Myosin motor domain-containing protein OS=Rotaria sordida OX=392033 GN=JXQ802_LOCUS46867 PE=3 SV=1,Not_Target,Not_Target,Not_Target
tr|A0A815F7R8|A0A815F7R8_9BILA Myosin tail domain-containing protein OS=Rotaria sordida OX=392033 GN=RFH988_LOCUS30787 PE=4 SV=1,Not_Target,Myosin,Myosin
tr|A0A815FBX9|A0A815FBX9_9BILA Myosin tail domain-containing protein (Fragment) OS=Rotaria sordida OX=392033 GN=RFH988_LOCUS30786 PE=4 SV=1,Not_Target,Not_Target,Not_Target
tr|A0A815FHN9|A0A815FHN9_9BILA Myosin motor domain-containing protein OS=Rotaria sordida OX=392033 GN=JBS370_LOCUS24967 PE=3 SV=1,Not_Target,Not_Target,Not_Target
tr|A0A815FKB2|A0A815FKB2_9BILA Myosin motor domain-containing protein OS=Rotaria sordida OX=392033 GN=RFH988_LOCUS31101 PE=3 SV=1,Not_Target,Myosin,Not_Target
tr|A0A815FLX4|A0A815FLX4_ADIRI Myosin heavy chain OS=Adineta ricciae OX=249248 GN=EDS130_LOCUS32064 PE=3 SV=1,Myosin,Myosin,Myosin
tr|A0A815FW00|A0A815FW00_9BILA Myosin motor domain-containing protein OS=Rotaria sordida OX=392033 GN=JXQ802_LOCUS30997 PE=3 SV=1,Myosin,Not_Target,Not_Target
tr|A0A815G200|A0A815G200_9BILA Myosin motor domain-containing protein OS=Rotaria sordida OX=392033 GN=SEV965_LOCUS27925 PE=3 SV=1,Not_Target,Myosin,Not_Target
tr|A0A815GKM0|A0A815GKM0_9BILA Myosin tail domain-containing protein OS=Rotaria sordida OX=392033 GN=JXQ802_LOCUS47732 PE=4 SV=1,Myosin,Not_Target,Myosin
tr|A0A815GXF2|A0A815GXF2_9BILA Myosin heavy chain OS=Adineta steineri OX=433720 GN=JYZ213_LOCUS34786 PE=3 SV=1,Myosin,Myosin,Myosin
tr|A0A815H4D6|A0A815H4D6_9BILA Myosin heavy chain OS=Rotaria sp. Silwood1 OX=2762511 GN=NFQ510_LOCUS12050 PE=3 SV=1,Myosin,Myosin,Myosin
tr|A0A815H8V6|A0A815H8V6_9BILA Myosin heavy chain OS=Rotaria sp. Silwood1 OX=2762511 GN=NZN594_LOCUS33352 PE=3 SV=1,Myosin,Myosin,Myosin
tr|A0A815HC25|A0A815HC25_ADIRI Myosin motor domain-containing protein OS=Adineta ricciae OX=249248 GN=XAT740_LOCUS31445 PE=3 SV=1,Myosin,Myosin,Myosin
tr|A0A815HD39|A0A815HD39_9BILA Myosin heavy chain OS=Adineta steineri OX=433720 GN=BJG266_LOCUS34932 PE=3 SV=1,Myosin,Myosin,Myosin
tr|A0A815HSV4|A0A815HSV4_9BILA Myosin motor domain-containing protein (Fragment) OS=Adineta steineri OX=433720 GN=BJG266_LOCUS35258 PE=3 SV=1,Myosin,Myosin,Myosin
tr|A0A815HU80|A0A815HU80_9BILA Myosin motor domain-containing protein (Fragment) OS=Adineta steineri OX=433720 GN=BJG266_LOCUS35293 PE=3 SV=1,Myosin,Myosin,Myosin
tr|A0A815I146|A0A815I146_9BILA Myosin heavy chain OS=Adineta steineri OX=433720 GN=BJG266_LOCUS16266 PE=3 SV=1,Myosin,Myosin,Myosin
tr|A0A815I606|A0A815I606_9BILA Myosin motor domain-containing protein (Fragment) OS=Adineta steineri OX=433720 GN=VCS650_LOCUS34480 PE=3 SV=1,Not_Target,Not_Target,Not_Target
tr|A0A815IKK7|A0A815IKK7_9BILA Myosin-VIIa (Fragment) OS=Rotaria sordida OX=392033 GN=SEV965_LOCUS29671 PE=3 SV=1,Myosin,Myosin,Myosin
tr|A0A815J3W5|A0A815J3W5_9BILA Myosin-VIIa OS=Rotaria sordida OX=392033 GN=JXQ802_LOCUS33454 PE=3 SV=1,Myosin,Myosin,Myosin
tr|A0A815J8X7|A0A815J8X7_9BILA Myosin motor domain-containing protein OS=Adineta steineri OX=433720 GN=VCS650_LOCUS35302 PE=3 SV=1,Not_Target,Not_Target,Not_Target
tr|A0A815JAF4|A0A815JAF4_9BILA Myosin-VIIa OS=Rotaria sordida OX=392033 GN=JXQ802_LOCUS33454 PE=3 SV=1,Myosin,Myosin,Myosin
tr|A0A815JWK9|A0A815JWK9_9BILA Myosin motor domain-containing protein OS=Adineta steineri OX=433720 GN=QVE165_LOCUS35905 PE=3 SV=1,Myosin,Myosin,Myosin
tr|A0A815K1T9|A0A815K1T9_9BILA Myosin heavy chain OS=Adineta steineri OX=433720 GN=IZO911_LOCUS38882 PE=3 SV=1,Myosin,Myosin,Myosin
tr|A0A815KGZ1|A0A815KGZ1_9BILA Myosin heavy chain OS=Adineta steineri OX=433720 GN=IZO911_LOCUS38882 PE=3 SV=1,Myosin,Myosin,Myosin
tr|A0A815KP42|A0A815KP42_9BILA Myosin heavy chain OS=Rotaria sordida OX=392033 GN=FNK824_LOCUS31640 PE=3 SV=1,Not_Target,Not_Target,Not_Target
tr|A0A815KWH9|A0A815KWH9_9BILA Myosin heavy chain OS=Rotaria magnacalcarata OX=392030 GN=CJN711_LOCUS21971 PE=3 SV=1,Myosin,Myosin,Myosin
tr|A0A815LXZ3|A0A815LXZ3_9BILA Myosin heavy chain (Fragment) OS=Adineta steineri OX=433720 GN=JYZ213_LOCUS38558 PE=3 SV=1,Not_Target,Not_Target,Not_Target
tr|A0A815LZ48|A0A815LZ48_9BILA Myosin motor domain-containing protein OS=Rotaria sordida OX=392033 GN=SEV965_LOCUS31916 PE=3 SV=1,Not_Target,Not_Target,Not_Target
tr|A0A815M503|A0A815M503_9BILA Myosin motor domain-containing protein (Fragment) OS=Adineta steineri OX=433720 GN=JYZ213_LOCUS38799 PE=3 SV=1,Myosin,Myosin,Myosin
tr|A0A815MHW7|A0A815MHW7_9BILA Myosin heavy chain OS=Adineta steineri OX=433720 GN=QVE165_LOCUS38440 PE=3 SV=1,Myosin,Myosin,Myosin
tr|A0A815MQV6|A0A815MQV6_9BILA Myosin heavy chain (Fragment) OS=Rotaria magnacalcarata OX=392030 GN=KQP761_LOCUS10809 PE=3 SV=1,Myosin,Myosin,Myosin
tr|A0A815MUK8|A0A815MUK8_9BILA Myosin motor domain-containing protein OS=Rotaria magnacalcarata OX=392030 GN=CJN711_LOCUS9771 PE=3 SV=1,Myosin,Myosin,Not_Target
tr|A0A815MW31|A0A815MW31_ADIRI Myosin motor domain-containing protein (Fragment) OS=Adineta ricciae OX=249248 GN=XAT740_LOCUS35510 PE=3 SV=1,Myosin,Not_Target,Not_Target
tr|A0A815NDH6|A0A815NDH6_9BILA Myosin motor domain-containing protein (Fragment) OS=Didymodactylos carnosus OX=1234261 GN=GPM918_LOCUS34058 PE=3 SV=1,Not_Target,Not_Target,Not_Target
tr|A0A815NKW9|A0A815NKW9_9BILA Myosin motor domain-containing protein OS=Rotaria magnacalcarata OX=392030 GN=CJN711_LOCUS23985 PE=3 SV=1,Myosin,Myosin,Myosin
tr|A0A815NV55|A0A815NV55_9BILA Myosin heavy chain OS=Rotaria sordida OX=392033 GN=JXQ802_LOCUS36867 PE=3 SV=1,Myosin,Myosin,Not_Target
tr|A0A815NZ27|A0A815NZ27_9BILA Myosin heavy chain (Fragment) OS=Rotaria magnacalcarata OX=392030 GN=KQP761_LOCUS11544 PE=3 SV=1,Not_Target,Not_Target,Not_Target
tr|A0A815P9W4|A0A815P9W4_9BILA Myosin heavy chain OS=Adineta steineri OX=433720 GN=QVE165_LOCUS39996 PE=3 SV=1,Myosin,Myosin,Myosin
tr|A0A815PBC9|A0A815PBC9_9BILA Myosin tail domain-containing protein OS=Rotaria sordida OX=392033 GN=FNK824_LOCUS38537 PE=4 SV=1,Not_Target,Not_Target,Myosin
tr|A0A815Q8Y9|A0A815Q8Y9_9BILA Myosin motor domain-containing protein (Fragment) OS=Rotaria sp. Silwood1 OX=2762511 GN=NZN594_LOCUS64774 PE=3 SV=1,Not_Target,Not_Target,Not_Target
tr|A0A815QBU8|A0A815QBU8_ADIRI Myosin heavy chain (Fragment) OS=Adineta ricciae OX=249248 GN=XAT740_LOCUS37479 PE=3 SV=1,Myosin,Not_Target,Not_Target
tr|A0A815R808|A0A815R808_9BILA Myosin motor domain-containing protein OS=Rotaria magnacalcarata OX=392030 GN=KQP761_LOCUS13142 PE=3 SV=1,Myosin,Myosin,Myosin
tr|A0A815S8E1|A0A815S8E1_9BILA Myosin heavy chain OS=Rotaria magnacalcarata OX=392030 GN=CJN711_LOCUS19138 PE=3 SV=1,Myosin,Myosin,Myosin
tr|A0A815SS27|A0A815SS27_ADIRI Myosin motor domain-containing protein OS=Adineta ricciae OX=249248 GN=XAT740_LOCUS39168 PE=3 SV=1,Myosin,Myosin,Myosin
tr|A0A815T2P3|A0A815T2P3_9BILA Myosin heavy chain OS=Rotaria magnacalcarata OX=392030 GN=CJN711_LOCUS27185 PE=3 SV=1,Not_Target,Not_Target,Not_Target
tr|A0A815T2U6|A0A815T2U6_9BILA Myosin heavy chain OS=Rotaria magnacalcarata OX=392030 GN=CJN711_LOCUS27184 PE=3 SV=1,Myosin,Myosin,Myosin
tr|A0A815TFM0|A0A815TFM0_9BILA Myosin heavy chain (Fragment) OS=Adineta steineri OX=433720 GN=BJG266_LOCUS43368 PE=3 SV=1,Myosin,Myosin,Myosin
tr|A0A815TH75|A0A815TH75_9BILA Myosin tail domain-containing protein (Fragment) OS=Didymodactylos carnosus OX=1234261 GN=GPM918_LOCUS37002 PE=4 SV=1,Myosin,Not_Target,Not_Target
tr|A0A815TRQ2|A0A815TRQ2_9BILA Myosin heavy chain (Fragment) OS=Adineta steineri OX=433720 GN=BJG266_LOCUS43435 PE=3 SV=1,Myosin,Myosin,Myosin
tr|A0A815TRS0|A0A815TRS0_9BILA Myosin heavy chain (Fragment) OS=Adineta steineri OX=433720 GN=BJG266_LOCUS43435 PE=3 SV=1,Myosin,Myosin,Myosin
tr|A0A815U232|A0A815U232_9BILA Myosin motor domain-containing protein (Fragment) OS=Adineta steineri OX=433720 GN=IZO911_LOCUS45409 PE=3 SV=1,Not_Target,Not_Target,Not_Target
tr|A0A815U3U0|A0A815U3U0_9BILA Myosin motor domain-containing protein (Fragment) OS=Adineta steineri OX=433720 GN=IZO911_LOCUS45523 PE=3 SV=1,Not_Target,Not_Target,Not_Target
tr|A0A815UDY5|A0A815UDY5_9BILA Myosin motor domain-containing protein (Fragment) OS=Didymodactylos carnosus OX=1234261 GN=GPM918_LOCUS37565 PE=3 SV=1,Not_Target,Myosin,Not_Target
tr|A0A815UK90|A0A815UK90_9BILA Myosin motor domain-containing protein (Fragment) OS=Rotaria sordida OX=392033 GN=JXQ802_LOCUS55999 PE=3 SV=1,Not_Target,Not_Target,Not_Target
tr|A0A815UWE6|A0A815UWE6_9BILA Myosin motor domain-containing protein (Fragment) OS=Rotaria sp. Silwood1 OX=2762511 GN=BAC187_LOCUS38223 PE=3 SV=1,Not_Target,Not_Target,Not_Target
tr|A0A815UXL2|A0A815UXL2_9BILA Myosin motor domain-containing protein (Fragment) OS=Rotaria sordida OX=392033 GN=RFH988_LOCUS39323 PE=3 SV=1,Not_Target,Not_Target,Actin
tr|A0A815VCJ1|A0A815VCJ1_ADIRI Myosin motor domain-containing protein (Fragment) OS=Adineta ricciae OX=249248 GN=XAT740_LOCUS41687 PE=3 SV=1,Myosin,Myosin,Myosin
tr|A0A815VVZ8|A0A815VVZ8_9BILA Myosin motor domain-containing protein (Fragment) OS=Rotaria sordida OX=392033 GN=ZHD862_LOCUS38952 PE=3 SV=1,Not_Target,Not_Target,Actin
tr|A0A815VW23|A0A815VW23_ADIRI Myosin motor domain-containing protein (Fragment) OS=Adineta ricciae OX=249248 GN=XAT740_LOCUS41915 PE=3 SV=1,Myosin,Myosin,Myosin
tr|A0A815VWX5|A0A815VWX5_ADIRI Myosin motor domain-containing protein (Fragment) OS=Adineta ricciae OX=249248 GN=XAT740_LOCUS41645 PE=3 SV=1,Myosin,Myosin,Myosin
tr|A0A815WI40|A0A815WI40_9BILA Myosin heavy chain (Fragment) OS=Rotaria sordida OX=392033 GN=JXQ802_LOCUS43425 PE=3 SV=1,Myosin,Myosin,Not_Target
tr|A0A815WPB2|A0A815WPB2_9BILA Myosin motor domain-containing protein (Fragment) OS=Adineta steineri OX=433720 GN=JYZ213_LOCUS45995 PE=3 SV=1,Not_Target,Not_Target,Not_Target
tr|A0A815X3Y2|A0A815X3Y2_9BILA Myosin tail domain-containing protein (Fragment) OS=Rotaria sordida OX=392033 GN=JXQ802_LOCUS57840 PE=4 SV=1,Myosin,Myosin,Myosin
tr|A0A815X559|A0A815X559_ADIRI Myosin motor domain-containing protein (Fragment) OS=Adineta ricciae OX=249248 GN=EDS130_LOCUS46155 PE=3 SV=1,Not_Target,Not_Target,Not_Target
tr|A0A815X823|A0A815X823_ADIRI Myosin tail domain-containing protein OS=Adineta ricciae OX=249248 GN=XAT740_LOCUS43127 PE=4 SV=1,Myosin,Myosin,Myosin
tr|A0A815X872|A0A815X872_ADIRI Myosin tail domain-containing protein OS=Adineta ricciae OX=249248 GN=XAT740_LOCUS43130 PE=4 SV=1,Myosin,Myosin,Myosin
tr|A0A815XBE1|A0A815XBE1_ADIRI Myosin-VIIa OS=Adineta ricciae OX=249248 GN=XAT740_LOCUS43213 PE=3 SV=1,Myosin,Myosin,Myosin
tr|A0A815XKH0|A0A815XKH0_ADIRI Myosin motor domain-containing protein (Fragment) OS=Adineta ricciae OX=249248 GN=EDS130_LOCUS46474 PE=3 SV=1,Not_Target,Not_Target,Not_Target
tr|A0A815XV05|A0A815XV05_9BILA Myosin motor domain-containing protein (Fragment) OS=Rotaria sordida OX=392033 GN=JXQ802_LOCUS58663 PE=3 SV=1,Not_Target,Not_Target,Actin
tr|A0A815Y315|A0A815Y315_9BILA Myosin motor domain-containing protein (Fragment) OS=Rotaria sordida OX=392033 GN=JXQ802_LOCUS58872 PE=3 SV=1,Not_Target,Not_Target,Not_Target
tr|A0A815Y9D9|A0A815Y9D9_9BILA Myosin motor domain-containing protein OS=Rotaria magnacalcarata OX=392030 GN=KQP761_LOCUS18955 PE=3 SV=1,Myosin,Not_Target,Not_Target
tr|A0A815Z2R6|A0A815Z2R6_ADIRI Myosin heavy chain (Fragment) OS=Adineta ricciae OX=249248 GN=XAT740_LOCUS45074 PE=3 SV=1,Not_Target,Not_Target,Not_Target
tr|A0A815Z4D8|A0A815Z4D8_9BILA Myosin heavy chain 95F OS=Rotaria sordida OX=392033 GN=JXQ802_LOCUS45911 PE=3 SV=1,Myosin,Myosin,Myosin
tr|A0A815ZE27|A0A815ZE27_9BILA Myosin motor domain-containing protein OS=Rotaria magnacalcarata OX=392030 GN=CJN711_LOCUS33159 PE=3 SV=1,Myosin,Myosin,Not_Target
tr|A0A815ZJ62|A0A815ZJ62_9BILA Myosin motor domain-containing protein OS=Adineta steineri OX=433720 GN=QVE165_LOCUS50296 PE=3 SV=1,Myosin,Myosin,Myosin
tr|A0A815ZN00|A0A815ZN00_9BILA Myosin motor domain-containing protein OS=Rotaria sordida OX=392033 GN=JXQ802_LOCUS46868 PE=3 SV=1,Not_Target,Myosin,Not_Target
tr|A0A816A2W6|A0A816A2W6_9BILA Myosin motor domain-containing protein OS=Rotaria sordida OX=392033 GN=JXQ802_LOCUS47194 PE=3 SV=1,Not_Target,Myosin,Not_Target
tr|A0A816AEG1|A0A816AEG1_9BILA Myosin motor domain-containing protein (Fragment) OS=Adineta steineri OX=433720 GN=BJG266_LOCUS50062 PE=3 SV=1,Not_Target,Not_Target,Not_Target
tr|A0A816AWV7|A0A816AWV7_9BILA Myosin N-terminal SH3-like domain-containing protein (Fragment) OS=Rotaria magnacalcarata OX=392030 GN=GIL414_LOCUS56729 PE=3 SV=1,Not_Target,Not_Target,Not_Target
tr|A0A816BAG3|A0A816BAG3_9BILA Myosin motor domain-containing protein OS=Rotaria sordida OX=392033 GN=JXQ802_LOCUS48918 PE=3 SV=1,Not_Target,Not_Target,Not_Target
tr|A0A816BCG8|A0A816BCG8_ADIRI Myosin tail domain-containing protein (Fragment) OS=Adineta ricciae OX=249248 GN=XAT740_LOCUS48739 PE=4 SV=1,Myosin,Myosin,Myosin
tr|A0A816C683|A0A816C683_ADIRI Myosin motor domain-containing protein (Fragment) OS=Adineta ricciae OX=249248 GN=XAT740_LOCUS50189 PE=3 SV=1,Myosin,Myosin,Myosin
tr|A0A816C9X3|A0A816C9X3_ADIRI Myosin-like protein (Fragment) OS=Adineta ricciae OX=249248 GN=XAT740_LOCUS50048 PE=3 SV=1,Not_Target,Not_Target,Not_Target
tr|A0A816CQ27|A0A816CQ27_9BILA Myosin heavy chain OS=Rotaria magnacalcarata OX=392030 GN=CJN711_LOCUS38986 PE=3 SV=1,Myosin,Myosin,Myosin
tr|A0A816CUB4|A0A816CUB4_ADIRI Myosin heavy chain (Fragment) OS=Adineta ricciae OX=249248 GN=XAT740_LOCUS50861 PE=3 SV=1,Not_Target,Not_Target,Not_Target
tr|A0A816D9Y0|A0A816D9Y0_9BILA Myosin N-terminal SH3-like domain-containing protein OS=Adineta steineri OX=433720 GN=BJG266_LOCUS40765 PE=3 SV=1,Not_Target,Not_Target,Not_Target
tr|A0A816DDP0|A0A816DDP0_ADIRI Myosin motor domain-containing protein (Fragment) OS=Adineta ricciae OX=249248 GN=XAT740_LOCUS52470 PE=3 SV=1,Myosin,Not_Target,Not_Target
tr|A0A816DG65|A0A816DG65_ADIRI Myosin motor domain-containing protein (Fragment) OS=Adineta ricciae OX=249248 GN=XAT740_LOCUS52476 PE=3 SV=1,Myosin,Not_Target,Not_Target
tr|A0A816DTQ1|A0A816DTQ1_ADIRI Myosin motor domain-containing protein (Fragment) OS=Adineta ricciae OX=249248 GN=XAT740_LOCUS52677 PE=3 SV=1,Myosin,Myosin,Myosin
tr|A0A816E2M8|A0A816E2M8_9BILA Myosin motor domain-containing protein OS=Rotaria magnacalcarata OX=392030 GN=KQP761_LOCUS28268 PE=3 SV=1,Myosin,Myosin,Not_Target
tr|A0A816ED03|A0A816ED03_ADIRI Myosin motor domain-containing protein (Fragment) OS=Adineta ricciae OX=249248 GN=XAT740_LOCUS54168 PE=3 SV=1,Myosin,Myosin,Myosin
tr|A0A816EFH8|A0A816EFH8_9BILA Myosin heavy chain OS=Rotaria magnacalcarata OX=392030 GN=KQP761_LOCUS28880 PE=3 SV=1,Myosin,Myosin,Myosin
tr|A0A816ER86|A0A816ER86_ADIRI Myosin motor domain-containing protein (Fragment) OS=Adineta ricciae OX=249248 GN=XAT740_LOCUS55325 PE=3 SV=1,Myosin,Myosin,Myosin
tr|A0A816FAI0|A0A816FAI0_ADIRI Myosin motor domain-containing protein (Fragment) OS=Adineta ricciae OX=249248 GN=XAT740_LOCUS56197 PE=3 SV=1,Myosin,Myosin,Myosin
tr|A0A816FFR8|A0A816FFR8_ADIRI Myosin motor domain-containing protein (Fragment) OS=Adineta ricciae OX=249248 GN=XAT740_LOCUS56862 PE=3 SV=1,Myosin,Myosin,Myosin
tr|A0A816FJ67|A0A816FJ67_9BILA Myosin motor domain-containing protein OS=Didymodactylos carnosus OX=1234261 GN=GPM918_LOCUS46012 PE=3 SV=1,Not_Target,Not_Target,Not_Target
tr|A0A816FJN3|A0A816FJN3_9BILA Myosin motor domain-containing protein (Fragment) OS=Didymodactylos carnosus OX=1234261 GN=GPM918_LOCUS46022 PE=3 SV=1,Not_Target,Not_Target,Actin
tr|A0A816FJQ1|A0A816FJQ1_9BILA Myosin motor domain-containing protein (Fragment) OS=Rotaria sordida OX=392033 GN=JXQ802_LOCUS56248 PE=3 SV=1,Not_Target,Not_Target,Not_Target
tr|A0A816FMB2|A0A816FMB2_ADIRI Myosin heavy chain (Fragment) OS=Adineta ricciae OX=249248 GN=XAT740_LOCUS57323 PE=3 SV=1,Myosin,Not_Target,Not_Target
tr|A0A816FMN1|A0A816FMN1_ADIRI Myosin heavy chain (Fragment) OS=Adineta ricciae OX=249248 GN=XAT740_LOCUS57328 PE=3 SV=1,Myosin,Not_Target,Not_Target
tr|A0A816FN31|A0A816FN31_ADIRI Myosin motor domain-containing protein (Fragment) OS=Adineta ricciae OX=249248 GN=XAT740_LOCUS57397 PE=3 SV=1,Myosin,Myosin,Myosin
tr|A0A816FR96|A0A816FR96_ADIRI Myosin tail domain-containing protein (Fragment) OS=Adineta ricciae OX=249248 GN=XAT740_LOCUS57606 PE=4 SV=1,Myosin,Myosin,Myosin
tr|A0A816FT44|A0A816FT44_9BILA Myosin motor domain-containing protein OS=Rotaria sp. Silwood1 OX=2762511 GN=NZN594_LOCUS63080 PE=3 SV=1,Not_Target,Not_Target,Actin
tr|A0A816FT53|A0A816FT53_9BILA Myosin motor domain-containing protein OS=Rotaria sp. Silwood1 OX=2762511 GN=NZN594_LOCUS63082 PE=3 SV=1,Not_Target,Not_Target,Actin
tr|A0A816G6W9|A0A816G6W9_ADIRI Myosin motor domain-containing protein (Fragment) OS=Adineta ricciae OX=249248 GN=XAT740_LOCUS58570 PE=3 SV=1,Not_Target,Not_Target,Not_Target
tr|A0A816GIH1|A0A816GIH1_ADIRI Myosin motor domain-containing protein (Fragment) OS=Adineta ricciae OX=249248 GN=XAT740_LOCUS59563 PE=3 SV=1,Not_Target,Not_Target,Not_Target
tr|A0A816GJ27|A0A816GJ27_ADIRI Myosin tail domain-containing protein (Fragment) OS=Adineta ricciae OX=249248 GN=XAT740_LOCUS59602 PE=4 SV=1,Myosin,Myosin,Myosin
tr|A0A816GLV6|A0A816GLV6_ADIRI Myosin motor domain-containing protein (Fragment) OS=Adineta ricciae OX=249248 GN=XAT740_LOCUS59557 PE=3 SV=1,Not_Target,Not_Target,Not_Target
tr|A0A816GMP2|A0A816GMP2_9BILA Myosin motor domain-containing protein OS=Rotaria sp. Silwood1 OX=2762511 GN=NZN594_LOCUS64775 PE=3 SV=1,Not_Target,Not_Target,Not_Target
tr|A0A816GMQ5|A0A816GMQ5_ADIRI Myosin tail domain-containing protein (Fragment) OS=Adineta ricciae OX=249248 GN=XAT740_LOCUS59619 PE=4 SV=1,Myosin,Myosin,Myosin
tr|A0A816GMV2|A0A816GMV2_ADIRI Myosin motor domain-containing protein (Fragment) OS=Adineta ricciae OX=249248 GN=XAT740_LOCUS59560 PE=3 SV=1,Not_Target,Myosin,Not_Target
tr|A0A816GPH4|A0A816GPH4_9BILA Myosin motor domain-containing protein (Fragment) OS=Rotaria sordida OX=392033 GN=JXQ802_LOCUS58654 PE=3 SV=1,Not_Target,Not_Target,Actin
tr|A0A816GQ02|A0A816GQ02_9BILA Myosin motor domain-containing protein (Fragment) OS=Adineta steineri OX=433720 GN=BJG266_LOCUS49550 PE=3 SV=1,Not_Target,Not_Target,Myosin
tr|A0A816GU06|A0A816GU06_9BILA Myosin motor domain-containing protein (Fragment) OS=Adineta steineri OX=433720 GN=BJG266_LOCUS49550 PE=3 SV=1,Not_Target,Myosin,Not_Target
tr|A0A816GX48|A0A816GX48_9BILA Myosin motor domain-containing protein (Fragment) OS=Adineta steineri OX=433720 GN=BJG266_LOCUS49611 PE=3 SV=1,Not_Target,Not_Target,Myosin
tr|A0A816GXG1|A0A816GXG1_ADIRI Myosin motor domain-containing protein (Fragment) OS=Adineta ricciae OX=249248 GN=XAT740_LOCUS60588 PE=3 SV=1,Myosin,Myosin,Myosin
tr|A0A816H2I1|A0A816H2I1_9BILA Myosin motor domain-containing protein (Fragment) OS=Adineta steineri OX=433720 GN=BJG266_LOCUS50013 PE=3 SV=1,Not_Target,Not_Target,Not_Target
tr|A0A816HB47|A0A816HB47_ADIRI Myosin motor domain-containing protein (Fragment) OS=Adineta ricciae OX=249248 GN=XAT740_LOCUS61436 PE=3 SV=1,Not_Target,Not_Target,Not_Target
tr|A0A816HCH4|A0A816HCH4_9BILA Myosin motor domain-containing protein OS=Rotaria magnacalcarata OX=392030 GN=CJN711_LOCUS11641 PE=3 SV=1,Myosin,Not_Target,Not_Target
tr|A0A816HI61|A0A816HI61_ADIRI Myosin motor domain-containing protein (Fragment) OS=Adineta ricciae OX=249248 GN=XAT740_LOCUS62562 PE=3 SV=1,Not_Target,Not_Target,Not_Target
tr|A0A816HIK0|A0A816HIK0_ADIRI Myosin tail domain-containing protein (Fragment) OS=Adineta ricciae OX=249248 GN=XAT740_LOCUS62193 PE=4 SV=1,Myosin,Myosin,Not_Target
tr|A0A816HJM1|A0A816HJM1_9BILA Myosin tail domain-containing protein OS=Rotaria sp. Silwood1 OX=2762511 GN=NZN594_LOCUS67944 PE=4 SV=1,Myosin,Myosin,Myosin
tr|A0A816HKD9|A0A816HKD9_ADIRI Myosin motor domain-containing protein (Fragment) OS=Adineta ricciae OX=249248 GN=XAT740_LOCUS62498 PE=3 SV=1,Not_Target,Not_Target,Not_Target
tr|A0A816HM14|A0A816HM14_ADIRI Myosin motor domain-containing protein (Fragment) OS=Adineta ricciae OX=249248 GN=XAT740_LOCUS62336 PE=3 SV=1,Not_Target,Myosin,Not_Target
tr|A0A816HM64|A0A816HM64_ADIRI Myosin motor domain-containing protein (Fragment) OS=Adineta ricciae OX=249248 GN=XAT740_LOCUS62353 PE=3 SV=1,Not_Target,Not_Target,Not_Target
tr|A0A816HTN4|A0A816HTN4_ADIRI Myosin motor domain-containing protein (Fragment) OS=Adineta ricciae OX=249248 GN=XAT740_LOCUS63478 PE=3 SV=1,Not_Target,Not_Target,Not_Target
tr|A0A816HUC2|A0A816HUC2_9BILA Myosin motor domain-containing protein (Fragment) OS=Rotaria sp. Silwood1 OX=2762511 GN=NZN594_LOCUS68399 PE=3 SV=1,Myosin,Myosin,Myosin
tr|A0A816HX49|A0A816HX49_ADIRI Myosin motor domain-containing protein (Fragment) OS=Adineta ricciae OX=249248 GN=XAT740_LOCUS63853 PE=3 SV=1,Not_Target,Not_Target,Not_Target
tr|A0A816L8I2|A0A816L8I2_9BILA Myosin motor domain-containing protein OS=Rotaria magnacalcarata OX=392030 GN=MBJ925_LOCUS4169 PE=3 SV=1,Myosin,Myosin,Not_Target
tr|A0A816MLB2|A0A816MLB2_9BILA Myosin heavy chain (Fragment) OS=Rotaria magnacalcarata OX=392030 GN=MBJ925_LOCUS7077 PE=3 SV=1,Myosin,Myosin,Myosin
tr|A0A816MVM7|A0A816MVM7_9BILA Myosin motor domain-containing protein OS=Rotaria magnacalcarata OX=392030 GN=XDN619_LOCUS4163 PE=3 SV=1,Not_Target,Not_Target,Not_Target
tr|A0A816MZH8|A0A816MZH8_9BILA Myosin motor domain-containing protein OS=Rotaria magnacalcarata OX=392030 GN=MBJ925_LOCUS9178 PE=3 SV=1,Myosin,Not_Target,Not_Target
tr|A0A816NBJ1|A0A816NBJ1_9BILA Myosin heavy chain OS=Rotaria magnacalcarata OX=392030 GN=MBJ925_LOCUS10254 PE=3 SV=1,Myosin,Myosin,Myosin
tr|A0A816NBM7|A0A816NBM7_9BILA Myosin motor domain-containing protein OS=Rotaria magnacalcarata OX=392030 GN=UXM345_LOCUS16941 PE=3 SV=1,Myosin,Not_Target,Not_Target
tr|A0A816NQI8|A0A816NQI8_9BILA Myosin-VIIa OS=Rotaria magnacalcarata OX=392030 GN=WKI299_LOCUS10603 PE=3 SV=1,Myosin,Myosin,Myosin
tr|A0A816NVC6|A0A816NVC6_9BILA Myosin motor domain-containing protein OS=Rotaria magnacalcarata OX=392030 GN=MBJ925_LOCUS11326 PE=3 SV=1,Not_Target,Not_Target,Not_Target
tr|A0A816PL78|A0A816PL78_9BILA Myosin heavy chain OS=Rotaria magnacalcarata OX=392030 GN=MBJ925_LOCUS12856 PE=3 SV=1,Myosin,Myosin,Myosin
tr|A0A816PXP4|A0A816PXP4_9BILA Myosin motor domain-containing protein (Fragment) OS=Rotaria magnacalcarata OX=392030 GN=OVN521_LOCUS37646 PE=3 SV=1,Not_Target,Myosin,Not_Target
tr|A0A816QXH2|A0A816QXH2_9BILA Myosin heavy chain OS=Rotaria magnacalcarata OX=392030 GN=MBJ925_LOCUS15969 PE=3 SV=1,Myosin,Myosin,Not_Target
tr|A0A816R4R9|A0A816R4R9_9BILA Myosin tail domain-containing protein (Fragment) OS=Rotaria magnacalcarata OX=392030 GN=WKI299_LOCUS13585 PE=4 SV=1,Myosin,Not_Target,Not_Target
tr|A0A816S060|A0A816S060_9BILA Myosin heavy chain OS=Rotaria magnacalcarata OX=392030 GN=CJN711_LOCUS22686 PE=3 SV=1,Myosin,Myosin,Myosin
tr|A0A816S2D9|A0A816S2D9_9BILA Myosin motor domain-containing protein OS=Rotaria magnacalcarata OX=392030 GN=MBJ925_LOCUS18271 PE=3 SV=1,Not_Target,Myosin,Not_Target
tr|A0A816SBQ8|A0A816SBQ8_9BILA Myosin motor domain-containing protein OS=Rotaria magnacalcarata OX=392030 GN=XDN619_LOCUS14934 PE=3 SV=1,Myosin,Myosin,Not_Target
tr|A0A816SLQ4|A0A816SLQ4_9BILA Myosin motor domain-containing protein OS=Rotaria magnacalcarata OX=392030 GN=XDN619_LOCUS16109 PE=3 SV=1,Myosin,Myosin,Myosin
tr|A0A816SZJ7|A0A816SZJ7_9BILA Myosin heavy chain OS=Rotaria magnacalcarata OX=392030 GN=XDN619_LOCUS16675 PE=3 SV=1,Myosin,Myosin,Myosin
tr|A0A816T0P4|A0A816T0P4_9BILA Myosin heavy chain OS=Rotaria magnacalcarata OX=392030 GN=MBJ925_LOCUS20232 PE=3 SV=1,Myosin,Myosin,Myosin
tr|A0A816UFW7|A0A816UFW7_9BILA Myosin heavy chain OS=Rotaria magnacalcarata OX=392030 GN=WKI299_LOCUS21830 PE=3 SV=1,Myosin,Myosin,Myosin
tr|A0A816UJT1|A0A816UJT1_9BILA Myosin heavy chain OS=Rotaria magnacalcarata OX=392030 GN=WKI299_LOCUS23019 PE=3 SV=1,Myosin,Myosin,Myosin
tr|A0A816VDD2|A0A816VDD2_9BILA Myosin heavy chain OS=Rotaria magnacalcarata OX=392030 GN=XDN619_LOCUS22419 PE=3 SV=1,Myosin,Myosin,Myosin
tr|A0A816VN92|A0A816VN92_9BILA Myosin motor domain-containing protein OS=Rotaria magnacalcarata OX=392030 GN=WKI299_LOCUS24765 PE=3 SV=1,Myosin,Not_Target,Not_Target
tr|A0A816W426|A0A816W426_9BILA Myosin motor domain-containing protein (Fragment) OS=Rotaria magnacalcarata OX=392030 GN=MBJ925_LOCUS28550 PE=3 SV=1,Myosin,Myosin,Myosin
tr|A0A816W6I2|A0A816W6I2_9BILA Myosin motor domain-containing protein OS=Rotaria magnacalcarata OX=392030 GN=XDN619_LOCUS24451 PE=3 SV=1,Myosin,Myosin,Myosin
tr|A0A816WUG7|A0A816WUG7_9BILA Myosin heavy chain OS=Rotaria magnacalcarata OX=392030 GN=MBJ925_LOCUS29093 PE=3 SV=1,Not_Target,Not_Target,Not_Target
tr|A0A816WVM9|A0A816WVM9_9BILA Myosin motor domain-containing protein OS=Rotaria magnacalcarata OX=392030 GN=XDN619_LOCUS26365 PE=3 SV=1,Myosin,Myosin,Myosin
tr|A0A816WWN9|A0A816WWN9_9BILA Myosin motor domain-containing protein OS=Rotaria magnacalcarata OX=392030 GN=XDN619_LOCUS26364 PE=3 SV=1,Not_Target,Not_Target,Not_Target
tr|A0A816WY19|A0A816WY19_9BILA Myosin motor domain-containing protein OS=Rotaria magnacalcarata OX=392030 GN=XDN619_LOCUS26545 PE=3 SV=1,Myosin,Not_Target,Not_Target
tr|A0A816YG27|A0A816YG27_9BILA Myosin heavy chain OS=Rotaria magnacalcarata OX=392030 GN=KQP761_LOCUS4087 PE=3 SV=1,Myosin,Myosin,Myosin
tr|A0A816Z5V7|A0A816Z5V7_9BILA Myosin motor domain-containing protein OS=Rotaria magnacalcarata OX=392030 GN=WKI299_LOCUS33702 PE=3 SV=1,Myosin,Myosin,Not_Target
tr|A0A816ZRZ7|A0A816ZRZ7_9BILA Myosin heavy chain OS=Rotaria magnacalcarata OX=392030 GN=CJN711_LOCUS29869 PE=3 SV=1,Myosin,Myosin,Myosin
tr|A0A817A276|A0A817A276_9BILA Myosin motor domain-containing protein OS=Rotaria magnacalcarata OX=392030 GN=WKI299_LOCUS36767 PE=3 SV=1,Myosin,Myosin,Myosin
tr|A0A817A816|A0A817A816_9BILA Myosin heavy chain OS=Rotaria magnacalcarata OX=392030 GN=WKI299_LOCUS36231 PE=3 SV=1,Myosin,Myosin,Myosin
tr|A0A817AJN7|A0A817AJN7_9BILA Myosin motor domain-containing protein OS=Rotaria magnacalcarata OX=392030 GN=XDN619_LOCUS36606 PE=3 SV=1,Myosin,Not_Target,Not_Target
tr|A0A817BSP0|A0A817BSP0_9BILA Myosin heavy chain OS=Rotaria sp. Silwood2 OX=2762512 GN=DRW283_LOCUS1573 PE=3 SV=1,Myosin,Myosin,Myosin
tr|A0A817BUL7|A0A817BUL7_9BILA Myosin heavy chain OS=Rotaria sp. Silwood2 OX=2762512 GN=DRW283_LOCUS4526 PE=3 SV=1,Myosin,Myosin,Myosin
tr|A0A817C030|A0A817C030_9BILA Myosin heavy chain 95F OS=Rotaria sp. Silwood2 OX=2762512 GN=NCT539_LOCUS8594 PE=3 SV=1,Myosin,Myosin,Myosin
tr|A0A817CMY4|A0A817CMY4_9BILA Myosin motor domain-containing protein OS=Rotaria sp. Silwood2 OX=2762512 GN=DRW283_LOCUS2071 PE=3 SV=1,Myosin,Not_Target,Myosin
tr|A0A817CT27|A0A817CT27_9BILA Myosin motor domain-containing protein OS=Rotaria sp. Silwood2 OX=2762512 GN=DRW283_LOCUS5194 PE=3 SV=1,Myosin,Myosin,Not_Target
tr|A0A817DA07|A0A817DA07_9BILA Myosin motor domain-containing protein OS=Rotaria sp. Silwood2 OX=2762512 GN=NCT539_LOCUS17416 PE=3 SV=1,Not_Target,Myosin,Not_Target
tr|A0A817DE82|A0A817DE82_9BILA Myosin motor domain-containing protein OS=Rotaria sp. Silwood2 OX=2762512 GN=NCT539_LOCUS17418 PE=3 SV=1,Myosin,Myosin,Myosin
tr|A0A817DI23|A0A817DI23_9BILA Myosin heavy chain 95F OS=Rotaria sp. Silwood2 OX=2762512 GN=DRW283_LOCUS7272 PE=3 SV=1,Myosin,Myosin,Myosin
tr|A0A817DIU8|A0A817DIU8_9BILA Myosin heavy chain OS=Rotaria sp. Silwood2 OX=2762512 GN=NCT539_LOCUS18848 PE=3 SV=1,Myosin,Myosin,Myosin
tr|A0A817DLY0|A0A817DLY0_9BILA Myosin heavy chain OS=Rotaria sp. Silwood2 OX=2762512 GN=DRW283_LOCUS13553 PE=3 SV=1,Myosin,Myosin,Myosin
tr|A0A817DMX6|A0A817DMX6_9BILA Myosin motor domain-containing protein OS=Rotaria sp. Silwood2 OX=2762512 GN=NCT539_LOCUS21234 PE=3 SV=1,Myosin,Myosin,Myosin
tr|A0A817DYL4|A0A817DYL4_9BILA Myosin heavy chain OS=Rotaria sp. Silwood2 OX=2762512 GN=NCT539_LOCUS18795 PE=3 SV=1,Not_Target,Not_Target,Not_Target
tr|A0A817E4L0|A0A817E4L0_9BILA Myosin motor domain-containing protein OS=Rotaria sp. Silwood2 OX=2762512 GN=DRW283_LOCUS8380 PE=3 SV=1,Not_Target,Not_Target,Not_Target
tr|A0A817E6Z3|A0A817E6Z3_9BILA Myosin motor domain-containing protein OS=Rotaria sp. Silwood2 OX=2762512 GN=DRW283_LOCUS12681 PE=3 SV=1,Myosin,Myosin,Not_Target
tr|A0A817EBH3|A0A817EBH3_9BILA Myosin motor domain-containing protein OS=Rotaria sp. Silwood2 OX=2762512 GN=NCT539_LOCUS24929 PE=3 SV=1,Myosin,Not_Target,Not_Target
tr|A0A817EJA4|A0A817EJA4_9BILA Myosin motor domain-containing protein OS=Rotaria sp. Silwood2 OX=2762512 GN=DRW283_LOCUS15137 PE=3 SV=1,Not_Target,Not_Target,Not_Target
tr|A0A817ESU8|A0A817ESU8_9BILA Myosin motor domain-containing protein OS=Rotaria sp. Silwood2 OX=2762512 GN=DRW283_LOCUS15138 PE=3 SV=1,Not_Target,Not_Target,Not_Target
tr|A0A817F415|A0A817F415_9BILA Myosin motor domain-containing protein OS=Rotaria sp. Silwood2 OX=2762512 GN=RHK424_LOCUS2019 PE=3 SV=1,Myosin,Not_Target,Myosin
tr|A0A817FB71|A0A817FB71_9BILA Myosin heavy chain OS=Rotaria sp. Silwood2 OX=2762512 GN=DRW283_LOCUS17770 PE=3 SV=1,Myosin,Myosin,Myosin
tr|A0A817FJ60|A0A817FJ60_9BILA Myosin tail domain-containing protein (Fragment) OS=Rotaria sp. Silwood2 OX=2762512 GN=DRW283_LOCUS18390 PE=4 SV=1,Myosin,Myosin,Myosin
tr|A0A817FMZ6|A0A817FMZ6_9BILA Myosin motor domain-containing protein OS=Rotaria sp. Silwood2 OX=2762512 GN=NCT539_LOCUS30317 PE=3 SV=1,Not_Target,Not_Target,Not_Target
tr|A0A817FPV3|A0A817FPV3_9BILA Myosin motor domain-containing protein OS=Rotaria sp. Silwood2 OX=2762512 GN=NCT539_LOCUS30316 PE=3 SV=1,Not_Target,Not_Target,Not_Target
tr|A0A817G5E7|A0A817G5E7_9BILA Myosin motor domain-containing protein OS=Rotaria sp. Silwood2 OX=2762512 GN=RHK424_LOCUS5239 PE=3 SV=1,Myosin,Not_Target,Not_Target
tr|A0A817GKH2|A0A817GKH2_9BILA Myosin heavy chain OS=Rotaria sp. Silwood2 OX=2762512 GN=DRW283_LOCUS21417 PE=3 SV=1,Myosin,Myosin,Myosin
tr|A0A817GTH8|A0A817GTH8_9BILA Myosin motor domain-containing protein OS=Rotaria sp. Silwood2 OX=2762512 GN=NCT539_LOCUS33842 PE=3 SV=1,Myosin,Myosin,Myosin
tr|A0A817GTT1|A0A817GTT1_9BILA Myosin motor domain-containing protein OS=Rotaria sp. Silwood2 OX=2762512 GN=RHK424_LOCUS7614 PE=3 SV=1,Myosin,Not_Target,Myosin
tr|A0A817GWR9|A0A817GWR9_9BILA Myosin heavy chain OS=Rotaria sp. Silwood2 OX=2762512 GN=RHK424_LOCUS8143 PE=3 SV=1,Not_Target,Not_Target,Not_Target
tr|A0A817H0C3|A0A817H0C3_9BILA Myosin motor domain-containing protein OS=Rotaria sp. Silwood2 OX=2762512 GN=DRW283_LOCUS23150 PE=3 SV=1,Myosin,Myosin,Myosin
tr|A0A817H7F2|A0A817H7F2_9BILA Myosin tail domain-containing protein OS=Rotaria sp. Silwood2 OX=2762512 GN=RHK424_LOCUS8710 PE=4 SV=1,Myosin,Myosin,Myosin
tr|A0A817HDV5|A0A817HDV5_9BILA Myosin motor domain-containing protein OS=Rotaria sp. Silwood2 OX=2762512 GN=DRW283_LOCUS24445 PE=3 SV=1,Myosin,Myosin,Not_Target
tr|A0A817HH80|A0A817HH80_9BILA Myosin heavy chain OS=Rotaria sp. Silwood2 OX=2762512 GN=RHK424_LOCUS8786 PE=3 SV=1,Myosin,Myosin,Myosin
tr|A0A817I1L3|A0A817I1L3_9BILA Myosin motor domain-containing protein OS=Rotaria sp. Silwood2 OX=2762512 GN=RHK424_LOCUS10576 PE=3 SV=1,Myosin,Myosin,Myosin
tr|A0A817I5W2|A0A817I5W2_9BILA Myosin heavy chain OS=Rotaria sp. Silwood2 OX=2762512 GN=SJO388_LOCUS10751 PE=3 SV=1,Myosin,Myosin,Myosin
tr|A0A817I816|A0A817I816_9BILA Myosin motor domain-containing protein OS=Rotaria sp. Silwood2 OX=2762512 GN=RHK424_LOCUS10620 PE=3 SV=1,Not_Target,Not_Target,Not_Target
tr|A0A817IZ32|A0A817IZ32_9BILA Myosin motor domain-containing protein OS=Rotaria sp. Silwood2 OX=2762512 GN=YTW244_LOCUS4247 PE=3 SV=1,Not_Target,Myosin,Myosin
tr|A0A817J0G7|A0A817J0G7_9BILA Myosin motor domain-containing protein OS=Rotaria sp. Silwood2 OX=2762512 GN=DRW283_LOCUS29017 PE=3 SV=1,Not_Target,Not_Target,Not_Target
tr|A0A817J247|A0A817J247_9BILA Myosin motor domain-containing protein OS=Rotaria sp. Silwood2 OX=2762512 GN=YTW244_LOCUS4247 PE=3 SV=1,Not_Target,Myosin,Not_Target
tr|A0A817J2E9|A0A817J2E9_9BILA Myosin motor domain-containing protein OS=Rotaria sp. Silwood2 OX=2762512 GN=YTW244_LOCUS4189 PE=3 SV=1,Myosin,Not_Target,Not_Target
tr|A0A817J874|A0A817J874_9BILA Myosin motor domain-containing protein OS=Rotaria sp. Silwood2 OX=2762512 GN=YTW244_LOCUS4189 PE=3 SV=1,Not_Target,Not_Target,Not_Target
tr|A0A817JCV1|A0A817JCV1_9BILA Myosin heavy chain OS=Rotaria sp. Silwood2 OX=2762512 GN=RHK424_LOCUS13941 PE=3 SV=1,Myosin,Myosin,Myosin
tr|A0A817JR30|A0A817JR30_9BILA Myosin motor domain-containing protein OS=Rotaria sp. Silwood2 OX=2762512 GN=RHK424_LOCUS15589 PE=3 SV=1,Myosin,Not_Target,Not_Target
tr|A0A817JTR2|A0A817JTR2_9BILA Myosin heavy chain OS=Rotaria sp. Silwood2 OX=2762512 GN=YTW244_LOCUS6024 PE=3 SV=1,Myosin,Myosin,Myosin
tr|A0A817JZ98|A0A817JZ98_9BILA Myosin motor domain-containing protein OS=Rotaria sp. Silwood2 OX=2762512 GN=RHK424_LOCUS16692 PE=3 SV=1,Not_Target,Not_Target,Not_Target
tr|A0A817K1F3|A0A817K1F3_9BILA Myosin heavy chain OS=Rotaria sp. Silwood2 OX=2762512 GN=RHK424_LOCUS14815 PE=3 SV=1,Myosin,Myosin,Myosin
tr|A0A817K4G1|A0A817K4G1_9BILA Myosin motor domain-containing protein OS=Rotaria sp. Silwood2 OX=2762512 GN=YTW244_LOCUS6416 PE=3 SV=1,Myosin,Myosin,Myosin
tr|A0A817K5E7|A0A817K5E7_9BILA Myosin motor domain-containing protein OS=Rotaria sp. Silwood2 OX=2762512 GN=NCT539_LOCUS41940 PE=3 SV=1,Not_Target,Not_Target,Not_Target
tr|A0A817K8K4|A0A817K8K4_9BILA Myosin tail domain-containing protein (Fragment) OS=Rotaria sp. Silwood2 OX=2762512 GN=RHK424_LOCUS17443 PE=4 SV=1,Myosin,Myosin,Myosin
tr|A0A817KJW9|A0A817KJW9_9BILA Myosin tail domain-containing protein OS=Rotaria sp. Silwood2 OX=2762512 GN=RHK424_LOCUS17444 PE=4 SV=1,Not_Target,Not_Target,Not_Target
tr|A0A817KJY8|A0A817KJY8_9BILA Myosin motor domain-containing protein OS=Rotaria sp. Silwood2 OX=2762512 GN=YTW244_LOCUS7814 PE=3 SV=1,Not_Target,Not_Target,Not_Target
tr|A0A817KN40|A0A817KN40_9BILA Myosin motor domain-containing protein OS=Rotaria sp. Silwood2 OX=2762512 GN=YTW244_LOCUS8140 PE=3 SV=1,Myosin,Myosin,Myosin
tr|A0A817KVA6|A0A817KVA6_9BILA Myosin heavy chain OS=Rotaria sp. Silwood2 OX=2762512 GN=DRW283_LOCUS17812 PE=3 SV=1,Myosin,Myosin,Myosin
tr|A0A817L0I5|A0A817L0I5_9BILA Myosin motor domain-containing protein OS=Rotaria sp. Silwood2 OX=2762512 GN=DRW283_LOCUS32478 PE=3 SV=1,Myosin,Myosin,Myosin
tr|A0A817LGB8|A0A817LGB8_9BILA Myosin motor domain-containing protein OS=Rotaria sp. Silwood2 OX=2762512 GN=YTW244_LOCUS9770 PE=3 SV=1,Myosin,Myosin,Myosin
tr|A0A817LUJ7|A0A817LUJ7_9BILA Myosin motor domain-containing protein OS=Rotaria sp. Silwood2 OX=2762512 GN=DRW283_LOCUS9330 PE=3 SV=1,Myosin,Myosin,Not_Target
tr|A0A817M088|A0A817M088_9BILA Myosin motor domain-containing protein OS=Rotaria sp. Silwood2 OX=2762512 GN=YTW244_LOCUS12055 PE=3 SV=1,Not_Target,Myosin,Not_Target
tr|A0A817MA81|A0A817MA81_9BILA Myosin heavy chain OS=Rotaria sp. Silwood2 OX=2762512 GN=YTW244_LOCUS12907 PE=3 SV=1,Not_Target,Not_Target,Not_Target
tr|A0A817ML38|A0A817ML38_9BILA Myosin motor domain-containing protein OS=Rotaria sp. Silwood2 OX=2762512 GN=RHK424_LOCUS21964 PE=3 SV=1,Not_Target,Myosin,Not_Target
tr|A0A817MS67|A0A817MS67_9BILA Myosin motor domain-containing protein OS=Rotaria sp. Silwood2 OX=2762512 GN=YTW244_LOCUS12908 PE=3 SV=1,Myosin,Myosin,Myosin
tr|A0A817N7C3|A0A817N7C3_9BILA Myosin motor domain-containing protein (Fragment) OS=Rotaria sp. Silwood2 OX=2762512 GN=NCT539_LOCUS47587 PE=3 SV=1,Not_Target,Not_Target,Not_Target
tr|A0A817P2Y4|A0A817P2Y4_9BILA Myosin motor domain-containing protein OS=Rotaria sp. Silwood2 OX=2762512 GN=YTW244_LOCUS16423 PE=3 SV=1,Not_Target,Not_Target,Not_Target
tr|A0A817P5B8|A0A817P5B8_9BILA Myosin motor domain-containing protein OS=Rotaria sp. Silwood2 OX=2762512 GN=YTW244_LOCUS16424 PE=3 SV=1,Not_Target,Not_Target,Not_Target
tr|A0A817Q2M4|A0A817Q2M4_9BILA Myosin motor domain-containing protein OS=Rotaria sp. Silwood2 OX=2762512 GN=DRW283_LOCUS42478 PE=3 SV=1,Not_Target,Not_Target,Not_Target
tr|A0A817Q7N2|A0A817Q7N2_9BILA Myosin motor domain-containing protein OS=Rotaria sp. Silwood2 OX=2762512 GN=YTW244_LOCUS19581 PE=3 SV=1,Myosin,Not_Target,Not_Target
tr|A0A817R2N3|A0A817R2N3_9BILA Myosin motor domain-containing protein OS=Rotaria sp. Silwood2 OX=2762512 GN=RHK424_LOCUS31128 PE=3 SV=1,Myosin,Myosin,Myosin
tr|A0A817S2Y8|A0A817S2Y8_9BILA Myosin motor domain-containing protein OS=Rotaria sp. Silwood2 OX=2762512 GN=YTW244_LOCUS25289 PE=3 SV=1,Not_Target,Not_Target,Not_Target
tr|A0A817S5X4|A0A817S5X4_9BILA Myosin motor domain-containing protein (Fragment) OS=Rotaria sp. Silwood2 OX=2762512 GN=DRW283_LOCUS46597 PE=3 SV=1,Not_Target,Not_Target,Not_Target
tr|A0A817SAE4|A0A817SAE4_9BILA Myosin heavy chain OS=Rotaria sp. Silwood2 OX=2762512 GN=YTW244_LOCUS24732 PE=3 SV=1,Myosin,Myosin,Myosin
tr|A0A817SAV7|A0A817SAV7_9BILA Myosin-IIIb-like (Fragment) OS=Rotaria socialis OX=392032 GN=LUA448_LOCUS6450 PE=3 SV=1,Not_Target,Not_Target,Myosin
tr|A0A817SG19|A0A817SG19_9BILA Myosin motor domain-containing protein OS=Rotaria sp. Silwood2 OX=2762512 GN=YTW244_LOCUS25288 PE=3 SV=1,Not_Target,Not_Target,Not_Target
tr|A0A817SGM2|A0A817SGM2_9BILA Myosin motor domain-containing protein OS=Rotaria socialis OX=392032 GN=FME351_LOCUS22953 PE=3 SV=1,Myosin,Not_Target,Not_Target
tr|A0A817SNK8|A0A817SNK8_9BILA Myosin motor domain-containing protein OS=Rotaria socialis OX=392032 GN=GRG538_LOCUS169 PE=3 SV=1,Myosin,Myosin,Myosin
tr|A0A817SQN9|A0A817SQN9_9BILA Myosin heavy chain OS=Rotaria socialis OX=392032 GN=TIS948_LOCUS17829 PE=3 SV=1,Myosin,Myosin,Myosin
tr|A0A817ST13|A0A817ST13_9BILA Myosin motor domain-containing protein OS=Rotaria sp. Silwood2 OX=2762512 GN=RHK424_LOCUS35664 PE=3 SV=1,Not_Target,Not_Target,Not_Target
tr|A0A817T2Q1|A0A817T2Q1_9BILA Myosin motor domain-containing protein OS=Rotaria socialis OX=392032 GN=LUA448_LOCUS8310 PE=3 SV=1,Myosin,Myosin,Myosin
tr|A0A817TG14|A0A817TG14_9BILA Myosin motor domain-containing protein OS=Rotaria socialis OX=392032 GN=LUA448_LOCUS10079 PE=3 SV=1,Not_Target,Not_Target,Actin
tr|A0A817TVH3|A0A817TVH3_9BILA Myosin motor domain-containing protein OS=Rotaria socialis OX=392032 GN=LUA448_LOCUS10079 PE=3 SV=1,Myosin,Myosin,Not_Target
tr|A0A817U531|A0A817U531_9BILA Myosin heavy chain OS=Rotaria sp. Silwood1 OX=2762511 GN=NZO219_LOCUS1478 PE=3 SV=1,Myosin,Myosin,Myosin
tr|A0A817UVC1|A0A817UVC1_9BILA Myosin motor domain-containing protein OS=Rotaria sp. Silwood2 OX=2762512 GN=YTW244_LOCUS29619 PE=3 SV=1,Myosin,Myosin,Myosin
tr|A0A817V015|A0A817V015_9BILA Myosin motor domain-containing protein OS=Rotaria socialis OX=392032 GN=KIK155_LOCUS2438 PE=3 SV=1,Myosin,Myosin,Not_Target
tr|A0A817V686|A0A817V686_9BILA Myosin motor domain-containing protein OS=Rotaria socialis OX=392032 GN=KIK155_LOCUS2438 PE=3 SV=1,Myosin,Myosin,Myosin
tr|A0A817V9T6|A0A817V9T6_9BILA Myosin motor domain-containing protein OS=Rotaria sp. Silwood1 OX=2762511 GN=DUG663_LOCUS1437 PE=3 SV=1,Myosin,Myosin,Myosin
tr|A0A817VGE9|A0A817VGE9_9BILA Myosin motor domain-containing protein OS=Rotaria socialis OX=392032 GN=FME351_LOCUS3834 PE=3 SV=1,Myosin,Myosin,Myosin
tr|A0A817WRB6|A0A817WRB6_9BILA Myosin heavy chain OS=Rotaria socialis OX=392032 GN=GRG538_LOCUS28981 PE=3 SV=1,Myosin,Myosin,Myosin
tr|A0A817X1X0|A0A817X1X0_9BILA Myosin-VIIa OS=Rotaria socialis OX=392032 GN=KIK155_LOCUS4627 PE=3 SV=1,Myosin,Myosin,Myosin
tr|A0A817XY93|A0A817XY93_9BILA Myosin motor domain-containing protein OS=Rotaria sp. Silwood1 OX=2762511 GN=DUG663_LOCUS3633 PE=3 SV=1,Myosin,Myosin,Myosin
tr|A0A817Y633|A0A817Y633_9BILA Myosin heavy chain OS=Rotaria sp. Silwood1 OX=2762511 GN=NZO219_LOCUS6028 PE=3 SV=1,Myosin,Myosin,Myosin
tr|A0A817YJW1|A0A817YJW1_9BILA Myosin motor domain-containing protein OS=Rotaria sp. Silwood1 OX=2762511 GN=NZO219_LOCUS6610 PE=3 SV=1,Myosin,Not_Target,Myosin
tr|A0A817YXL0|A0A817YXL0_9BILA Myosin motor domain-containing protein (Fragment) OS=Rotaria sp. Silwood2 OX=2762512 GN=RHK424_LOCUS41861 PE=3 SV=1,Not_Target,Not_Target,Not_Target
tr|A0A817Z388|A0A817Z388_9BILA Myosin motor domain-containing protein OS=Rotaria sp. Silwood1 OX=2762511 GN=CBO169_LOCUS4420 PE=3 SV=1,Myosin,Not_Target,Not_Target
tr|A0A817ZMW6|A0A817ZMW6_9BILA Myosin heavy chain OS=Rotaria sp. Silwood1 OX=2762511 GN=LEP731_LOCUS5913 PE=3 SV=1,Myosin,Myosin,Myosin
tr|A0A817ZQI0|A0A817ZQI0_9BILA Myosin heavy chain OS=Rotaria sp. Silwood1 OX=2762511 GN=DUG663_LOCUS5769 PE=3 SV=1,Myosin,Myosin,Myosin
tr|A0A817ZT22|A0A817ZT22_9BILA Myosin motor domain-containing protein OS=Rotaria sp. Silwood1 OX=2762511 GN=NZO219_LOCUS7578 PE=3 SV=1,Not_Target,Not_Target,Not_Target
tr|A0A817ZVQ4|A0A817ZVQ4_9BILA Myosin heavy chain OS=Rotaria sp. Silwood1 OX=2762511 GN=BAC187_LOCUS3189 PE=3 SV=1,Myosin,Myosin,Myosin
tr|A0A818ALV8|A0A818ALV8_9BILA Myosin motor domain-containing protein (Fragment) OS=Rotaria sp. Silwood2 OX=2762512 GN=RHK424_LOCUS43268 PE=3 SV=1,Not_Target,Not_Target,Not_Target
tr|A0A818AT32|A0A818AT32_9BILA Myosin heavy chain OS=Rotaria socialis OX=392032 GN=FME351_LOCUS9343 PE=3 SV=1,Myosin,Myosin,Myosin
tr|A0A818BUK7|A0A818BUK7_9BILA Myosin motor domain-containing protein OS=Rotaria sp. Silwood1 OX=2762511 GN=CBO169_LOCUS7267 PE=3 SV=1,Myosin,Myosin,Myosin
tr|A0A818CCP3|A0A818CCP3_9BILA Myosin motor domain-containing protein OS=Rotaria sp. Silwood1 OX=2762511 GN=NZO219_LOCUS11257 PE=3 SV=1,Myosin,Not_Target,Not_Target
tr|A0A818CDY3|A0A818CDY3_9BILA Myosin heavy chain OS=Rotaria socialis OX=392032 GN=FME351_LOCUS13362 PE=3 SV=1,Myosin,Myosin,Myosin
tr|A0A818CGZ2|A0A818CGZ2_9BILA Myosin motor domain-containing protein OS=Rotaria socialis OX=392032 GN=GRG538_LOCUS12392 PE=3 SV=1,Myosin,Myosin,Myosin
tr|A0A818CHA2|A0A818CHA2_9BILA Myosin heavy chain OS=Rotaria sp. Silwood1 OX=2762511 GN=CBO169_LOCUS8044 PE=3 SV=1,Myosin,Myosin,Myosin
tr|A0A818CHB6|A0A818CHB6_9BILA Myosin heavy chain OS=Rotaria sp. Silwood1 OX=2762511 GN=CBO169_LOCUS8044 PE=3 SV=1,Myosin,Myosin,Myosin
tr|A0A818CN29|A0A818CN29_9BILA Myosin heavy chain OS=Rotaria sp. Silwood1 OX=2762511 GN=DUG663_LOCUS8573 PE=3 SV=1,Myosin,Myosin,Myosin
tr|A0A818CS74|A0A818CS74_9BILA Myosin heavy chain OS=Rotaria sp. Silwood1 OX=2762511 GN=NZO219_LOCUS11845 PE=3 SV=1,Myosin,Myosin,Myosin
tr|A0A818CUU0|A0A818CUU0_9BILA Myosin heavy chain OS=Rotaria sp. Silwood1 OX=2762511 GN=LEP731_LOCUS10051 PE=3 SV=1,Myosin,Myosin,Myosin
tr|A0A818CYS8|A0A818CYS8_9BILA Myosin motor domain-containing protein (Fragment) OS=Rotaria sp. Silwood2 OX=2762512 GN=RHK424_LOCUS45442 PE=3 SV=1,Not_Target,Not_Target,Not_Target
tr|A0A818CZZ7|A0A818CZZ7_9BILA Myosin motor domain-containing protein (Fragment) OS=Rotaria sp. Silwood2 OX=2762512 GN=YTW244_LOCUS37783 PE=3 SV=1,Not_Target,Myosin,Not_Target
tr|A0A818D138|A0A818D138_9BILA Myosin motor domain-containing protein OS=Rotaria socialis OX=392032 GN=LUA448_LOCUS21141 PE=3 SV=1,Not_Target,Not_Target,Not_Target
tr|A0A818D273|A0A818D273_9BILA Myosin heavy chain OS=Rotaria sp. Silwood1 OX=2762511 GN=LEP731_LOCUS10051 PE=3 SV=1,Myosin,Not_Target,Myosin
tr|A0A818D3B1|A0A818D3B1_9BILA Myosin motor domain-containing protein OS=Rotaria socialis OX=392032 GN=HFQ381_LOCUS2792 PE=3 SV=1,Myosin,Not_Target,Not_Target
tr|A0A818DM00|A0A818DM00_9BILA Myosin motor domain-containing protein OS=Rotaria sp. Silwood1 OX=2762511 GN=CBO169_LOCUS9886 PE=3 SV=1,Not_Target,Not_Target,Not_Target
tr|A0A818DU27|A0A818DU27_9BILA Myosin heavy chain OS=Rotaria sp. Silwood1 OX=2762511 GN=NZO219_LOCUS13124 PE=3 SV=1,Myosin,Myosin,Myosin
tr|A0A818DUK6|A0A818DUK6_9BILA Myosin motor domain-containing protein OS=Rotaria sp. Silwood1 OX=2762511 GN=CBO169_LOCUS10074 PE=3 SV=1,Not_Target,Not_Target,Not_Target
tr|A0A818DUW9|A0A818DUW9_9BILA Myosin motor domain-containing protein OS=Rotaria sp. Silwood1 OX=2762511 GN=LEP731_LOCUS10827 PE=3 SV=1,Myosin,Not_Target,Not_Target
tr|A0A818DW10|A0A818DW10_9BILA Myosin motor domain-containing protein OS=Rotaria sp. Silwood1 OX=2762511 GN=LEP731_LOCUS10828 PE=3 SV=1,Not_Target,Not_Target,Not_Target
tr|A0A818DXH7|A0A818DXH7_9BILA Myosin motor domain-containing protein OS=Rotaria sp. Silwood1 OX=2762511 GN=DUG663_LOCUS11093 PE=3 SV=1,Myosin,Not_Target,Not_Target
tr|A0A818E761|A0A818E761_9BILA Myosin heavy chain OS=Rotaria socialis OX=392032 GN=FME351_LOCUS30677 PE=3 SV=1,Myosin,Myosin,Myosin
tr|A0A818ECG2|A0A818ECG2_9BILA Myosin heavy chain OS=Rotaria socialis OX=392032 GN=GRG538_LOCUS14273 PE=3 SV=1,Myosin,Myosin,Myosin
tr|A0A818EKW0|A0A818EKW0_9BILA Myosin motor domain-containing protein (Fragment) OS=Rotaria sp. Silwood2 OX=2762512 GN=RHK424_LOCUS46454 PE=3 SV=1,Not_Target,Not_Target,Not_Target
tr|A0A818ETF6|A0A818ETF6_9BILA Myosin motor domain-containing protein OS=Rotaria sp. Silwood1 OX=2762511 GN=NZO219_LOCUS13929 PE=3 SV=1,Myosin,Myosin,Not_Target
tr|A0A818EWB2|A0A818EWB2_9BILA Myosin heavy chain OS=Rotaria socialis OX=392032 GN=GRG538_LOCUS15268 PE=3 SV=1,Myosin,Myosin,Myosin
tr|A0A818F0B8|A0A818F0B8_9BILA Myosin-VIIa OS=Rotaria socialis OX=392032 GN=TIS948_LOCUS33005 PE=3 SV=1,Myosin,Myosin,Myosin
tr|A0A818F833|A0A818F833_9BILA Myosin heavy chain OS=Rotaria sp. Silwood1 OX=2762511 GN=CBO169_LOCUS11982 PE=3 SV=1,Myosin,Myosin,Myosin
tr|A0A818FA38|A0A818FA38_9BILA Myosin heavy chain OS=Rotaria socialis OX=392032 GN=FME351_LOCUS2986 PE=3 SV=1,Myosin,Myosin,Myosin
tr|A0A818FIH3|A0A818FIH3_9BILA Myosin motor domain-containing protein OS=Rotaria socialis OX=392032 GN=KIK155_LOCUS14106 PE=3 SV=1,Myosin,Myosin,Myosin
tr|A0A818FQ47|A0A818FQ47_9BILA Myosin heavy chain OS=Rotaria sp. Silwood1 OX=2762511 GN=BAC187_LOCUS6133 PE=3 SV=1,Myosin,Myosin,Myosin
tr|A0A818FUK7|A0A818FUK7_9BILA Myosin motor domain-containing protein (Fragment) OS=Rotaria sp. Silwood2 OX=2762512 GN=YTW244_LOCUS40048 PE=3 SV=1,Myosin,Not_Target,Not_Target
tr|A0A818FV05|A0A818FV05_9BILA Myosin heavy chain OS=Rotaria sp. Silwood1 OX=2762511 GN=CBO169_LOCUS12729 PE=3 SV=1,Myosin,Myosin,Myosin
tr|A0A818G2I9|A0A818G2I9_9BILA Myosin heavy chain OS=Rotaria socialis OX=392032 GN=GRG538_LOCUS16619 PE=3 SV=1,Myosin,Myosin,Myosin
tr|A0A818GJR1|A0A818GJR1_9BILA Myosin motor domain-containing protein OS=Rotaria socialis OX=392032 GN=FME351_LOCUS16176 PE=3 SV=1,Myosin,Myosin,Myosin
tr|A0A818GKN6|A0A818GKN6_9BILA Myosin motor domain-containing protein OS=Rotaria socialis OX=392032 GN=FME351_LOCUS16176 PE=3 SV=1,Not_Target,Myosin,Myosin
tr|A0A818GQG8|A0A818GQG8_9BILA Myosin heavy chain OS=Rotaria sp. Silwood1 OX=2762511 GN=LEP731_LOCUS14050 PE=3 SV=1,Myosin,Myosin,Myosin
tr|A0A818GQH6|A0A818GQH6_9BILA Myosin tail domain-containing protein OS=Rotaria sp. Silwood1 OX=2762511 GN=LEP731_LOCUS14051 PE=4 SV=1,Myosin,Myosin,Myosin
tr|A0A818HXJ5|A0A818HXJ5_9BILA Myosin motor domain-containing protein OS=Rotaria sp. Silwood1 OX=2762511 GN=CBO169_LOCUS14639 PE=3 SV=1,Myosin,Myosin,Myosin
tr|A0A818I412|A0A818I412_9BILA Myosin heavy chain OS=Rotaria socialis OX=392032 GN=FME351_LOCUS17538 PE=3 SV=1,Myosin,Myosin,Myosin
tr|A0A818IC46|A0A818IC46_9BILA Myosin motor domain-containing protein OS=Rotaria sp. Silwood1 OX=2762511 GN=LEP731_LOCUS15818 PE=3 SV=1,Myosin,Myosin,Myosin
tr|A0A818IGB4|A0A818IGB4_9BILA Myosin heavy chain OS=Rotaria socialis OX=392032 GN=LUA448_LOCUS26626 PE=3 SV=1,Myosin,Myosin,Myosin
tr|A0A818II91|A0A818II91_9BILA Myosin motor domain-containing protein OS=Adineta steineri OX=433720 GN=OKA104_LOCUS2545 PE=3 SV=1,Myosin,Myosin,Not_Target
tr|A0A818IWU2|A0A818IWU2_9BILA Myosin motor domain-containing protein OS=Adineta steineri OX=433720 GN=KXQ929_LOCUS1607 PE=3 SV=1,Myosin,Myosin,Not_Target
tr|A0A818J0V6|A0A818J0V6_9BILA Myosin heavy chain OS=Rotaria sp. Silwood1 OX=2762511 GN=CBO169_LOCUS15890 PE=3 SV=1,Myosin,Myosin,Myosin
tr|A0A818J1P8|A0A818J1P8_9BILA Myosin heavy chain OS=Rotaria sp. Silwood1 OX=2762511 GN=NZO219_LOCUS18284 PE=3 SV=1,Myosin,Myosin,Myosin
tr|A0A818J675|A0A818J675_9BILA Myosin heavy chain OS=Adineta steineri OX=433720 GN=IZO911_LOCUS38356 PE=3 SV=1,Myosin,Myosin,Myosin
tr|A0A818KH03|A0A818KH03_9BILA Myosin motor domain-containing protein (Fragment) OS=Rotaria sp. Silwood1 OX=2762511 GN=DUG663_LOCUS17681 PE=3 SV=1,Not_Target,Not_Target,Not_Target
tr|A0A818KJU8|A0A818KJU8_9BILA Myosin motor domain-containing protein OS=Adineta steineri OX=433720 GN=OKA104_LOCUS4175 PE=3 SV=1,Myosin,Not_Target,Not_Target
tr|A0A818KLK9|A0A818KLK9_9BILA Myosin heavy chain OS=Rotaria sp. Silwood1 OX=2762511 GN=DUG663_LOCUS17726 PE=3 SV=1,Myosin,Myosin,Myosin
tr|A0A818KNI3|A0A818KNI3_9BILA Myosin heavy chain OS=Rotaria sp. Silwood1 OX=2762511 GN=NZO219_LOCUS19753 PE=3 SV=1,Myosin,Myosin,Myosin
tr|A0A818KPR9|A0A818KPR9_9BILA Myosin heavy chain OS=Rotaria sordida OX=392033 GN=FNK824_LOCUS1290 PE=3 SV=1,Myosin,Myosin,Myosin
tr|A0A818LLT8|A0A818LLT8_9BILA Myosin tail domain-containing protein OS=Rotaria sp. Silwood1 OX=2762511 GN=BAC187_LOCUS18396 PE=4 SV=1,Myosin,Myosin,Not_Target
tr|A0A818LUH5|A0A818LUH5_9BILA Myosin motor domain-containing protein OS=Rotaria sordida OX=392033 GN=JBS370_LOCUS2848 PE=3 SV=1,Myosin,Myosin,Not_Target
tr|A0A818MGN2|A0A818MGN2_9BILA Myosin tail domain-containing protein (Fragment) OS=Rotaria sp. Silwood1 OX=2762511 GN=LEP731_LOCUS19354 PE=4 SV=1,Myosin,Myosin,Myosin
tr|A0A818MJJ0|A0A818MJJ0_9BILA Myosin heavy chain OS=Rotaria sp. Silwood1 OX=2762511 GN=LEP731_LOCUS19407 PE=3 SV=1,Myosin,Myosin,Myosin
tr|A0A818MJU3|A0A818MJU3_9BILA Myosin motor domain-containing protein (Fragment) OS=Rotaria sp. Silwood2 OX=2762512 GN=YTW244_LOCUS45217 PE=3 SV=1,Not_Target,Not_Target,Not_Target
tr|A0A818ML33|A0A818ML33_9BILA Myosin heavy chain OS=Rotaria socialis OX=392032 GN=KIK155_LOCUS20442 PE=3 SV=1,Myosin,Myosin,Myosin
tr|A0A818MUW0|A0A818MUW0_9BILA Myosin motor domain-containing protein (Fragment) OS=Rotaria sp. Silwood2 OX=2762512 GN=YTW244_LOCUS45424 PE=3 SV=1,Not_Target,Myosin,Not_Target
tr|A0A818NT19|A0A818NT19_9BILA Myosin heavy chain OS=Adineta steineri OX=433720 GN=KXQ929_LOCUS5686 PE=3 SV=1,Myosin,Myosin,Myosin
tr|A0A818P5J9|A0A818P5J9_9BILA Myosin motor domain-containing protein (Fragment) OS=Rotaria sp. Silwood2 OX=2762512 GN=SJO388_LOCUS51362 PE=3 SV=1,Not_Target,Not_Target,Not_Target
tr|A0A818P6C5|A0A818P6C5_9BILA Myosin motor domain-containing protein OS=Rotaria sordida OX=392033 GN=JBS370_LOCUS4509 PE=3 SV=1,Myosin,Not_Target,Not_Target
tr|A0A818PJM7|A0A818PJM7_9BILA Myosin tail domain-containing protein (Fragment) OS=Rotaria sp. Silwood1 OX=2762511 GN=LEP731_LOCUS21036 PE=4 SV=1,Not_Target,Myosin,Not_Target
tr|A0A818PLW7|A0A818PLW7_9BILA Myosin heavy chain OS=Rotaria sp. Silwood1 OX=2762511 GN=CBO169_LOCUS17482 PE=3 SV=1,Myosin,Myosin,Myosin
tr|A0A818PRE7|A0A818PRE7_9BILA Myosin motor domain-containing protein (Fragment) OS=Rotaria sp. Silwood1 OX=2762511 GN=CBO169_LOCUS20503 PE=3 SV=1,Myosin,Myosin,Myosin
tr|A0A818PTL2|A0A818PTL2_9BILA Myosin heavy chain OS=Rotaria sordida OX=392033 GN=JBS370_LOCUS5255 PE=3 SV=1,Myosin,Myosin,Myosin
tr|A0A818PY37|A0A818PY37_9BILA Myosin motor domain-containing protein OS=Rotaria sp. Silwood2 OX=2762512 GN=YTW244_LOCUS46586 PE=3 SV=1,Not_Target,Not_Target,Not_Target
tr|A0A818QAZ9|A0A818QAZ9_9BILA Myosin motor domain-containing protein OS=Rotaria socialis OX=392032 GN=KIK155_LOCUS22460 PE=3 SV=1,Not_Target,Not_Target,Not_Target
tr|A0A818QDW8|A0A818QDW8_9BILA Myosin motor domain-containing protein OS=Adineta steineri OX=433720 GN=OXD698_LOCUS8393 PE=3 SV=1,Myosin,Not_Target,Not_Target
tr|A0A818QH28|A0A818QH28_9BILA Myosin tail domain-containing protein OS=Rotaria sordida OX=392033 GN=JBS370_LOCUS5490 PE=4 SV=1,Myosin,Myosin,Myosin
tr|A0A818QH51|A0A818QH51_9BILA Myosin heavy chain OS=Rotaria socialis OX=392032 GN=FME351_LOCUS23980 PE=3 SV=1,Myosin,Myosin,Myosin
tr|A0A818QMD5|A0A818QMD5_9BILA Myosin heavy chain (Fragment) OS=Adineta steineri OX=433720 GN=OXD698_LOCUS8257 PE=3 SV=1,Myosin,Myosin,Myosin
tr|A0A818R7S7|A0A818R7S7_9BILA Myosin motor domain-containing protein OS=Rotaria socialis OX=392032 GN=FME351_LOCUS27866 PE=3 SV=1,Myosin,Not_Target,Not_Target
tr|A0A818RGS6|A0A818RGS6_9BILA Myosin motor domain-containing protein OS=Rotaria sp. Silwood1 OX=2762511 GN=BAC187_LOCUS18904 PE=3 SV=1,Not_Target,Not_Target,Not_Target
tr|A0A818RUR8|A0A818RUR8_9BILA Myosin motor domain-containing protein OS=Rotaria sp. Silwood1 OX=2762511 GN=CBO169_LOCUS22448 PE=3 SV=1,Myosin,Myosin,Not_Target
tr|A0A818S1T2|A0A818S1T2_9BILA Myosin motor domain-containing protein OS=Rotaria sp. Silwood1 OX=2762511 GN=BAC187_LOCUS3672 PE=3 SV=1,Myosin,Myosin,Not_Target
tr|A0A818SV33|A0A818SV33_9BILA Myosin motor domain-containing protein OS=Rotaria sp. Silwood1 OX=2762511 GN=CBO169_LOCUS23312 PE=3 SV=1,Not_Target,Myosin,Not_Target
tr|A0A818T0M0|A0A818T0M0_9BILA Myosin motor domain-containing protein OS=Adineta steineri OX=433720 GN=OKA104_LOCUS11058 PE=3 SV=1,Myosin,Not_Target,Not_Target
tr|A0A818TSY5|A0A818TSY5_9BILA Myosin tail domain-containing protein OS=Rotaria socialis OX=392032 GN=KIK155_LOCUS25496 PE=4 SV=1,Myosin,Myosin,Myosin
tr|A0A818TYS1|A0A818TYS1_9BILA Myosin motor domain-containing protein OS=Rotaria sp. Silwood1 OX=2762511 GN=DUG663_LOCUS24817 PE=3 SV=1,Not_Target,Not_Target,Not_Target
tr|A0A818TZ82|A0A818TZ82_9BILA Myosin motor domain-containing protein OS=Rotaria sordida OX=392033 GN=OTI717_LOCUS11908 PE=3 SV=1,Myosin,Myosin,Myosin
tr|A0A818UC93|A0A818UC93_9BILA Myosin heavy chain OS=Adineta steineri OX=433720 GN=JYZ213_LOCUS143 PE=3 SV=1,Myosin,Myosin,Myosin
tr|A0A818UIG3|A0A818UIG3_9BILA Myosin motor domain-containing protein OS=Adineta steineri OX=433720 GN=JYZ213_LOCUS6662 PE=3 SV=1,Myosin,Myosin,Not_Target
tr|A0A818UV41|A0A818UV41_9BILA Myosin heavy chain OS=Adineta steineri OX=433720 GN=KXQ929_LOCUS11227 PE=3 SV=1,Myosin,Myosin,Myosin
tr|A0A818V9C9|A0A818V9C9_9BILA Myosin heavy chain OS=Adineta steineri OX=433720 GN=OKA104_LOCUS13040 PE=3 SV=1,Myosin,Myosin,Myosin
tr|A0A818VI69|A0A818VI69_9BILA Myosin motor domain-containing protein (Fragment) OS=Rotaria sp. Silwood1 OX=2762511 GN=CBO169_LOCUS25610 PE=3 SV=1,Myosin,Not_Target,Not_Target
tr|A0A818VJA4|A0A818VJA4_9BILA Myosin tail domain-containing protein OS=Rotaria sp. Silwood1 OX=2762511 GN=CBO169_LOCUS25700 PE=4 SV=1,Myosin,Myosin,Myosin
tr|A0A818VW20|A0A818VW20_9BILA Myosin heavy chain OS=Rotaria sordida OX=392033 GN=FNK824_LOCUS4381 PE=3 SV=1,Myosin,Myosin,Myosin
tr|A0A818W6Z2|A0A818W6Z2_9BILA Myosin motor domain-containing protein OS=Rotaria sordida OX=392033 GN=FNK824_LOCUS10478 PE=3 SV=1,Myosin,Myosin,Not_Target
tr|A0A818W846|A0A818W846_9BILA Myosin motor domain-containing protein OS=Rotaria socialis OX=392032 GN=FME351_LOCUS29079 PE=3 SV=1,Myosin,Not_Target,Not_Target
tr|A0A818WMS2|A0A818WMS2_9BILA Myosin motor domain-containing protein OS=Adineta steineri OX=433720 GN=KXQ929_LOCUS12807 PE=3 SV=1,Myosin,Myosin,Myosin
tr|A0A818WWK8|A0A818WWK8_9BILA Myosin tail domain-containing protein OS=Rotaria sordida OX=392033 GN=FNK824_LOCUS11070 PE=4 SV=1,Myosin,Not_Target,Not_Target
tr|A0A818X4V1|A0A818X4V1_9BILA Myosin heavy chain OS=Rotaria magnacalcarata OX=392030 GN=OVN521_LOCUS190 PE=3 SV=1,Myosin,Myosin,Myosin
tr|A0A818X654|A0A818X654_9BILA Myosin motor domain-containing protein OS=Rotaria sordida OX=392033 GN=FNK824_LOCUS11341 PE=3 SV=1,Not_Target,Not_Target,Myosin
tr|A0A818XPG0|A0A818XPG0_9BILA Myosin motor domain-containing protein (Fragment) OS=Rotaria sordida OX=392033 GN=FNK824_LOCUS11735 PE=3 SV=1,Not_Target,Not_Target,Not_Target
tr|A0A818XPR8|A0A818XPR8_9BILA Myosin heavy chain OS=Rotaria magnacalcarata OX=392030 GN=UXM345_LOCUS1574 PE=3 SV=1,Myosin,Myosin,Myosin
tr|A0A818YMR1|A0A818YMR1_9BILA Myosin motor domain-containing protein OS=Rotaria socialis OX=392032 GN=KIK155_LOCUS29820 PE=3 SV=1,Myosin,Myosin,Myosin
tr|A0A818YNE7|A0A818YNE7_9BILA Myosin heavy chain OS=Adineta steineri OX=433720 GN=OKA104_LOCUS16077 PE=3 SV=1,Myosin,Myosin,Myosin
tr|A0A818YU14|A0A818YU14_9BILA Myosin heavy chain OS=Rotaria socialis OX=392032 GN=FME351_LOCUS31095 PE=3 SV=1,Myosin,Myosin,Myosin
tr|A0A818YXC8|A0A818YXC8_9BILA Myosin heavy chain OS=Rotaria magnacalcarata OX=392030 GN=OVN521_LOCUS1725 PE=3 SV=1,Myosin,Myosin,Myosin
tr|A0A818ZA71|A0A818ZA71_9BILA Myosin heavy chain OS=Rotaria magnacalcarata OX=392030 GN=OVN521_LOCUS1976 PE=3 SV=1,Myosin,Myosin,Myosin
tr|A0A818ZKR5|A0A818ZKR5_9BILA Myosin heavy chain OS=Rotaria sordida OX=392033 GN=FNK824_LOCUS13313 PE=3 SV=1,Myosin,Myosin,Myosin
tr|A0A818ZPD8|A0A818ZPD8_9BILA Myosin motor domain-containing protein (Fragment) OS=Rotaria sordida OX=392033 GN=FNK824_LOCUS13406 PE=3 SV=1,Myosin,Myosin,Myosin
tr|A0A818ZWF6|A0A818ZWF6_9BILA Myosin motor domain-containing protein OS=Rotaria magnacalcarata OX=392030 GN=UXM345_LOCUS3530 PE=3 SV=1,Myosin,Myosin,Myosin
tr|A0A819A4I3|A0A819A4I3_9BILA Myosin motor domain-containing protein OS=Rotaria sp. Silwood1 OX=2762511 GN=DUG663_LOCUS33937 PE=3 SV=1,Not_Target,Not_Target,Not_Target
tr|A0A819AM37|A0A819AM37_9BILA Myosin motor domain-containing protein (Fragment) OS=Rotaria sordida OX=392033 GN=JBS370_LOCUS32170 PE=3 SV=1,Myosin,Not_Target,Not_Target
tr|A0A819AVR6|A0A819AVR6_9BILA Myosin motor domain-containing protein OS=Rotaria sordida OX=392033 GN=OTI717_LOCUS17872 PE=3 SV=1,Not_Target,Not_Target,Not_Target
tr|A0A819AZW6|A0A819AZW6_9BILA Myosin heavy chain OS=Rotaria magnacalcarata OX=392030 GN=OVN521_LOCUS3453 PE=3 SV=1,Myosin,Myosin,Myosin
tr|A0A819BL31|A0A819BL31_9BILA Myosin motor domain-containing protein OS=Adineta steineri OX=433720 GN=KXQ929_LOCUS17204 PE=3 SV=1,Myosin,Myosin,Not_Target
tr|A0A819BRP5|A0A819BRP5_9BILA Myosin motor domain-containing protein OS=Rotaria sp. Silwood1 OX=2762511 GN=CBO169_LOCUS31365 PE=3 SV=1,Not_Target,Not_Target,Not_Target
tr|A0A819C0C2|A0A819C0C2_9BILA Myosin motor domain-containing protein (Fragment) OS=Rotaria magnacalcarata OX=392030 GN=OVN521_LOCUS4181 PE=3 SV=1,Myosin,Not_Target,Not_Target
tr|A0A819C699|A0A819C699_9BILA Myosin heavy chain OS=Adineta steineri OX=433720 GN=OXD698_LOCUS19100 PE=3 SV=1,Myosin,Myosin,Myosin
tr|A0A819CP79|A0A819CP79_9BILA Myosin heavy chain OS=Rotaria sordida OX=392033 GN=JBS370_LOCUS16485 PE=3 SV=1,Myosin,Myosin,Myosin
tr|A0A819DH01|A0A819DH01_9BILA Myosin heavy chain OS=Rotaria sordida OX=392033 GN=OTI717_LOCUS20187 PE=3 SV=1,Myosin,Myosin,Myosin
tr|A0A819DHK1|A0A819DHK1_9BILA Myosin motor domain-containing protein OS=Rotaria sordida OX=392033 GN=FNK824_LOCUS16659 PE=3 SV=1,Not_Target,Not_Target,Actin
tr|A0A819DUI0|A0A819DUI0_9BILA Myosin motor domain-containing protein OS=Rotaria sordida OX=392033 GN=JBS370_LOCUS17482 PE=3 SV=1,Not_Target,Not_Target,Not_Target
tr|A0A819E0M6|A0A819E0M6_9BILA Myosin-VIIa OS=Rotaria magnacalcarata OX=392030 GN=UXM345_LOCUS7293 PE=3 SV=1,Myosin,Myosin,Myosin
tr|A0A819E4Q2|A0A819E4Q2_9BILA Myosin motor domain-containing protein (Fragment) OS=Adineta steineri OX=433720 GN=OXD698_LOCUS20875 PE=3 SV=1,Myosin,Myosin,Myosin
tr|A0A819EE49|A0A819EE49_9BILA Myosin motor domain-containing protein (Fragment) OS=Rotaria sordida OX=392033 GN=FNK824_LOCUS17776 PE=3 SV=1,Myosin,Not_Target,Myosin
tr|A0A819EE61|A0A819EE61_9BILA Myosin motor domain-containing protein OS=Rotaria sp. Silwood1 OX=2762511 GN=DUG663_LOCUS34085 PE=3 SV=1,Not_Target,Not_Target,Not_Target
tr|A0A819EKZ1|A0A819EKZ1_9BILA Myosin motor domain-containing protein (Fragment) OS=Rotaria sp. Silwood1 OX=2762511 GN=NZO219_LOCUS36254 PE=3 SV=1,Myosin,Not_Target,Not_Target
tr|A0A819EQM8|A0A819EQM8_9BILA Myosin motor domain-containing protein OS=Rotaria sp. Silwood1 OX=2762511 GN=CBO169_LOCUS34045 PE=3 SV=1,Not_Target,Not_Target,Not_Target
tr|A0A819EUX2|A0A819EUX2_9BILA Myosin heavy chain OS=Rotaria magnacalcarata OX=392030 GN=OVN521_LOCUS7080 PE=3 SV=1,Myosin,Myosin,Myosin
tr|A0A819EVQ4|A0A819EVQ4_9BILA Myosin heavy chain OS=Rotaria sordida OX=392033 GN=FNK824_LOCUS18150 PE=3 SV=1,Myosin,Myosin,Myosin
tr|A0A819F5D4|A0A819F5D4_9BILA Myosin tail domain-containing protein OS=Rotaria sordida OX=392033 GN=OTI717_LOCUS21771 PE=4 SV=1,Myosin,Not_Target,Myosin
tr|A0A819F700|A0A819F700_9BILA Myosin tail domain-containing protein OS=Rotaria sp. Silwood1 OX=2762511 GN=NZO219_LOCUS36661 PE=4 SV=1,Myosin,Not_Target,Not_Target
tr|A0A819F746|A0A819F746_9BILA Myosin motor domain-containing protein OS=Rotaria magnacalcarata OX=392030 GN=UXM345_LOCUS8502 PE=3 SV=1,Myosin,Myosin,Myosin
tr|A0A819F7J5|A0A819F7J5_9BILA Myosin heavy chain OS=Rotaria sordida OX=392033 GN=OTI717_LOCUS21770 PE=3 SV=1,Myosin,Myosin,Myosin
tr|A0A819F7Q2|A0A819F7Q2_9BILA Myosin motor domain-containing protein OS=Rotaria magnacalcarata OX=392030 GN=UXM345_LOCUS8501 PE=3 SV=1,Not_Target,Not_Target,Not_Target
tr|A0A819FE56|A0A819FE56_9BILA Myosin motor domain-containing protein OS=Rotaria sordida OX=392033 GN=FNK824_LOCUS18768 PE=3 SV=1,Not_Target,Myosin,Not_Target
tr|A0A819FIY2|A0A819FIY2_9BILA Myosin heavy chain OS=Adineta steineri OX=433720 GN=OKA104_LOCUS22524 PE=3 SV=1,Myosin,Myosin,Myosin
tr|A0A819FWE5|A0A819FWE5_9BILA Myosin heavy chain OS=Adineta steineri OX=433720 GN=OKA104_LOCUS22815 PE=3 SV=1,Myosin,Myosin,Myosin
tr|A0A819GH96|A0A819GH96_9BILA Myosin motor domain-containing protein OS=Rotaria sordida OX=392033 GN=FNK824_LOCUS22831 PE=3 SV=1,Not_Target,Not_Target,Not_Target
tr|A0A819H225|A0A819H225_9BILA Myosin heavy chain OS=Rotaria magnacalcarata OX=392030 GN=OVN521_LOCUS8976 PE=3 SV=1,Myosin,Myosin,Myosin
tr|A0A819H2W0|A0A819H2W0_9BILA Myosin motor domain-containing protein (Fragment) OS=Rotaria sp. Silwood1 OX=2762511 GN=NZO219_LOCUS38125 PE=3 SV=1,Not_Target,Not_Target,Not_Target
tr|A0A819H7V2|A0A819H7V2_9BILA Myosin heavy chain OS=Rotaria magnacalcarata OX=392030 GN=UXM345_LOCUS10244 PE=3 SV=1,Myosin,Myosin,Myosin
tr|A0A819H8Z0|A0A819H8Z0_9BILA Myosin heavy chain (Fragment) OS=Adineta steineri OX=433720 GN=OXD698_LOCUS23784 PE=3 SV=1,Myosin,Myosin,Myosin
tr|A0A819HGY8|A0A819HGY8_9BILA Myosin tail domain-containing protein (Fragment) OS=Rotaria sp. Silwood1 OX=2762511 GN=CBO169_LOCUS36261 PE=4 SV=1,Myosin,Not_Target,Not_Target
tr|A0A819IB15|A0A819IB15_9BILA Myosin motor domain-containing protein (Fragment) OS=Rotaria sp. Silwood1 OX=2762511 GN=CBO169_LOCUS36729 PE=3 SV=1,Not_Target,Not_Target,Not_Target
tr|A0A819IIH3|A0A819IIH3_9BILA Myosin-IIIb-like (Fragment) OS=Rotaria sordida OX=392033 GN=JBS370_LOCUS21742 PE=3 SV=1,Myosin,Myosin,Myosin
tr|A0A819IKW5|A0A819IKW5_9BILA Myosin motor domain-containing protein OS=Rotaria magnacalcarata OX=392030 GN=UXM345_LOCUS11556 PE=3 SV=1,Myosin,Myosin,Not_Target
tr|A0A819IQR4|A0A819IQR4_9BILA Myosin heavy chain OS=Rotaria sordida OX=392033 GN=FNK824_LOCUS21595 PE=3 SV=1,Myosin,Myosin,Myosin
tr|A0A819IVP7|A0A819IVP7_9BILA Myosin heavy chain OS=Rotaria sp. Silwood2 OX=2762512 GN=ZIB798_LOCUS3896 PE=3 SV=1,Not_Target,Not_Target,Not_Target
tr|A0A819J0H4|A0A819J0H4_9BILA Myosin motor domain-containing protein OS=Rotaria sp. Silwood2 OX=2762512 GN=ZIB798_LOCUS3897 PE=3 SV=1,Myosin,Myosin,Myosin
tr|A0A819JBB9|A0A819JBB9_9BILA Myosin motor domain-containing protein (Fragment) OS=Rotaria sp. Silwood1 OX=2762511 GN=DUG663_LOCUS37865 PE=3 SV=1,Not_Target,Not_Target,Not_Target
tr|A0A819JH41|A0A819JH41_9BILA Myosin motor domain-containing protein (Fragment) OS=Rotaria sp. Silwood1 OX=2762511 GN=LEP731_LOCUS39129 PE=3 SV=1,Myosin,Myosin,Myosin
tr|A0A819JS97|A0A819JS97_9BILA Myosin motor domain-containing protein OS=Rotaria magnacalcarata OX=392030 GN=OVN521_LOCUS4669 PE=3 SV=1,Myosin,Myosin,Not_Target
tr|A0A819K4X5|A0A819K4X5_9BILA Myosin motor domain-containing protein (Fragment) OS=Rotaria sp. Silwood2 OX=2762512 GN=RMH319_LOCUS3430 PE=3 SV=1,Myosin,Not_Target,Myosin
tr|A0A819K571|A0A819K571_9BILA Myosin motor domain-containing protein OS=Rotaria sordida OX=392033 GN=FNK824_LOCUS22832 PE=3 SV=1,Not_Target,Not_Target,Not_Target
tr|A0A819K5V1|A0A819K5V1_9BILA Myosin motor domain-containing protein OS=Rotaria sp. Silwood1 OX=2762511 GN=LEP731_LOCUS39851 PE=3 SV=1,Not_Target,Not_Target,Not_Target
tr|A0A819KAA7|A0A819KAA7_9BILA Myosin heavy chain OS=Rotaria sp. Silwood2 OX=2762512 GN=JQV615_LOCUS4969 PE=3 SV=1,Myosin,Myosin,Myosin
tr|A0A819KNW3|A0A819KNW3_9BILA Myosin motor domain-containing protein (Fragment) OS=Rotaria sp. Silwood1 OX=2762511 GN=CBO169_LOCUS38414 PE=3 SV=1,Not_Target,Not_Target,Not_Target
tr|A0A819KQD7|A0A819KQD7_9BILA Myosin motor domain-containing protein (Fragment) OS=Rotaria sp. Silwood1 OX=2762511 GN=CBO169_LOCUS38415 PE=3 SV=1,Not_Target,Not_Target,Not_Target
tr|A0A819KWP1|A0A819KWP1_9BILA Myosin N-terminal SH3-like domain-containing protein (Fragment) OS=Rotaria sp. Silwood1 OX=2762511 GN=CBO169_LOCUS38750 PE=3 SV=1,Not_Target,Not_Target,Not_Target
tr|A0A819LEM1|A0A819LEM1_9BILA Myosin tail domain-containing protein OS=Rotaria sp. Silwood2 OX=2762512 GN=RMH319_LOCUS4618 PE=4 SV=1,Myosin,Not_Target,Myosin
tr|A0A819LKT8|A0A819LKT8_9BILA Myosin motor domain-containing protein (Fragment) OS=Rotaria sp. Silwood1 OX=2762511 GN=CBO169_LOCUS39251 PE=3 SV=1,Not_Target,Not_Target,Not_Target
tr|A0A819LPU9|A0A819LPU9_9BILA Myosin motor domain-containing protein (Fragment) OS=Rotaria magnacalcarata OX=392030 GN=UXM345_LOCUS14458 PE=3 SV=1,Myosin,Myosin,Myosin
tr|A0A819M3S3|A0A819M3S3_9BILA Myosin motor domain-containing protein (Fragment) OS=Rotaria sp. Silwood1 OX=2762511 GN=CBO169_LOCUS39444 PE=3 SV=1,Not_Target,Not_Target,Not_Target
tr|A0A819MBZ5|A0A819MBZ5_9BILA Myosin motor domain-containing protein OS=Rotaria sordida OX=392033 GN=OTI717_LOCUS27792 PE=4 SV=1,Not_Target,Not_Target,Not_Target
tr|A0A819MCL6|A0A819MCL6_9BILA Myosin motor domain-containing protein OS=Rotaria sordida OX=392033 GN=JBS370_LOCUS24968 PE=3 SV=1,Not_Target,Not_Target,Not_Target
tr|A0A819MMQ0|A0A819MMQ0_9BILA Myosin motor domain-containing protein OS=Rotaria sp. Silwood2 OX=2762512 GN=RMH319_LOCUS5934 PE=3 SV=1,Myosin,Myosin,Not_Target
tr|A0A819N6R7|A0A819N6R7_9BILA Myosin heavy chain OS=Rotaria sordida OX=392033 GN=JBS370_LOCUS25621 PE=3 SV=1,Myosin,Myosin,Myosin
tr|A0A819NVE0|A0A819NVE0_9BILA Myosin-VIIa OS=Rotaria sp. Silwood2 OX=2762512 GN=JQV615_LOCUS8359 PE=3 SV=1,Myosin,Myosin,Myosin
tr|A0A819P197|A0A819P197_9BILA Myosin heavy chain (Fragment) OS=Rotaria sordida OX=392033 GN=OTI717_LOCUS29425 PE=3 SV=1,Myosin,Myosin,Myosin
tr|A0A819P1J2|A0A819P1J2_9BILA Myosin motor domain-containing protein OS=Rotaria sp. Silwood2 OX=2762512 GN=JQV615_LOCUS8316 PE=3 SV=1,Myosin,Not_Target,Not_Target
tr|A0A819P2S6|A0A819P2S6_9BILA Myosin motor domain-containing protein OS=Adineta steineri OX=433720 GN=OXD698_LOCUS29848 PE=3 SV=1,Myosin,Not_Target,Not_Target
tr|A0A819P3U3|A0A819P3U3_9BILA Myosin motor domain-containing protein OS=Rotaria sordida OX=392033 GN=FNK824_LOCUS26110 PE=3 SV=1,Myosin,Myosin,Not_Target
tr|A0A819P9Q7|A0A819P9Q7_9BILA Myosin motor domain-containing protein (Fragment) OS=Rotaria sp. Silwood1 OX=2762511 GN=DUG663_LOCUS41172 PE=3 SV=1,Not_Target,Not_Target,Not_Target
tr|A0A819PFX8|A0A819PFX8_9BILA Myosin motor domain-containing protein OS=Rotaria sp. Silwood2 OX=2762512 GN=RMH319_LOCUS7745 PE=3 SV=1,Not_Target,Not_Target,Not_Target
tr|A0A819PKF9|A0A819PKF9_9BILA Myosin motor domain-containing protein (Fragment) OS=Rotaria sp. Silwood2 OX=2762512 GN=RMH319_LOCUS7746 PE=3 SV=1,Myosin,Myosin,Myosin
tr|A0A819PNS6|A0A819PNS6_9BILA Myosin motor domain-containing protein (Fragment) OS=Rotaria magnacalcarata OX=392030 GN=UXM345_LOCUS17075 PE=3 SV=1,Not_Target,Not_Target,Not_Target
tr|A0A819QAQ3|A0A819QAQ3_9BILA Myosin motor domain-containing protein (Fragment) OS=Rotaria sp. Silwood1 OX=2762511 GN=LEP731_LOCUS43932 PE=3 SV=1,Not_Target,Actin,Not_Target
tr|A0A819QDU8|A0A819QDU8_9BILA Myosin heavy chain (Fragment) OS=Rotaria sp. Silwood2 OX=2762512 GN=RMH319_LOCUS8954 PE=3 SV=1,Myosin,Myosin,Myosin
tr|A0A819QEC7|A0A819QEC7_9BILA Myosin heavy chain OS=Adineta steineri OX=433720 GN=OKA104_LOCUS31358 PE=3 SV=1,Myosin,Myosin,Myosin
tr|A0A819QG59|A0A819QG59_9BILA Myosin motor domain-containing protein (Fragment) OS=Rotaria sordida OX=392033 GN=JBS370_LOCUS35317 PE=3 SV=1,Not_Target,Not_Target,Not_Target
tr|A0A819QGH5|A0A819QGH5_9BILA Myosin heavy chain 95F OS=Rotaria sp. Silwood2 OX=2762512 GN=JQV615_LOCUS9518 PE=3 SV=1,Myosin,Myosin,Myosin
tr|A0A819QJS7|A0A819QJS7_9BILA Myosin heavy chain OS=Adineta steineri OX=433720 GN=OXD698_LOCUS31232 PE=3 SV=1,Myosin,Myosin,Myosin
tr|A0A819QKP0|A0A819QKP0_9BILA Myosin heavy chain OS=Rotaria sp. Silwood2 OX=2762512 GN=NCT539_LOCUS15536 PE=3 SV=1,Myosin,Myosin,Myosin
tr|A0A819QPZ4|A0A819QPZ4_9BILA Myosin motor domain-containing protein (Fragment) OS=Rotaria sordida OX=392033 GN=FNK824_LOCUS27754 PE=3 SV=1,Not_Target,Not_Target,Not_Target
tr|A0A819QSM1|A0A819QSM1_9BILA Myosin motor domain-containing protein OS=Rotaria sordida OX=392033 GN=JBS370_LOCUS28093 PE=3 SV=1,Myosin,Myosin,Myosin
tr|A0A819QUV0|A0A819QUV0_9BILA Myosin motor domain-containing protein OS=Rotaria sp. Silwood2 OX=2762512 GN=YTW244_LOCUS12056 PE=3 SV=1,Not_Target,Myosin,Not_Target
tr|A0A819QZ45|A0A819QZ45_9BILA Myosin heavy chain OS=Rotaria sp. Silwood2 OX=2762512 GN=JQV615_LOCUS10312 PE=3 SV=1,Not_Target,Not_Target,Not_Target
tr|A0A819R898|A0A819R898_9BILA Myosin motor domain-containing protein (Fragment) OS=Rotaria magnacalcarata OX=392030 GN=UXM345_LOCUS18713 PE=3 SV=1,Myosin,Myosin,Myosin
tr|A0A819RA53|A0A819RA53_9BILA Myosin motor domain-containing protein OS=Rotaria sp. Silwood2 OX=2762512 GN=JQV615_LOCUS10313 PE=3 SV=1,Myosin,Myosin,Myosin
tr|A0A819RB45|A0A819RB45_9BILA Myosin heavy chain (Fragment) OS=Adineta steineri OX=433720 GN=OXD698_LOCUS31717 PE=3 SV=1,Myosin,Myosin,Myosin
tr|A0A819RBX3|A0A819RBX3_9BILA Myosin heavy chain (Fragment) OS=Rotaria sordida OX=392033 GN=JBS370_LOCUS28638 PE=3 SV=1,Myosin,Myosin,Myosin
tr|A0A819RVK5|A0A819RVK5_9BILA Myosin motor domain-containing protein OS=Rotaria sp. Silwood2 OX=2762512 GN=RMH319_LOCUS10289 PE=3 SV=1,Not_Target,Not_Target,Not_Target
tr|A0A819RWS6|A0A819RWS6_9BILA Myosin motor domain-containing protein (Fragment) OS=Rotaria sp. Silwood2 OX=2762512 GN=JQV615_LOCUS11114 PE=3 SV=1,Not_Target,Not_Target,Not_Target
tr|A0A819RYB1|A0A819RYB1_9BILA Myosin heavy chain OS=Adineta steineri OX=433720 GN=KXQ929_LOCUS31667 PE=3 SV=1,Myosin,Myosin,Myosin
tr|A0A819SEH7|A0A819SEH7_9BILA Myosin motor domain-containing protein (Fragment) OS=Rotaria sp. Silwood1 OX=2762511 GN=LEP731_LOCUS45695 PE=3 SV=1,Myosin,Myosin,Not_Target
tr|A0A819SGX1|A0A819SGX1_9BILA Myosin motor domain-containing protein OS=Rotaria sp. Silwood2 OX=2762512 GN=JQV615_LOCUS7599 PE=3 SV=1,Myosin,Myosin,Not_Target
tr|A0A819SK68|A0A819SK68_9BILA Myosin heavy chain OS=Rotaria sp. Silwood2 OX=2762512 GN=SJO388_LOCUS2025 PE=3 SV=1,Myosin,Myosin,Myosin
tr|A0A819SNT7|A0A819SNT7_9BILA Myosin motor domain-containing protein OS=Rotaria magnacalcarata OX=392030 GN=OVN521_LOCUS18805 PE=3 SV=1,Myosin,Myosin,Myosin
tr|A0A819T4V8|A0A819T4V8_9BILA Myosin motor domain-containing protein (Fragment) OS=Adineta steineri OX=433720 GN=KXQ929_LOCUS33421 PE=3 SV=1,Myosin,Not_Target,Not_Target
tr|A0A819T9X9|A0A819T9X9_9BILA Myosin heavy chain OS=Rotaria sp. Silwood2 OX=2762512 GN=JQV615_LOCUS12598 PE=3 SV=1,Myosin,Myosin,Not_Target
tr|A0A819TH57|A0A819TH57_9BILA Myosin motor domain-containing protein (Fragment) OS=Rotaria sordida OX=392033 GN=OTI717_LOCUS33047 PE=3 SV=1,Myosin,Myosin,Not_Target
tr|A0A819TIV3|A0A819TIV3_9BILA Myosin motor domain-containing protein (Fragment) OS=Rotaria sp. Silwood2 OX=2762512 GN=JQV615_LOCUS12943 PE=3 SV=1,Not_Target,Not_Target,Not_Target
tr|A0A819TMD2|A0A819TMD2_9BILA Myosin motor domain-containing protein OS=Rotaria sp. Silwood2 OX=2762512 GN=JQV615_LOCUS6486 PE=3 SV=1,Myosin,Not_Target,Not_Target
tr|A0A819U3I5|A0A819U3I5_9BILA Myosin heavy chain (Fragment) OS=Rotaria sordida OX=392033 GN=JBS370_LOCUS31242 PE=4 SV=1,Myosin,Not_Target,Not_Target
tr|A0A819UB25|A0A819UB25_9BILA Myosin motor domain-containing protein (Fragment) OS=Rotaria sp. Silwood1 OX=2762511 GN=LEP731_LOCUS47050 PE=3 SV=1,Not_Target,Not_Target,Not_Target
tr|A0A819UD17|A0A819UD17_9BILA Myosin heavy chain (Fragment) OS=Rotaria sordida OX=392033 GN=FNK824_LOCUS31005 PE=3 SV=1,Not_Target,Not_Target,Not_Target
tr|A0A819UEQ3|A0A819UEQ3_9BILA Myosin heavy chain (Fragment) OS=Adineta steineri OX=433720 GN=KXQ929_LOCUS34104 PE=3 SV=1,Myosin,Myosin,Myosin
tr|A0A819UR25|A0A819UR25_9BILA Myosin motor domain-containing protein (Fragment) OS=Rotaria sp. Silwood1 OX=2762511 GN=LEP731_LOCUS47303 PE=3 SV=1,Not_Target,Not_Target,Not_Target
tr|A0A819UUQ7|A0A819UUQ7_9BILA Myosin heavy chain OS=Rotaria sp. Silwood2 OX=2762512 GN=SJO388_LOCUS4337 PE=3 SV=1,Myosin,Myosin,Myosin
tr|A0A819V740|A0A819V740_9BILA Myosin class i heavy chain (Fragment) OS=Rotaria magnacalcarata OX=392030 GN=OVN521_LOCUS21079 PE=3 SV=1,Myosin,Myosin,Myosin
tr|A0A819VA39|A0A819VA39_9BILA Myosin heavy chain OS=Rotaria socialis OX=392032 GN=HFQ381_LOCUS5397 PE=3 SV=1,Myosin,Myosin,Myosin
tr|A0A819VDW3|A0A819VDW3_9BILA Myosin heavy chain (Fragment) OS=Rotaria sp. Silwood2 OX=2762512 GN=RMH319_LOCUS13566 PE=3 SV=1,Myosin,Myosin,Myosin
tr|A0A819VKP6|A0A819VKP6_9BILA Myosin heavy chain OS=Rotaria sp. Silwood2 OX=2762512 GN=RMH319_LOCUS13756 PE=3 SV=1,Myosin,Myosin,Myosin
tr|A0A819VZ95|A0A819VZ95_9BILA Myosin tail domain-containing protein (Fragment) OS=Rotaria sordida OX=392033 GN=OTI717_LOCUS34775 PE=4 SV=1,Myosin,Myosin,Myosin
tr|A0A819W1L6|A0A819W1L6_9BILA Myosin heavy chain OS=Rotaria sordida OX=392033 GN=FNK824_LOCUS13407 PE=3 SV=1,Myosin,Not_Target,Not_Target
tr|A0A819W852|A0A819W852_9BILA Myosin motor domain-containing protein (Fragment) OS=Rotaria sordida OX=392033 GN=JBS370_LOCUS32535 PE=3 SV=1,Not_Target,Not_Target,Not_Target
tr|A0A819WEP7|A0A819WEP7_9BILA Myosin motor domain-containing protein (Fragment) OS=Adineta steineri OX=433720 GN=KXQ929_LOCUS35661 PE=3 SV=1,Myosin,Myosin,Myosin
tr|A0A819WRB6|A0A819WRB6_9BILA Myosin motor domain-containing protein OS=Rotaria sordida OX=392033 GN=FNK824_LOCUS32666 PE=3 SV=1,Not_Target,Not_Target,Not_Target
tr|A0A819WX32|A0A819WX32_9BILA Myosin heavy chain OS=Rotaria sp. Silwood2 OX=2762512 GN=SJO388_LOCUS6323 PE=3 SV=1,Not_Target,Not_Target,Not_Target
tr|A0A819WYB1|A0A819WYB1_9BILA Myosin motor domain-containing protein (Fragment) OS=Rotaria sordida OX=392033 GN=FNK824_LOCUS32806 PE=3 SV=1,Not_Target,Not_Target,Not_Target
tr|A0A819X6R2|A0A819X6R2_9BILA Myosin motor domain-containing protein (Fragment) OS=Rotaria sp. Silwood2 OX=2762512 GN=JQV615_LOCUS11627 PE=3 SV=1,Not_Target,Myosin,Not_Target
tr|A0A819XAR5|A0A819XAR5_9BILA Myosin heavy chain OS=Rotaria sp. Silwood2 OX=2762512 GN=ZIB798_LOCUS17218 PE=3 SV=1,Myosin,Myosin,Myosin
tr|A0A819XCM2|A0A819XCM2_9BILA Myosin motor domain-containing protein OS=Rotaria magnacalcarata OX=392030 GN=UXM345_LOCUS24448 PE=3 SV=1,Not_Target,Not_Target,Not_Target
tr|A0A819XDI3|A0A819XDI3_9BILA Myosin heavy chain (Fragment) OS=Rotaria magnacalcarata OX=392030 GN=CJN711_LOCUS36380 PE=3 SV=1,Not_Target,Not_Target,Not_Target
tr|A0A819XGL5|A0A819XGL5_9BILA Myosin tail domain-containing protein (Fragment) OS=Rotaria sp. Silwood2 OX=2762512 GN=RMH319_LOCUS15560 PE=4 SV=1,Myosin,Myosin,Myosin
tr|A0A819XHJ7|A0A819XHJ7_9BILA Myosin motor domain-containing protein (Fragment) OS=Rotaria socialis OX=392032 GN=UJA718_LOCUS2905 PE=3 SV=1,Myosin,Myosin,Myosin
tr|A0A819XRT8|A0A819XRT8_9BILA Myosin motor domain-containing protein (Fragment) OS=Rotaria sordida OX=392033 GN=FNK824_LOCUS33429 PE=3 SV=1,Not_Target,Not_Target,Not_Target
tr|A0A819XZ70|A0A819XZ70_9BILA Myosin motor domain-containing protein (Fragment) OS=Rotaria sp. Silwood2 OX=2762512 GN=SJO388_LOCUS7298 PE=3 SV=1,Not_Target,Myosin,Not_Target
tr|A0A819Y2I1|A0A819Y2I1_9BILA Myosin motor domain-containing protein (Fragment) OS=Rotaria sordida OX=392033 GN=FNK824_LOCUS33719 PE=3 SV=1,Not_Target,Not_Target,Not_Target
tr|A0A819Y8R8|A0A819Y8R8_9BILA Myosin tail domain-containing protein OS=Rotaria sordida OX=392033 GN=OTI717_LOCUS36455 PE=4 SV=1,Not_Target,Not_Target,Not_Target
tr|A0A819YDV3|A0A819YDV3_9BILA Myosin motor domain-containing protein (Fragment) OS=Rotaria sp. Silwood2 OX=2762512 GN=SJO388_LOCUS7754 PE=3 SV=1,Myosin,Myosin,Not_Target
tr|A0A819YM64|A0A819YM64_9BILA Myosin tail domain-containing protein (Fragment) OS=Rotaria sordida OX=392033 GN=OTI717_LOCUS36454 PE=4 SV=1,Myosin,Not_Target,Myosin
tr|A0A819YP56|A0A819YP56_9BILA Myosin-VIIa OS=Rotaria sp. Silwood2 OX=2762512 GN=SJO388_LOCUS7666 PE=3 SV=1,Myosin,Myosin,Myosin
tr|A0A819YTW6|A0A819YTW6_9BILA Myosin motor domain-containing protein (Fragment) OS=Rotaria sp. Silwood2 OX=2762512 GN=JQV615_LOCUS17840 PE=3 SV=1,Not_Target,Not_Target,Not_Target
tr|A0A819YZF9|A0A819YZF9_9BILA Myosin motor domain-containing protein OS=Rotaria sp. Silwood2 OX=2762512 GN=DRW283_LOCUS15136 PE=3 SV=1,Not_Target,Not_Target,Not_Target
tr|A0A819ZJ24|A0A819ZJ24_9BILA Myosin motor domain-containing protein OS=Rotaria sp. Silwood2 OX=2762512 GN=NCT539_LOCUS17417 PE=3 SV=1,Not_Target,Not_Target,Not_Target
tr|A0A819ZX05|A0A819ZX05_9BILA Myosin motor domain-containing protein (Fragment) OS=Rotaria sp. Silwood2 OX=2762512 GN=SJO388_LOCUS8752 PE=3 SV=1,Myosin,Not_Target,Not_Target
tr|A0A820A9Q9|A0A820A9Q9_9BILA Myosin heavy chain 95F (Fragment) OS=Rotaria sp. Silwood2 OX=2762512 GN=RMH319_LOCUS18323 PE=3 SV=1,Myosin,Myosin,Myosin
tr|A0A820AFC4|A0A820AFC4_9BILA Myosin V (Fragment) OS=Rotaria sp. Silwood2 OX=2762512 GN=JQV615_LOCUS19260 PE=3 SV=1,Myosin,Myosin,Myosin
tr|A0A820AUT7|A0A820AUT7_9BILA Myosin heavy chain (Fragment) OS=Rotaria socialis OX=392032 GN=UJA718_LOCUS6405 PE=3 SV=1,Myosin,Myosin,Myosin
tr|A0A820AXR0|A0A820AXR0_9BILA Myosin heavy chain OS=Rotaria sp. Silwood2 OX=2762512 GN=JQV615_LOCUS19829 PE=3 SV=1,Myosin,Myosin,Myosin
tr|A0A820B5J6|A0A820B5J6_9BILA Myosin motor domain-containing protein (Fragment) OS=Adineta steineri OX=433720 GN=KXQ929_LOCUS40106 PE=3 SV=1,Not_Target,Not_Target,Not_Target
tr|A0A820B6I6|A0A820B6I6_9BILA Myosin motor domain-containing protein (Fragment) OS=Rotaria magnacalcarata OX=392030 GN=OVN521_LOCUS26410 PE=3 SV=1,Not_Target,Myosin,Not_Target
tr|A0A820BBR9|A0A820BBR9_9BILA Myosin heavy chain OS=Rotaria socialis OX=392032 GN=HFQ381_LOCUS6792 PE=3 SV=1,Myosin,Myosin,Myosin
tr|A0A820BGA2|A0A820BGA2_9BILA Myosin motor domain-containing protein (Fragment) OS=Rotaria magnacalcarata OX=392030 GN=OVN521_LOCUS26411 PE=3 SV=1,Not_Target,Not_Target,Not_Target
tr|A0A820BH38|A0A820BH38_9BILA Myosin heavy chain (Fragment) OS=Rotaria sp. Silwood2 OX=2762512 GN=JQV615_LOCUS20182 PE=3 SV=1,Myosin,Myosin,Not_Target
tr|A0A820BRX2|A0A820BRX2_9BILA Myosin motor domain-containing protein OS=Rotaria socialis OX=392032 GN=HFQ381_LOCUS8078 PE=3 SV=1,Myosin,Myosin,Myosin
tr|A0A820CHV1|A0A820CHV1_9BILA Myosin motor domain-containing protein (Fragment) OS=Rotaria socialis OX=392032 GN=HFQ381_LOCUS8706 PE=3 SV=1,Not_Target,Not_Target,Not_Target
tr|A0A820D112|A0A820D112_9BILA Myosin motor domain-containing protein (Fragment) OS=Adineta steineri OX=433720 GN=OXD698_LOCUS42041 PE=3 SV=1,Not_Target,Not_Target,Not_Target
tr|A0A820D815|A0A820D815_9BILA Myosin heavy chain (Fragment) OS=Rotaria sp. Silwood2 OX=2762512 GN=SJO388_LOCUS11894 PE=3 SV=1,Myosin,Myosin,Myosin
tr|A0A820DC76|A0A820DC76_9BILA Myosin motor domain-containing protein (Fragment) OS=Adineta steineri OX=433720 GN=OXD698_LOCUS42335 PE=3 SV=1,Not_Target,Not_Target,Not_Target
tr|A0A820DE64|A0A820DE64_9BILA Myosin tail domain-containing protein (Fragment) OS=Rotaria sordida OX=392033 GN=FNK824_LOCUS37700 PE=4 SV=1,Myosin,Myosin,Myosin
tr|A0A820DIN9|A0A820DIN9_9BILA Myosin motor domain-containing protein (Fragment) OS=Adineta steineri OX=433720 GN=KXQ929_LOCUS41816 PE=3 SV=1,Not_Target,Not_Target,Not_Target
tr|A0A820DXZ5|A0A820DXZ5_9BILA Myosin motor domain-containing protein OS=Rotaria socialis OX=392032 GN=TIS948_LOCUS1490 PE=3 SV=1,Myosin,Myosin,Myosin
tr|A0A820EJD4|A0A820EJD4_9BILA Myosin motor domain-containing protein OS=Rotaria socialis OX=392032 GN=HFQ381_LOCUS10364 PE=3 SV=1,Myosin,Myosin,Myosin
tr|A0A820ELB5|A0A820ELB5_9BILA Myosin motor domain-containing protein (Fragment) OS=Rotaria sp. Silwood2 OX=2762512 GN=RMH319_LOCUS22010 PE=3 SV=1,Not_Target,Not_Target,Not_Target
tr|A0A820EM23|A0A820EM23_9BILA Myosin tail domain-containing protein (Fragment) OS=Rotaria sordida OX=392033 GN=FNK824_LOCUS38536 PE=4 SV=1,Not_Target,Not_Target,Not_Target
tr|A0A820ES80|A0A820ES80_9BILA Myosin heavy chain OS=Rotaria socialis OX=392032 GN=HFQ381_LOCUS10589 PE=3 SV=1,Myosin,Myosin,Myosin
tr|A0A820EVU6|A0A820EVU6_9BILA Myosin heavy chain OS=Rotaria socialis OX=392032 GN=TSG867_LOCUS3179 PE=3 SV=1,Myosin,Myosin,Myosin
tr|A0A820EZA1|A0A820EZA1_9BILA Myosin motor domain-containing protein (Fragment) OS=Adineta steineri OX=433720 GN=OKA104_LOCUS43859 PE=3 SV=1,Not_Target,Not_Target,Not_Target
tr|A0A820F027|A0A820F027_9BILA Myosin tail domain-containing protein OS=Rotaria sp. Silwood2 OX=2762512 GN=SJO388_LOCUS13510 PE=4 SV=1,Myosin,Myosin,Myosin
tr|A0A820F5Z9|A0A820F5Z9_9BILA Myosin heavy chain OS=Rotaria magnacalcarata OX=392030 GN=UXM345_LOCUS31151 PE=3 SV=1,Myosin,Myosin,Not_Target
tr|A0A820FAN7|A0A820FAN7_9BILA Myosin motor domain-containing protein (Fragment) OS=Rotaria sp. Silwood2 OX=2762512 GN=SJO388_LOCUS13767 PE=3 SV=1,Not_Target,Not_Target,Not_Target
tr|A0A820FJM7|A0A820FJM7_9BILA Myosin motor domain-containing protein (Fragment) OS=Adineta steineri OX=433720 GN=OXD698_LOCUS44003 PE=3 SV=1,Not_Target,Myosin,Not_Target
tr|A0A820FP81|A0A820FP81_9BILA Myosin motor domain-containing protein (Fragment) OS=Rotaria sp. Silwood2 OX=2762512 GN=JQV615_LOCUS23581 PE=3 SV=1,Myosin,Myosin,Myosin
tr|A0A820GMN8|A0A820GMN8_9BILA Myosin heavy chain OS=Rotaria socialis OX=392032 GN=TIS948_LOCUS9188 PE=3 SV=1,Myosin,Myosin,Myosin
tr|A0A820GVR7|A0A820GVR7_9BILA Myosin motor domain-containing protein OS=Rotaria sordida OX=392033 GN=FNK824_LOCUS39995 PE=3 SV=1,Not_Target,Not_Target,Not_Target
tr|A0A820GXA6|A0A820GXA6_9BILA Myosin tail domain-containing protein OS=Rotaria sp. Silwood2 OX=2762512 GN=DRW283_LOCUS18114 PE=4 SV=1,Myosin,Not_Target,Not_Target
tr|A0A820GXG7|A0A820GXG7_9BILA Myosin motor domain-containing protein (Fragment) OS=Adineta steineri OX=433720 GN=OXD698_LOCUS45248 PE=3 SV=1,Not_Target,Not_Target,Myosin
tr|A0A820GZX0|A0A820GZX0_9BILA Myosin motor domain-containing protein (Fragment) OS=Adineta steineri OX=433720 GN=OKA104_LOCUS45494 PE=3 SV=1,Not_Target,Not_Target,Not_Target
tr|A0A820HCJ5|A0A820HCJ5_9BILA Myosin motor domain-containing protein OS=Adineta steineri OX=433720 GN=OXD698_LOCUS45607 PE=3 SV=1,Not_Target,Myosin,Not_Target
tr|A0A820HEP8|A0A820HEP8_9BILA Myosin motor domain-containing protein (Fragment) OS=Adineta steineri OX=433720 GN=KXQ929_LOCUS45053 PE=3 SV=1,Not_Target,Not_Target,Myosin
tr|A0A820HNN3|A0A820HNN3_9BILA Myosin motor domain-containing protein (Fragment) OS=Rotaria sordida OX=392033 GN=FNK824_LOCUS40470 PE=3 SV=1,Not_Target,Not_Target,Not_Target
tr|A0A820HYA9|A0A820HYA9_9BILA Myosin motor domain-containing protein (Fragment) OS=Rotaria sordida OX=392033 GN=JBS370_LOCUS40415 PE=3 SV=1,Not_Target,Not_Target,Actin
tr|A0A820IF96|A0A820IF96_9BILA Myosin heavy chain OS=Rotaria sp. Silwood2 OX=2762512 GN=ZIB798_LOCUS27321 PE=3 SV=1,Myosin,Myosin,Not_Target
tr|A0A820IQY3|A0A820IQY3_9BILA Myosin tail domain-containing protein (Fragment) OS=Rotaria sordida OX=392033 GN=FNK824_LOCUS41134 PE=4 SV=1,Myosin,Not_Target,Not_Target
tr|A0A820J1W8|A0A820J1W8_9BILA Myosin motor domain-containing protein (Fragment) OS=Adineta steineri OX=433720 GN=KXQ929_LOCUS46403 PE=3 SV=1,Not_Target,Not_Target,Not_Target
tr|A0A820J2F5|A0A820J2F5_9BILA Myosin motor domain-containing protein (Fragment) OS=Rotaria sp. Silwood2 OX=2762512 GN=SJO388_LOCUS17286 PE=3 SV=1,Not_Target,Not_Target,Not_Target
tr|A0A820J5J5|A0A820J5J5_9BILA Myosin motor domain-containing protein (Fragment) OS=Adineta steineri OX=433720 GN=OXD698_LOCUS47222 PE=3 SV=1,Not_Target,Not_Target,Not_Target
tr|A0A820JXZ8|A0A820JXZ8_9BILA Myosin-VIIa OS=Rotaria socialis OX=392032 GN=UJA718_LOCUS14505 PE=3 SV=1,Myosin,Myosin,Myosin
tr|A0A820K0Z8|A0A820K0Z8_9BILA Myosin motor domain-containing protein (Fragment) OS=Rotaria sordida OX=392033 GN=FNK824_LOCUS41639 PE=3 SV=1,Not_Target,Myosin,Not_Target
tr|A0A820K3S5|A0A820K3S5_9BILA Myosin motor domain-containing protein (Fragment) OS=Rotaria sp. Silwood2 OX=2762512 GN=ZIB798_LOCUS28833 PE=3 SV=1,Myosin,Myosin,Myosin
tr|A0A820K625|A0A820K625_9BILA Myosin heavy chain OS=Rotaria sp. Silwood2 OX=2762512 GN=ZIB798_LOCUS29000 PE=3 SV=1,Myosin,Myosin,Not_Target
tr|A0A820K7T3|A0A820K7T3_9BILA Myosin motor domain-containing protein OS=Rotaria sp. Silwood2 OX=2762512 GN=RMH319_LOCUS27102 PE=3 SV=1,Myosin,Myosin,Not_Target
tr|A0A820KAM8|A0A820KAM8_9BILA Myosin motor domain-containing protein (Fragment) OS=Adineta steineri OX=433720 GN=OXD698_LOCUS48232 PE=3 SV=1,Not_Target,Not_Target,Not_Target
tr|A0A820KGM0|A0A820KGM0_9BILA Myosin motor domain-containing protein OS=Rotaria socialis OX=392032 GN=TOA249_LOCUS12695 PE=3 SV=1,Myosin,Not_Target,Not_Target
tr|A0A820KI32|A0A820KI32_9BILA Myosin motor domain-containing protein (Fragment) OS=Rotaria sp. Silwood2 OX=2762512 GN=JQV615_LOCUS27895 PE=3 SV=1,Not_Target,Myosin,Not_Target
tr|A0A820KL31|A0A820KL31_9BILA Myosin heavy chain (Fragment) OS=Adineta steineri OX=433720 GN=KXQ929_LOCUS47888 PE=3 SV=1,Not_Target,Not_Target,Not_Target
tr|A0A820KR23|A0A820KR23_9BILA Myosin motor domain-containing protein (Fragment) OS=Adineta steineri OX=433720 GN=KXQ929_LOCUS47895 PE=3 SV=1,Not_Target,Not_Target,Not_Target
tr|A0A820KWV9|A0A820KWV9_9BILA Myosin tail domain-containing protein (Fragment) OS=Rotaria sordida OX=392033 GN=JBS370_LOCUS41885 PE=4 SV=1,Myosin,Not_Target,Myosin
tr|A0A820L4X7|A0A820L4X7_9BILA Myosin heavy chain (Fragment) OS=Rotaria sp. Silwood2 OX=2762512 GN=ZIB798_LOCUS29998 PE=3 SV=1,Myosin,Myosin,Myosin
tr|A0A820L984|A0A820L984_9BILA Myosin motor domain-containing protein (Fragment) OS=Rotaria socialis OX=392032 GN=QYT958_LOCUS18421 PE=3 SV=1,Not_Target,Not_Target,Not_Target
tr|A0A820LAY4|A0A820LAY4_9BILA Myosin motor domain-containing protein (Fragment) OS=Rotaria sordida OX=392033 GN=OTI717_LOCUS43623 PE=3 SV=1,Not_Target,Not_Target,Actin
tr|A0A820LK81|A0A820LK81_9BILA Myosin motor domain-containing protein OS=Rotaria socialis OX=392032 GN=TSG867_LOCUS10058 PE=3 SV=1,Myosin,Myosin,Myosin
tr|A0A820LS12|A0A820LS12_9BILA Myosin motor domain-containing protein (Fragment) OS=Adineta steineri OX=433720 GN=OXD698_LOCUS49328 PE=3 SV=1,Not_Target,Not_Target,Not_Target
tr|A0A820LYI0|A0A820LYI0_9BILA Myosin tail domain-containing protein (Fragment) OS=Adineta steineri OX=433720 GN=KXQ929_LOCUS49034 PE=4 SV=1,Not_Target,Myosin,Not_Target
tr|A0A820M0H8|A0A820M0H8_9BILA Myosin heavy chain OS=Rotaria socialis OX=392032 GN=HFQ381_LOCUS17643 PE=3 SV=1,Myosin,Myosin,Myosin
tr|A0A820M2Z0|A0A820M2Z0_9BILA Myosin tail domain-containing protein (Fragment) OS=Adineta steineri OX=433720 GN=OXD698_LOCUS49580 PE=4 SV=1,Not_Target,Not_Target,Not_Target
tr|A0A820M9B7|A0A820M9B7_9BILA Myosin motor domain-containing protein (Fragment) OS=Rotaria sp. Silwood2 OX=2762512 GN=ZIB798_LOCUS30964 PE=3 SV=1,Not_Target,Myosin,Not_Target
tr|A0A820MDJ7|A0A820MDJ7_9BILA Myosin motor domain-containing protein (Fragment) OS=Rotaria sordida OX=392033 GN=JBS370_LOCUS42534 PE=3 SV=1,Not_Target,Not_Target,Not_Target
tr|A0A820MEH6|A0A820MEH6_9BILA Myosin motor domain-containing protein (Fragment) OS=Adineta steineri OX=433720 GN=KXQ929_LOCUS49452 PE=3 SV=1,Not_Target,Not_Target,Not_Target
tr|A0A820MH96|A0A820MH96_9BILA Myosin motor domain-containing protein OS=Rotaria socialis OX=392032 GN=UJA718_LOCUS17265 PE=3 SV=1,Not_Target,Not_Target,Not_Target
tr|A0A820MJ35|A0A820MJ35_9BILA Myosin motor domain-containing protein (Fragment) OS=Adineta steineri OX=433720 GN=OXD698_LOCUS50053 PE=3 SV=1,Not_Target,Not_Target,Not_Target
tr|A0A820ML22|A0A820ML22_9BILA Myosin tail domain-containing protein (Fragment) OS=Rotaria sp. Silwood2 OX=2762512 GN=RMH319_LOCUS29404 PE=4 SV=1,Myosin,Myosin,Myosin
tr|A0A820MQW6|A0A820MQW6_9BILA Myosin motor domain-containing protein (Fragment) OS=Rotaria sp. Silwood2 OX=2762512 GN=SJO388_LOCUS20737 PE=3 SV=1,Not_Target,Myosin,Not_Target
tr|A0A820MUU1|A0A820MUU1_9BILA Myosin motor domain-containing protein (Fragment) OS=Adineta steineri OX=433720 GN=OXD698_LOCUS50281 PE=3 SV=1,Actin,Not_Target,Not_Target
tr|A0A820MVU2|A0A820MVU2_9BILA Myosin motor domain-containing protein (Fragment) OS=Adineta steineri OX=433720 GN=OXD698_LOCUS50253 PE=3 SV=1,Not_Target,Myosin,Not_Target
tr|A0A820MYT7|A0A820MYT7_9BILA Myosin motor domain-containing protein (Fragment) OS=Rotaria sp. Silwood2 OX=2762512 GN=JQV615_LOCUS30326 PE=3 SV=1,Myosin,Not_Target,Myosin
tr|A0A820N3Q7|A0A820N3Q7_9BILA Myosin motor domain-containing protein (Fragment) OS=Adineta steineri OX=433720 GN=OXD698_LOCUS50419 PE=3 SV=1,Not_Target,Not_Target,Actin
tr|A0A820NGH3|A0A820NGH3_9BILA Myosin motor domain-containing protein (Fragment) OS=Adineta steineri OX=433720 GN=KXQ929_LOCUS50294 PE=3 SV=1,Not_Target,Not_Target,Not_Target
tr|A0A820NJ71|A0A820NJ71_9BILA Myosin tail domain-containing protein (Fragment) OS=Rotaria sordida OX=392033 GN=JBS370_LOCUS43060 PE=4 SV=1,Myosin,Not_Target,Not_Target
tr|A0A820P298|A0A820P298_9BILA Myosin motor domain-containing protein (Fragment) OS=Rotaria magnacalcarata OX=392030 GN=OVN521_LOCUS34686 PE=3 SV=1,Not_Target,Not_Target,Not_Target
tr|A0A820P2F6|A0A820P2F6_9BILA Myosin motor domain-containing protein (Fragment) OS=Adineta steineri OX=433720 GN=KXQ929_LOCUS50700 PE=3 SV=1,Not_Target,Not_Target,Actin
tr|A0A820P2M2|A0A820P2M2_9BILA Myosin tail domain-containing protein OS=Rotaria sp. Silwood2 OX=2762512 GN=JQV615_LOCUS27764 PE=4 SV=1,Myosin,Myosin,Myosin
tr|A0A820PE30|A0A820PE30_9BILA Myosin motor domain-containing protein (Fragment) OS=Adineta steineri OX=433720 GN=OXD698_LOCUS51442 PE=3 SV=1,Not_Target,Not_Target,Not_Target
tr|A0A820PLS3|A0A820PLS3_9BILA Myosin motor domain-containing protein (Fragment) OS=Adineta steineri OX=433720 GN=KXQ929_LOCUS51225 PE=3 SV=1,Not_Target,Not_Target,Not_Target
tr|A0A820PVV9|A0A820PVV9_9BILA Myosin motor domain-containing protein (Fragment) OS=Adineta steineri OX=433720 GN=KXQ929_LOCUS51574 PE=3 SV=1,Not_Target,Not_Target,Not_Target
tr|A0A820QAI9|A0A820QAI9_9BILA Myosin motor domain-containing protein (Fragment) OS=Adineta steineri OX=433720 GN=OXD698_LOCUS52359 PE=3 SV=1,Not_Target,Not_Target,Not_Target
tr|A0A820QBU6|A0A820QBU6_9BILA Myosin motor domain-containing protein (Fragment) OS=Adineta steineri OX=433720 GN=KXQ929_LOCUS51952 PE=3 SV=1,Not_Target,Not_Target,Actin
tr|A0A820QE80|A0A820QE80_9BILA Myosin motor domain-containing protein (Fragment) OS=Adineta steineri OX=433720 GN=OXD698_LOCUS52448 PE=3 SV=1,Not_Target,Not_Target,Not_Target
tr|A0A820QFR2|A0A820QFR2_9BILA Myosin tail domain-containing protein (Fragment) OS=Adineta steineri OX=433720 GN=OXD698_LOCUS52703 PE=4 SV=1,Not_Target,Not_Target,Not_Target
tr|A0A820R4M7|A0A820R4M7_9BILA Myosin motor domain-containing protein (Fragment) OS=Adineta steineri OX=433720 GN=OKA104_LOCUS52993 PE=3 SV=1,Not_Target,Not_Target,Not_Target
tr|A0A820RI49|A0A820RI49_9BILA Myosin motor domain-containing protein (Fragment) OS=Adineta steineri OX=433720 GN=KXQ929_LOCUS53180 PE=3 SV=1,Not_Target,Not_Target,Not_Target
tr|A0A820RJD3|A0A820RJD3_9BILA Myosin motor domain-containing protein (Fragment) OS=Adineta steineri OX=433720 GN=OXD698_LOCUS53555 PE=3 SV=1,Myosin,Not_Target,Actin
tr|A0A820RTX9|A0A820RTX9_9BILA Myosin motor domain-containing protein (Fragment) OS=Adineta steineri OX=433720 GN=KXQ929_LOCUS53329 PE=3 SV=1,Not_Target,Not_Target,Not_Target
tr|A0A820RX94|A0A820RX94_9BILA Myosin heavy chain OS=Rotaria sp. Silwood2 OX=2762512 GN=JQV615_LOCUS34778 PE=3 SV=1,Not_Target,Not_Target,Not_Target
tr|A0A820S5U3|A0A820S5U3_9BILA Myosin N-terminal SH3-like domain-containing protein (Fragment) OS=Adineta steineri OX=433720 GN=OXD698_LOCUS54275 PE=3 SV=1,Not_Target,Not_Target,Not_Target
tr|A0A820S7S8|A0A820S7S8_9BILA Myosin motor domain-containing protein (Fragment) OS=Adineta steineri OX=433720 GN=OKA104_LOCUS54002 PE=3 SV=1,Not_Target,Not_Target,Not_Target
tr|A0A820S996|A0A820S996_9BILA Myosin heavy chain (Fragment) OS=Rotaria socialis OX=392032 GN=UJA718_LOCUS22873 PE=3 SV=1,Myosin,Not_Target,Not_Target
tr|A0A820SAS0|A0A820SAS0_9BILA Myosin heavy chain (Fragment) OS=Rotaria sp. Silwood2 OX=2762512 GN=SJO388_LOCUS25669 PE=3 SV=1,Myosin,Myosin,Myosin
tr|A0A820SKA0|A0A820SKA0_9BILA Myosin motor domain-containing protein (Fragment) OS=Adineta steineri OX=433720 GN=OKA104_LOCUS54178 PE=3 SV=1,Not_Target,Not_Target,Not_Target
tr|A0A820SMS2|A0A820SMS2_9BILA Myosin motor domain-containing protein OS=Rotaria sp. Silwood2 OX=2762512 GN=RMH319_LOCUS34379 PE=3 SV=1,Myosin,Myosin,Myosin
tr|A0A820SQ26|A0A820SQ26_9BILA Myosin motor domain-containing protein (Fragment) OS=Rotaria sp. Silwood2 OX=2762512 GN=RMH319_LOCUS34092 PE=3 SV=1,Not_Target,Not_Target,Not_Target
tr|A0A820SR29|A0A820SR29_9BILA Myosin-VIIa OS=Rotaria socialis OX=392032 GN=FME351_LOCUS26819 PE=3 SV=1,Myosin,Myosin,Myosin
tr|A0A820STX5|A0A820STX5_9BILA Myosin motor domain-containing protein (Fragment) OS=Rotaria sp. Silwood2 OX=2762512 GN=RMH319_LOCUS34091 PE=3 SV=1,Myosin,Myosin,Myosin
tr|A0A820SZ89|A0A820SZ89_9BILA Myosin motor domain-containing protein OS=Rotaria sp. Silwood2 OX=2762512 GN=JQV615_LOCUS35594 PE=3 SV=1,Not_Target,Myosin,Not_Target
tr|A0A820T2C3|A0A820T2C3_9BILA Myosin motor domain-containing protein OS=Rotaria socialis OX=392032 GN=QYT958_LOCUS1599 PE=3 SV=1,Myosin,Myosin,Myosin
tr|A0A820TTF4|A0A820TTF4_9BILA Myosin motor domain-containing protein (Fragment) OS=Rotaria magnacalcarata OX=392030 GN=OVN521_LOCUS39231 PE=3 SV=1,Not_Target,Not_Target,Myosin
tr|A0A820TV34|A0A820TV34_9BILA Myosin motor domain-containing protein (Fragment) OS=Rotaria sp. Silwood2 OX=2762512 GN=RMH319_LOCUS35249 PE=3 SV=1,Myosin,Myosin,Myosin
tr|A0A820TWS1|A0A820TWS1_9BILA Myosin motor domain-containing protein (Fragment) OS=Rotaria sp. Silwood2 OX=2762512 GN=RMH319_LOCUS35318 PE=3 SV=1,Myosin,Myosin,Myosin
tr|A0A820U1E9|A0A820U1E9_9BILA Myosin motor domain-containing protein (Fragment) OS=Rotaria magnacalcarata OX=392030 GN=OVN521_LOCUS39295 PE=3 SV=1,Not_Target,Myosin,Not_Target
tr|A0A820UF09|A0A820UF09_9BILA Myosin motor domain-containing protein OS=Rotaria socialis OX=392032 GN=QYT958_LOCUS3153 PE=3 SV=1,Myosin,Myosin,Not_Target
tr|A0A820UHQ4|A0A820UHQ4_9BILA Myosin motor domain-containing protein (Fragment) OS=Rotaria socialis OX=392032 GN=TIS948_LOCUS3973 PE=3 SV=1,Myosin,Not_Target,Not_Target
tr|A0A820UTB3|A0A820UTB3_9BILA Myosin motor domain-containing protein (Fragment) OS=Rotaria sp. Silwood2 OX=2762512 GN=JQV615_LOCUS37388 PE=3 SV=1,Not_Target,Not_Target,Not_Target
tr|A0A820UTV5|A0A820UTV5_9BILA Myosin heavy chain (Fragment) OS=Rotaria sp. Silwood1 OX=2762511 GN=XPS770_LOCUS524 PE=3 SV=1,Myosin,Myosin,Myosin
tr|A0A820V4K4|A0A820V4K4_9BILA Myosin tail domain-containing protein OS=Rotaria magnacalcarata OX=392030 GN=OVN521_LOCUS40427 PE=4 SV=1,Myosin,Myosin,Myosin
tr|A0A820V4P6|A0A820V4P6_9BILA Myosin motor domain-containing protein OS=Rotaria socialis OX=392032 GN=QYT958_LOCUS4262 PE=3 SV=1,Myosin,Myosin,Myosin
tr|A0A820VB02|A0A820VB02_9BILA Myosin motor domain-containing protein (Fragment) OS=Rotaria sp. Silwood2 OX=2762512 GN=ZIB798_LOCUS39695 PE=3 SV=1,Not_Target,Myosin,Not_Target
tr|A0A820VFI4|A0A820VFI4_9BILA Myosin motor domain-containing protein (Fragment) OS=Rotaria sp. Silwood2 OX=2762512 GN=ZIB798_LOCUS39824 PE=3 SV=1,Myosin,Myosin,Myosin
tr|A0A820VWM0|A0A820VWM0_9BILA Myosin heavy chain (Fragment) OS=Rotaria sp. Silwood2 OX=2762512 GN=ZIB798_LOCUS40189 PE=3 SV=1,Not_Target,Not_Target,Not_Target
tr|A0A820VXJ9|A0A820VXJ9_9BILA Myosin motor domain-containing protein OS=Rotaria sp. Silwood2 OX=2762512 GN=ZIB798_LOCUS40360 PE=3 SV=1,Not_Target,Myosin,Not_Target
tr|A0A820VY66|A0A820VY66_9BILA Myosin motor domain-containing protein (Fragment) OS=Rotaria socialis OX=392032 GN=UJA718_LOCUS26718 PE=3 SV=1,Not_Target,Not_Target,Not_Target
tr|A0A820W103|A0A820W103_9BILA Myosin motor domain-containing protein (Fragment) OS=Rotaria sp. Silwood2 OX=2762512 GN=ZIB798_LOCUS40396 PE=3 SV=1,Myosin,Myosin,Myosin
tr|A0A820WBX5|A0A820WBX5_9BILA Myosin-IIIb-like OS=Rotaria sp. Silwood1 OX=2762511 GN=NFQ510_LOCUS432 PE=3 SV=1,Myosin,Myosin,Myosin
tr|A0A820WCI1|A0A820WCI1_9BILA Myosin motor domain-containing protein OS=Rotaria sp. Silwood2 OX=2762512 GN=SJO388_LOCUS30045 PE=3 SV=1,Myosin,Not_Target,Not_Target
tr|A0A820WN50|A0A820WN50_9BILA Myosin motor domain-containing protein OS=Rotaria sp. Silwood1 OX=2762511 GN=XPS770_LOCUS2698 PE=3 SV=1,Myosin,Myosin,Myosin
tr|A0A820WXD4|A0A820WXD4_9BILA Myosin motor domain-containing protein OS=Rotaria sp. Silwood2 OX=2762512 GN=ZIB798_LOCUS41277 PE=3 SV=1,Myosin,Not_Target,Not_Target
tr|A0A820XE46|A0A820XE46_9BILA Myosin motor domain-containing protein (Fragment) OS=Rotaria sp. Silwood2 OX=2762512 GN=RMH319_LOCUS38839 PE=3 SV=1,Not_Target,Not_Target,Not_Target
tr|A0A820XE55|A0A820XE55_9BILA Myosin motor domain-containing protein OS=Rotaria sp. Silwood2 OX=2762512 GN=RMH319_LOCUS38840 PE=3 SV=1,Not_Target,Not_Target,Not_Target
tr|A0A820XEG8|A0A820XEG8_9BILA Myosin motor domain-containing protein (Fragment) OS=Rotaria sp. Silwood2 OX=2762512 GN=JQV615_LOCUS39865 PE=3 SV=1,Myosin,Myosin,Myosin
tr|A0A820XLG9|A0A820XLG9_9BILA Myosin motor domain-containing protein (Fragment) OS=Rotaria sp. Silwood2 OX=2762512 GN=SJO388_LOCUS31115 PE=3 SV=1,Myosin,Myosin,Myosin
tr|A0A820XLM2|A0A820XLM2_9BILA Myosin motor domain-containing protein OS=Rotaria sp. Silwood2 OX=2762512 GN=SJO388_LOCUS31116 PE=3 SV=1,Not_Target,Not_Target,Not_Target
tr|A0A820XP86|A0A820XP86_9BILA Myosin heavy chain OS=Rotaria sp. Silwood1 OX=2762511 GN=BAC187_LOCUS23668 PE=3 SV=1,Myosin,Myosin,Myosin
tr|A0A820XYC8|A0A820XYC8_9BILA Myosin tail domain-containing protein (Fragment) OS=Rotaria socialis OX=392032 GN=UJA718_LOCUS28427 PE=4 SV=1,Myosin,Myosin,Not_Target
tr|A0A820Y1C9|A0A820Y1C9_9BILA Myosin motor domain-containing protein OS=Rotaria sp. Silwood2 OX=2762512 GN=ZIB798_LOCUS42134 PE=3 SV=1,Not_Target,Not_Target,Not_Target
tr|A0A820Y781|A0A820Y781_9BILA Myosin motor domain-containing protein OS=Rotaria socialis OX=392032 GN=TSG867_LOCUS24131 PE=3 SV=1,Myosin,Myosin,Myosin
tr|A0A820YLZ6|A0A820YLZ6_9BILA Myosin motor domain-containing protein OS=Rotaria sp. Silwood2 OX=2762512 GN=DRW283_LOCUS37039 PE=3 SV=1,Not_Target,Not_Target,Not_Target
tr|A0A820Z552|A0A820Z552_9BILA Myosin motor domain-containing protein OS=Rotaria sp. Silwood2 OX=2762512 GN=RMH319_LOCUS40023 PE=3 SV=1,Myosin,Not_Target,Myosin
tr|A0A820Z8W6|A0A820Z8W6_9BILA Myosin motor domain-containing protein (Fragment) OS=Rotaria sp. Silwood2 OX=2762512 GN=ZIB798_LOCUS43200 PE=3 SV=1,Not_Target,Not_Target,Not_Target
tr|A0A820ZHN2|A0A820ZHN2_9BILA Myosin motor domain-containing protein (Fragment) OS=Rotaria sp. Silwood2 OX=2762512 GN=SJO388_LOCUS32908 PE=3 SV=1,Not_Target,Myosin,Myosin
tr|A0A820ZHR7|A0A820ZHR7_9BILA Myosin heavy chain OS=Rotaria sp. Silwood1 OX=2762511 GN=BAC187_LOCUS2649 PE=3 SV=1,Not_Target,Not_Target,Not_Target
tr|A0A820ZMB0|A0A820ZMB0_9BILA Myosin heavy chain (Fragment) OS=Rotaria socialis OX=392032 GN=UJA718_LOCUS30124 PE=3 SV=1,Myosin,Myosin,Not_Target
tr|A0A820ZV14|A0A820ZV14_9BILA Myosin motor domain-containing protein (Fragment) OS=Rotaria sp. Silwood2 OX=2762512 GN=SJO388_LOCUS33066 PE=3 SV=1,Not_Target,Myosin,Not_Target
tr|A0A820ZVT7|A0A820ZVT7_9BILA Myosin motor domain-containing protein (Fragment) OS=Rotaria socialis OX=392032 GN=HFQ381_LOCUS31872 PE=3 SV=1,Not_Target,Not_Target,Not_Target
tr|A0A821A3K8|A0A821A3K8_9BILA Myosin motor domain-containing protein OS=Rotaria sp. Silwood1 OX=2762511 GN=PXF425_LOCUS855 PE=3 SV=1,Myosin,Not_Target,Not_Target
tr|A0A821A4N3|A0A821A4N3_9BILA Myosin motor domain-containing protein (Fragment) OS=Rotaria sp. Silwood2 OX=2762512 GN=RMH319_LOCUS41132 PE=3 SV=1,Not_Target,Not_Target,Not_Target
tr|A0A821A623|A0A821A623_9BILA Myosin tail domain-containing protein (Fragment) OS=Rotaria magnacalcarata OX=392030 GN=OVN521_LOCUS44154 PE=4 SV=1,Myosin,Not_Target,Not_Target
tr|A0A821AE86|A0A821AE86_9BILA Myosin motor domain-containing protein (Fragment) OS=Rotaria sp. Silwood2 OX=2762512 GN=SJO388_LOCUS33495 PE=3 SV=1,Not_Target,Not_Target,Not_Target
tr|A0A821B2M2|A0A821B2M2_9BILA Myosin motor domain-containing protein OS=Rotaria sp. Silwood2 OX=2762512 GN=RHK424_LOCUS23447 PE=3 SV=1,Not_Target,Not_Target,Not_Target
tr|A0A821BA36|A0A821BA36_9BILA Myosin motor domain-containing protein (Fragment) OS=Rotaria socialis OX=392032 GN=UJA718_LOCUS30757 PE=3 SV=1,Not_Target,Not_Target,Not_Target
tr|A0A821BI48|A0A821BI48_9BILA Myosin motor domain-containing protein (Fragment) OS=Rotaria sp. Silwood2 OX=2762512 GN=SJO388_LOCUS34498 PE=3 SV=1,Not_Target,Not_Target,Not_Target
tr|A0A821BIQ2|A0A821BIQ2_9BILA Myosin motor domain-containing protein (Fragment) OS=Rotaria sp. Silwood2 OX=2762512 GN=ZIB798_LOCUS44834 PE=3 SV=1,Myosin,Myosin,Myosin
tr|A0A821BPH0|A0A821BPH0_9BILA Myosin motor domain-containing protein OS=Rotaria sp. Silwood2 OX=2762512 GN=SJO388_LOCUS34499 PE=3 SV=1,Not_Target,Not_Target,Not_Target
tr|A0A821BRV5|A0A821BRV5_9BILA Myosin heavy chain OS=Rotaria socialis OX=392032 GN=QYT958_LOCUS11250 PE=3 SV=1,Not_Target,Not_Target,Not_Target
tr|A0A821C2B8|A0A821C2B8_9BILA Myosin heavy chain (Fragment) OS=Rotaria sp. Silwood1 OX=2762511 GN=PXF425_LOCUS2395 PE=3 SV=1,Myosin,Myosin,Myosin
tr|A0A821C2D2|A0A821C2D2_9BILA Myosin motor domain-containing protein (Fragment) OS=Rotaria socialis OX=392032 GN=HFQ381_LOCUS33582 PE=3 SV=1,Not_Target,Not_Target,Not_Target
tr|A0A821C4D4|A0A821C4D4_9BILA Myosin motor domain-containing protein (Fragment) OS=Rotaria sp. Silwood2 OX=2762512 GN=RMH319_LOCUS42714 PE=3 SV=1,Not_Target,Not_Target,Not_Target
tr|A0A821C833|A0A821C833_9BILA Myosin motor domain-containing protein OS=Rotaria sp. Silwood1 OX=2762511 GN=PXF425_LOCUS2833 PE=3 SV=1,Not_Target,Myosin,Not_Target
tr|A0A821CCL8|A0A821CCL8_9BILA Myosin motor domain-containing protein (Fragment) OS=Rotaria socialis OX=392032 GN=UJA718_LOCUS31214 PE=3 SV=1,Not_Target,Not_Target,Not_Target
tr|A0A821CE59|A0A821CE59_9BILA Myosin motor domain-containing protein (Fragment) OS=Rotaria sp. Silwood2 OX=2762512 GN=JQV615_LOCUS44058 PE=3 SV=1,Myosin,Myosin,Not_Target
tr|A0A821CTE1|A0A821CTE1_9BILA Myosin motor domain-containing protein OS=Rotaria sp. Silwood2 OX=2762512 GN=RMH319_LOCUS43269 PE=3 SV=1,Not_Target,Not_Target,Not_Target
tr|A0A821CUB6|A0A821CUB6_9BILA Myosin motor domain-containing protein OS=Rotaria sp. Silwood2 OX=2762512 GN=RHK424_LOCUS27015 PE=3 SV=1,Not_Target,Not_Target,Not_Target
tr|A0A821CVR8|A0A821CVR8_9BILA Myosin motor domain-containing protein OS=Rotaria socialis OX=392032 GN=TOA249_LOCUS11366 PE=3 SV=1,Myosin,Myosin,Myosin
tr|A0A821DJY9|A0A821DJY9_9BILA Myosin motor domain-containing protein OS=Rotaria sp. Silwood2 OX=2762512 GN=SJO388_LOCUS35968 PE=3 SV=1,Not_Target,Not_Target,Not_Target
tr|A0A821DKZ5|A0A821DKZ5_9BILA Myosin motor domain-containing protein (Fragment) OS=Rotaria socialis OX=392032 GN=HFQ381_LOCUS34426 PE=3 SV=1,Not_Target,Not_Target,Myosin
tr|A0A821DL41|A0A821DL41_9BILA Myosin motor domain-containing protein (Fragment) OS=Rotaria sp. Silwood2 OX=2762512 GN=SJO388_LOCUS36015 PE=3 SV=1,Not_Target,Not_Target,Not_Target
tr|A0A821DR76|A0A821DR76_9BILA Myosin heavy chain OS=Rotaria socialis OX=392032 GN=TOA249_LOCUS12161 PE=3 SV=1,Myosin,Myosin,Myosin
tr|A0A821DSG6|A0A821DSG6_9BILA Myosin tail domain-containing protein (Fragment) OS=Rotaria sp. Silwood2 OX=2762512 GN=ZIB798_LOCUS46949 PE=4 SV=1,Myosin,Myosin,Myosin
tr|A0A821DVH7|A0A821DVH7_9BILA Myosin tail domain-containing protein OS=Rotaria sp. Silwood2 OX=2762512 GN=ZIB798_LOCUS46950 PE=4 SV=1,Not_Target,Not_Target,Not_Target
tr|A0A821DWP0|A0A821DWP0_9BILA Myosin tail domain-containing protein (Fragment) OS=Rotaria sp. Silwood2 OX=2762512 GN=RMH319_LOCUS44276 PE=4 SV=1,Myosin,Myosin,Myosin
tr|A0A821DZS1|A0A821DZS1_9BILA Myosin motor domain-containing protein OS=Rotaria sp. Silwood1 OX=2762511 GN=XPS770_LOCUS9890 PE=3 SV=1,Myosin,Myosin,Myosin
tr|A0A821E2F0|A0A821E2F0_9BILA Myosin-VIIa OS=Rotaria socialis OX=392032 GN=QYT958_LOCUS13415 PE=3 SV=1,Myosin,Myosin,Myosin
tr|A0A821EJ11|A0A821EJ11_9BILA Myosin motor domain-containing protein OS=Rotaria sp. Silwood2 OX=2762512 GN=ZIB798_LOCUS47497 PE=3 SV=1,Not_Target,Myosin,Not_Target
tr|A0A821EK62|A0A821EK62_9BILA Myosin motor domain-containing protein (Fragment) OS=Rotaria sp. Silwood2 OX=2762512 GN=SJO388_LOCUS36793 PE=3 SV=1,Not_Target,Not_Target,Not_Target
tr|A0A821ERQ6|A0A821ERQ6_9BILA Myosin motor domain-containing protein OS=Rotaria sp. Silwood1 OX=2762511 GN=CBO169_LOCUS18362 PE=3 SV=1,Myosin,Myosin,Myosin
tr|A0A821EVY7|A0A821EVY7_9BILA Myosin motor domain-containing protein (Fragment) OS=Rotaria sp. Silwood1 OX=2762511 GN=PXF425_LOCUS5421 PE=3 SV=1,Myosin,Myosin,Not_Target
tr|A0A821EWZ5|A0A821EWZ5_9BILA Myosin motor domain-containing protein OS=Rotaria sp. Silwood2 OX=2762512 GN=SJO388_LOCUS37091 PE=3 SV=1,Not_Target,Not_Target,Not_Target
tr|A0A821F7W3|A0A821F7W3_9BILA Myosin motor domain-containing protein (Fragment) OS=Rotaria magnacalcarata OX=392030 GN=OVN521_LOCUS46759 PE=3 SV=1,Not_Target,Not_Target,Not_Target
tr|A0A821FAY5|A0A821FAY5_9BILA Myosin motor domain-containing protein (Fragment) OS=Rotaria sp. Silwood2 OX=2762512 GN=ZIB798_LOCUS47965 PE=3 SV=1,Not_Target,Not_Target,Not_Target
tr|A0A821FL38|A0A821FL38_9BILA Myosin-VIIa OS=Rotaria sp. Silwood1 OX=2762511 GN=BAC187_LOCUS9178 PE=3 SV=1,Myosin,Myosin,Myosin
tr|A0A821FQJ4|A0A821FQJ4_9BILA Myosin motor domain-containing protein (Fragment) OS=Rotaria socialis OX=392032 GN=UJA718_LOCUS34047 PE=3 SV=1,Not_Target,Not_Target,Not_Target
tr|A0A821FVF5|A0A821FVF5_9BILA Myosin motor domain-containing protein OS=Rotaria socialis OX=392032 GN=QYT958_LOCUS15158 PE=3 SV=1,Myosin,Myosin,Not_Target
tr|A0A821G6Q5|A0A821G6Q5_9BILA Myosin motor domain-containing protein (Fragment) OS=Rotaria sp. Silwood2 OX=2762512 GN=NCT539_LOCUS47376 PE=3 SV=1,Not_Target,Not_Target,Not_Target
tr|A0A821GAR5|A0A821GAR5_9BILA Myosin heavy chain OS=Rotaria sp. Silwood1 OX=2762511 GN=XPS770_LOCUS11943 PE=3 SV=1,Myosin,Myosin,Myosin
tr|A0A821GQD6|A0A821GQD6_9BILA Myosin N-terminal SH3-like domain-containing protein OS=Rotaria sp. Silwood2 OX=2762512 GN=SJO388_LOCUS38504 PE=3 SV=1,Not_Target,Not_Target,Not_Target
tr|A0A821GWZ7|A0A821GWZ7_9BILA Myosin tail domain-containing protein OS=Rotaria sp. Silwood1 OX=2762511 GN=CBO169_LOCUS15606 PE=4 SV=1,Myosin,Myosin,Not_Target
tr|A0A821H177|A0A821H177_9BILA Myosin tail domain-containing protein (Fragment) OS=Rotaria sp. Silwood1 OX=2762511 GN=XPS770_LOCUS13025 PE=4 SV=1,Myosin,Myosin,Myosin
tr|A0A821H9L2|A0A821H9L2_9BILA Myosin motor domain-containing protein OS=Rotaria sp. Silwood1 OX=2762511 GN=NFQ510_LOCUS11289 PE=3 SV=1,Not_Target,Not_Target,Not_Target
tr|A0A821HF14|A0A821HF14_9BILA Myosin motor domain-containing protein OS=Rotaria socialis OX=392032 GN=UJA718_LOCUS35549 PE=3 SV=1,Myosin,Myosin,Not_Target
tr|A0A821HIB9|A0A821HIB9_9BILA Myosin tail domain-containing protein (Fragment) OS=Rotaria socialis OX=392032 GN=TOA249_LOCUS15973 PE=4 SV=1,Myosin,Myosin,Myosin
tr|A0A821HSX7|A0A821HSX7_9BILA Myosin motor domain-containing protein (Fragment) OS=Rotaria sp. Silwood1 OX=2762511 GN=PXF425_LOCUS8243 PE=3 SV=1,Myosin,Myosin,Not_Target
tr|A0A821I2D6|A0A821I2D6_9BILA Myosin motor domain-containing protein (Fragment) OS=Rotaria sp. Silwood2 OX=2762512 GN=JQV615_LOCUS48554 PE=3 SV=1,Not_Target,Not_Target,Not_Target
tr|A0A821I6B3|A0A821I6B3_9BILA Myosin motor domain-containing protein (Fragment) OS=Rotaria magnacalcarata OX=392030 GN=OVN521_LOCUS48124 PE=3 SV=1,Not_Target,Not_Target,Not_Target
tr|A0A821I9K0|A0A821I9K0_9BILA Myosin motor domain-containing protein (Fragment) OS=Rotaria sp. Silwood2 OX=2762512 GN=SJO388_LOCUS40006 PE=3 SV=1,Not_Target,Not_Target,Not_Target
tr|A0A821IH87|A0A821IH87_9BILA Myosin heavy chain OS=Rotaria sp. Silwood1 OX=2762511 GN=NFQ510_LOCUS12422 PE=3 SV=1,Not_Target,Not_Target,Not_Target
tr|A0A821IPY5|A0A821IPY5_9BILA Myosin motor domain-containing protein (Fragment) OS=Rotaria sp. Silwood2 OX=2762512 GN=SJO388_LOCUS40582 PE=3 SV=1,Not_Target,Myosin,Not_Target
tr|A0A821J1G9|A0A821J1G9_9BILA Myosin motor domain-containing protein OS=Rotaria sp. Silwood1 OX=2762511 GN=BAC187_LOCUS12493 PE=3 SV=1,Myosin,Myosin,Myosin
tr|A0A821J3R8|A0A821J3R8_9BILA Myosin motor domain-containing protein (Fragment) OS=Rotaria sp. Silwood2 OX=2762512 GN=SJO388_LOCUS40785 PE=3 SV=1,Not_Target,Myosin,Not_Target
tr|A0A821J6A0|A0A821J6A0_9BILA Myosin motor domain-containing protein (Fragment) OS=Rotaria magnacalcarata OX=392030 GN=OVN521_LOCUS48924 PE=3 SV=1,Not_Target,Not_Target,Not_Target
tr|A0A821J9L9|A0A821J9L9_9BILA Myosin motor domain-containing protein (Fragment) OS=Rotaria sp. Silwood1 OX=2762511 GN=PXF425_LOCUS9644 PE=3 SV=1,Not_Target,Not_Target,Not_Target
tr|A0A821JKD5|A0A821JKD5_9BILA Myosin motor domain-containing protein (Fragment) OS=Rotaria sp. Silwood2 OX=2762512 GN=ZIB798_LOCUS50789 PE=3 SV=1,Not_Target,Not_Target,Not_Target
tr|A0A821JRF0|A0A821JRF0_9BILA Myosin motor domain-containing protein OS=Rotaria socialis OX=392032 GN=UJA718_LOCUS37323 PE=3 SV=1,Not_Target,Not_Target,Not_Target
tr|A0A821JUM3|A0A821JUM3_9BILA Myosin tail domain-containing protein (Fragment) OS=Rotaria sp. Silwood2 OX=2762512 GN=SJO388_LOCUS41413 PE=4 SV=1,Myosin,Myosin,Myosin
tr|A0A821JY42|A0A821JY42_9BILA Myosin motor domain-containing protein (Fragment) OS=Rotaria sp. Silwood2 OX=2762512 GN=SJO388_LOCUS41622 PE=3 SV=1,Not_Target,Not_Target,Not_Target
tr|A0A821K3J2|A0A821K3J2_9BILA Myosin heavy chain OS=Rotaria sp. Silwood1 OX=2762511 GN=BAC187_LOCUS20088 PE=3 SV=1,Myosin,Myosin,Myosin
tr|A0A821KB06|A0A821KB06_9BILA Myosin motor domain-containing protein (Fragment) OS=Rotaria sp. Silwood2 OX=2762512 GN=RMH319_LOCUS49482 PE=3 SV=1,Not_Target,Not_Target,Not_Target
tr|A0A821KPW1|A0A821KPW1_9BILA Myosin motor domain-containing protein OS=Rotaria sp. Silwood2 OX=2762512 GN=SJO388_LOCUS42452 PE=3 SV=1,Not_Target,Not_Target,Not_Target
tr|A0A821L9P0|A0A821L9P0_9BILA Myosin motor domain-containing protein OS=Rotaria socialis OX=392032 GN=QYT958_LOCUS20768 PE=3 SV=1,Not_Target,Not_Target,Not_Target
tr|A0A821LAP8|A0A821LAP8_9BILA Myosin motor domain-containing protein (Fragment) OS=Rotaria sp. Silwood1 OX=2762511 GN=PXF425_LOCUS11876 PE=3 SV=1,Myosin,Myosin,Myosin
tr|A0A821LEW5|A0A821LEW5_9BILA Myosin motor domain-containing protein (Fragment) OS=Rotaria sp. Silwood1 OX=2762511 GN=PXF425_LOCUS12001 PE=3 SV=1,Myosin,Not_Target,Myosin
tr|A0A821LR77|A0A821LR77_9BILA Myosin motor domain-containing protein OS=Rotaria sp. Silwood1 OX=2762511 GN=XPS770_LOCUS17652 PE=3 SV=1,Not_Target,Not_Target,Not_Target
tr|A0A821LRJ6|A0A821LRJ6_9BILA Myosin motor domain-containing protein OS=Rotaria socialis OX=392032 GN=HFQ381_LOCUS33798 PE=3 SV=1,Not_Target,Not_Target,Not_Target
tr|A0A821M482|A0A821M482_9BILA Myosin motor domain-containing protein (Fragment) OS=Rotaria socialis OX=392032 GN=UJA718_LOCUS39424 PE=3 SV=1,Not_Target,Actin,Not_Target
tr|A0A821M7E4|A0A821M7E4_9BILA Myosin tail domain-containing protein (Fragment) OS=Rotaria sp. Silwood2 OX=2762512 GN=SJO388_LOCUS43688 PE=4 SV=1,Myosin,Myosin,Myosin
tr|A0A821MGX7|A0A821MGX7_9BILA Myosin heavy chain OS=Rotaria sp. Silwood1 OX=2762511 GN=XPS770_LOCUS18420 PE=3 SV=1,Myosin,Myosin,Myosin
tr|A0A821MZT5|A0A821MZT5_9BILA Myosin tail domain-containing protein (Fragment) OS=Rotaria sp. Silwood2 OX=2762512 GN=RMH319_LOCUS51477 PE=4 SV=1,Not_Target,Myosin,Not_Target
tr|A0A821N4J7|A0A821N4J7_9BILA Myosin tail domain-containing protein (Fragment) OS=Rotaria sp. Silwood2 OX=2762512 GN=JQV615_LOCUS51758 PE=4 SV=1,Myosin,Not_Target,Not_Target
tr|A0A821NCL4|A0A821NCL4_9BILA Myosin motor domain-containing protein (Fragment) OS=Rotaria sp. Silwood2 OX=2762512 GN=RMH319_LOCUS51675 PE=3 SV=1,Not_Target,Not_Target,Not_Target
tr|A0A821NGS4|A0A821NGS4_9BILA Myosin heavy chain (Fragment) OS=Rotaria sp. Silwood1 OX=2762511 GN=NFQ510_LOCUS17626 PE=3 SV=1,Myosin,Myosin,Myosin
tr|A0A821NRU0|A0A821NRU0_9BILA Myosin tail domain-containing protein (Fragment) OS=Rotaria sp. Silwood2 OX=2762512 GN=JQV615_LOCUS52202 PE=4 SV=1,Not_Target,Myosin,Not_Target
tr|A0A821P0B9|A0A821P0B9_9BILA Myosin motor domain-containing protein OS=Rotaria sp. Silwood2 OX=2762512 GN=RMH319_LOCUS52118 PE=3 SV=1,Not_Target,Not_Target,Not_Target
tr|A0A821PEJ5|A0A821PEJ5_9BILA Myosin motor domain-containing protein (Fragment) OS=Rotaria sp. Silwood2 OX=2762512 GN=RMH319_LOCUS52473 PE=3 SV=1,Not_Target,Not_Target,Not_Target
tr|A0A821PH96|A0A821PH96_9BILA Myosin motor domain-containing protein (Fragment) OS=Rotaria sp. Silwood2 OX=2762512 GN=SJO388_LOCUS45774 PE=3 SV=1,Not_Target,Not_Target,Not_Target
tr|A0A821PLI0|A0A821PLI0_9BILA Myosin motor domain-containing protein (Fragment) OS=Rotaria sp. Silwood2 OX=2762512 GN=SJO388_LOCUS46037 PE=3 SV=1,Not_Target,Not_Target,Not_Target
tr|A0A821PNP6|A0A821PNP6_9BILA Myosin heavy chain OS=Rotaria sp. Silwood1 OX=2762511 GN=NFQ510_LOCUS19139 PE=3 SV=1,Myosin,Not_Target,Not_Target
tr|A0A821PTL3|A0A821PTL3_9BILA Myosin motor domain-containing protein OS=Rotaria sp. Silwood1 OX=2762511 GN=NFQ510_LOCUS19057 PE=3 SV=1,Not_Target,Not_Target,Not_Target
tr|A0A821PVS5|A0A821PVS5_9BILA Myosin motor domain-containing protein (Fragment) OS=Rotaria sp. Silwood2 OX=2762512 GN=JQV615_LOCUS52833 PE=3 SV=1,Not_Target,Not_Target,Not_Target
tr|A0A821PZE7|A0A821PZE7_9BILA Myosin motor domain-containing protein (Fragment) OS=Rotaria sp. Silwood2 OX=2762512 GN=RMH319_LOCUS52878 PE=3 SV=1,Not_Target,Not_Target,Actin
tr|A0A821PZL5|A0A821PZL5_9BILA Myosin motor domain-containing protein OS=Rotaria sp. Silwood1 OX=2762511 GN=NFQ510_LOCUS19306 PE=3 SV=1,Not_Target,Not_Target,Not_Target
tr|A0A821QAR7|A0A821QAR7_9BILA Myosin motor domain-containing protein (Fragment) OS=Rotaria sp. Silwood1 OX=2762511 GN=PXF425_LOCUS16294 PE=3 SV=1,Not_Target,Not_Target,Not_Target
tr|A0A821QFA4|A0A821QFA4_9BILA Myosin motor domain-containing protein (Fragment) OS=Rotaria socialis OX=392032 GN=QYT958_LOCUS25213 PE=3 SV=1,Not_Target,Not_Target,Not_Target
tr|A0A821QMN7|A0A821QMN7_9BILA Myosin motor domain-containing protein (Fragment) OS=Rotaria sp. Silwood1 OX=2762511 GN=XPS770_LOCUS21957 PE=3 SV=1,Myosin,Myosin,Myosin
tr|A0A821QRA4|A0A821QRA4_9BILA Myosin heavy chain OS=Rotaria sp. Silwood1 OX=2762511 GN=XPS770_LOCUS21842 PE=3 SV=1,Myosin,Myosin,Myosin
tr|A0A821QZ62|A0A821QZ62_9BILA Myosin motor domain-containing protein OS=Rotaria sp. Silwood1 OX=2762511 GN=NFQ510_LOCUS20572 PE=3 SV=1,Myosin,Myosin,Myosin
tr|A0A821R8X5|A0A821R8X5_9BILA Myosin motor domain-containing protein (Fragment) OS=Rotaria sp. Silwood2 OX=2762512 GN=RMH319_LOCUS53733 PE=3 SV=1,Not_Target,Not_Target,Not_Target
tr|A0A821R9Y5|A0A821R9Y5_9BILA Myosin motor domain-containing protein (Fragment) OS=Rotaria sp. Silwood1 OX=2762511 GN=XPS770_LOCUS22766 PE=3 SV=1,Myosin,Myosin,Myosin
tr|A0A821RDI4|A0A821RDI4_9BILA Myosin motor domain-containing protein (Fragment) OS=Rotaria socialis OX=392032 GN=QYT958_LOCUS26298 PE=3 SV=1,Not_Target,Not_Target,Not_Target
tr|A0A821RJ44|A0A821RJ44_9BILA Myosin motor domain-containing protein OS=Rotaria sp. Silwood1 OX=2762511 GN=BAC187_LOCUS20673 PE=3 SV=1,Myosin,Myosin,Myosin
tr|A0A821RS99|A0A821RS99_9BILA Myosin motor domain-containing protein OS=Rotaria sp. Silwood1 OX=2762511 GN=PXF425_LOCUS18104 PE=3 SV=1,Myosin,Myosin,Myosin
tr|A0A821S3G5|A0A821S3G5_9BILA Myosin tail domain-containing protein OS=Rotaria sp. Silwood1 OX=2762511 GN=NFQ510_LOCUS22203 PE=4 SV=1,Myosin,Myosin,Not_Target
tr|A0A821S497|A0A821S497_9BILA Myosin heavy chain OS=Rotaria sp. Silwood1 OX=2762511 GN=BAC187_LOCUS21433 PE=3 SV=1,Myosin,Myosin,Myosin
tr|A0A821SYW1|A0A821SYW1_9BILA Myosin motor domain-containing protein (Fragment) OS=Rotaria socialis OX=392032 GN=TOA249_LOCUS28064 PE=3 SV=1,Not_Target,Not_Target,Not_Target
tr|A0A821TQ69|A0A821TQ69_9BILA Myosin motor domain-containing protein (Fragment) OS=Rotaria sp. Silwood1 OX=2762511 GN=NFQ510_LOCUS24037 PE=3 SV=1,Myosin,Not_Target,Myosin
tr|A0A821TQQ3|A0A821TQQ3_9BILA Myosin motor domain-containing protein (Fragment) OS=Rotaria socialis OX=392032 GN=UJA718_LOCUS44449 PE=3 SV=1,Not_Target,Not_Target,Not_Target
tr|A0A821TSS1|A0A821TSS1_9BILA Myosin motor domain-containing protein (Fragment) OS=Rotaria socialis OX=392032 GN=QYT958_LOCUS29136 PE=3 SV=1,Not_Target,Not_Target,Not_Target
tr|A0A821UBM7|A0A821UBM7_9BILA Myosin motor domain-containing protein OS=Rotaria sp. Silwood1 OX=2762511 GN=BAC187_LOCUS24563 PE=3 SV=1,Not_Target,Not_Target,Not_Target
tr|A0A821V344|A0A821V344_9BILA Myosin motor domain-containing protein OS=Rotaria sp. Silwood1 OX=2762511 GN=BAC187_LOCUS25622 PE=3 SV=1,Not_Target,Not_Target,Not_Target
tr|A0A821VIE4|A0A821VIE4_9BILA Myosin motor domain-containing protein (Fragment) OS=Rotaria sp. Silwood1 OX=2762511 GN=XPS770_LOCUS27858 PE=3 SV=1,Myosin,Myosin,Not_Target
tr|A0A821VMM4|A0A821VMM4_9BILA Myosin motor domain-containing protein (Fragment) OS=Rotaria sp. Silwood1 OX=2762511 GN=PXF425_LOCUS22995 PE=3 SV=1,Myosin,Myosin,Myosin
tr|A0A821W2F1|A0A821W2F1_9BILA Myosin heavy chain OS=Rotaria socialis OX=392032 GN=QYT958_LOCUS31352 PE=3 SV=1,Not_Target,Not_Target,Not_Target
tr|A0A821WFY7|A0A821WFY7_9BILA Myosin motor domain-containing protein (Fragment) OS=Rotaria sp. Silwood1 OX=2762511 GN=NFQ510_LOCUS27466 PE=3 SV=1,Myosin,Myosin,Myosin
tr|A0A821WKL1|A0A821WKL1_9BILA Myosin motor domain-containing protein (Fragment) OS=Rotaria socialis OX=392032 GN=UJA718_LOCUS46667 PE=3 SV=1,Not_Target,Not_Target,Myosin
tr|A0A821WKT0|A0A821WKT0_9BILA Myosin motor domain-containing protein (Fragment) OS=Rotaria sp. Silwood2 OX=2762512 GN=SJO388_LOCUS51647 PE=3 SV=1,Not_Target,Not_Target,Not_Target
tr|A0A821WTX6|A0A821WTX6_9BILA Myosin motor domain-containing protein OS=Rotaria socialis OX=392032 GN=QYT958_LOCUS31982 PE=3 SV=1,Not_Target,Not_Target,Not_Target
tr|A0A821WZG5|A0A821WZG5_9BILA Myosin motor domain-containing protein (Fragment) OS=Rotaria socialis OX=392032 GN=UJA718_LOCUS45319 PE=3 SV=1,Myosin,Not_Target,Not_Target
tr|A0A821XKT9|A0A821XKT9_9BILA Myosin tail domain-containing protein (Fragment) OS=Rotaria socialis OX=392032 GN=TOA249_LOCUS33633 PE=4 SV=1,Not_Target,Not_Target,Not_Target
tr|A0A821XQV0|A0A821XQV0_9BILA Myosin motor domain-containing protein (Fragment) OS=Rotaria sp. Silwood1 OX=2762511 GN=PXF425_LOCUS26008 PE=3 SV=1,Not_Target,Myosin,Not_Target
tr|A0A821Y4C3|A0A821Y4C3_9BILA Myosin tail domain-containing protein (Fragment) OS=Rotaria sp. Silwood1 OX=2762511 GN=BAC187_LOCUS29745 PE=4 SV=1,Myosin,Myosin,Myosin
tr|A0A821Y5M6|A0A821Y5M6_9BILA Myosin motor domain-containing protein OS=Rotaria sp. Silwood1 OX=2762511 GN=PXF425_LOCUS26007 PE=3 SV=1,Not_Target,Not_Target,Not_Target
tr|A0A821YBQ4|A0A821YBQ4_9BILA Myosin motor domain-containing protein (Fragment) OS=Rotaria socialis OX=392032 GN=QYT958_LOCUS34294 PE=3 SV=1,Myosin,Myosin,Not_Target
tr|A0A821YMP8|A0A821YMP8_9BILA Myosin heavy chain (Fragment) OS=Rotaria sp. Silwood1 OX=2762511 GN=NFQ510_LOCUS31097 PE=4 SV=1,Myosin,Not_Target,Myosin
tr|A0A821Z5T6|A0A821Z5T6_9BILA Myosin motor domain-containing protein (Fragment) OS=Rotaria socialis OX=392032 GN=QYT958_LOCUS35407 PE=3 SV=1,Not_Target,Not_Target,Not_Target
tr|A0A821Z6B5|A0A821Z6B5_9BILA Myosin motor domain-containing protein (Fragment) OS=Rotaria socialis OX=392032 GN=QYT958_LOCUS35622 PE=3 SV=1,Not_Target,Not_Target,Not_Target
tr|A0A821ZJB1|A0A821ZJB1_9BILA Myosin motor domain-containing protein (Fragment) OS=Rotaria sp. Silwood1 OX=2762511 GN=BAC187_LOCUS32693 PE=3 SV=1,Not_Target,Myosin,Not_Target
tr|A0A821ZJW0|A0A821ZJW0_9BILA Myosin motor domain-containing protein OS=Rotaria sp. Silwood1 OX=2762511 GN=NFQ510_LOCUS33124 PE=3 SV=1,Not_Target,Myosin,Not_Target
tr|A0A821ZRD9|A0A821ZRD9_9BILA Myosin motor domain-containing protein (Fragment) OS=Rotaria socialis OX=392032 GN=QYT958_LOCUS36572 PE=3 SV=1,Not_Target,Not_Target,Not_Target
tr|A0A821ZRF5|A0A821ZRF5_9BILA Myosin motor domain-containing protein (Fragment) OS=Rotaria socialis OX=392032 GN=QYT958_LOCUS36392 PE=3 SV=1,Not_Target,Not_Target,Not_Target
tr|A0A821ZUC2|A0A821ZUC2_9BILA Myosin motor domain-containing protein (Fragment) OS=Rotaria socialis OX=392032 GN=HFQ381_LOCUS34737 PE=3 SV=1,Not_Target,Not_Target,Not_Target
tr|A0A822A1P3|A0A822A1P3_9BILA Myosin motor domain-containing protein (Fragment) OS=Rotaria sp. Silwood1 OX=2762511 GN=XPS770_LOCUS35466 PE=3 SV=1,Not_Target,Not_Target,Not_Target
tr|A0A822AB97|A0A822AB97_9BILA Myosin motor domain-containing protein (Fragment) OS=Rotaria socialis OX=392032 GN=QYT958_LOCUS38226 PE=3 SV=1,Not_Target,Not_Target,Actin
tr|A0A822AHY4|A0A822AHY4_9BILA Myosin heavy chain (Fragment) OS=Rotaria sp. Silwood1 OX=2762511 GN=XPS770_LOCUS35802 PE=3 SV=1,Not_Target,Not_Target,Not_Target
tr|A0A822ATJ7|A0A822ATJ7_9BILA Myosin heavy chain (Fragment) OS=Rotaria sp. Silwood1 OX=2762511 GN=XPS770_LOCUS35460 PE=3 SV=1,Not_Target,Not_Target,Not_Target
tr|A0A822B306|A0A822B306_9BILA Myosin tail domain-containing protein (Fragment) OS=Rotaria sp. Silwood1 OX=2762511 GN=NFQ510_LOCUS37020 PE=4 SV=1,Myosin,Not_Target,Myosin
tr|A0A822B6T6|A0A822B6T6_9BILA Myosin motor domain-containing protein (Fragment) OS=Rotaria sp. Silwood1 OX=2762511 GN=NFQ510_LOCUS36379 PE=3 SV=1,Myosin,Myosin,Not_Target
tr|A0A822BD11|A0A822BD11_9BILA Myosin motor domain-containing protein (Fragment) OS=Rotaria sp. Silwood1 OX=2762511 GN=NFQ510_LOCUS37464 PE=3 SV=1,Not_Target,Not_Target,Not_Target
tr|A0A822BG75|A0A822BG75_9BILA Myosin motor domain-containing protein OS=Rotaria sp. Silwood1 OX=2762511 GN=NFQ510_LOCUS38735 PE=3 SV=1,Not_Target,Not_Target,Not_Target
tr|A0A822BGA0|A0A822BGA0_9BILA Myosin motor domain-containing protein OS=Rotaria socialis OX=392032 GN=QYT958_LOCUS38821 PE=3 SV=1,Not_Target,Not_Target,Not_Target
tr|A0A822BP50|A0A822BP50_9BILA Myosin heavy chain OS=Rotaria sp. Silwood1 OX=2762511 GN=BAC187_LOCUS38823 PE=3 SV=1,Not_Target,Not_Target,Not_Target
tr|A0A822BTJ6|A0A822BTJ6_9BILA Myosin motor domain-containing protein (Fragment) OS=Rotaria sp. Silwood1 OX=2762511 GN=NFQ510_LOCUS39046 PE=3 SV=1,Not_Target,Not_Target,Not_Target
tr|A0A822BUM9|A0A822BUM9_9BILA Myosin motor domain-containing protein (Fragment) OS=Rotaria sp. Silwood1 OX=2762511 GN=PXF425_LOCUS29722 PE=3 SV=1,Not_Target,Not_Target,Not_Target
tr|A0A822BUN8|A0A822BUN8_9BILA Myosin heavy chain OS=Rotaria sp. Silwood1 OX=2762511 GN=PXF425_LOCUS29970 PE=3 SV=1,Not_Target,Not_Target,Not_Target
tr|A0A822BX87|A0A822BX87_9BILA Myosin motor domain-containing protein (Fragment) OS=Rotaria sp. Silwood1 OX=2762511 GN=NFQ510_LOCUS39360 PE=3 SV=1,Not_Target,Not_Target,Not_Target
tr|A0A822CJQ6|A0A822CJQ6_9BILA Myosin motor domain-containing protein (Fragment) OS=Rotaria sp. Silwood1 OX=2762511 GN=XPS770_LOCUS41012 PE=3 SV=1,Not_Target,Not_Target,Not_Target
tr|A0A822CNZ9|A0A822CNZ9_9BILA Myosin motor domain-containing protein (Fragment) OS=Rotaria sp. Silwood1 OX=2762511 GN=NFQ510_LOCUS6270 PE=3 SV=1,Not_Target,Not_Target,Not_Target
tr|A0A822CQE9|A0A822CQE9_9BILA Myosin motor domain-containing protein OS=Rotaria sp. Silwood1 OX=2762511 GN=BAC187_LOCUS40763 PE=3 SV=1,Not_Target,Not_Target,Not_Target
tr|A0A822CU60|A0A822CU60_9BILA Myosin tail domain-containing protein (Fragment) OS=Rotaria sp. Silwood1 OX=2762511 GN=BAC187_LOCUS41073 PE=4 SV=1,Myosin,Myosin,Myosin
tr|A0A822D6F7|A0A822D6F7_9BILA Myosin motor domain-containing protein (Fragment) OS=Rotaria sp. Silwood1 OX=2762511 GN=XPS770_LOCUS42501 PE=3 SV=1,Not_Target,Not_Target,Not_Target
tr|A0A822D9R0|A0A822D9R0_9BILA Myosin motor domain-containing protein (Fragment) OS=Rotaria sp. Silwood1 OX=2762511 GN=XPS770_LOCUS42502 PE=3 SV=1,Not_Target,Not_Target,Not_Target
tr|A0A822DGP2|A0A822DGP2_9BILA Myosin tail domain-containing protein (Fragment) OS=Rotaria sp. Silwood1 OX=2762511 GN=XPS770_LOCUS42818 PE=4 SV=1,Myosin,Not_Target,Not_Target
tr|A0A822DU72|A0A822DU72_9BILA Myosin motor domain-containing protein (Fragment) OS=Rotaria socialis OX=392032 GN=QYT958_LOCUS43799 PE=3 SV=1,Not_Target,Not_Target,Not_Target
tr|A0A822DYK7|A0A822DYK7_9BILA Myosin motor domain-containing protein (Fragment) OS=Rotaria socialis OX=392032 GN=QYT958_LOCUS44031 PE=3 SV=1,Not_Target,Not_Target,Not_Target
tr|A0A822E2E7|A0A822E2E7_9BILA Myosin motor domain-containing protein OS=Rotaria sp. Silwood1 OX=2762511 GN=PXF425_LOCUS33480 PE=3 SV=1,Not_Target,Not_Target,Not_Target
tr|A0A822E382|A0A822E382_9BILA Myosin tail domain-containing protein (Fragment) OS=Rotaria sp. Silwood1 OX=2762511 GN=PXF425_LOCUS34131 PE=4 SV=1,Myosin,Myosin,Myosin
tr|A0A822E922|A0A822E922_9BILA Myosin motor domain-containing protein (Fragment) OS=Rotaria socialis OX=392032 GN=QYT958_LOCUS44552 PE=3 SV=1,Not_Target,Not_Target,Myosin
tr|A0A822EHI2|A0A822EHI2_9BILA Myosin motor domain-containing protein (Fragment) OS=Rotaria sp. Silwood1 OX=2762511 GN=NFQ510_LOCUS44349 PE=3 SV=1,Not_Target,Not_Target,Not_Target
tr|A0A822EJT0|A0A822EJT0_9BILA Myosin motor domain-containing protein (Fragment) OS=Rotaria socialis OX=392032 GN=QYT958_LOCUS45000 PE=3 SV=1,Not_Target,Not_Target,Not_Target
tr|A0A822EMJ0|A0A822EMJ0_9BILA Myosin motor domain-containing protein (Fragment) OS=Rotaria sp. Silwood1 OX=2762511 GN=NFQ510_LOCUS44572 PE=3 SV=1,Not_Target,Not_Target,Not_Target
tr|A0A822EWC7|A0A822EWC7_9BILA Myosin tail domain-containing protein (Fragment) OS=Rotaria sp. Silwood1 OX=2762511 GN=BAC187_LOCUS44650 PE=4 SV=1,Not_Target,Not_Target,Not_Target
tr|A0A822FGL7|A0A822FGL7_9BILA Myosin motor domain-containing protein (Fragment) OS=Rotaria sp. Silwood1 OX=2762511 GN=NFQ510_LOCUS45810 PE=3 SV=1,Not_Target,Not_Target,Not_Target
tr|A0A822FKR5|A0A822FKR5_9BILA Myosin motor domain-containing protein (Fragment) OS=Rotaria sp. Silwood1 OX=2762511 GN=PXF425_LOCUS40024 PE=3 SV=1,Not_Target,Not_Target,Not_Target
tr|A0A822FPW9|A0A822FPW9_9BILA Myosin tail domain-containing protein (Fragment) OS=Rotaria sp. Silwood1 OX=2762511 GN=PXF425_LOCUS40716 PE=4 SV=1,Myosin,Not_Target,Myosin
tr|A0A822FSY9|A0A822FSY9_9BILA Myosin motor domain-containing protein (Fragment) OS=Rotaria sp. Silwood1 OX=2762511 GN=PXF425_LOCUS39828 PE=3 SV=1,Not_Target,Myosin,Not_Target
tr|A0A822G4E8|A0A822G4E8_9BILA Myosin motor domain-containing protein (Fragment) OS=Rotaria sp. Silwood1 OX=2762511 GN=XPS770_LOCUS46429 PE=3 SV=1,Not_Target,Not_Target,Actin
tr|A0A822GHK0|A0A822GHK0_9BILA Myosin motor domain-containing protein (Fragment) OS=Rotaria sp. Silwood1 OX=2762511 GN=PXF425_LOCUS44322 PE=3 SV=1,Not_Target,Not_Target,Not_Target
tr|A0A822GKF9|A0A822GKF9_9BILA Myosin motor domain-containing protein (Fragment) OS=Rotaria sp. Silwood1 OX=2762511 GN=PXF425_LOCUS45207 PE=3 SV=1,Not_Target,Not_Target,Not_Target
tr|A0A822GL17|A0A822GL17_9BILA Myosin motor domain-containing protein (Fragment) OS=Rotaria sp. Silwood1 OX=2762511 GN=PXF425_LOCUS44967 PE=3 SV=1,Not_Target,Not_Target,Not_Target
tr|A0A822GNN2|A0A822GNN2_9BILA Myosin tail domain-containing protein (Fragment) OS=Rotaria sp. Silwood1 OX=2762511 GN=PXF425_LOCUS46141 PE=4 SV=1,Myosin,Myosin,Not_Target
tr|A0A822H3R1|A0A822H3R1_9BILA Myosin motor domain-containing protein (Fragment) OS=Rotaria sp. Silwood1 OX=2762511 GN=PXF425_LOCUS47362 PE=3 SV=1,Not_Target,Not_Target,Not_Target
tr|A0A8S2D771|A0A8S2D771_9BILA Myosin tail domain-containing protein (Fragment) OS=Didymodactylos carnosus OX=1234261 GN=OVA965_LOCUS7561 PE=4 SV=1,Myosin,Myosin,Not_Target
tr|A0A8S2D7X5|A0A8S2D7X5_9BILA Myosin heavy chain (Fragment) OS=Didymodactylos carnosus OX=1234261 GN=OVA965_LOCUS7791 PE=3 SV=1,Not_Target,Not_Target,Not_Target
tr|A0A8S2DPH4|A0A8S2DPH4_9BILA Myosin heavy chain OS=Didymodactylos carnosus OX=1234261 GN=OVA965_LOCUS11734 PE=3 SV=1,Myosin,Myosin,Myosin
tr|A0A8S2DSM1|A0A8S2DSM1_9BILA Myosin motor domain-containing protein OS=Didymodactylos carnosus OX=1234261 GN=OVA965_LOCUS15516 PE=3 SV=1,Not_Target,Not_Target,Not_Target
tr|A0A8S2E8P8|A0A8S2E8P8_9BILA Myosin heavy chain OS=Didymodactylos carnosus OX=1234261 GN=OVA965_LOCUS18414 PE=3 SV=1,Myosin,Not_Target,Myosin
tr|A0A8S2EBC9|A0A8S2EBC9_9BILA Myosin motor domain-containing protein (Fragment) OS=Didymodactylos carnosus OX=1234261 GN=OVA965_LOCUS23048 PE=3 SV=1,Myosin,Myosin,Myosin
tr|A0A8S2EBV5|A0A8S2EBV5_9BILA Myosin motor domain-containing protein OS=Didymodactylos carnosus OX=1234261 GN=OVA965_LOCUS19427 PE=3 SV=1,Not_Target,Not_Target,Not_Target
tr|A0A8S2ECW4|A0A8S2ECW4_9BILA Myosin OS=Didymodactylos carnosus OX=1234261 GN=OVA965_LOCUS20563 PE=3 SV=1,Not_Target,Not_Target,Not_Target
tr|A0A8S2EE44|A0A8S2EE44_9BILA Myosin motor domain-containing protein OS=Didymodactylos carnosus OX=1234261 GN=OVA965_LOCUS24018 PE=3 SV=1,Not_Target,Not_Target,Not_Target
tr|A0A8S2EHV4|A0A8S2EHV4_9BILA Myosin motor domain-containing protein (Fragment) OS=Didymodactylos carnosus OX=1234261 GN=OVA965_LOCUS24426 PE=3 SV=1,Not_Target,Myosin,Not_Target
tr|A0A8S2EX01|A0A8S2EX01_9BILA Myosin VIIa (Fragment) OS=Didymodactylos carnosus OX=1234261 GN=OVA965_LOCUS26742 PE=3 SV=1,Myosin,Myosin,Myosin
tr|A0A8S2F086|A0A8S2F086_9BILA Myosin motor domain-containing protein (Fragment) OS=Didymodactylos carnosus OX=1234261 GN=OVA965_LOCUS31258 PE=3 SV=1,Not_Target,Not_Target,Not_Target
tr|A0A8S2F0E4|A0A8S2F0E4_9BILA Myosin tail domain-containing protein (Fragment) OS=Didymodactylos carnosus OX=1234261 GN=OVA965_LOCUS31286 PE=4 SV=1,Myosin,Not_Target,Myosin
tr|A0A8S2F3S1|A0A8S2F3S1_9BILA Myosin motor domain-containing protein (Fragment) OS=Didymodactylos carnosus OX=1234261 GN=OVA965_LOCUS32228 PE=3 SV=1,Not_Target,Not_Target,Not_Target
tr|A0A8S2F877|A0A8S2F877_9BILA Myosin motor domain-containing protein (Fragment) OS=Didymodactylos carnosus OX=1234261 GN=OVA965_LOCUS31274 PE=3 SV=1,Not_Target,Not_Target,Not_Target
tr|A0A8S2FAS9|A0A8S2FAS9_9BILA Myosin motor domain-containing protein (Fragment) OS=Didymodactylos carnosus OX=1234261 GN=OVA965_LOCUS33166 PE=3 SV=1,Not_Target,Not_Target,Not_Target
tr|A0A8S2FE85|A0A8S2FE85_9BILA Myosin motor domain-containing protein (Fragment) OS=Didymodactylos carnosus OX=1234261 GN=OVA965_LOCUS34023 PE=3 SV=1,Myosin,Myosin,Myosin
tr|A0A8S2FNJ1|A0A8S2FNJ1_9BILA Myosin motor domain-containing protein (Fragment) OS=Didymodactylos carnosus OX=1234261 GN=OVA965_LOCUS37675 PE=3 SV=1,Myosin,Myosin,Myosin
tr|A0A8S2FTC7|A0A8S2FTC7_9BILA Myosin motor domain-containing protein (Fragment) OS=Didymodactylos carnosus OX=1234261 GN=OVA965_LOCUS39424 PE=3 SV=1,Not_Target,Not_Target,Not_Target
tr|A0A8S2G332|A0A8S2G332_9BILA Myosin motor domain-containing protein (Fragment) OS=Didymodactylos carnosus OX=1234261 GN=OVA965_LOCUS42662 PE=3 SV=1,Not_Target,Not_Target,Not_Target
tr|A0A8S2G6J0|A0A8S2G6J0_9BILA Myosin motor domain-containing protein (Fragment) OS=Didymodactylos carnosus OX=1234261 GN=OVA965_LOCUS43996 PE=3 SV=1,Not_Target,Not_Target,Not_Target
tr|A0A8S2GUD7|A0A8S2GUD7_9BILA Myosin motor domain-containing protein (Fragment) OS=Didymodactylos carnosus OX=1234261 GN=OVA965_LOCUS3178 PE=3 SV=1,Myosin,Myosin,Myosin
tr|A0A8S2H5W5|A0A8S2H5W5_9BILA Myosin motor domain-containing protein (Fragment) OS=Didymodactylos carnosus OX=1234261 GN=OVA965_LOCUS5626 PE=3 SV=1,Not_Target,Not_Target,Not_Target
tr|A0A8S2IF09|A0A8S2IF09_9BILA Myosin motor domain-containing protein (Fragment) OS=Rotaria magnacalcarata OX=392030 GN=BYL167_LOCUS248 PE=3 SV=1,Myosin,Myosin,Myosin
tr|A0A8S2IU28|A0A8S2IU28_9BILA Myosin heavy chain OS=Rotaria magnacalcarata OX=392030 GN=SMN809_LOCUS45 PE=3 SV=1,Myosin,Myosin,Myosin
tr|A0A8S2J7D5|A0A8S2J7D5_9BILA Myosin motor domain-containing protein (Fragment) OS=Rotaria magnacalcarata OX=392030 GN=GIL414_LOCUS341 PE=3 SV=1,Myosin,Myosin,Myosin
tr|A0A8S2KB03|A0A8S2KB03_9BILA Myosin motor domain-containing protein OS=Rotaria magnacalcarata OX=392030 GN=BYL167_LOCUS5550 PE=3 SV=1,Myosin,Myosin,Myosin
tr|A0A8S2KNB7|A0A8S2KNB7_9BILA Myosin motor domain-containing protein (Fragment) OS=Rotaria magnacalcarata OX=392030 GN=GIL414_LOCUS3764 PE=3 SV=1,Myosin,Myosin,Myosin
tr|A0A8S2L0W1|A0A8S2L0W1_9BILA Myosin heavy chain OS=Rotaria magnacalcarata OX=392030 GN=BYL167_LOCUS6824 PE=3 SV=1,Myosin,Myosin,Myosin
tr|A0A8S2L2I7|A0A8S2L2I7_9BILA Myosin heavy chain OS=Didymodactylos carnosus OX=1234261 GN=SRO942_LOCUS18840 PE=3 SV=1,Myosin,Myosin,Myosin
tr|A0A8S2L6S9|A0A8S2L6S9_9BILA Myosin VI (Fragment) OS=Rotaria magnacalcarata OX=392030 GN=BYL167_LOCUS7568 PE=3 SV=1,Not_Target,Not_Target,Not_Target
tr|A0A8S2LCH5|A0A8S2LCH5_9BILA Myosin N-terminal SH3-like domain-containing protein (Fragment) OS=Rotaria magnacalcarata OX=392030 GN=SMN809_LOCUS6352 PE=3 SV=1,Not_Target,Not_Target,Not_Target
tr|A0A8S2LG60|A0A8S2LG60_9BILA Myosin motor domain-containing protein OS=Rotaria magnacalcarata OX=392030 GN=BYL167_LOCUS8348 PE=3 SV=1,Myosin,Not_Target,Not_Target
tr|A0A8S2LLG2|A0A8S2LLG2_9BILA Myosin motor domain-containing protein (Fragment) OS=Didymodactylos carnosus OX=1234261 GN=TMI583_LOCUS20961 PE=3 SV=1,Not_Target,Not_Target,Not_Target
tr|A0A8S2M2Y9|A0A8S2M2Y9_9BILA Myosin motor domain-containing protein (Fragment) OS=Rotaria magnacalcarata OX=392030 GN=BYL167_LOCUS11279 PE=3 SV=1,Myosin,Myosin,Myosin
tr|A0A8S2M806|A0A8S2M806_9BILA Myosin heavy chain (Fragment) OS=Rotaria magnacalcarata OX=392030 GN=SMN809_LOCUS8082 PE=3 SV=1,Myosin,Myosin,Myosin
tr|A0A8S2MH16|A0A8S2MH16_9BILA Myosin motor domain-containing protein (Fragment) OS=Rotaria magnacalcarata OX=392030 GN=SMN809_LOCUS9602 PE=3 SV=1,Not_Target,Myosin,Myosin
tr|A0A8S2MJE2|A0A8S2MJE2_9BILA Myosin tail domain-containing protein OS=Rotaria magnacalcarata OX=392030 GN=BYL167_LOCUS11550 PE=4 SV=1,Myosin,Myosin,Not_Target
tr|A0A8S2MRN9|A0A8S2MRN9_9BILA Myosin heavy chain (Fragment) OS=Rotaria magnacalcarata OX=392030 GN=GIL414_LOCUS10090 PE=3 SV=1,Myosin,Myosin,Not_Target
tr|A0A8S2N6Q9|A0A8S2N6Q9_9BILA Myosin motor domain-containing protein (Fragment) OS=Didymodactylos carnosus OX=1234261 GN=OVA965_LOCUS22961 PE=3 SV=1,Myosin,Myosin,Myosin
tr|A0A8S2NC31|A0A8S2NC31_9BILA Myosin motor domain-containing protein OS=Rotaria magnacalcarata OX=392030 GN=GIL414_LOCUS11236 PE=3 SV=1,Not_Target,Not_Target,Not_Target
tr|A0A8S2NHK3|A0A8S2NHK3_9BILA Myosin VI OS=Rotaria magnacalcarata OX=392030 GN=BYL167_LOCUS13705 PE=3 SV=1,Myosin,Not_Target,Not_Target
tr|A0A8S2NIF2|A0A8S2NIF2_9BILA Myosin motor domain-containing protein (Fragment) OS=Rotaria magnacalcarata OX=392030 GN=SMN809_LOCUS12032 PE=3 SV=1,Myosin,Myosin,Myosin
tr|A0A8S2NQH3|A0A8S2NQH3_9BILA Myosin motor domain-containing protein OS=Didymodactylos carnosus OX=1234261 GN=OVA965_LOCUS24141 PE=3 SV=1,Myosin,Myosin,Not_Target
tr|A0A8S2NQR4|A0A8S2NQR4_9BILA Myosin heavy chain OS=Rotaria magnacalcarata OX=392030 GN=BYL167_LOCUS14443 PE=3 SV=1,Myosin,Myosin,Not_Target
tr|A0A8S2NR27|A0A8S2NR27_9BILA Myosin motor domain-containing protein OS=Rotaria magnacalcarata OX=392030 GN=BYL167_LOCUS14418 PE=3 SV=1,Not_Target,Not_Target,Not_Target
tr|A0A8S2NUV1|A0A8S2NUV1_9BILA Myosin VI (Fragment) OS=Rotaria magnacalcarata OX=392030 GN=GIL414_LOCUS12848 PE=3 SV=1,Not_Target,Not_Target,Not_Target
tr|A0A8S2NWE7|A0A8S2NWE7_9BILA Myosin motor domain-containing protein (Fragment) OS=Rotaria magnacalcarata OX=392030 GN=SMN809_LOCUS13068 PE=3 SV=1,Myosin,Myosin,Myosin
tr|A0A8S2PG91|A0A8S2PG91_9BILA Myosin motor domain-containing protein OS=Rotaria magnacalcarata OX=392030 GN=GIL414_LOCUS14432 PE=3 SV=1,Myosin,Myosin,Not_Target
tr|A0A8S2PI65|A0A8S2PI65_9BILA Myosin motor domain-containing protein (Fragment) OS=Rotaria magnacalcarata OX=392030 GN=BYL167_LOCUS16719 PE=3 SV=1,Myosin,Myosin,Not_Target
tr|A0A8S2QJR6|A0A8S2QJR6_9BILA Myosin tail domain-containing protein (Fragment) OS=Rotaria magnacalcarata OX=392030 GN=BYL167_LOCUS19897 PE=4 SV=1,Myosin,Myosin,Myosin
tr|A0A8S2QMG3|A0A8S2QMG3_9BILA Myosin motor domain-containing protein OS=Rotaria magnacalcarata OX=392030 GN=BYL167_LOCUS21818 PE=3 SV=1,Myosin,Not_Target,Not_Target
tr|A0A8S2R3E0|A0A8S2R3E0_9BILA Myosin heavy chain (Fragment) OS=Rotaria magnacalcarata OX=392030 GN=SMN809_LOCUS19379 PE=3 SV=1,Not_Target,Not_Target,Not_Target
tr|A0A8S2R9H8|A0A8S2R9H8_9BILA Myosin heavy chain (Fragment) OS=Rotaria magnacalcarata OX=392030 GN=SMN809_LOCUS19614 PE=3 SV=1,Myosin,Not_Target,Not_Target
tr|A0A8S2RCU6|A0A8S2RCU6_9BILA Myosin motor domain-containing protein (Fragment) OS=Rotaria magnacalcarata OX=392030 GN=SMN809_LOCUS19957 PE=3 SV=1,Myosin,Not_Target,Not_Target
tr|A0A8S2RHW6|A0A8S2RHW6_9BILA Myosin motor domain-containing protein (Fragment) OS=Rotaria magnacalcarata OX=392030 GN=SMN809_LOCUS20343 PE=3 SV=1,Not_Target,Not_Target,Not_Target
tr|A0A8S2RYM2|A0A8S2RYM2_9BILA Myosin motor domain-containing protein OS=Rotaria magnacalcarata OX=392030 GN=SMN809_LOCUS21579 PE=3 SV=1,Not_Target,Not_Target,Not_Target
tr|A0A8S2S0K6|A0A8S2S0K6_9BILA Myosin motor domain-containing protein (Fragment) OS=Rotaria magnacalcarata OX=392030 GN=GIL414_LOCUS20690 PE=3 SV=1,Myosin,Not_Target,Not_Target
tr|A0A8S2S2A6|A0A8S2S2A6_9BILA Myosin tail domain-containing protein (Fragment) OS=Rotaria magnacalcarata OX=392030 GN=GIL414_LOCUS21589 PE=4 SV=1,Myosin,Not_Target,Myosin
tr|A0A8S2S2W9|A0A8S2S2W9_9BILA Myosin motor domain-containing protein (Fragment) OS=Rotaria magnacalcarata OX=392030 GN=SMN809_LOCUS21621 PE=3 SV=1,Actin,Not_Target,Not_Target
tr|A0A8S2S9V4|A0A8S2S9V4_9BILA Myosin motor domain-containing protein (Fragment) OS=Didymodactylos carnosus OX=1234261 GN=OVA965_LOCUS33209 PE=3 SV=1,Myosin,Not_Target,Not_Target
tr|A0A8S2SX74|A0A8S2SX74_9BILA Myosin motor domain-containing protein (Fragment) OS=Rotaria magnacalcarata OX=392030 GN=BYL167_LOCUS79007 PE=3 SV=1,Not_Target,Not_Target,Not_Target
tr|A0A8S2SZ87|A0A8S2SZ87_9BILA Myosin motor domain-containing protein (Fragment) OS=Rotaria magnacalcarata OX=392030 GN=BYL167_LOCUS25609 PE=3 SV=1,Not_Target,Not_Target,Not_Target
tr|A0A8S2T1D4|A0A8S2T1D4_9BILA Myosin heavy chain 95F (Fragment) OS=Didymodactylos carnosus OX=1234261 GN=OVA965_LOCUS35500 PE=3 SV=1,Myosin,Not_Target,Not_Target
tr|A0A8S2TTF1|A0A8S2TTF1_9BILA Myosin heavy chain (Fragment) OS=Didymodactylos carnosus OX=1234261 GN=OVA965_LOCUS37779 PE=3 SV=1,Not_Target,Not_Target,Not_Target
tr|A0A8S2TXQ0|A0A8S2TXQ0_9BILA Myosin motor domain-containing protein (Fragment) OS=Didymodactylos carnosus OX=1234261 GN=TMI583_LOCUS38707 PE=3 SV=1,Not_Target,Myosin,Not_Target
tr|A0A8S2U230|A0A8S2U230_9BILA Myosin motor domain-containing protein (Fragment) OS=Rotaria magnacalcarata OX=392030 GN=BYL167_LOCUS23384 PE=3 SV=1,Not_Target,Not_Target,Not_Target
tr|A0A8S2U297|A0A8S2U297_9BILA Myosin motor domain-containing protein (Fragment) OS=Didymodactylos carnosus OX=1234261 GN=OVA965_LOCUS38344 PE=3 SV=1,Not_Target,Not_Target,Not_Target
tr|A0A8S2U3N1|A0A8S2U3N1_9BILA Myosin motor domain-containing protein (Fragment) OS=Rotaria magnacalcarata OX=392030 GN=SMN809_LOCUS27071 PE=3 SV=1,Not_Target,Myosin,Not_Target
tr|A0A8S2UAD7|A0A8S2UAD7_9BILA Myosin tail domain-containing protein OS=Rotaria magnacalcarata OX=392030 GN=SMN809_LOCUS27031 PE=4 SV=1,Myosin,Myosin,Not_Target
tr|A0A8S2UDG3|A0A8S2UDG3_9BILA Myosin motor domain-containing protein (Fragment) OS=Rotaria magnacalcarata OX=392030 GN=BYL167_LOCUS24148 PE=3 SV=1,Not_Target,Not_Target,Not_Target
tr|A0A8S2UH40|A0A8S2UH40_9BILA Myosin motor domain-containing protein (Fragment) OS=Rotaria magnacalcarata OX=392030 GN=BYL167_LOCUS24051 PE=3 SV=1,Myosin,Not_Target,Not_Target
tr|A0A8S2USY5|A0A8S2USY5_9BILA Myosin motor domain-containing protein (Fragment) OS=Rotaria magnacalcarata OX=392030 GN=SMN809_LOCUS28724 PE=3 SV=1,Not_Target,Not_Target,Not_Target
tr|A0A8S2V1Z9|A0A8S2V1Z9_9BILA Myosin motor domain-containing protein (Fragment) OS=Didymodactylos carnosus OX=1234261 GN=TMI583_LOCUS41852 PE=3 SV=1,Myosin,Myosin,Not_Target
tr|A0A8S2VFG4|A0A8S2VFG4_9BILA Myosin motor domain-containing protein (Fragment) OS=Didymodactylos carnosus OX=1234261 GN=OVA965_LOCUS41624 PE=3 SV=1,Not_Target,Not_Target,Not_Target
tr|A0A8S2VHR3|A0A8S2VHR3_9BILA Myosin motor domain-containing protein (Fragment) OS=Didymodactylos carnosus OX=1234261 GN=OVA965_LOCUS41506 PE=3 SV=1,Not_Target,Not_Target,Not_Target
tr|A0A8S2VSC7|A0A8S2VSC7_9BILA Myosin tail domain-containing protein (Fragment) OS=Didymodactylos carnosus OX=1234261 GN=TMI583_LOCUS44156 PE=4 SV=1,Myosin,Myosin,Not_Target
tr|A0A8S2VWJ6|A0A8S2VWJ6_9BILA Myosin motor domain-containing protein (Fragment) OS=Didymodactylos carnosus OX=1234261 GN=TMI583_LOCUS44204 PE=3 SV=1,Not_Target,Not_Target,Not_Target
tr|A0A8S2W062|A0A8S2W062_9BILA Myosin motor domain-containing protein (Fragment) OS=Rotaria magnacalcarata OX=392030 GN=BYL167_LOCUS32615 PE=3 SV=1,Not_Target,Not_Target,Actin
tr|A0A8S2W0F9|A0A8S2W0F9_9BILA Myosin motor domain-containing protein OS=Rotaria magnacalcarata OX=392030 GN=GIL414_LOCUS31053 PE=3 SV=1,Not_Target,Myosin,Not_Target
tr|A0A8S2W0Y8|A0A8S2W0Y8_9BILA Myosin motor domain-containing protein (Fragment) OS=Rotaria magnacalcarata OX=392030 GN=BYL167_LOCUS31563 PE=3 SV=1,Not_Target,Not_Target,Not_Target
tr|A0A8S2W444|A0A8S2W444_9BILA Myosin tail domain-containing protein (Fragment) OS=Didymodactylos carnosus OX=1234261 GN=OVA965_LOCUS42705 PE=4 SV=1,Myosin,Myosin,Not_Target
tr|A0A8S2W4N4|A0A8S2W4N4_9BILA Myosin tail domain-containing protein (Fragment) OS=Didymodactylos carnosus OX=1234261 GN=OVA965_LOCUS42889 PE=4 SV=1,Not_Target,Not_Target,Not_Target
tr|A0A8S2W6B2|A0A8S2W6B2_9BILA Myosin motor domain-containing protein (Fragment) OS=Rotaria magnacalcarata OX=392030 GN=SMN809_LOCUS30808 PE=3 SV=1,Not_Target,Myosin,Not_Target
tr|A0A8S2WEH6|A0A8S2WEH6_9BILA Myosin motor domain-containing protein (Fragment) OS=Rotaria magnacalcarata OX=392030 GN=SMN809_LOCUS32107 PE=3 SV=1,Not_Target,Not_Target,Not_Target
tr|A0A8S2WPM8|A0A8S2WPM8_9BILA Myosin motor domain-containing protein (Fragment) OS=Rotaria magnacalcarata OX=392030 GN=SMN809_LOCUS32835 PE=3 SV=1,Not_Target,Not_Target,Not_Target
tr|A0A8S2WWN9|A0A8S2WWN9_9BILA Myosin motor domain-containing protein (Fragment) OS=Didymodactylos carnosus OX=1234261 GN=TMI583_LOCUS46359 PE=3 SV=1,Not_Target,Myosin,Not_Target
tr|A0A8S2WYG1|A0A8S2WYG1_9BILA Myosin motor domain-containing protein (Fragment) OS=Didymodactylos carnosus OX=1234261 GN=TMI583_LOCUS46560 PE=3 SV=1,Not_Target,Not_Target,Not_Target
tr|A0A8S2WZ68|A0A8S2WZ68_9BILA Myosin motor domain-containing protein (Fragment) OS=Rotaria magnacalcarata OX=392030 GN=GIL414_LOCUS33211 PE=3 SV=1,Not_Target,Not_Target,Not_Target
tr|A0A8S2X0B7|A0A8S2X0B7_9BILA Myosin motor domain-containing protein (Fragment) OS=Didymodactylos carnosus OX=1234261 GN=SRO942_LOCUS43284 PE=3 SV=1,Not_Target,Not_Target,Not_Target
tr|A0A8S2XED6|A0A8S2XED6_9BILA Myosin motor domain-containing protein (Fragment) OS=Rotaria magnacalcarata OX=392030 GN=BYL167_LOCUS35508 PE=3 SV=1,Not_Target,Not_Target,Not_Target
tr|A0A8S2XIZ0|A0A8S2XIZ0_9BILA Myosin motor domain-containing protein (Fragment) OS=Rotaria magnacalcarata OX=392030 GN=BYL167_LOCUS30264 PE=3 SV=1,Not_Target,Not_Target,Not_Target
tr|A0A8S2XJ54|A0A8S2XJ54_9BILA Myosin motor domain-containing protein (Fragment) OS=Didymodactylos carnosus OX=1234261 GN=TMI583_LOCUS47962 PE=3 SV=1,Not_Target,Not_Target,Actin
tr|A0A8S2XLP7|A0A8S2XLP7_9BILA Myosin tail domain-containing protein (Fragment) OS=Rotaria magnacalcarata OX=392030 GN=GIL414_LOCUS34795 PE=4 SV=1,Myosin,Not_Target,Not_Target
tr|A0A8S2XP79|A0A8S2XP79_9BILA Myosin motor domain-containing protein (Fragment) OS=Rotaria magnacalcarata OX=392030 GN=BYL167_LOCUS36397 PE=3 SV=1,Myosin,Myosin,Not_Target
tr|A0A8S2XY81|A0A8S2XY81_9BILA Myosin motor domain-containing protein (Fragment) OS=Didymodactylos carnosus OX=1234261 GN=OVA965_LOCUS45482 PE=3 SV=1,Not_Target,Not_Target,Not_Target
tr|A0A8S2Y1F9|A0A8S2Y1F9_9BILA Myosin motor domain-containing protein (Fragment) OS=Didymodactylos carnosus OX=1234261 GN=TMI583_LOCUS48791 PE=3 SV=1,Not_Target,Not_Target,Not_Target
tr|A0A8S2Y1T9|A0A8S2Y1T9_9BILA Myosin motor domain-containing protein (Fragment) OS=Rotaria magnacalcarata OX=392030 GN=BYL167_LOCUS37185 PE=3 SV=1,Not_Target,Not_Target,Not_Target
tr|A0A8S2Y3M6|A0A8S2Y3M6_9BILA Myosin motor domain-containing protein (Fragment) OS=Rotaria magnacalcarata OX=392030 GN=BYL167_LOCUS37342 PE=3 SV=1,Not_Target,Not_Target,Not_Target
tr|A0A8S2Y3R3|A0A8S2Y3R3_9BILA Myosin tail domain-containing protein (Fragment) OS=Rotaria magnacalcarata OX=392030 GN=GIL414_LOCUS36245 PE=4 SV=1,Myosin,Myosin,Myosin
tr|A0A8S2YDA5|A0A8S2YDA5_9BILA Myosin motor domain-containing protein (Fragment) OS=Rotaria magnacalcarata OX=392030 GN=BYL167_LOCUS37998 PE=3 SV=1,Not_Target,Not_Target,Not_Target
tr|A0A8S2YFD7|A0A8S2YFD7_9BILA Myosin motor domain-containing protein (Fragment) OS=Didymodactylos carnosus OX=1234261 GN=OVA965_LOCUS45814 PE=3 SV=1,Not_Target,Not_Target,Not_Target
tr|A0A8S2YFT7|A0A8S2YFT7_9BILA Myosin motor domain-containing protein (Fragment) OS=Rotaria magnacalcarata OX=392030 GN=SMN809_LOCUS37129 PE=3 SV=1,Not_Target,Myosin,Not_Target
tr|A0A8S2YHG7|A0A8S2YHG7_9BILA Myosin motor domain-containing protein OS=Rotaria magnacalcarata OX=392030 GN=BYL167_LOCUS38581 PE=3 SV=1,Not_Target,Not_Target,Myosin
tr|A0A8S2YHR0|A0A8S2YHR0_9BILA Myosin motor domain-containing protein (Fragment) OS=Rotaria magnacalcarata OX=392030 GN=GIL414_LOCUS37127 PE=3 SV=1,Myosin,Myosin,Not_Target
tr|A0A8S2YKI6|A0A8S2YKI6_9BILA Myosin motor domain-containing protein (Fragment) OS=Rotaria magnacalcarata OX=392030 GN=SMN809_LOCUS37266 PE=3 SV=1,Myosin,Not_Target,Actin
tr|A0A8S2YW11|A0A8S2YW11_9BILA Myosin motor domain-containing protein (Fragment) OS=Rotaria magnacalcarata OX=392030 GN=GIL414_LOCUS37909 PE=3 SV=1,Not_Target,Not_Target,Not_Target
tr|A0A8S2Z3Y6|A0A8S2Z3Y6_9BILA Myosin motor domain-containing protein (Fragment) OS=Rotaria magnacalcarata OX=392030 GN=BYL167_LOCUS39977 PE=3 SV=1,Myosin,Myosin,Not_Target
tr|A0A8S2ZCM2|A0A8S2ZCM2_9BILA Myosin motor domain-containing protein (Fragment) OS=Rotaria magnacalcarata OX=392030 GN=BYL167_LOCUS41153 PE=3 SV=1,Not_Target,Not_Target,Not_Target
tr|A0A8S2ZEQ5|A0A8S2ZEQ5_9BILA Myosin motor domain-containing protein (Fragment) OS=Rotaria magnacalcarata OX=392030 GN=GIL414_LOCUS39849 PE=3 SV=1,Not_Target,Not_Target,Not_Target
tr|A0A8S2ZPH6|A0A8S2ZPH6_9BILA Myosin motor domain-containing protein (Fragment) OS=Rotaria magnacalcarata OX=392030 GN=SMN809_LOCUS41042 PE=3 SV=1,Not_Target,Not_Target,Not_Target
tr|A0A8S2ZUC3|A0A8S2ZUC3_9BILA Myosin motor domain-containing protein (Fragment) OS=Rotaria magnacalcarata OX=392030 GN=BYL167_LOCUS42655 PE=3 SV=1,Not_Target,Not_Target,Not_Target
tr|A0A8S2ZWH6|A0A8S2ZWH6_9BILA Myosin motor domain-containing protein (Fragment) OS=Rotaria magnacalcarata OX=392030 GN=BYL167_LOCUS42591 PE=3 SV=1,Not_Target,Myosin,Not_Target
tr|A0A8S2ZZV7|A0A8S2ZZV7_9BILA Myosin motor domain-containing protein (Fragment) OS=Rotaria magnacalcarata OX=392030 GN=BYL167_LOCUS42962 PE=3 SV=1,Not_Target,Not_Target,Not_Target
tr|A0A8S3A2R3|A0A8S3A2R3_9BILA Myosin motor domain-containing protein (Fragment) OS=Rotaria magnacalcarata OX=392030 GN=GIL414_LOCUS40951 PE=3 SV=1,Not_Target,Not_Target,Not_Target
tr|A0A8S3A3V3|A0A8S3A3V3_9BILA Myosin tail domain-containing protein (Fragment) OS=Rotaria magnacalcarata OX=392030 GN=BYL167_LOCUS48257 PE=4 SV=1,Myosin,Not_Target,Not_Target
tr|A0A8S3A525|A0A8S3A525_9BILA Myosin motor domain-containing protein (Fragment) OS=Rotaria magnacalcarata OX=392030 GN=GIL414_LOCUS42453 PE=3 SV=1,Not_Target,Not_Target,Not_Target
tr|A0A8S3A645|A0A8S3A645_9BILA Myosin heavy chain (Fragment) OS=Rotaria magnacalcarata OX=392030 GN=BYL167_LOCUS43726 PE=3 SV=1,Not_Target,Not_Target,Not_Target
tr|A0A8S3A791|A0A8S3A791_9BILA Myosin motor domain-containing protein (Fragment) OS=Rotaria magnacalcarata OX=392030 GN=BYL167_LOCUS44324 PE=3 SV=1,Not_Target,Not_Target,Not_Target
tr|A0A8S3A837|A0A8S3A837_9BILA Myosin motor domain-containing protein (Fragment) OS=Rotaria magnacalcarata OX=392030 GN=BYL167_LOCUS46825 PE=3 SV=1,Not_Target,Not_Target,Not_Target
tr|A0A8S3AS80|A0A8S3AS80_9BILA Myosin tail domain-containing protein (Fragment) OS=Rotaria magnacalcarata OX=392030 GN=BYL167_LOCUS45421 PE=4 SV=1,Myosin,Myosin,Not_Target
tr|A0A8S3AWY4|A0A8S3AWY4_9BILA Myosin motor domain-containing protein (Fragment) OS=Rotaria magnacalcarata OX=392030 GN=GIL414_LOCUS46121 PE=3 SV=1,Actin,Not_Target,Not_Target
tr|A0A8S3AXK5|A0A8S3AXK5_9BILA Myosin motor domain-containing protein (Fragment) OS=Rotaria magnacalcarata OX=392030 GN=SMN809_LOCUS45911 PE=3 SV=1,Not_Target,Not_Target,Not_Target
tr|A0A8S3B1U8|A0A8S3B1U8_9BILA Myosin motor domain-containing protein (Fragment) OS=Rotaria magnacalcarata OX=392030 GN=BYL167_LOCUS48834 PE=3 SV=1,Not_Target,Not_Target,Not_Target
tr|A0A8S3BAK4|A0A8S3BAK4_9BILA Myosin tail domain-containing protein (Fragment) OS=Rotaria magnacalcarata OX=392030 GN=BYL167_LOCUS47983 PE=4 SV=1,Not_Target,Not_Target,Not_Target
tr|A0A8S3BGE0|A0A8S3BGE0_9BILA Myosin tail domain-containing protein (Fragment) OS=Rotaria magnacalcarata OX=392030 GN=BYL167_LOCUS49366 PE=4 SV=1,Myosin,Myosin,Myosin
tr|A0A8S3BKS4|A0A8S3BKS4_9BILA Myosin motor domain-containing protein (Fragment) OS=Rotaria magnacalcarata OX=392030 GN=BYL167_LOCUS49358 PE=3 SV=1,Not_Target,Not_Target,Not_Target
tr|A0A8S3BVP8|A0A8S3BVP8_9BILA Myosin motor domain-containing protein (Fragment) OS=Rotaria magnacalcarata OX=392030 GN=SMN809_LOCUS49980 PE=3 SV=1,Not_Target,Not_Target,Not_Target
tr|A0A8S3C5W9|A0A8S3C5W9_9BILA Myosin motor domain-containing protein (Fragment) OS=Rotaria magnacalcarata OX=392030 GN=SMN809_LOCUS51213 PE=3 SV=1,Not_Target,Not_Target,Not_Target
tr|A0A8S3C6I4|A0A8S3C6I4_9BILA Myosin motor domain-containing protein (Fragment) OS=Rotaria magnacalcarata OX=392030 GN=SMN809_LOCUS50985 PE=3 SV=1,Not_Target,Not_Target,Not_Target
tr|A0A8S3C6N7|A0A8S3C6N7_9BILA Myosin motor domain-containing protein (Fragment) OS=Rotaria magnacalcarata OX=392030 GN=BYL167_LOCUS51952 PE=3 SV=1,Not_Target,Not_Target,Not_Target
tr|A0A8S3CBA5|A0A8S3CBA5_9BILA Myosin motor domain-containing protein (Fragment) OS=Rotaria magnacalcarata OX=392030 GN=SMN809_LOCUS51889 PE=3 SV=1,Not_Target,Not_Target,Actin
tr|A0A8S3CIN5|A0A8S3CIN5_9BILA Myosin motor domain-containing protein (Fragment) OS=Rotaria magnacalcarata OX=392030 GN=SMN809_LOCUS52872 PE=3 SV=1,Not_Target,Not_Target,Not_Target
tr|A0A8S3CT27|A0A8S3CT27_9BILA Myosin motor domain-containing protein (Fragment) OS=Rotaria magnacalcarata OX=392030 GN=BYL167_LOCUS54061 PE=3 SV=1,Myosin,Not_Target,Not_Target
tr|A0A8S3DB37|A0A8S3DB37_9BILA Myosin tail domain-containing protein OS=Rotaria magnacalcarata OX=392030 GN=SMN809_LOCUS56246 PE=4 SV=1,Myosin,Myosin,Not_Target
tr|A0A8S3DK85|A0A8S3DK85_9BILA Myosin tail domain-containing protein (Fragment) OS=Rotaria magnacalcarata OX=392030 GN=BYL167_LOCUS55620 PE=4 SV=1,Myosin,Not_Target,Myosin
tr|A0A8S3DL12|A0A8S3DL12_9BILA Myosin motor domain-containing protein (Fragment) OS=Rotaria magnacalcarata OX=392030 GN=GIL414_LOCUS56204 PE=3 SV=1,Not_Target,Myosin,Not_Target
tr|A0A8S3DNV3|A0A8S3DNV3_9BILA Myosin motor domain-containing protein (Fragment) OS=Rotaria magnacalcarata OX=392030 GN=SMN809_LOCUS57503 PE=3 SV=1,Not_Target,Not_Target,Not_Target
tr|A0A8S3DRM5|A0A8S3DRM5_9BILA Myosin motor domain-containing protein (Fragment) OS=Rotaria magnacalcarata OX=392030 GN=SMN809_LOCUS56406 PE=3 SV=1,Not_Target,Not_Target,Not_Target
tr|A0A8S3DSN9|A0A8S3DSN9_9BILA Myosin motor domain-containing protein (Fragment) OS=Rotaria magnacalcarata OX=392030 GN=BYL167_LOCUS57175 PE=3 SV=1,Not_Target,Myosin,Not_Target
tr|A0A8S3DT18|A0A8S3DT18_9BILA Myosin motor domain-containing protein (Fragment) OS=Rotaria magnacalcarata OX=392030 GN=BYL167_LOCUS56700 PE=3 SV=1,Not_Target,Not_Target,Not_Target
tr|A0A8S3E3F3|A0A8S3E3F3_9BILA Myosin motor domain-containing protein (Fragment) OS=Rotaria magnacalcarata OX=392030 GN=BYL167_LOCUS56086 PE=3 SV=1,Not_Target,Not_Target,Not_Target
tr|A0A8S3E3V9|A0A8S3E3V9_9BILA Myosin motor domain-containing protein (Fragment) OS=Rotaria magnacalcarata OX=392030 GN=SMN809_LOCUS59604 PE=3 SV=1,Myosin,Myosin,Not_Target
tr|A0A8S3ECQ1|A0A8S3ECQ1_9BILA Myosin tail domain-containing protein (Fragment) OS=Rotaria magnacalcarata OX=392030 GN=BYL167_LOCUS57402 PE=4 SV=1,Not_Target,Myosin,Not_Target
tr|A0A8S3ECQ2|A0A8S3ECQ2_9BILA Myosin motor domain-containing protein (Fragment) OS=Rotaria magnacalcarata OX=392030 GN=BYL167_LOCUS57696 PE=3 SV=1,Not_Target,Not_Target,Not_Target
tr|A0A8S3EJ25|A0A8S3EJ25_9BILA Myosin motor domain-containing protein (Fragment) OS=Rotaria magnacalcarata OX=392030 GN=BYL167_LOCUS61706 PE=3 SV=1,Not_Target,Myosin,Not_Target
tr|A0A8S3EM63|A0A8S3EM63_9BILA Myosin motor domain-containing protein (Fragment) OS=Rotaria magnacalcarata OX=392030 GN=GIL414_LOCUS60651 PE=3 SV=1,Not_Target,Not_Target,Not_Target
tr|A0A8S3ENN5|A0A8S3ENN5_9BILA Myosin motor domain-containing protein (Fragment) OS=Rotaria magnacalcarata OX=392030 GN=BYL167_LOCUS60161 PE=3 SV=1,Not_Target,Not_Target,Not_Target
tr|A0A8S3ERY2|A0A8S3ERY2_9BILA Myosin motor domain-containing protein (Fragment) OS=Rotaria magnacalcarata OX=392030 GN=BYL167_LOCUS62019 PE=3 SV=1,Not_Target,Not_Target,Not_Target
tr|A0A8S3ES73|A0A8S3ES73_9BILA Myosin motor domain-containing protein OS=Rotaria magnacalcarata OX=392030 GN=BYL167_LOCUS62063 PE=3 SV=1,Not_Target,Not_Target,Not_Target
tr|A0A8S3ESU0|A0A8S3ESU0_9BILA Myosin motor domain-containing protein (Fragment) OS=Rotaria magnacalcarata OX=392030 GN=BYL167_LOCUS62153 PE=3 SV=1,Not_Target,Not_Target,Not_Target
tr|A0A8S3FDH1|A0A8S3FDH1_9BILA Myosin motor domain-containing protein (Fragment) OS=Rotaria magnacalcarata OX=392030 GN=GIL414_LOCUS63393 PE=3 SV=1,Not_Target,Not_Target,Not_Target
tr|A0A8S3FHP0|A0A8S3FHP0_9BILA Myosin motor domain-containing protein (Fragment) OS=Rotaria magnacalcarata OX=392030 GN=BYL167_LOCUS66911 PE=3 SV=1,Not_Target,Not_Target,Not_Target
tr|A0A8S3FKP2|A0A8S3FKP2_9BILA Myosin motor domain-containing protein (Fragment) OS=Rotaria magnacalcarata OX=392030 GN=BYL167_LOCUS68024 PE=3 SV=1,Not_Target,Not_Target,Not_Target
tr|A0A8S3FL20|A0A8S3FL20_9BILA Myosin motor domain-containing protein OS=Rotaria magnacalcarata OX=392030 GN=BYL167_LOCUS68188 PE=3 SV=1,Not_Target,Not_Target,Not_Target
tr|A0A8S3FMG2|A0A8S3FMG2_9BILA Myosin motor domain-containing protein (Fragment) OS=Rotaria magnacalcarata OX=392030 GN=BYL167_LOCUS68431 PE=3 SV=1,Not_Target,Not_Target,Not_Target
tr|A0A8S3FSS9|A0A8S3FSS9_9BILA Myosin motor domain-containing protein OS=Rotaria magnacalcarata OX=392030 GN=BYL167_LOCUS69823 PE=3 SV=1,Not_Target,Not_Target,Not_Target
tr|A0A8S3FTL9|A0A8S3FTL9_9BILA Myosin motor domain-containing protein (Fragment) OS=Rotaria magnacalcarata OX=392030 GN=BYL167_LOCUS69830 PE=3 SV=1,Not_Target,Not_Target,Not_Target
tr|A0A8S3FWP3|A0A8S3FWP3_9BILA Myosin motor domain-containing protein (Fragment) OS=Rotaria magnacalcarata OX=392030 GN=SMN809_LOCUS63286 PE=3 SV=1,Not_Target,Not_Target,Not_Target
tr|A0A8S3FX51|A0A8S3FX51_9BILA Myosin motor domain-containing protein (Fragment) OS=Rotaria magnacalcarata OX=392030 GN=SMN809_LOCUS63512 PE=3 SV=1,Not_Target,Not_Target,Myosin
tr|A0A8S3FX82|A0A8S3FX82_9BILA Myosin motor domain-containing protein (Fragment) OS=Rotaria magnacalcarata OX=392030 GN=BYL167_LOCUS70277 PE=3 SV=1,Not_Target,Not_Target,Not_Target
tr|A0A8S3G086|A0A8S3G086_9BILA Myosin motor domain-containing protein (Fragment) OS=Rotaria magnacalcarata OX=392030 GN=BYL167_LOCUS71126 PE=3 SV=1,Not_Target,Not_Target,Not_Target
tr|A0A8S3G0W9|A0A8S3G0W9_9BILA Myosin motor domain-containing protein (Fragment) OS=Rotaria magnacalcarata OX=392030 GN=BYL167_LOCUS70575 PE=3 SV=1,Not_Target,Not_Target,Not_Target
tr|A0A8S3G486|A0A8S3G486_9BILA Myosin tail domain-containing protein (Fragment) OS=Rotaria magnacalcarata OX=392030 GN=GIL414_LOCUS65309 PE=4 SV=1,Myosin,Myosin,Not_Target
tr|A0A8S3G4L4|A0A8S3G4L4_9BILA Myosin motor domain-containing protein (Fragment) OS=Rotaria magnacalcarata OX=392030 GN=GIL414_LOCUS65004 PE=3 SV=1,Not_Target,Not_Target,Myosin
tr|A0A8S3GCG8|A0A8S3GCG8_9BILA Myosin motor domain-containing protein (Fragment) OS=Rotaria magnacalcarata OX=392030 GN=BYL167_LOCUS73866 PE=3 SV=1,Not_Target,Not_Target,Not_Target
tr|A0A8S3GJF9|A0A8S3GJF9_9BILA Myosin motor domain-containing protein OS=Rotaria magnacalcarata OX=392030 GN=SMN809_LOCUS64532 PE=3 SV=1,Not_Target,Not_Target,Not_Target
tr|A0A8S3GK71|A0A8S3GK71_9BILA Myosin motor domain-containing protein OS=Rotaria magnacalcarata OX=392030 GN=GIL414_LOCUS66025 PE=3 SV=1,Not_Target,Not_Target,Not_Target
tr|A0A8S3GL53|A0A8S3GL53_9BILA Myosin motor domain-containing protein (Fragment) OS=Rotaria magnacalcarata OX=392030 GN=BYL167_LOCUS75890 PE=3 SV=1,Not_Target,Not_Target,Actin
tr|A0A8S3GLN9|A0A8S3GLN9_9BILA Myosin motor domain-containing protein (Fragment) OS=Rotaria magnacalcarata OX=392030 GN=BYL167_LOCUS76003 PE=3 SV=1,Not_Target,Not_Target,Not_Target
tr|A0A8S3GN53|A0A8S3GN53_9BILA Myosin motor domain-containing protein (Fragment) OS=Rotaria magnacalcarata OX=392030 GN=BYL167_LOCUS76465 PE=3 SV=1,Not_Target,Not_Target,Not_Target
tr|A0A8S3GN54|A0A8S3GN54_9BILA Myosin motor domain-containing protein (Fragment) OS=Rotaria magnacalcarata OX=392030 GN=SMN809_LOCUS65301 PE=3 SV=1,Not_Target,Not_Target,Not_Target
tr|A0A8S3GR13|A0A8S3GR13_9BILA Myosin motor domain-containing protein (Fragment) OS=Rotaria magnacalcarata OX=392030 GN=SMN809_LOCUS65188 PE=3 SV=1,Not_Target,Not_Target,Not_Target
tr|A0A8S3GZ30|A0A8S3GZ30_9BILA Myosin motor domain-containing protein (Fragment) OS=Rotaria magnacalcarata OX=392030 GN=SMN809_LOCUS66785 PE=3 SV=1,Not_Target,Not_Target,Not_Target
tr|A0A8S3H156|A0A8S3H156_9BILA Myosin motor domain-containing protein (Fragment) OS=Rotaria magnacalcarata OX=392030 GN=SMN809_LOCUS67423 PE=3 SV=1,Not_Target,Not_Target,Not_Target
tr|A0A8S3H1V7|A0A8S3H1V7_9BILA Myosin motor domain-containing protein OS=Rotaria magnacalcarata OX=392030 GN=GIL414_LOCUS66927 PE=3 SV=1,Not_Target,Not_Target,Not_Target
tr|A0A8S3H2I4|A0A8S3H2I4_9BILA Myosin motor domain-containing protein (Fragment) OS=Rotaria magnacalcarata OX=392030 GN=GIL414_LOCUS67467 PE=3 SV=1,Not_Target,Not_Target,Not_Target
tr|A0A8S3H795|A0A8S3H795_9BILA Myosin motor domain-containing protein (Fragment) OS=Rotaria magnacalcarata OX=392030 GN=SMN809_LOCUS68284 PE=3 SV=1,Myosin,Myosin,Not_Target
tr|A0A8S3HDI7|A0A8S3HDI7_9BILA Myosin motor domain-containing protein (Fragment) OS=Rotaria magnacalcarata OX=392030 GN=SMN809_LOCUS68869 PE=3 SV=1,Not_Target,Not_Target,Not_Target
tr|A0A8S3HHY6|A0A8S3HHY6_9BILA Myosin motor domain-containing protein (Fragment) OS=Rotaria magnacalcarata OX=392030 GN=GIL414_LOCUS70028 PE=3 SV=1,Not_Target,Myosin,Not_Target
tr|A0A8S3HMJ5|A0A8S3HMJ5_9BILA Myosin motor domain-containing protein (Fragment) OS=Rotaria magnacalcarata OX=392030 GN=SMN809_LOCUS70484 PE=3 SV=1,Not_Target,Not_Target,Not_Target
tr|A0A8S3HMV9|A0A8S3HMV9_9BILA Myosin motor domain-containing protein (Fragment) OS=Rotaria magnacalcarata OX=392030 GN=SMN809_LOCUS69964 PE=3 SV=1,Not_Target,Not_Target,Myosin
tr|A0A8S3HNC9|A0A8S3HNC9_9BILA Myosin motor domain-containing protein (Fragment) OS=Rotaria magnacalcarata OX=392030 GN=GIL414_LOCUS70103 PE=3 SV=1,Not_Target,Not_Target,Not_Target
tr|A0A8S3HP60|A0A8S3HP60_9BILA Myosin motor domain-containing protein (Fragment) OS=Rotaria magnacalcarata OX=392030 GN=SMN809_LOCUS70677 PE=3 SV=1,Not_Target,Not_Target,Not_Target
tr|A0A8S3HR76|A0A8S3HR76_9BILA Myosin motor domain-containing protein (Fragment) OS=Rotaria magnacalcarata OX=392030 GN=BYL167_LOCUS62941 PE=3 SV=1,Not_Target,Not_Target,Not_Target
tr|A0A8S3HTR1|A0A8S3HTR1_9BILA Myosin N-terminal SH3-like domain-containing protein OS=Rotaria magnacalcarata OX=392030 GN=GIL414_LOCUS71140 PE=3 SV=1,Not_Target,Not_Target,Not_Target
tr|A0A8S3HU62|A0A8S3HU62_9BILA Myosin motor domain-containing protein OS=Rotaria magnacalcarata OX=392030 GN=SMN809_LOCUS70644 PE=3 SV=1,Not_Target,Not_Target,Not_Target
tr|A0A8S3HZW5|A0A8S3HZW5_9BILA Myosin motor domain-containing protein (Fragment) OS=Rotaria magnacalcarata OX=392030 GN=SMN809_LOCUS71671 PE=3 SV=1,Not_Target,Not_Target,Not_Target
tr|A0A8S3I0P4|A0A8S3I0P4_9BILA Myosin motor domain-containing protein OS=Rotaria magnacalcarata OX=392030 GN=SMN809_LOCUS71925 PE=3 SV=1,Not_Target,Not_Target,Not_Target
tr|A0A8S3I0Q1|A0A8S3I0Q1_9BILA Myosin motor domain-containing protein (Fragment) OS=Rotaria magnacalcarata OX=392030 GN=SMN809_LOCUS71303 PE=3 SV=1,Not_Target,Not_Target,Not_Target
tr|A0A8S3I2K5|A0A8S3I2K5_9BILA Myosin heavy chain (Fragment) OS=Rotaria magnacalcarata OX=392030 GN=GIL414_LOCUS73023 PE=3 SV=1,Not_Target,Not_Target,Not_Target
tr|A0A8S3I2Y1|A0A8S3I2Y1_9BILA Myosin motor domain-containing protein (Fragment) OS=Rotaria magnacalcarata OX=392030 GN=GIL414_LOCUS73945 PE=3 SV=1,Not_Target,Not_Target,Myosin
tr|A0A8S3I333|A0A8S3I333_9BILA Myosin motor domain-containing protein (Fragment) OS=Rotaria magnacalcarata OX=392030 GN=SMN809_LOCUS72454 PE=3 SV=1,Not_Target,Not_Target,Not_Target
tr|A0A8S3I6D5|A0A8S3I6D5_9BILA Myosin motor domain-containing protein (Fragment) OS=Rotaria magnacalcarata OX=392030 GN=GIL414_LOCUS73702 PE=3 SV=1,Not_Target,Not_Target,Not_Target
tr|A0A8S3I8A7|A0A8S3I8A7_9BILA Myosin motor domain-containing protein (Fragment) OS=Rotaria magnacalcarata OX=392030 GN=BYL167_LOCUS64948 PE=3 SV=1,Not_Target,Not_Target,Actin
tr|A0A8S3I8R1|A0A8S3I8R1_9BILA Myosin motor domain-containing protein (Fragment) OS=Rotaria magnacalcarata OX=392030 GN=SMN809_LOCUS73496 PE=3 SV=1,Not_Target,Not_Target,Not_Target
tr|A0A8S3I9S1|A0A8S3I9S1_9BILA Myosin motor domain-containing protein (Fragment) OS=Rotaria magnacalcarata OX=392030 GN=SMN809_LOCUS73368 PE=3 SV=1,Not_Target,Not_Target,Not_Target
tr|A0A8S3I9V3|A0A8S3I9V3_9BILA Myosin motor domain-containing protein (Fragment) OS=Rotaria magnacalcarata OX=392030 GN=SMN809_LOCUS73385 PE=3 SV=1,Not_Target,Myosin,Not_Target
tr|A0A8S3IBN8|A0A8S3IBN8_9BILA Myosin motor domain-containing protein (Fragment) OS=Rotaria magnacalcarata OX=392030 GN=BYL167_LOCUS62896 PE=3 SV=1,Not_Target,Not_Target,Myosin
tr|A0A8S3IC29|A0A8S3IC29_9BILA Myosin motor domain-containing protein (Fragment) OS=Rotaria magnacalcarata OX=392030 GN=SMN809_LOCUS73714 PE=3 SV=1,Not_Target,Not_Target,Not_Target
tr|A0A8S3ID41|A0A8S3ID41_9BILA Myosin motor domain-containing protein (Fragment) OS=Rotaria magnacalcarata OX=392030 GN=GIL414_LOCUS74755 PE=3 SV=1,Not_Target,Myosin,Not_Target
tr|A0A8S3IE75|A0A8S3IE75_9BILA Myosin motor domain-containing protein (Fragment) OS=Rotaria magnacalcarata OX=392030 GN=SMN809_LOCUS74486 PE=3 SV=1,Not_Target,Not_Target,Not_Target
tr|A0A8S3IEH7|A0A8S3IEH7_9BILA Myosin motor domain-containing protein (Fragment) OS=Rotaria magnacalcarata OX=392030 GN=GIL414_LOCUS74446 PE=3 SV=1,Not_Target,Not_Target,Not_Target
tr|A0A8S3IF94|A0A8S3IF94_9BILA Myosin motor domain-containing protein (Fragment) OS=Rotaria magnacalcarata OX=392030 GN=SMN809_LOCUS75125 PE=3 SV=1,Not_Target,Myosin,Not_Target
tr|A0A8S3IGH9|A0A8S3IGH9_9BILA Myosin motor domain-containing protein (Fragment) OS=Rotaria magnacalcarata OX=392030 GN=GIL414_LOCUS76411 PE=3 SV=1,Not_Target,Not_Target,Not_Target
tr|A0A8S3IJR8|A0A8S3IJR8_9BILA Myosin motor domain-containing protein (Fragment) OS=Rotaria magnacalcarata OX=392030 GN=BYL167_LOCUS62574 PE=3 SV=1,Not_Target,Not_Target,Not_Target
tr|A0A8S3IMV8|A0A8S3IMV8_9BILA Myosin motor domain-containing protein OS=Rotaria magnacalcarata OX=392030 GN=GIL414_LOCUS76182 PE=3 SV=1,Not_Target,Not_Target,Not_Target
tr|A0A8S3IS08|A0A8S3IS08_9BILA Myosin motor domain-containing protein (Fragment) OS=Rotaria magnacalcarata OX=392030 GN=GIL414_LOCUS78287 PE=3 SV=1,Not_Target,Not_Target,Not_Target
tr|A0A8S3ISC8|A0A8S3ISC8_9BILA Myosin tail domain-containing protein (Fragment) OS=Rotaria magnacalcarata OX=392030 GN=GIL414_LOCUS78242 PE=4 SV=1,Myosin,Myosin,Not_Target
tr|A0A8S3IW00|A0A8S3IW00_9BILA Myosin motor domain-containing protein (Fragment) OS=Rotaria magnacalcarata OX=392030 GN=GIL414_LOCUS78684 PE=3 SV=1,Not_Target,Not_Target,Not_Target
tr|A0A8S3IWL1|A0A8S3IWL1_9BILA Myosin tail domain-containing protein (Fragment) OS=Rotaria magnacalcarata OX=392030 GN=GIL414_LOCUS78823 PE=4 SV=1,Myosin,Myosin,Myosin
tr|A0A8S3IXE0|A0A8S3IXE0_9BILA Myosin motor domain-containing protein (Fragment) OS=Rotaria magnacalcarata OX=392030 GN=GIL414_LOCUS78019 PE=3 SV=1,Not_Target,Not_Target,Not_Target
tr|A0A8S3IZF5|A0A8S3IZF5_9BILA Myosin motor domain-containing protein (Fragment) OS=Rotaria magnacalcarata OX=392030 GN=GIL414_LOCUS79377 PE=3 SV=1,Not_Target,Not_Target,Not_Target
tr|A0A8S3J098|A0A8S3J098_9BILA Myosin tail domain-containing protein (Fragment) OS=Rotaria magnacalcarata OX=392030 GN=GIL414_LOCUS78675 PE=4 SV=1,Myosin,Not_Target,Myosin
tr|A0A8S3J760|A0A8S3J760_9BILA Myosin motor domain-containing protein (Fragment) OS=Rotaria magnacalcarata OX=392030 GN=SMN809_LOCUS79228 PE=3 SV=1,Not_Target,Not_Target,Not_Target
tr|A0A8S3J9K3|A0A8S3J9K3_9BILA Myosin motor domain-containing protein (Fragment) OS=Rotaria magnacalcarata OX=392030 GN=SMN809_LOCUS79891 PE=3 SV=1,Actin,Myosin,Not_Target
tr|A0A8S3JHI8|A0A8S3JHI8_9BILA Myosin motor domain-containing protein (Fragment) OS=Rotaria magnacalcarata OX=392030 GN=SMN809_LOCUS81436 PE=3 SV=1,Not_Target,Not_Target,Not_Target
tr|A0A8S3JJB7|A0A8S3JJB7_9BILA Myosin motor domain-containing protein (Fragment) OS=Rotaria magnacalcarata OX=392030 GN=SMN809_LOCUS81065 PE=3 SV=1,Not_Target,Not_Target,Not_Target
tr|A0A8S3JMX3|A0A8S3JMX3_9BILA Myosin motor domain-containing protein (Fragment) OS=Rotaria magnacalcarata OX=392030 GN=SMN809_LOCUS82136 PE=3 SV=1,Not_Target,Not_Target,Not_Target
tr|A0A8S3JW45|A0A8S3JW45_9BILA Myosin motor domain-containing protein (Fragment) OS=Rotaria magnacalcarata OX=392030 GN=SMN809_LOCUS82838 PE=3 SV=1,Not_Target,Not_Target,Not_Target
tr|A0A8S3JWL9|A0A8S3JWL9_9BILA Myosin motor domain-containing protein (Fragment) OS=Rotaria magnacalcarata OX=392030 GN=SMN809_LOCUS82194 PE=3 SV=1,Not_Target,Not_Target,Not_Target
tr|A0A8S3K592|A0A8S3K592_9BILA Myosin motor domain-containing protein (Fragment) OS=Rotaria magnacalcarata OX=392030 GN=GIL414_LOCUS86511 PE=3 SV=1,Not_Target,Not_Target,Not_Target
tr|A0A8S3K6I3|A0A8S3K6I3_9BILA Myosin motor domain-containing protein (Fragment) OS=Rotaria magnacalcarata OX=392030 GN=GIL414_LOCUS86476 PE=3 SV=1,Not_Target,Not_Target,Not_Target
tr|A0A8S3K7Y2|A0A8S3K7Y2_9BILA Myosin N-terminal SH3-like domain-containing protein (Fragment) OS=Rotaria magnacalcarata OX=392030 GN=BYL167_LOCUS76152 PE=3 SV=1,Not_Target,Not_Target,Not_Target
tr|A0A8S3KHV4|A0A8S3KHV4_9BILA Myosin motor domain-containing protein (Fragment) OS=Rotaria magnacalcarata OX=392030 GN=SMN809_LOCUS86322 PE=3 SV=1,Not_Target,Not_Target,Not_Target
tr|C7SNZ1|C7SNZ1_9BILA Myosin heavy chain type II (Fragment) OS=Philodina sp. MR-2009 OX=662521 PE=2 SV=1,Not_Target,Not_Target,Not_Target
tr|D4NWD9|D4NWD9_ADIVA Myosin V-like protein OS=Adineta vaga OX=104782 PE=3 SV=1,Myosin,Myosin,Myosin
tr|Q8MV67|Q8MV67_BRAPC Myosin heavy chain type II (Fragment) OS=Brachionus plicatilis OX=10195 PE=2 SV=1,Not_Target,Not_Target,Not_Target
tr|W0G8I6|W0G8I6_PHIRO Myosin heavy chain type II (Fragment) OS=Philodina roseola OX=96448 PE=2 SV=1,Not_Target,Not_Target,Not_Target
tr|A0A3M7QDB6|A0A3M7QDB6_BRAPC Myosin regulatory light chain atrial isoform (Fragment) OS=Brachionus plicatilis OX=10195 GN=BpHYR1_008245 PE=4 SV=1,Myosin,Not_Target,Not_Target
tr|A0A3M7QWM3|A0A3M7QWM3_BRAPC Myosin regulatory light polypeptide 9-like (Fragment) OS=Brachionus plicatilis OX=10195 GN=BpHYR1_050609 PE=4 SV=1,Myosin,Myosin,Myosin
tr|A0A3M7QXK2|A0A3M7QXK2_BRAPC Myosin regulatory light polypeptide 9-like OS=Brachionus plicatilis OX=10195 GN=BpHYR1_008572 PE=4 SV=1,Not_Target,Myosin,Not_Target
tr|A0A3M7R8Y7|A0A3M7R8Y7_BRAPC Myosin light chain smooth muscle-like OS=Brachionus plicatilis OX=10195 GN=BpHYR1_040313 PE=3 SV=1,Not_Target,Not_Target,Not_Target
tr|A0A3M7RV85|A0A3M7RV85_BRAPC Myosin regulatory light polypeptide 9 OS=Brachionus plicatilis OX=10195 GN=BpHYR1_004318 PE=4 SV=1,Myosin,Myosin,Not_Target
tr|A0A3M7RVJ6|A0A3M7RVJ6_BRAPC Myosin regulatory light polypeptide 9 OS=Brachionus plicatilis OX=10195 GN=BpHYR1_004318 PE=4 SV=1,Myosin,Myosin,Myosin
tr|A0A3M7S896|A0A3M7S896_BRAPC Myosin light chain (Fragment) OS=Brachionus plicatilis OX=10195 GN=BpHYR1_049485 PE=4 SV=1,Not_Target,Not_Target,Not_Target
tr|A0A3M7S8K1|A0A3M7S8K1_BRAPC Myosin light chain OS=Brachionus plicatilis OX=10195 GN=BpHYR1_049488 PE=4 SV=1,Not_Target,Not_Target,Not_Target
tr|A0A3M7T605|A0A3M7T605_BRAPC Myosin-2 essential light chain isoform X2 OS=Brachionus plicatilis OX=10195 GN=BpHYR1_018482 PE=4 SV=1,Myosin,Myosin,Not_Target
tr|A0A3M7T716|A0A3M7T716_BRAPC Myosin heavy chain-like protein OS=Brachionus plicatilis OX=10195 GN=BpHYR1_026109 PE=4 SV=1,Not_Target,Myosin,Not_Target
tr|A0A813P437|A0A813P437_9BILA Myosin motor domain-containing protein OS=Brachionus calyciflorus OX=104777 GN=OXX778_LOCUS3756 PE=4 SV=1,Not_Target,Not_Target,Not_Target
tr|A0A813TQT8|A0A813TQT8_9BILA Myosin N-terminal SH3-like domain-containing protein OS=Adineta steineri OX=433720 GN=IZO911_LOCUS7550 PE=4 SV=1,Not_Target,Not_Target,Not_Target
tr|A0A814IU80|A0A814IU80_9BILA Myosin VI lever arm domain-containing protein OS=Adineta steineri OX=433720 GN=VCS650_LOCUS16172 PE=4 SV=1,Not_Target,Not_Target,Not_Target
tr|A0A814R4Q6|A0A814R4Q6_9BILA Myosin motor domain-containing protein (Fragment) OS=Brachionus calyciflorus OX=104777 GN=OXX778_LOCUS22352 PE=3 SV=1,Not_Target,Not_Target,Not_Target
tr|A0A814RBK7|A0A814RBK7_9BILA Myosin N-terminal SH3-like domain-containing protein (Fragment) OS=Brachionus calyciflorus OX=104777 GN=OXX778_LOCUS22500 PE=4 SV=1,Not_Target,Not_Target,Not_Target
tr|A0A814WSC6|A0A814WSC6_9BILA Myosin VI cargo binding domain-containing protein (Fragment) OS=Rotaria sordida OX=392033 GN=JXQ802_LOCUS39567 PE=4 SV=1,Not_Target,Not_Target,Myosin
tr|A0A815QA91|A0A815QA91_9BILA Myosin tail domain-containing protein (Fragment) OS=Rotaria sordida OX=392033 GN=RFH988_LOCUS37076 PE=4 SV=1,Not_Target,Not_Target,Not_Target
tr|A0A815RMS7|A0A815RMS7_9BILA Myosin motor domain-containing protein OS=Rotaria sp. Silwood1 OX=2762511 GN=NZN594_LOCUS65606 PE=4 SV=1,Not_Target,Not_Target,Not_Target
tr|A0A815U7W2|A0A815U7W2_9BILA Myosin VI lever arm domain-containing protein OS=Rotaria sordida OX=392033 GN=JXQ802_LOCUS40958 PE=4 SV=1,Not_Target,Not_Target,Not_Target
tr|A0A815V0G4|A0A815V0G4_9BILA Myosin tail domain-containing protein (Fragment) OS=Rotaria sordida OX=392033 GN=RFH988_LOCUS39363 PE=4 SV=1,Not_Target,Not_Target,Not_Target
tr|A0A815WGU4|A0A815WGU4_9BILA Myosin N-terminal SH3-like domain-containing protein (Fragment) OS=Rotaria sordida OX=392033 GN=ZHD862_LOCUS39061 PE=4 SV=1,Not_Target,Not_Target,Not_Target
tr|A0A815WM68|A0A815WM68_9BILA Myosin-VIIa OS=Rotaria magnacalcarata OX=392030 GN=GIL414_LOCUS38047 PE=3 SV=1,Not_Target,Not_Target,Not_Target
tr|A0A815XWL5|A0A815XWL5_9BILA Myosin N-terminal SH3-like domain-containing protein (Fragment) OS=Didymodactylos carnosus OX=1234261 GN=GPM918_LOCUS39862 PE=4 SV=1,Not_Target,Not_Target,Not_Target
tr|A0A815YKQ9|A0A815YKQ9_9BILA Myosin tail domain-containing protein (Fragment) OS=Rotaria sordida OX=392033 GN=SEV965_LOCUS39622 PE=4 SV=1,Actin,Not_Target,Not_Target
tr|A0A815ZKU1|A0A815ZKU1_ADIRI Myosin motor domain-containing protein (Fragment) OS=Adineta ricciae OX=249248 GN=XAT740_LOCUS46079 PE=3 SV=1,Not_Target,Not_Target,Actin
tr|A0A816F4I3|A0A816F4I3_9BILA Myosin VI cargo binding domain-containing protein OS=Rotaria magnacalcarata OX=392030 GN=KQP761_LOCUS31357 PE=4 SV=1,Not_Target,Not_Target,Myosin
tr|A0A816FIB7|A0A816FIB7_ADIRI Myosin VIIa (Fragment) OS=Adineta ricciae OX=249248 GN=XAT740_LOCUS57039 PE=3 SV=1,Myosin,Myosin,Not_Target
tr|A0A816GT40|A0A816GT40_ADIRI Myosin motor domain-containing protein (Fragment) OS=Adineta ricciae OX=249248 GN=XAT740_LOCUS60263 PE=3 SV=1,Not_Target,Not_Target,Actin
tr|A0A816HL61|A0A816HL61_ADIRI Myosin tail domain-containing protein (Fragment) OS=Adineta ricciae OX=249248 GN=XAT740_LOCUS63199 PE=4 SV=1,Myosin,Myosin,Not_Target
tr|A0A816ZEL2|A0A816ZEL2_9BILA Myosin VI cargo binding domain-containing protein OS=Rotaria magnacalcarata OX=392030 GN=WKI299_LOCUS24563 PE=4 SV=1,Not_Target,Not_Target,Myosin
tr|A0A817BT03|A0A817BT03_9BILA Myosin VI cargo binding domain-containing protein OS=Rotaria sp. Silwood2 OX=2762512 GN=NCT539_LOCUS6408 PE=4 SV=1,Not_Target,Not_Target,Not_Target
tr|A0A817F2T5|A0A817F2T5_9BILA Myosin VI cargo binding domain-containing protein OS=Rotaria sp. Silwood2 OX=2762512 GN=DRW283_LOCUS16794 PE=4 SV=1,Not_Target,Not_Target,Not_Target
tr|A0A817H6U8|A0A817H6U8_9BILA Myosin-VIIa OS=Rotaria sp. Silwood2 OX=2762512 GN=DRW283_LOCUS23627 PE=3 SV=1,Myosin,Not_Target,Not_Target
tr|A0A817J2D8|A0A817J2D8_9BILA Myosin heavy chain OS=Rotaria sp. Silwood2 OX=2762512 GN=YTW244_LOCUS4267 PE=4 SV=1,Not_Target,Not_Target,Not_Target
tr|A0A817JC76|A0A817JC76_9BILA Myosin VI cargo binding domain-containing protein OS=Rotaria sp. Silwood2 OX=2762512 GN=DRW283_LOCUS29092 PE=4 SV=1,Not_Target,Not_Target,Not_Target
tr|A0A817JIH9|A0A817JIH9_9BILA Myosin tail domain-containing protein OS=Rotaria sp. Silwood2 OX=2762512 GN=SJO388_LOCUS20796 PE=4 SV=1,Not_Target,Not_Target,Not_Target
tr|A0A817K685|A0A817K685_9BILA Myosin VI cargo binding domain-containing protein OS=Rotaria sp. Silwood2 OX=2762512 GN=JQV615_LOCUS29843 PE=4 SV=1,Not_Target,Not_Target,Myosin
tr|A0A817MPH3|A0A817MPH3_9BILA Myosin motor domain-containing protein (Fragment) OS=Rotaria sp. Silwood2 OX=2762512 GN=NCT539_LOCUS46080 PE=3 SV=1,Not_Target,Not_Target,Not_Target
tr|A0A817NE79|A0A817NE79_9BILA Myosin tail domain-containing protein OS=Rotaria sp. Silwood2 OX=2762512 GN=RHK424_LOCUS23938 PE=4 SV=1,Not_Target,Not_Target,Not_Target
tr|A0A817NPL6|A0A817NPL6_9BILA Myosin tail domain-containing protein OS=Rotaria sp. Silwood2 OX=2762512 GN=JQV615_LOCUS24790 PE=4 SV=1,Myosin,Myosin,Not_Target
tr|A0A817NPX3|A0A817NPX3_9BILA Myosin-VIIa OS=Rotaria sp. Silwood2 OX=2762512 GN=YTW244_LOCUS15236 PE=3 SV=1,Myosin,Not_Target,Myosin
tr|A0A817NQ80|A0A817NQ80_9BILA Myosin tail domain-containing protein OS=Rotaria sp. Silwood2 OX=2762512 GN=RHK424_LOCUS25029 PE=4 SV=1,Myosin,Not_Target,Not_Target
tr|A0A817Q420|A0A817Q420_9BILA Myosin motor domain-containing protein (Fragment) OS=Rotaria sp. Silwood2 OX=2762512 GN=DRW283_LOCUS42477 PE=3 SV=1,Not_Target,Not_Target,Myosin
tr|A0A817URW1|A0A817URW1_9BILA Myosin VI cargo binding domain-containing protein OS=Rotaria sp. Silwood2 OX=2762512 GN=YTW244_LOCUS29618 PE=4 SV=1,Not_Target,Not_Target,Not_Target
tr|A0A817V0C0|A0A817V0C0_9BILA Myosin VI cargo binding domain-containing protein OS=Rotaria sp. Silwood2 OX=2762512 GN=RHK424_LOCUS38518 PE=4 SV=1,Not_Target,Not_Target,Actin
tr|A0A817YF47|A0A817YF47_9BILA Myosin N-terminal SH3-like domain-containing protein OS=Rotaria socialis OX=392032 GN=KIK155_LOCUS6311 PE=4 SV=1,Not_Target,Not_Target,Not_Target
tr|A0A818BUL7|A0A818BUL7_9BILA Myosin VI cargo binding domain-containing protein OS=Rotaria sp. Silwood1 OX=2762511 GN=CBO169_LOCUS7268 PE=4 SV=1,Not_Target,Not_Target,Not_Target
tr|A0A818GF85|A0A818GF85_9BILA Myosin-VIIa OS=Rotaria sp. Silwood1 OX=2762511 GN=LEP731_LOCUS13786 PE=3 SV=1,Myosin,Not_Target,Not_Target
tr|A0A818ID77|A0A818ID77_9BILA Myosin N-terminal SH3-like domain-containing protein OS=Adineta steineri OX=433720 GN=KXQ929_LOCUS1046 PE=4 SV=1,Not_Target,Not_Target,Not_Target
tr|A0A818MSM8|A0A818MSM8_9BILA Myosin motor domain-containing protein (Fragment) OS=Rotaria sp. Silwood2 OX=2762512 GN=YTW244_LOCUS45373 PE=3 SV=1,Not_Target,Not_Target,Not_Target
tr|A0A818WNY0|A0A818WNY0_9BILA Myosin motor domain-containing protein OS=Rotaria sp. Silwood1 OX=2762511 GN=LEP731_LOCUS27681 PE=4 SV=1,Not_Target,Not_Target,Not_Target
tr|A0A819G809|A0A819G809_9BILA Myosin-VIIa (Fragment) OS=Adineta steineri OX=433720 GN=KXQ929_LOCUS21638 PE=3 SV=1,Myosin,Not_Target,Not_Target
tr|A0A819GMR9|A0A819GMR9_9BILA Myosin N-terminal SH3-like domain-containing protein OS=Rotaria sp. Silwood1 OX=2762511 GN=NZO219_LOCUS37707 PE=4 SV=1,Not_Target,Not_Target,Not_Target
tr|A0A819GTQ7|A0A819GTQ7_9BILA Myosin VI cargo binding domain-containing protein OS=Rotaria magnacalcarata OX=392030 GN=OVN521_LOCUS11136 PE=4 SV=1,Not_Target,Not_Target,Not_Target
tr|A0A819IMC2|A0A819IMC2_9BILA Myosin VI cargo binding domain-containing protein OS=Rotaria sp. Silwood2 OX=2762512 GN=RHK424_LOCUS22159 PE=4 SV=1,Not_Target,Myosin,Myosin
tr|A0A819JDP8|A0A819JDP8_9BILA Myosin VI lever arm domain-containing protein OS=Rotaria magnacalcarata OX=392030 GN=OVN521_LOCUS11137 PE=4 SV=1,Not_Target,Not_Target,Not_Target
tr|A0A819L7X0|A0A819L7X0_9BILA Myosin tail domain-containing protein OS=Rotaria sp. Silwood2 OX=2762512 GN=RMH319_LOCUS4619 PE=4 SV=1,Not_Target,Not_Target,Not_Target
tr|A0A819MIW2|A0A819MIW2_9BILA Myosin motor domain-containing protein (Fragment) OS=Rotaria sp. Silwood1 OX=2762511 GN=CBO169_LOCUS39783 PE=3 SV=1,Not_Target,Not_Target,Not_Target
tr|A0A819MP59|A0A819MP59_9BILA Myosin tail domain-containing protein (Fragment) OS=Rotaria sp. Silwood1 OX=2762511 GN=DUG663_LOCUS40308 PE=4 SV=1,Myosin,Not_Target,Not_Target
tr|A0A819N8P7|A0A819N8P7_9BILA Myosin tail domain-containing protein (Fragment) OS=Rotaria sp. Silwood1 OX=2762511 GN=CBO169_LOCUS40179 PE=4 SV=1,Not_Target,Not_Target,Not_Target
tr|A0A819PAC6|A0A819PAC6_9BILA Myosin-VIIa (Fragment) OS=Rotaria sordida OX=392033 GN=OTI717_LOCUS29521 PE=3 SV=1,Myosin,Not_Target,Not_Target
tr|A0A819PKU9|A0A819PKU9_9BILA Myosin VI cargo binding domain-containing protein OS=Rotaria sp. Silwood2 OX=2762512 GN=DRW283_LOCUS8381 PE=4 SV=1,Not_Target,Not_Target,Myosin
tr|A0A819WF51|A0A819WF51_9BILA Myosin-VIIa (Fragment) OS=Rotaria sordida OX=392033 GN=JBS370_LOCUS32749 PE=3 SV=1,Myosin,Not_Target,Not_Target
tr|A0A819XH64|A0A819XH64_9BILA Myosin tail domain-containing protein (Fragment) OS=Rotaria sp. Silwood1 OX=2762511 GN=LEP731_LOCUS48008 PE=4 SV=1,Myosin,Not_Target,Not_Target
tr|A0A819YBR5|A0A819YBR5_9BILA Myosin-VIIa (Fragment) OS=Rotaria sp. Silwood2 OX=2762512 GN=ZIB798_LOCUS17684 PE=3 SV=1,Myosin,Not_Target,Not_Target
tr|A0A819YHQ0|A0A819YHQ0_9BILA Myosin tail domain-containing protein (Fragment) OS=Rotaria sordida OX=392033 GN=OTI717_LOCUS36665 PE=4 SV=1,Myosin,Not_Target,Not_Target
tr|A0A819YLN1|A0A819YLN1_9BILA Myosin motor domain-containing protein OS=Rotaria sp. Silwood2 OX=2762512 GN=RHK424_LOCUS38861 PE=3 SV=1,Not_Target,Not_Target,Not_Target
tr|A0A819ZBP0|A0A819ZBP0_9BILA Myosin VI cargo binding domain-containing protein OS=Rotaria sp. Silwood2 OX=2762512 GN=JQV615_LOCUS18185 PE=4 SV=1,Not_Target,Not_Target,Not_Target
tr|A0A819ZKU7|A0A819ZKU7_9BILA Myosin VI cargo binding domain-containing protein (Fragment) OS=Rotaria sp. Silwood2 OX=2762512 GN=ZIB798_LOCUS19126 PE=4 SV=1,Not_Target,Not_Target,Not_Target
tr|A0A820A9Z7|A0A820A9Z7_9BILA Myosin-VIIa (Fragment) OS=Adineta steineri OX=433720 GN=OXD698_LOCUS39375 PE=3 SV=1,Myosin,Not_Target,Myosin
tr|A0A820BT84|A0A820BT84_9BILA Myosin tail domain-containing protein OS=Rotaria sp. Silwood2 OX=2762512 GN=ZIB798_LOCUS21593 PE=4 SV=1,Myosin,Myosin,Not_Target
tr|A0A820CE94|A0A820CE94_9BILA Myosin motor domain-containing protein (Fragment) OS=Rotaria sordida OX=392033 GN=OTI717_LOCUS39424 PE=3 SV=1,Actin,Not_Target,Not_Target
tr|A0A820EIV0|A0A820EIV0_9BILA Myosin tail domain-containing protein (Fragment) OS=Rotaria sordida OX=392033 GN=JBS370_LOCUS38562 PE=4 SV=1,Myosin,Not_Target,Not_Target
tr|A0A820FH47|A0A820FH47_9BILA Myosin tail domain-containing protein OS=Rotaria sp. Silwood2 OX=2762512 GN=JQV615_LOCUS23345 PE=4 SV=1,Not_Target,Not_Target,Not_Target
tr|A0A820GB57|A0A820GB57_9BILA Myosin heavy chain (Fragment) OS=Adineta steineri OX=433720 GN=OXD698_LOCUS44616 PE=4 SV=1,Not_Target,Not_Target,Not_Target
tr|A0A820J7X2|A0A820J7X2_9BILA Myosin VI cargo binding domain-containing protein OS=Rotaria sp. Silwood2 OX=2762512 GN=DRW283_LOCUS7273 PE=4 SV=1,Not_Target,Not_Target,Myosin
tr|A0A820JWM1|A0A820JWM1_9BILA Myosin VI cargo binding domain-containing protein OS=Rotaria sp. Silwood2 OX=2762512 GN=ZIB798_LOCUS28832 PE=4 SV=1,Not_Target,Not_Target,Not_Target
tr|A0A820K4D9|A0A820K4D9_9BILA Myosin (Fragment) OS=Adineta steineri OX=433720 GN=KXQ929_LOCUS47487 PE=3 SV=1,Not_Target,Not_Target,Not_Target
tr|A0A820K7H7|A0A820K7H7_9BILA Myosin VI cargo binding domain-containing protein OS=Rotaria sp. Silwood2 OX=2762512 GN=RMH319_LOCUS27092 PE=4 SV=1,Not_Target,Not_Target,Not_Target
tr|A0A820KSJ6|A0A820KSJ6_9BILA Myosin VI cargo binding domain-containing protein (Fragment) OS=Adineta steineri OX=433720 GN=OXD698_LOCUS48441 PE=4 SV=1,Not_Target,Not_Target,Myosin
tr|A0A820KY36|A0A820KY36_9BILA Myosin motor domain-containing protein OS=Adineta steineri OX=433720 GN=KXQ929_LOCUS47894 PE=3 SV=1,Not_Target,Myosin,Not_Target
tr|A0A820MN94|A0A820MN94_9BILA Myosin tail domain-containing protein OS=Rotaria sp. Silwood2 OX=2762512 GN=ZIB798_LOCUS31361 PE=4 SV=1,Not_Target,Not_Target,Not_Target
tr|A0A820MXF1|A0A820MXF1_9BILA Myosin VI cargo binding domain-containing protein OS=Rotaria sp. Silwood2 OX=2762512 GN=NCT539_LOCUS19513 PE=4 SV=1,Not_Target,Not_Target,Not_Target
tr|A0A820NE14|A0A820NE14_9BILA Myosin tail domain-containing protein (Fragment) OS=Rotaria sordida OX=392033 GN=FNK824_LOCUS43480 PE=4 SV=1,Not_Target,Not_Target,Not_Target
tr|A0A820P7N8|A0A820P7N8_9BILA Myosin heavy chain (Fragment) OS=Adineta steineri OX=433720 GN=OXD698_LOCUS51528 PE=4 SV=1,Not_Target,Not_Target,Not_Target
tr|A0A820PV51|A0A820PV51_9BILA Myosin tail domain-containing protein (Fragment) OS=Adineta steineri OX=433720 GN=KXQ929_LOCUS51458 PE=4 SV=1,Not_Target,Myosin,Not_Target
tr|A0A820PW45|A0A820PW45_9BILA Myosin heavy chain (Fragment) OS=Adineta steineri OX=433720 GN=KXQ929_LOCUS51600 PE=4 SV=1,Not_Target,Not_Target,Not_Target
tr|A0A820SHK4|A0A820SHK4_9BILA Myosin VI cargo binding domain-containing protein OS=Rotaria sp. Silwood2 OX=2762512 GN=JQV615_LOCUS34843 PE=4 SV=1,Not_Target,Not_Target,Not_Target
tr|A0A820UI17|A0A820UI17_9BILA Myosin tail domain-containing protein (Fragment) OS=Rotaria sp. Silwood2 OX=2762512 GN=RMH319_LOCUS36059 PE=4 SV=1,Not_Target,Actin,Not_Target
tr|A0A820V4F3|A0A820V4F3_9BILA Myosin VI cargo binding domain-containing protein (Fragment) OS=Rotaria sp. Silwood2 OX=2762512 GN=JQV615_LOCUS37767 PE=4 SV=1,Not_Target,Not_Target,Not_Target
tr|A0A820V748|A0A820V748_9BILA Myosin VI cargo binding domain-containing protein (Fragment) OS=Rotaria sp. Silwood2 OX=2762512 GN=SJO388_LOCUS28838 PE=4 SV=1,Not_Target,Myosin,Myosin
tr|A0A820XUV0|A0A820XUV0_9BILA Myosin VI cargo binding domain-containing protein (Fragment) OS=Rotaria sp. Silwood2 OX=2762512 GN=RMH319_LOCUS39161 PE=4 SV=1,Not_Target,Not_Target,Not_Target
tr|A0A820Z8V9|A0A820Z8V9_9BILA Myosin motor domain-containing protein OS=Rotaria sp. Silwood2 OX=2762512 GN=ZIB798_LOCUS43199 PE=3 SV=1,Not_Target,Not_Target,Not_Target
tr|A0A820ZFN9|A0A820ZFN9_9BILA Myosin light chain (Fragment) OS=Rotaria socialis OX=392032 GN=UJA718_LOCUS29984 PE=4 SV=1,Myosin,Not_Target,Not_Target
tr|A0A821BDC7|A0A821BDC7_9BILA Myosin VI cargo binding domain-containing protein (Fragment) OS=Rotaria sp. Silwood2 OX=2762512 GN=SJO388_LOCUS34242 PE=4 SV=1,Not_Target,Not_Target,Not_Target
tr|A0A821BEI9|A0A821BEI9_9BILA Myosin tail domain-containing protein (Fragment) OS=Rotaria magnacalcarata OX=392030 GN=OVN521_LOCUS44655 PE=4 SV=1,Myosin,Not_Target,Not_Target
tr|A0A821EEA9|A0A821EEA9_9BILA Myosin tail domain-containing protein (Fragment) OS=Rotaria sp. Silwood2 OX=2762512 GN=ZIB798_LOCUS47395 PE=4 SV=1,Not_Target,Not_Target,Not_Target
tr|A0A821EFC7|A0A821EFC7_9BILA Myosin tail domain-containing protein OS=Rotaria sp. Silwood2 OX=2762512 GN=ZIB798_LOCUS47396 PE=4 SV=1,Myosin,Not_Target,Myosin
tr|A0A821GST2|A0A821GST2_9BILA Myosin VI cargo binding domain-containing protein OS=Rotaria sp. Silwood2 OX=2762512 GN=NCT539_LOCUS31906 PE=4 SV=1,Not_Target,Not_Target,Not_Target
tr|A0A821J3T0|A0A821J3T0_9BILA Myosin N-terminal SH3-like domain-containing protein OS=Rotaria sp. Silwood2 OX=2762512 GN=SJO388_LOCUS40786 PE=4 SV=1,Not_Target,Not_Target,Not_Target
tr|A0A821L4L0|A0A821L4L0_9BILA Myosin heavy chain (Fragment) OS=Rotaria sp. Silwood2 OX=2762512 GN=RMH319_LOCUS50154 PE=4 SV=1,Not_Target,Not_Target,Not_Target
tr|A0A821LCE7|A0A821LCE7_9BILA Myosin motor domain-containing protein (Fragment) OS=Rotaria sp. Silwood2 OX=2762512 GN=JQV615_LOCUS50770 PE=3 SV=1,Not_Target,Not_Target,Not_Target
tr|A0A821N1L0|A0A821N1L0_9BILA Myosin tail domain-containing protein (Fragment) OS=Rotaria socialis OX=392032 GN=UJA718_LOCUS40254 PE=4 SV=1,Myosin,Myosin,Not_Target
tr|A0A821Q912|A0A821Q912_9BILA Myosin VI cargo binding domain-containing protein OS=Rotaria sp. Silwood2 OX=2762512 GN=RMH319_LOCUS53167 PE=4 SV=1,Not_Target,Myosin,Actin
tr|A0A821QC30|A0A821QC30_9BILA Myosin tail domain-containing protein (Fragment) OS=Rotaria socialis OX=392032 GN=UJA718_LOCUS42067 PE=4 SV=1,Not_Target,Not_Target,Not_Target
tr|A0A821QQJ9|A0A821QQJ9_9BILA Myosin N-terminal SH3-like domain-containing protein OS=Rotaria socialis OX=392032 GN=TOA249_LOCUS25168 PE=4 SV=1,Not_Target,Not_Target,Not_Target
tr|A0A821RDU3|A0A821RDU3_9BILA Myosin-VIIa (Fragment) OS=Rotaria sp. Silwood1 OX=2762511 GN=NFQ510_LOCUS21152 PE=3 SV=1,Myosin,Not_Target,Not_Target
tr|A0A821S885|A0A821S885_9BILA Myosin VI cargo binding domain-containing protein OS=Rotaria sp. Silwood2 OX=2762512 GN=SJO388_LOCUS48414 PE=4 SV=1,Not_Target,Not_Target,Not_Target
tr|A0A821SJ07|A0A821SJ07_9BILA Myosin motor domain-containing protein (Fragment) OS=Rotaria sp. Silwood2 OX=2762512 GN=SJO388_LOCUS48525 PE=3 SV=1,Not_Target,Not_Target,Not_Target
tr|A0A821U8G3|A0A821U8G3_9BILA Myosin motor domain-containing protein (Fragment) OS=Rotaria socialis OX=392032 GN=UJA718_LOCUS44873 PE=3 SV=1,Not_Target,Not_Target,Not_Target
tr|A0A821UZE3|A0A821UZE3_9BILA Myosin VI cargo binding domain-containing protein (Fragment) OS=Rotaria sp. Silwood1 OX=2762511 GN=XPS770_LOCUS27118 PE=4 SV=1,Not_Target,Not_Target,Not_Target
tr|A0A821X4J7|A0A821X4J7_9BILA Myosin heavy chain (Fragment) OS=Rotaria socialis OX=392032 GN=QYT958_LOCUS45545 PE=4 SV=1,Not_Target,Not_Target,Not_Target
tr|A0A821YVB9|A0A821YVB9_9BILA Myosin heavy chain (Fragment) OS=Rotaria socialis OX=392032 GN=UJA718_LOCUS48490 PE=4 SV=1,Not_Target,Not_Target,Not_Target
tr|A0A821ZCX1|A0A821ZCX1_9BILA Myosin VI (Fragment) OS=Rotaria sp. Silwood1 OX=2762511 GN=NFQ510_LOCUS33068 PE=4 SV=1,Not_Target,Not_Target,Not_Target
tr|A0A821ZJS9|A0A821ZJS9_9BILA Myosin motor domain-containing protein (Fragment) OS=Rotaria socialis OX=392032 GN=UJA718_LOCUS49238 PE=3 SV=1,Not_Target,Not_Target,Not_Target
tr|A0A821ZJT8|A0A821ZJT8_9BILA Myosin light chain (Fragment) OS=Rotaria socialis OX=392032 GN=QYT958_LOCUS36512 PE=4 SV=1,Not_Target,Not_Target,Myosin
tr|A0A821ZV02|A0A821ZV02_9BILA Myosin heavy chain (Fragment) OS=Rotaria socialis OX=392032 GN=UJA718_LOCUS49854 PE=4 SV=1,Myosin,Not_Target,Not_Target
tr|A0A822A4I2|A0A822A4I2_9BILA Myosin tail domain-containing protein (Fragment) OS=Rotaria sp. Silwood1 OX=2762511 GN=NFQ510_LOCUS34417 PE=4 SV=1,Myosin,Myosin,Not_Target
tr|A0A822D926|A0A822D926_9BILA Myosin heavy chain (Fragment) OS=Rotaria socialis OX=392032 GN=QYT958_LOCUS42926 PE=4 SV=1,Myosin,Not_Target,Not_Target
tr|A0A822DU73|A0A822DU73_9BILA Myosin motor domain-containing protein (Fragment) OS=Rotaria sp. Silwood1 OX=2762511 GN=NFQ510_LOCUS43173 PE=3 SV=1,Not_Target,Not_Target,Not_Target
tr|A0A822EM26|A0A822EM26_9BILA Myosin motor domain-containing protein (Fragment) OS=Rotaria socialis OX=392032 GN=QYT958_LOCUS44806 PE=3 SV=1,Not_Target,Not_Target,Not_Target
tr|A0A822EQE0|A0A822EQE0_9BILA Myosin VI cargo binding domain-containing protein (Fragment) OS=Rotaria sp. Silwood1 OX=2762511 GN=PXF425_LOCUS35852 PE=4 SV=1,Not_Target,Not_Target,Not_Target
tr|A0A822F917|A0A822F917_9BILA Myosin motor domain-containing protein (Fragment) OS=Rotaria sp. Silwood1 OX=2762511 GN=PXF425_LOCUS49358 PE=3 SV=1,Not_Target,Not_Target,Not_Target
tr|A0A822FZH9|A0A822FZH9_9BILA Myosin tail domain-containing protein (Fragment) OS=Rotaria sp. Silwood1 OX=2762511 GN=XPS770_LOCUS46276 PE=4 SV=1,Not_Target,Not_Target,Not_Target
tr|A0A822GZV5|A0A822GZV5_9BILA Myosin motor domain-containing protein (Fragment) OS=Rotaria sp. Silwood1 OX=2762511 GN=PXF425_LOCUS46569 PE=3 SV=1,Not_Target,Not_Target,Not_Target
tr|A0A822H1F2|A0A822H1F2_9BILA Myosin tail domain-containing protein (Fragment) OS=Rotaria sp. Silwood1 OX=2762511 GN=BAC187_LOCUS47566 PE=4 SV=1,Myosin,Not_Target,Not_Target
tr|A0A8S2D7R7|A0A8S2D7R7_9BILA Myosin tail domain-containing protein OS=Didymodactylos carnosus OX=1234261 GN=OVA965_LOCUS7849 PE=4 SV=1,Not_Target,Myosin,Not_Target
tr|A0A8S2FC80|A0A8S2FC80_9BILA Myosin VI cargo binding domain-containing protein (Fragment) OS=Didymodactylos carnosus OX=1234261 GN=OVA965_LOCUS33715 PE=4 SV=1,Not_Target,Actin,Not_Target
tr|A0A8S2G328|A0A8S2G328_9BILA Myosin motor domain-containing protein (Fragment) OS=Didymodactylos carnosus OX=1234261 GN=OVA965_LOCUS43157 PE=3 SV=1,Not_Target,Not_Target,Not_Target
tr|A0A8S2G753|A0A8S2G753_9BILA Myosin N-terminal SH3-like domain-containing protein OS=Didymodactylos carnosus OX=1234261 GN=OVA965_LOCUS44240 PE=4 SV=1,Not_Target,Not_Target,Not_Target
tr|A0A8S2GAJ3|A0A8S2GAJ3_9BILA Myosin tail domain-containing protein (Fragment) OS=Didymodactylos carnosus OX=1234261 GN=OVA965_LOCUS45490 PE=4 SV=1,Myosin,Not_Target,Not_Target
tr|A0A8S2L4M3|A0A8S2L4M3_9BILA Myosin tail domain-containing protein (Fragment) OS=Didymodactylos carnosus OX=1234261 GN=TMI583_LOCUS19639 PE=4 SV=1,Myosin,Not_Target,Not_Target
tr|A0A8S2MD12|A0A8S2MD12_9BILA Myosin tail domain-containing protein (Fragment) OS=Didymodactylos carnosus OX=1234261 GN=TMI583_LOCUS21917 PE=4 SV=1,Not_Target,Not_Target,Not_Target
tr|A0A8S2MGU5|A0A8S2MGU5_9BILA Myosin tail domain-containing protein (Fragment) OS=Didymodactylos carnosus OX=1234261 GN=TMI583_LOCUS21814 PE=4 SV=1,Myosin,Not_Target,Not_Target
tr|A0A8S2MSK2|A0A8S2MSK2_9BILA Myosin VI cargo binding domain-containing protein (Fragment) OS=Rotaria magnacalcarata OX=392030 GN=GIL414_LOCUS9497 PE=4 SV=1,Not_Target,Myosin,Not_Target
tr|A0A8S2PG55|A0A8S2PG55_9BILA Myosin VI cargo binding domain-containing protein OS=Rotaria magnacalcarata OX=392030 GN=BYL167_LOCUS16022 PE=4 SV=1,Not_Target,Not_Target,Myosin
tr|A0A8S2SDV1|A0A8S2SDV1_9BILA Myosin heavy chain (Fragment) OS=Rotaria magnacalcarata OX=392030 GN=SMN809_LOCUS22781 PE=4 SV=1,Not_Target,Not_Target,Not_Target
tr|A0A8S2SEP0|A0A8S2SEP0_9BILA Myosin heavy chain (Fragment) OS=Rotaria magnacalcarata OX=392030 GN=BYL167_LOCUS78221 PE=4 SV=1,Not_Target,Not_Target,Not_Target
tr|A0A8S2SEQ1|A0A8S2SEQ1_9BILA Myosin heavy chain (Fragment) OS=Rotaria magnacalcarata OX=392030 GN=SMN809_LOCUS22843 PE=4 SV=1,Not_Target,Not_Target,Not_Target
tr|A0A8S2TAD6|A0A8S2TAD6_9BILA Myosin N-terminal SH3-like domain-containing protein (Fragment) OS=Rotaria magnacalcarata OX=392030 GN=BYL167_LOCUS25441 PE=4 SV=1,Not_Target,Not_Target,Not_Target
tr|A0A8S2TFM7|A0A8S2TFM7_9BILA Myosin heavy chain (Fragment) OS=Rotaria magnacalcarata OX=392030 GN=BYL167_LOCUS26855 PE=4 SV=1,Not_Target,Not_Target,Not_Target
tr|A0A8S2U8L1|A0A8S2U8L1_9BILA Myosin motor domain-containing protein (Fragment) OS=Rotaria magnacalcarata OX=392030 GN=SMN809_LOCUS26240 PE=3 SV=1,Not_Target,Not_Target,Not_Target
tr|A0A8S2VIZ6|A0A8S2VIZ6_9BILA Myosin N-terminal SH3-like domain-containing protein (Fragment) OS=Rotaria magnacalcarata OX=392030 GN=BYL167_LOCUS25471 PE=4 SV=1,Not_Target,Not_Target,Not_Target
tr|A0A8S2VYZ5|A0A8S2VYZ5_9BILA Myosin motor domain-containing protein (Fragment) OS=Didymodactylos carnosus OX=1234261 GN=OVA965_LOCUS42579 PE=3 SV=1,Not_Target,Not_Target,Not_Target
tr|A0A8S2W3F6|A0A8S2W3F6_9BILA Myosin heavy chain (Fragment) OS=Rotaria magnacalcarata OX=392030 GN=GIL414_LOCUS31140 PE=4 SV=1,Myosin,Not_Target,Not_Target
tr|A0A8S2WQT4|A0A8S2WQT4_9BILA Myosin motor domain-containing protein (Fragment) OS=Rotaria magnacalcarata OX=392030 GN=GIL414_LOCUS32601 PE=3 SV=1,Not_Target,Not_Target,Not_Target
tr|A0A8S2WS28|A0A8S2WS28_9BILA Myosin heavy chain (Fragment) OS=Rotaria magnacalcarata OX=392030 GN=BYL167_LOCUS34092 PE=3 SV=1,Myosin,Not_Target,Not_Target
tr|A0A8S2WYM7|A0A8S2WYM7_9BILA Myosin tail domain-containing protein (Fragment) OS=Rotaria magnacalcarata OX=392030 GN=BYL167_LOCUS29109 PE=4 SV=1,Not_Target,Not_Target,Not_Target
tr|A0A8S2XST0|A0A8S2XST0_9BILA Myosin motor domain-containing protein (Fragment) OS=Rotaria magnacalcarata OX=392030 GN=BYL167_LOCUS36439 PE=3 SV=1,Not_Target,Not_Target,Not_Target
tr|A0A8S2XU07|A0A8S2XU07_9BILA Myosin tail domain-containing protein (Fragment) OS=Rotaria magnacalcarata OX=392030 GN=BYL167_LOCUS36632 PE=4 SV=1,Not_Target,Not_Target,Not_Target
tr|A0A8S2XVC6|A0A8S2XVC6_9BILA Myosin heavy chain (Fragment) OS=Rotaria magnacalcarata OX=392030 GN=BYL167_LOCUS31060 PE=4 SV=1,Myosin,Not_Target,Not_Target
tr|A0A8S2XVZ2|A0A8S2XVZ2_9BILA Myosin motor domain-containing protein (Fragment) OS=Rotaria magnacalcarata OX=392030 GN=GIL414_LOCUS35768 PE=3 SV=1,Not_Target,Not_Target,Not_Target
tr|A0A8S2XYE1|A0A8S2XYE1_9BILA Myosin motor domain-containing protein (Fragment) OS=Rotaria magnacalcarata OX=392030 GN=SMN809_LOCUS36211 PE=3 SV=1,Not_Target,Not_Target,Not_Target
tr|A0A8S2Y6F0|A0A8S2Y6F0_9BILA Myosin VI cargo binding domain-containing protein OS=Rotaria magnacalcarata OX=392030 GN=GIL414_LOCUS36020 PE=4 SV=1,Not_Target,Not_Target,Myosin
tr|A0A8S2Y7Z5|A0A8S2Y7Z5_9BILA Myosin tail domain-containing protein (Fragment) OS=Rotaria magnacalcarata OX=392030 GN=GIL414_LOCUS36153 PE=4 SV=1,Not_Target,Not_Target,Not_Target
tr|A0A8S2YIB4|A0A8S2YIB4_9BILA Myosin tail domain-containing protein (Fragment) OS=Rotaria magnacalcarata OX=392030 GN=BYL167_LOCUS33984 PE=4 SV=1,Not_Target,Not_Target,Not_Target
tr|A0A8S2YM14|A0A8S2YM14_9BILA Myosin heavy chain (Fragment) OS=Rotaria magnacalcarata OX=392030 GN=BYL167_LOCUS38766 PE=4 SV=1,Myosin,Not_Target,Not_Target
tr|A0A8S2YST6|A0A8S2YST6_9BILA Myosin motor domain-containing protein (Fragment) OS=Rotaria magnacalcarata OX=392030 GN=GIL414_LOCUS37874 PE=3 SV=1,Not_Target,Not_Target,Not_Target
tr|A0A8S2YYB7|A0A8S2YYB7_9BILA Myosin heavy chain (Fragment) OS=Rotaria magnacalcarata OX=392030 GN=GIL414_LOCUS38412 PE=4 SV=1,Not_Target,Not_Target,Not_Target
tr|A0A8S2YZE0|A0A8S2YZE0_9BILA Myosin heavy chain (Fragment) OS=Rotaria magnacalcarata OX=392030 GN=BYL167_LOCUS39905 PE=4 SV=1,Myosin,Not_Target,Not_Target
tr|A0A8S2Z929|A0A8S2Z929_9BILA Myosin tail domain-containing protein (Fragment) OS=Rotaria magnacalcarata OX=392030 GN=SMN809_LOCUS38543 PE=4 SV=1,Myosin,Not_Target,Not_Target
tr|A0A8S3AEX0|A0A8S3AEX0_9BILA Myosin motor domain-containing protein (Fragment) OS=Rotaria magnacalcarata OX=392030 GN=SMN809_LOCUS44067 PE=3 SV=1,Not_Target,Not_Target,Not_Target
tr|A0A8S3AVG0|A0A8S3AVG0_9BILA Myosin motor domain-containing protein (Fragment) OS=Rotaria magnacalcarata OX=392030 GN=SMN809_LOCUS45458 PE=3 SV=1,Not_Target,Not_Target,Not_Target
tr|A0A8S3B5N6|A0A8S3B5N6_9BILA Myosin heavy chain (Fragment) OS=Rotaria magnacalcarata OX=392030 GN=BYL167_LOCUS47819 PE=4 SV=1,Myosin,Not_Target,Not_Target
tr|A0A8S3BSL9|A0A8S3BSL9_9BILA Myosin heavy chain (Fragment) OS=Rotaria magnacalcarata OX=392030 GN=SMN809_LOCUS47516 PE=3 SV=1,Not_Target,Not_Target,Not_Target
tr|A0A8S3BUB4|A0A8S3BUB4_9BILA Myosin motor domain-containing protein (Fragment) OS=Rotaria magnacalcarata OX=392030 GN=SMN809_LOCUS38317 PE=3 SV=1,Not_Target,Not_Target,Not_Target
tr|A0A8S3BZ53|A0A8S3BZ53_9BILA Myosin heavy chain (Fragment) OS=Rotaria magnacalcarata OX=392030 GN=BYL167_LOCUS38470 PE=4 SV=1,Not_Target,Not_Target,Not_Target
tr|A0A8S3CKG8|A0A8S3CKG8_9BILA Myosin motor domain-containing protein (Fragment) OS=Rotaria magnacalcarata OX=392030 GN=BYL167_LOCUS31974 PE=3 SV=1,Not_Target,Not_Target,Not_Target
tr|A0A8S3CS80|A0A8S3CS80_9BILA Myosin motor domain-containing protein (Fragment) OS=Rotaria magnacalcarata OX=392030 GN=BYL167_LOCUS41401 PE=3 SV=1,Not_Target,Not_Target,Not_Target
tr|A0A8S3CZB4|A0A8S3CZB4_9BILA Myosin heavy chain (Fragment) OS=Rotaria magnacalcarata OX=392030 GN=BYL167_LOCUS54449 PE=4 SV=1,Myosin,Not_Target,Not_Target
tr|A0A8S3DJE5|A0A8S3DJE5_9BILA Myosin VI lever arm domain-containing protein (Fragment) OS=Rotaria magnacalcarata OX=392030 GN=BYL167_LOCUS55528 PE=4 SV=1,Not_Target,Not_Target,Not_Target
tr|A0A8S3DLH8|A0A8S3DLH8_9BILA Myosin VI cargo binding domain-containing protein (Fragment) OS=Rotaria magnacalcarata OX=392030 GN=BYL167_LOCUS55695 PE=4 SV=1,Not_Target,Not_Target,Myosin
tr|A0A8S3DM38|A0A8S3DM38_9BILA Myosin heavy chain (Fragment) OS=Rotaria magnacalcarata OX=392030 GN=GIL414_LOCUS58470 PE=4 SV=1,Not_Target,Not_Target,Not_Target
tr|A0A8S3DM82|A0A8S3DM82_9BILA Myosin heavy chain (Fragment) OS=Rotaria magnacalcarata OX=392030 GN=GIL414_LOCUS59427 PE=4 SV=1,Myosin,Not_Target,Not_Target
tr|A0A8S3DRA7|A0A8S3DRA7_9BILA Myosin tail domain-containing protein (Fragment) OS=Rotaria magnacalcarata OX=392030 GN=SMN809_LOCUS58246 PE=4 SV=1,Myosin,Not_Target,Not_Target
tr|A0A8S3E1P8|A0A8S3E1P8_9BILA Myosin heavy chain (Fragment) OS=Rotaria magnacalcarata OX=392030 GN=GIL414_LOCUS60107 PE=4 SV=1,Not_Target,Not_Target,Myosin
tr|A0A8S3ENQ4|A0A8S3ENQ4_9BILA Myosin motor domain-containing protein (Fragment) OS=Rotaria magnacalcarata OX=392030 GN=GIL414_LOCUS60879 PE=3 SV=1,Actin,Not_Target,Not_Target
tr|A0A8S3EPJ9|A0A8S3EPJ9_9BILA Myosin motor domain-containing protein (Fragment) OS=Rotaria magnacalcarata OX=392030 GN=BYL167_LOCUS60539 PE=3 SV=1,Not_Target,Not_Target,Not_Target
tr|A0A8S3EWY6|A0A8S3EWY6_9BILA Myosin tail domain-containing protein (Fragment) OS=Rotaria magnacalcarata OX=392030 GN=GIL414_LOCUS62134 PE=4 SV=1,Myosin,Myosin,Myosin
tr|A0A8S3FZP3|A0A8S3FZP3_9BILA Myosin N-terminal SH3-like domain-containing protein (Fragment) OS=Rotaria magnacalcarata OX=392030 GN=SMN809_LOCUS63690 PE=4 SV=1,Not_Target,Not_Target,Not_Target
tr|A0A8S3G173|A0A8S3G173_9BILA Myosin N-terminal SH3-like domain-containing protein (Fragment) OS=Rotaria magnacalcarata OX=392030 GN=BYL167_LOCUS70648 PE=4 SV=1,Not_Target,Not_Target,Not_Target
tr|A0A8S3GN09|A0A8S3GN09_9BILA Myosin motor domain-containing protein (Fragment) OS=Rotaria magnacalcarata OX=392030 GN=GIL414_LOCUS66585 PE=3 SV=1,Not_Target,Not_Target,Not_Target
tr|A0A8S3H082|A0A8S3H082_9BILA Myosin motor domain-containing protein (Fragment) OS=Rotaria magnacalcarata OX=392030 GN=BYL167_LOCUS77706 PE=3 SV=1,Not_Target,Not_Target,Not_Target
tr|A0A8S3H1B8|A0A8S3H1B8_9BILA Myosin VI cargo binding domain-containing protein (Fragment) OS=Rotaria magnacalcarata OX=392030 GN=SMN809_LOCUS67042 PE=4 SV=1,Not_Target,Not_Target,Not_Target
tr|A0A8S3HAS9|A0A8S3HAS9_9BILA Myosin motor domain-containing protein (Fragment) OS=Rotaria magnacalcarata OX=392030 GN=GIL414_LOCUS67868 PE=3 SV=1,Not_Target,Not_Target,Not_Target
tr|A0A8S3HB20|A0A8S3HB20_9BILA Myosin motor domain-containing protein (Fragment) OS=Rotaria magnacalcarata OX=392030 GN=SMN809_LOCUS68419 PE=3 SV=1,Not_Target,Not_Target,Not_Target
tr|A0A8S3HCK3|A0A8S3HCK3_9BILA Myosin tail domain-containing protein (Fragment) OS=Rotaria magnacalcarata OX=392030 GN=GIL414_LOCUS69294 PE=4 SV=1,Myosin,Myosin,Not_Target
tr|A0A8S3HGH5|A0A8S3HGH5_9BILA Myosin tail domain-containing protein (Fragment) OS=Rotaria magnacalcarata OX=392030 GN=SMN809_LOCUS68715 PE=4 SV=1,Not_Target,Myosin,Not_Target
tr|A0A8S3HIG3|A0A8S3HIG3_9BILA Myosin motor domain-containing protein (Fragment) OS=Rotaria magnacalcarata OX=392030 GN=BYL167_LOCUS78958 PE=3 SV=1,Not_Target,Not_Target,Not_Target
tr|A0A8S3HWX1|A0A8S3HWX1_9BILA Myosin tail domain-containing protein (Fragment) OS=Rotaria magnacalcarata OX=392030 GN=GIL414_LOCUS72172 PE=4 SV=1,Not_Target,Myosin,Not_Target
tr|A0A8S3I4N2|A0A8S3I4N2_9BILA Myosin tail domain-containing protein (Fragment) OS=Rotaria magnacalcarata OX=392030 GN=SMN809_LOCUS72890 PE=4 SV=1,Myosin,Not_Target,Not_Target
tr|A0A8S3I7W1|A0A8S3I7W1_9BILA Myosin motor domain-containing protein (Fragment) OS=Rotaria magnacalcarata OX=392030 GN=BYL167_LOCUS65119 PE=3 SV=1,Not_Target,Not_Target,Not_Target
tr|A0A8S3I8Q6|A0A8S3I8Q6_9BILA Myosin VII FERM domain-containing protein (Fragment) OS=Rotaria magnacalcarata OX=392030 GN=SMN809_LOCUS73159 PE=4 SV=1,Not_Target,Not_Target,Not_Target
tr|A0A8S3IAA4|A0A8S3IAA4_9BILA Myosin tail domain-containing protein (Fragment) OS=Rotaria magnacalcarata OX=392030 GN=SMN809_LOCUS73398 PE=4 SV=1,Myosin,Myosin,Not_Target
tr|A0A8S3JKP2|A0A8S3JKP2_9BILA Myosin tail domain-containing protein (Fragment) OS=Rotaria magnacalcarata OX=392030 GN=SMN809_LOCUS80585 PE=4 SV=1,Myosin,Myosin,Myosin
tr|A0A8S3JWC5|A0A8S3JWC5_9BILA Myosin VI lever arm domain-containing protein (Fragment) OS=Rotaria magnacalcarata OX=392030 GN=GIL414_LOCUS85964 PE=4 SV=1,Not_Target,Not_Target,Not_Target
tr|A0A8S3K1M1|A0A8S3K1M1_9BILA Myosin motor domain-containing protein (Fragment) OS=Rotaria magnacalcarata OX=392030 GN=SMN809_LOCUS83428 PE=3 SV=1,Not_Target,Not_Target,Not_Target
tr|A0A8S3KBS9|A0A8S3KBS9_9BILA Myosin motor domain-containing protein (Fragment) OS=Rotaria magnacalcarata OX=392030 GN=SMN809_LOCUS85654 PE=3 SV=1,Not_Target,Not_Target,Not_Target
tr|B2L3I1|B2L3I1_PHIRO Myosin essential light chain OS=Philodina roseola OX=96448 GN=MELC_4 PE=4 SV=1,Not_Target,Not_Target,Not_Target
tr|B2L3K2|B2L3K2_PHIRO Myosin essential light chain OS=Philodina roseola OX=96448 GN=MELC_1 PE=4 SV=1,Not_Target,Not_Target,Not_Target
tr|B2L3L3|B2L3L3_PHIRO Myosin essential light chain OS=Philodina roseola OX=96448 GN=MELC_2 PE=4 SV=1,Not_Target,Not_Target,Not_Target
tr|B2L3M3|B2L3M3_PHIRO Myosin essential light chain OS=Philodina roseola OX=96448 GN=MELC_3 PE=4 SV=1,Not_Target,Not_Target,Not_Target
tr|B3G3X5|B3G3X5_ADIVA Myosin alkali light chain OS=Adineta vaga OX=104782 PE=4 SV=1,Not_Target,Not_Target,Not_Target
tr|B3G3Z5|B3G3Z5_ADIVA Myosin alkali light chain OS=Adineta vaga OX=104782 PE=4 SV=1,Not_Target,Not_Target,Not_Target
